NUM_SOLICITUD,SUCURSAL,STATUS_SOLICITUD,PRODUCTO,APROBACION_TC,TIPO_CTE,LINEA_CREDITO_FINAL,CUENTA_ASIGNADA,MESES_VENCIDOS,SALDO_CUENTA,CAPACIDAD_TC,INGRESO_INFERIDO,COMPROBANTE_INGRESOS,SEGMENTO_CLIENTE,CLIENTE_CDE,SUMA_LINEAS_REVOLVENTES,NIVEL_RIESGO,CAPACIDAD_PAGO_TOTAL,SOLICITUDES_RECHAZADAS,SCORE_CLIENTE,SCORE_COMPORTAMIENTO,SUMA_SALDOS_TARJETAS,SUMA_PAGO_MIN_TARJETAS,NUM_CREDITOS,EDAD,TIPO_VIVIENDA,ESCOLARIDAD,TIENE_CUENTA
2.01408e+16,113,APROBADA,CREDITO_AUTO,APROBADO,REGULAR,151039.99999999907,,1,274800.0,60.0,12281.0,DECLARACION ANUAL,ALTO_A,NO_CLIENTE,0,BAJO,0.4,0,242,780,0,0,0,30,FAMILIARES,PREPARATORIA,1
2.01408e+16,185,APROBADA,CREDITO_AUTO,APROBADO,BUENO,151039.99999999907,,1,365700.0,-15.0,32366.0,RECIBO DE NOMINA,MEDIO_A,CLIENTE_BANCO,240000,BAJO,1.15,0,251,740,31269,790,0,27,FAMILIARES,LICENCIATURA,1
2.01408e+16,143,APROBADA,CREDITO_AUTO,APROBADO,BUENO,151039.99999999907,,0,288471.0,9.0,44098.0,RECIBO DE NOMINA,ALTO_A,CLIENTE_BANCO,127000,BAJO,0.91,0,215,704,101992,0,0,28,PROPIA,LICENCIATURA,1
2.01408e+16,173,APROBADA,CREDITO_AUTO,APROBADO,BUENO,151039.99999999907,,1,63100.0,9.0,44098.0,RECIBO DE NOMINA,MEDIO_A,CLIENTE_BANCO,127000,BAJO,0.91,0,215,704,101992,0,0,28,PROPIA,LICENCIATURA,1
2.01408e+16,180,APROBADA,CREDITO_AUTO,APROBADO,BUENO,151039.99999999907,,1,62220.0,9.0,44098.0,RECIBO DE NOMINA,MEDIO_A,CLIENTE_BANCO,127000,BAJO,0.91,0,215,704,101992,0,0,28,PROPIA,LICENCIATURA,1
2.01408e+16,128,APROBADA,CREDITO_AUTO,APROBADO,BUENO,151039.99999999907,,0,227200.0,20.0,79823.9599999994,RECIBO DE NOMINA,ALTO_A,CLIENTE_BANCO,68000,BAJO,0.8,0,245,737,26306,1440,0,44,PROPIA,LICENCIATURA,1
2.01408e+16,164,APROBADA,CREDITO_AUTO,APROBADO,BUENO,151039.99999999907,,0,123200.0,56.0,79823.9599999994,INVERSIONES,ALTO_A,CLIENTE_BANCO,0,BAJO,0.44,0,234,766,0,0,0,26,PROPIA,LICENCIATURA,1
2.01408e+16,173,APROBADA,CREDITO_AUTO,APROBADO,BUENO,151039.99999999907,,1,55660.0,20.0,79823.9599999994,RECIBO DE NOMINA,MEDIO_A,CLIENTE_BANCO,68000,BAJO,0.8,0,245,737,26306,1440,0,44,PROPIA,LICENCIATURA,1
2.01408e+16,151,APROBADA,CREDITO_AUTO,APROBADO,BUENO,151039.99999999907,,0,39671.0,20.0,79823.9599999994,RECIBO DE NOMINA,MEDIO_A,CLIENTE_BANCO,68000,BAJO,0.8,0,245,737,26306,1440,0,44,PROPIA,LICENCIATURA,1
2.01408e+16,111,APROBADA,CREDITO_AUTO,APROBADO,REGULAR,151039.99999999907,,0,104500.0,62.0,43708.0,INVERSIONES,ALTO_A,CLIENTE_BANCO,170000,BAJO,0.38,0,277,779,0,0,0,56,FAMILIARES,PREPARATORIA,1
2.01408e+16,146,APROBADA,CREDITO_AUTO,APROBADO,BUENO,151039.99999999907,,2,247500.0,10.0,16333.0,INVERSIONES,ALTO_A,CLIENTE_BANCO,293000,BAJO,0.9,0,270,710,0,0,0,25,PROPIA,POSGRADO,1
2.01408e+16,180,APROBADA,CREDITO_AUTO,APROBADO,BUENO,151039.99999999907,,2,181500.0,34.0,56603.0,RECIBO DE NOMINA,ALTO_B,CLIENTE_BANCO,200000,BAJO,0.66,0,226,762,1240,0,0,36,PROPIA,LICENCIATURA,1
2.01408e+16,171,APROBADA,CREDITO_AUTO,APROBADO,REGULAR,151039.99999999907,,0,101380.0,63.0,79823.9599999994,INVERSIONES,ALTO_A,CLIENTE_BANCO,40000,BAJO,0.37,0,190,773,0,0,0,44,PROPIA,PREPARATORIA,1
2.01408e+16,202,APROBADA,TARJETA_ORO,APROBADO,BUENO,151039.99999999907,,1,45633.0,56.0,79823.9599999994,INVERSIONES,MEDIO_A,CLIENTE_BANCO,0,BAJO,0.44,0,234,766,0,0,0,26,PROPIA,LICENCIATURA,1
2.01408e+16,192,APROBADA,CREDITO_AUTO,APROBADO,BUENO,151039.99999999907,,1,38857.0,56.0,79823.9599999994,INVERSIONES,MEDIO_A,CLIENTE_BANCO,0,BAJO,0.44,0,234,766,0,0,0,26,PROPIA,LICENCIATURA,1
2.01408e+16,138,APROBADA,CREDITO_AUTO,APROBADO,REGULAR,151039.99999999907,,2,146340.0,46.0,52930.0,INVERSIONES,ALTO_A,CLIENTE_BANCO,40000,MEDIO,0.54,0,200,687,8176,0,0,56,HIPOTECA,PREPARATORIA,1
2.01408e+16,189,APROBADA,CREDITO_AUTO,APROBADO,BUENO,151039.99999999907,,0,128160.0,52.0,56134.0,RECIBO DE NOMINA,ALTO_A,CLIENTE_BANCO,300000,BAJO,0.48,0,279,740,13806,3760,0,27,FAMILIARES,PREPARATORIA,1
2.01408e+16,108,APROBADA,CREDITO_AUTO,APROBADO,BUENO,151039.99999999907,,2,297920.0,-12.0,38485.0,INVERSIONES,ALTO_A,CLIENTE_BANCO,75000,BAJO,1.12,0,245,740,36338,0,0,50,HIPOTECA,LICENCIATURA,1
2.01408e+16,137,APROBADA,TARJETA_ORO,APROBADO,REGULAR,151039.99999999907,,1,52200.0,80.0,42652.0,INVERSIONES,MEDIO_A,CLIENTE_BANCO,182000,BAJO,0.2,0,214,744,12195,0,0,38,PROPIA,LICENCIATURA,1
2.01408e+16,161,APROBADA,CREDITO_AUTO,APROBADO,BUENO,151039.99999999907,,1,137800.0,47.0,54683.0,INVERSIONES,ALTO_A,CLIENTE_BANCO,45000,BAJO,0.53,0,203,705,41180,2560,0,58,RENTA,PREPARATORIA,1
2.01408e+16,129,APROBADA,CREDITO_AUTO,APROBADO,BUENO,151039.99999999907,,1,204800.0,20.0,37052.0,INVERSIONES,ALTO_A,CLIENTE_BANCO,50000,BAJO,0.8,0,254,724,1869,0,0,37,HIPOTECA,LICENCIATURA,1
2.01408e+16,151,APROBADA,TARJETA_ORO,APROBADO,BUENO,151039.99999999907,,1,213350.0,15.0,52430.0,INVERSIONES,MEDIO_A,CLIENTE_BANCO,169500,BAJO,0.85,0,238,766,0,0,0,36,PROPIA,LICENCIATURA,1
2.01407e+16,123,APROBADA,TARJETA_ORO,APROBADO,REGULAR,151039.99999999907,,0,91650.0,61.0,4961.0,INVERSIONES,ALTO_A,CLIENTE_BANCO,102000,BAJO,0.39,0,292,757,14565,0,0,60,FAMILIARES,PREPARATORIA,1
2.01408e+16,199,APROBADA,TARJETA_ORO,APROBADO,REGULAR,151039.99999999907,,2,181740.0,22.0,79823.9599999994,INVERSIONES,MEDIO_A,CLIENTE_BANCO,112000,MEDIO,0.78,0,247,683,35544,0,0,39,RENTA,LICENCIATURA,1
2.01407e+16,117,APROBADA,TARJETA_ORO,APROBADO,BUENO,151039.99999999907,,2,189420.0,18.0,45412.0,INVERSIONES,ALTO_A,CLIENTE_BANCO,0,BAJO,0.82,0,260,760,0,0,0,34,HIPOTECA,POSGRADO,1
2.01408e+16,192,APROBADA,TARJETA_ORO,APROBADO,BUENO,151039.99999999907,,0,169460.0,26.0,28764.0,INVERSIONES,MEDIO_B,NO_CLIENTE,0,BAJO,0.74,0,238,736,0,0,0,42,PROPIA,PREPARATORIA,1
2.01408e+16,159,APROBADA,CREDITO_AUTO,APROBADO,BUENO,151039.99999999907,,0,100320.0,56.0,79823.9599999994,INVERSIONES,MEDIO_A,CLIENTE_BANCO,170000,BAJO,0.44,0,227,740,7876,2130,0,37,RENTA,POSGRADO,1
2.01408e+16,107,APROBADA,CREDITO_AUTO,APROBADO,REGULAR,151039.99999999907,,2,249700.0,-10.0,79823.9599999994,INVERSIONES,MEDIO_B,CLIENTE_BANCO,0,MEDIO,1.1,0,212,690,0,0,0,36,FAMILIARES,LICENCIATURA,1
2.01406e+16,170,APROBADA,CREDITO_AUTO,APROBADO,REGULAR,151039.99999999907,,2,161170.0,29.0,79823.9599999994,INVERSIONES,MEDIO_A,CLIENTE_BANCO,214700,ALTO,0.71,0,192,500,55,0,0,55,RENTA,POSGRADO,1
2.01408e+16,184,APROBADA,CREDITO_AUTO,APROBADO,BUENO,151039.99999999907,,1,141371.0,33.0,22869.0,RECIBO DE NOMINA,MEDIO_A,CLIENTE_BANCO,117000,BAJO,0.67,0,211,740,2607,0,0,32,HIPOTECA,PREPARATORIA,1
2.01406e+16,186,APROBADA,CREDITO_AUTO,APROBADO,BUENO,151039.99999999907,,0,119480.0,42.0,79823.9599999994,INVERSIONES,MEDIO_A,CLIENTE_BANCO,0,BAJO,0.58,0,288,731,3949,1320,0,58,PROPIA,LICENCIATURA,1
2.01408e+16,181,APROBADA,CREDITO_AUTO,APROBADO,BUENO,151039.99999999907,,2,223300.0,-10.0,74955.0,INVERSIONES,MEDIO_A,CLIENTE_BANCO,40004,BAJO,1.1,0,265,740,13687,510,0,52,RENTA,PREPARATORIA,1
2.01406e+16,223,APROBADA,CREDITO_AUTO,APROBADO,BUENO,151039.99999999907,,1,33500.0,42.0,79823.9599999994,INVERSIONES,MEDIO_A,CLIENTE_BANCO,0,BAJO,0.58,0,288,731,3949,1320,0,58,PROPIA,LICENCIATURA,1
2.01407e+16,140,APROBADA,CREDITO_AUTO,APROBADO,BUENO,151039.99999999907,,0,124000.0,38.0,79823.9599999994,RECIBO DE NOMINA,ALTO_A,CLIENTE_BANCO,5300,BAJO,0.62,0,234,740,2144,250,0,35,HIPOTECA,LICENCIATURA,1
2.01407e+16,160,APROBADA,CREDITO_AUTO,APROBADO,BUENO,151039.99999999907,,0,39680.0,38.0,79823.9599999994,RECIBO DE NOMINA,MEDIO_A,CLIENTE_BANCO,5300,BAJO,0.62,0,234,740,2144,250,0,35,PROPIA,LICENCIATURA,1
2.01407e+16,186,APROBADA,CREDITO_AUTO,APROBADO,BUENO,151039.99999999907,,0,24788.0,38.0,79823.9599999994,RECIBO DE NOMINA,MEDIO_A,CLIENTE_BANCO,5300,BAJO,0.62,0,234,740,2144,250,0,35,PROPIA,LICENCIATURA,1
2.01406e+16,211,APROBADA,CREDITO_AUTO,APROBADO,BUENO,151039.99999999907,,1,33017.0,42.0,79823.9599999994,INVERSIONES,MEDIO_A,CLIENTE_BANCO,0,BAJO,0.58,0,288,731,3949,1320,0,58,PROPIA,LICENCIATURA,1
2.01408e+16,124,APROBADA,CREDITO_AUTO,APROBADO,BUENO,151039.99999999907,,0,106920.0,46.0,51047.0,RECIBO DE NOMINA,MEDIO_A,CLIENTE_BANCO,233000,BAJO,0.54,0,227,741,27853,2920,0,46,PROPIA,POSGRADO,1
2.01408e+16,165,APROBADA,CREDITO_AUTO,APROBADO,BUENO,151039.99999999907,,1,163931.0,3.0,34636.0,RECIBO DE NOMINA,MEDIO_A,CLIENTE_BANCO,50000,BAJO,0.97,0,243,733,1168,630,0,42,HIPOTECA,LICENCIATURA,1
2.01408e+16,138,APROBADA,CREDITO_AUTO,APROBADO,BUENO,151039.99999999907,,1,77280.0,54.0,59155.0,RECIBO DE NOMINA,MEDIO_A,CLIENTE_BANCO,325504,BAJO,0.46,0,210,737,32108,4080,0,58,RENTA,POSGRADO,1
2.01408e+16,125,APROBADA,CREDITO_AUTO,APROBADO,REGULAR,151039.99999999907,,1,111520.0,32.0,79823.9599999994,RECIBO DE NOMINA,MEDIO_A,CLIENTE_BANCO,89000,MEDIO,0.68,0,216,681,26220,1120,0,58,HIPOTECA,LICENCIATURA,1
2.01408e+16,126,APROBADA,CREDITO_AUTO,APROBADO,BUENO,151039.99999999907,,2,97651.0,37.0,29134.0,RECIBO DE NOMINA,ALTO_A,CLIENTE_BANCO,30000,BAJO,0.63,0,238,737,0,0,0,40,FAMILIARES,POSGRADO,1
2.01408e+16,101,APROBADA,CREDITO_AUTO,APROBADO,REGULAR,151039.99999999907,,1,59670.0,61.0,37505.0,RECIBO DE NOMINA,ALTO_A,CLIENTE_BANCO,104900,BAJO,0.39,0,197,754,7300,1320,0,59,PROPIA,LICENCIATURA,1
2.01408e+16,174,APROBADA,CREDITO_AUTO,APROBADO,BUENO,151039.99999999907,,1,123120.0,19.0,66840.0,RECIBO DE NOMINA,MEDIO_A,CLIENTE_BANCO,18500,BAJO,0.81,0,210,707,0,0,0,57,RENTA,PREPARATORIA,1
2.01408e+16,106,APROBADA,TARJETA_ORO,APROBADO,BUENO,150000.0,,1,123000.0,18.0,44968.0,RECIBO DE NOMINA,ALTO_A,CLIENTE_BANCO,189500,BAJO,0.82,0,297,740,138509,560,0,57,RENTA,LICENCIATURA,1
2.01408e+16,112,APROBADA,TARJETA_ORO,APROBADO,REGULAR,150000.0,,0,31500.0,79.0,28673.0,INVERSIONES,ALTO_A,NO_CLIENTE,0,BAJO,0.21,0,206,789,0,0,0,43,HIPOTECA,POSGRADO,1
2.01408e+16,124,APROBADA,TARJETA_ORO,APROBADO,REGULAR,150000.0,,0,30000.0,80.0,41236.0,RECIBO DE NOMINA,MEDIO_A,CLIENTE_BANCO,161500,BAJO,0.2,0,271,741,2577,0,0,36,FAMILIARES,PREPARATORIA,1
2.01408e+16,133,APROBADA,TARJETA_ORO,APROBADO,BUENO,149000.0,,1,143040.0,4.0,20447.0,RECIBO DE NOMINA,ALTO_B,CLIENTE_BANCO,0,BAJO,0.96,0,237,724,0,0,0,58,HIPOTECA,LICENCIATURA,1
2.01408e+16,199,APROBADA,TARJETA_ORO,APROBADO,REGULAR,144000.0,,1,33120.0,77.0,37323.0,RECIBO DE NOMINA,MEDIO_A,CLIENTE_BANCO,165000,BAJO,0.23,0,242,750,23300,2070,0,42,FAMILIARES,POSGRADO,1
2.01408e+16,134,APROBADA,TARJETA_ORO,APROBADO,REGULAR,143000.0,,3,168740.0,-18.0,20976.0,RECIBO DE NOMINA,ALTO_A,CLIENTE_BANCO,75000,ALTO,1.18,0,253,603,7775,940,0,46,FAMILIARES,LICENCIATURA,1
2.01408e+16,167,APROBADA,TARJETA_ORO,APROBADO,REGULAR,143000.0,,1,42900.0,70.0,52094.0,RECIBO DE NOMINA,MEDIO_A,CLIENTE_BANCO,10500,BAJO,0.3,0,245,757,0,0,0,58,FAMILIARES,LICENCIATURA,1
2.01408e+16,125,APROBADA,TARJETA_ORO,APROBADO,REGULAR,142000.0,,0,46860.0,67.0,53141.0,RECIBO DE NOMINA,MEDIO_A,CLIENTE_BANCO,181000,BAJO,0.33,0,226,727,32125,1210,0,50,RENTA,SECUNDARIA,1
2.01408e+16,157,APROBADA,TARJETA_ORO,APROBADO,REGULAR,142000.0,,0,41180.0,71.0,56573.0,RECIBO DE NOMINA,MEDIO_A,CLIENTE_BANCO,58000,BAJO,0.29,0,234,740,642,222,0,29,HIPOTECA,LICENCIATURA,1
2.01408e+16,166,APROBADA,TARJETA_ORO,APROBADO,BUENO,140000.0,,1,131600.0,6.0,52600.0,RECIBO DE NOMINA,MEDIO_A,CLIENTE_BANCO,72000,BAJO,0.94,0,194,744,12488,0,0,38,PROPIA,PREPARATORIA,1
2.01408e+16,107,APROBADA,TARJETA_ORO,APROBADO,BUENO,138000.0,,2,78660.0,43.0,11582.0,RECIBO DE NOMINA,MEDIO_A,CLIENTE_BANCO,27500,BAJO,0.57,0,231,750,2679,350,0,54,RENTA,POSGRADO,1
2.01408e+16,130,APROBADA,TARJETA_ORO,APROBADO,BUENO,138000.0,,2,154560.0,-12.0,69023.0,RECIBO DE NOMINA,MEDIO_A,CLIENTE_BANCO,18000,BAJO,1.12,0,224,757,255,0,0,27,HIPOTECA,POSGRADO,1
2.01406e+16,142,APROBADA,TARJETA_ORO,APROBADO,REGULAR,134000.0,,0,28140.0,79.0,74181.0,INVERSIONES,MEDIO_A,CLIENTE_BANCO,0,MEDIO,0.21,0,237,667,74343,6880,0,50,FAMILIARES,PREPARATORIA,1
2.01408e+16,124,APROBADA,TARJETA_ORO,APROBADO,BUENO,131000.0,,1,111350.0,15.0,17127.0,RECIBO DE NOMINA,ALTO_B,CLIENTE_BANCO,37500,BAJO,0.85,0,253,772,4486,122,0,44,HIPOTECA,LICENCIATURA,1
2.01408e+16,159,APROBADA,TARJETA_ORO,APROBADO,BUENO,130000.0,,2,130000.0,0.0,34524.0,RECIBO DE NOMINA,MEDIO_A,CLIENTE_BANCO,55000,BAJO,1.0,0,283,767,3528,690,0,29,FAMILIARES,POSGRADO,1
2.01407e+16,137,APROBADA,TARJETA_ORO,APROBADO,BUENO,127000.0,,1,127000.0,0.0,23896.0,RECIBO DE NOMINA,MEDIO_B,NO_CLIENTE,0,BAJO,1.0,0,248,720,0,0,0,51,PROPIA,POSGRADO,1
2.01407e+16,175,APROBADA,TARJETA_ORO,APROBADO,REGULAR,125000.0,,0,45000.0,64.0,2617.0,RECIBO DE NOMINA,MEDIO_A,CLIENTE_BANCO,13500,BAJO,0.36,0,227,723,1100,192,0,31,PROPIA,PREPARATORIA,1
2.01408e+16,197,APROBADA,CLASICA,APROBADO,BUENO,123000.0,,1,81180.0,34.0,37861.0,RECIBO DE NOMINA,ALTO_A,NO_CLIENTE,0,BAJO,0.66,0,214,754,0,0,0,28,FAMILIARES,LICENCIATURA,1
2.01407e+16,178,APROBADA,CLASICA,APROBADO,REGULAR,112000.0,,2,117600.0,-5.0,26035.0,DECLARACION ANUAL,MEDIO_B,NO_CLIENTE,0,MEDIO,1.05,0,242,695,0,0,0,47,RENTA,PREPARATORIA,1
2.01407e+16,101,APROBADA,CLASICA,APROBADO,BUENO,111000.0,,0,111000.0,0.0,27926.0,RECIBO DE NOMINA,ALTO_B,CLIENTE_BANCO,0,BAJO,1.0,0,219,710,0,0,0,49,HIPOTECA,LICENCIATURA,1
2.01407e+16,146,APROBADA,CLASICA,APROBADO,BUENO,107200.0,,0,13400.0,0.0,27926.0,RECIBO DE NOMINA,ALTO_B,CLIENTE_BANCO,0,BAJO,1.0,0,219,710,0,0,0,49,PROPIA,LICENCIATURA,1
2.01407e+16,104,APROBADA,CLASICA,APROBADO,BUENO,107000.0,,1,77040.0,28.0,6641.0,RECIBO DE NOMINA,ALTO_A,CLIENTE_BANCO,15300,BAJO,0.72,0,249,723,9801,250,0,32,RENTA,LICENCIATURA,1
2.01407e+16,130,APROBADA,CLASICA,APROBADO,BUENO,106100.0,,1,17683.0,0.0,27926.0,RECIBO DE NOMINA,ALTO_B,CLIENTE_BANCO,0,BAJO,1.0,0,219,710,0,0,0,49,PROPIA,LICENCIATURA,1
2.01408e+16,104,APROBADA,CLASICA,APROBADO,REGULAR,106000.0,,0,36040.0,66.0,54855.0,RECIBO DE NOMINA,MEDIO_A,CLIENTE_BANCO,38000,BAJO,0.34,0,244,727,1612,0,0,36,HIPOTECA,LICENCIATURA,1
2.01408e+16,186,APROBADA,CLASICA,APROBADO,BUENO,104000.0,,0,46800.0,55.0,38630.0,INVERSIONES,ALTO_B,CLIENTE_BANCO,7200,BAJO,0.45,0,202,756,0,0,0,27,PROPIA,PREPARATORIA,1
2.01407e+16,186,APROBADA,CLASICA,APROBADO,REGULAR,104000.0,,1,23920.0,77.0,65236.0,RECIBO DE NOMINA,MEDIO_A,CLIENTE_BANCO,94500,BAJO,0.23,0,222,714,22236,1610,0,32,PROPIA,LICENCIATURA,1
2.01408e+16,132,APROBADA,CLASICA,APROBADO,BUENO,102000.0,,2,114240.0,-12.0,5120.0,RECIBO DE NOMINA,MEDIO_A,CLIENTE_BANCO,146000,BAJO,1.12,0,252,740,5706,1200,0,42,FAMILIARES,LICENCIATURA,1
2.01408e+16,192,APROBADA,CLASICA,APROBADO,REGULAR,101000.0,,0,16160.0,84.0,54834.0,RECIBO DE NOMINA,MEDIO_A,CLIENTE_BANCO,15800,BAJO,0.16,0,231,740,774,0,0,34,HIPOTECA,POSGRADO,1
2.01406e+16,106,APROBADA,CLASICA,APROBADO,BUENO,100000.0,,0,56000.0,44.0,45891.0,INVERSIONES,ALTO_A,CLIENTE_BANCO,100000,BAJO,0.56,0,205,744,5013,0,0,56,PROPIA,LICENCIATURA,1
2.01407e+16,106,APROBADA,CLASICA,APROBADO,BUENO,100000.0,,2,59000.0,41.0,29549.0,RECIBO DE NOMINA,ALTO_B,CLIENTE_BANCO,0,BAJO,0.59,0,224,741,0,0,0,52,HIPOTECA,LICENCIATURA,1
2.01408e+16,118,APROBADA,CREDITO_AUTO,APROBADO,REGULAR,100000.0,,2,55000.0,45.0,15246.0,RECIBO DE NOMINA,MEDIO_A,CLIENTE_BANCO,5600,MEDIO,0.55,0,238,690,5007,350,0,37,HIPOTECA,PREPARATORIA,1
2.01408e+16,132,APROBADA,CREDITO_AUTO,APROBADO,REGULAR,100000.0,,1,105000.0,-5.0,36481.0,RECIBO DE NOMINA,MEDIO_A,CLIENTE_BANCO,33000,MEDIO,1.05,0,240,683,3282,420,0,57,PROPIA,PREPARATORIA,1
2.01408e+16,134,APROBADA,CLASICA,APROBADO,REGULAR,100000.0,,0,29000.0,71.0,42009.0,RECIBO DE NOMINA,MEDIO_A,CLIENTE_BANCO,0,BAJO,0.29,0,232,781,0,0,0,59,FAMILIARES,LICENCIATURA,1
2.01408e+16,160,APROBADA,CLASICA,APROBADO,REGULAR,100000.0,,1,27000.0,73.0,17177.0,RECIBO DE NOMINA,ALTO_A,CLIENTE_BANCO,0,BAJO,0.27,0,248,793,0,0,0,26,FAMILIARES,PREPARATORIA,1
2.01406e+16,138,APROBADA,CLASICA,APROBADO,BUENO,98100.0,,0,19620.0,44.0,45891.0,INVERSIONES,MEDIO_A,CLIENTE_BANCO,100000,BAJO,0.56,0,205,744,5013,0,0,56,PROPIA,LICENCIATURA,1
2.01407e+16,124,APROBADA,CLASICA,APROBADO,REGULAR,96502.0,,0,26056.0,73.0,46057.0,RECIBO DE NOMINA,MEDIO_A,CLIENTE_BANCO,0,BAJO,0.27,0,230,783,0,0,0,60,RENTA,PREPARATORIA,1
2.01406e+16,146,APROBADA,CLASICA,APROBADO,BUENO,96000.0,,0,12000.0,44.0,45891.0,INVERSIONES,MEDIO_A,CLIENTE_BANCO,100000,BAJO,0.56,0,205,744,5013,0,0,56,PROPIA,LICENCIATURA,1
2.01408e+16,111,APROBADA,CLASICA,APROBADO,BUENO,95000.0,,1,95950.0,-1.0,52603.0,RECIBO DE NOMINA,MEDIO_A,CLIENTE_BANCO,20000,BAJO,1.01,0,231,727,9986,440,0,28,FAMILIARES,PREPARATORIA,1
2.01408e+16,184,APROBADA,CREDITO_AUTO,APROBADO,REGULAR,95000.0,,0,37050.0,61.0,60819.0,RECIBO DE NOMINA,MEDIO_A,CLIENTE_BANCO,22300,MEDIO,0.39,0,215,685,20898,760,0,57,RENTA,PREPARATORIA,1
2.01408e+16,123,APROBADA,CLASICA,APROBADO,BUENO,94000.0,,1,88360.0,6.0,20721.0,RECIBO DE NOMINA,MEDIO_A,CLIENTE_BANCO,103500,BAJO,0.94,0,244,740,2275,1070,0,33,FAMILIARES,LICENCIATURA,1
2.01408e+16,133,APROBADA,CLASICA,APROBADO,REGULAR,94000.0,,1,18800.0,80.0,34298.0,RECIBO DE NOMINA,MEDIO_A,CLIENTE_BANCO,15000,BAJO,0.2,0,222,800,0,0,0,54,HIPOTECA,POSGRADO,1
2.01408e+16,174,APROBADA,CLASICA,APROBADO,BUENO,94000.0,,2,61100.0,35.0,57284.0,RECIBO DE NOMINA,ALTO_B,CLIENTE_BANCO,30000,BAJO,0.65,0,266,735,0,0,0,48,RENTA,PREPARATORIA,1
2.01408e+16,176,APROBADA,CLASICA,APROBADO,BUENO,94000.0,,2,92120.0,2.0,37995.0,RECIBO DE NOMINA,ALTO_B,CLIENTE_BANCO,0,BAJO,0.98,0,245,702,0,0,0,37,FAMILIARES,POSGRADO,1
2.01408e+16,165,APROBADA,CLASICA,APROBADO,BUENO,91000.0,,2,95550.0,-5.0,39212.0,RECIBO DE NOMINA,MEDIO_A,CLIENTE_BANCO,60000,BAJO,1.05,0,250,744,25555,593,0,44,HIPOTECA,POSGRADO,1
2.01407e+16,178,APROBADA,CLASICA,APROBADO,REGULAR,91000.0,,2,104650.0,-15.0,36430.0,RECIBO DE NOMINA,MEDIO_B,CLIENTE_BANCO,96000,MEDIO,1.15,0,227,685,8026,1200,0,38,FAMILIARES,LICENCIATURA,1
2.01408e+16,129,APROBADA,CLASICA,APROBADO,BUENO,89000.0,,1,86330.0,3.0,24904.0,RECIBO DE NOMINA,ALTO_B,CLIENTE_BANCO,0,BAJO,0.97,0,225,723,0,0,0,26,FAMILIARES,POSGRADO,1
2.01408e+16,150,APROBADA,CLASICA,APROBADO,REGULAR,87000.0,,0,33930.0,61.0,33800.0,RECIBO DE NOMINA,ALTO_B,CLIENTE_BANCO,50000,BAJO,0.39,0,239,771,0,0,0,59,RENTA,PREPARATORIA,1
2.01408e+16,153,APROBADA,CLASICA,APROBADO,BUENO,87000.0,,1,94830.0,-9.0,38679.0,RECIBO DE NOMINA,MEDIO_A,CLIENTE_BANCO,166000,BAJO,1.09,0,198,744,3443,1140,0,33,FAMILIARES,POSGRADO,1
2.01408e+16,194,APROBADA,CLASICA,APROBADO,BUENO,87000.0,,0,75690.0,13.0,32526.0,RECIBO DE NOMINA,MEDIO_A,CLIENTE_BANCO,31000,BAJO,0.87,0,254,750,909,390,0,27,FAMILIARES,PREPARATORIA,1
2.01408e+16,104,APROBADA,CLASICA,APROBADO,BUENO,86000.0,,0,59340.0,31.0,64546.0,RECIBO DE NOMINA,ALTO_A,CLIENTE_BANCO,97300,BAJO,0.69,0,250,727,42648,0,0,56,PROPIA,LICENCIATURA,1
2.01408e+16,123,APROBADA,CLASICA,APROBADO,REGULAR,86000.0,,1,22360.0,74.0,10599.0,RECIBO DE NOMINA,MEDIO_A,CLIENTE_BANCO,36000,BAJO,0.26,0,241,740,1084,0,0,53,FAMILIARES,PREPARATORIA,1
2.01407e+16,117,APROBADA,CLASICA,APROBADO,BUENO,83000.0,,0,70550.0,15.0,30566.0,RECIBO DE NOMINA,ALTO_A,CLIENTE_BANCO,23000,BAJO,0.85,0,265,766,0,0,0,33,PROPIA,LICENCIATURA,1
2.01408e+16,134,APROBADA,CLASICA,APROBADO,BUENO,82100.0,,0,13683.0,31.0,64546.0,RECIBO DE NOMINA,MEDIO_A,CLIENTE_BANCO,97300,BAJO,0.69,0,250,727,42648,0,0,56,PROPIA,LICENCIATURA,1
2.01407e+16,155,APROBADA,CLASICA,APROBADO,BUENO,82000.0,,1,86100.0,-5.0,23939.0,RECIBO DE NOMINA,ALTO_B,CLIENTE_BANCO,4000,BAJO,1.05,0,215,715,0,0,0,56,HIPOTECA,LICENCIATURA,1
2.01408e+16,140,APROBADA,CLASICA,APROBADO,BUENO,81800.0,,0,16360.0,31.0,64546.0,RECIBO DE NOMINA,MEDIO_A,CLIENTE_BANCO,97300,BAJO,0.69,0,250,727,42648,0,0,56,PROPIA,LICENCIATURA,1
2.01408e+16,122,APROBADA,CLASICA,APROBADO,BUENO,81000.0,,1,34020.0,58.0,24558.0,RECIBO DE NOMINA,ALTO_A,CLIENTE_BANCO,62000,BAJO,0.42,0,239,779,0,0,0,30,PROPIA,POSGRADO,1
2.01407e+16,173,APROBADA,CLASICA,APROBADO,REGULAR,81000.0,,1,31590.0,61.0,30970.0,RECIBO DE NOMINA,MEDIO_A,CLIENTE_BANCO,4000,BAJO,0.39,0,194,703,385,250,0,54,PROPIA,POSGRADO,1
2.01408e+16,145,APROBADA,CLASICA,APROBADO,BUENO,77000.0,,0,31570.0,59.0,16074.0,RECIBO DE NOMINA,MEDIO_A,CLIENTE_BANCO,0,BAJO,0.41,0,252,769,0,0,0,56,HIPOTECA,POSGRADO,1
2.01407e+16,163,APROBADA,CLASICA,APROBADO,BUENO,76000.0,,1,69160.0,9.0,31352.0,RECIBO DE NOMINA,MEDIO_A,CLIENTE_BANCO,31000,BAJO,0.91,0,222,757,1800,0,0,32,RENTA,LICENCIATURA,1
2.01407e+16,142,APROBADA,CLASICA,APROBADO,BUENO,75500.0,,0,12583.0,15.0,30566.0,RECIBO DE NOMINA,MEDIO_A,CLIENTE_BANCO,23000,BAJO,0.85,0,265,766,0,0,0,33,PROPIA,LICENCIATURA,1
2.01408e+16,105,APROBADA,CLASICA,APROBADO,BUENO,75000.0,,0,34500.0,54.0,62644.0,RECIBO DE NOMINA,MEDIO_A,CLIENTE_BANCO,36000,BAJO,0.46,0,223,754,1142,0,0,53,FAMILIARES,POSGRADO,1
2.01407e+16,152,APROBADA,CLASICA,APROBADO,BUENO,75000.0,,1,60000.0,20.0,17553.0,RECIBO DE NOMINA,MEDIO_A,CLIENTE_BANCO,90000,BAJO,0.8,0,231,703,7763,1130,0,33,HIPOTECA,LICENCIATURA,1
2.01407e+16,163,APROBADA,CLASICA,APROBADO,BUENO,74000.0,,1,12333.0,15.0,30566.0,RECIBO DE NOMINA,MEDIO_A,CLIENTE_BANCO,23000,BAJO,0.85,0,265,766,0,0,0,33,PROPIA,LICENCIATURA,1
2.01407e+16,183,APROBADA,CLASICA,APROBADO,BUENO,73000.0,,2,54020.0,26.0,69503.0,INVERSIONES,ALTO_B,CLIENTE_BANCO,70000,BAJO,0.74,0,232,755,25862,970,0,37,FAMILIARES,LICENCIATURA,1
2.01408e+16,190,APROBADA,CLASICA,APROBADO,BUENO,73000.0,,0,30660.0,58.0,31501.0,RECIBO DE NOMINA,MEDIO_A,CLIENTE_BANCO,64600,BAJO,0.42,0,248,723,13753,410,0,49,PROPIA,PREPARATORIA,1
2.01408e+16,156,APROBADA,CLASICA,APROBADO,REGULAR,71000.0,,0,19880.0,72.0,25983.0,RECIBO DE NOMINA,MEDIO_A,CLIENTE_BANCO,129000,BAJO,0.28,0,247,744,1673,340,0,46,RENTA,PREPARATORIA,1
2.01408e+16,165,APROBADA,CLASICA,APROBADO,BUENO,71000.0,,0,30530.0,57.0,35663.0,RECIBO DE NOMINA,MEDIO_A,CLIENTE_BANCO,5000,BAJO,0.43,0,256,772,0,0,0,59,RENTA,POSGRADO,1
2.01408e+16,101,APROBADA,CLASICA,APROBADO,REGULAR,70000.0,,1,21700.0,69.0,18988.0,RECIBO DE NOMINA,ALTO_B,CLIENTE_BANCO,64000,BAJO,0.31,0,233,779,0,0,0,51,PROPIA,POSGRADO,1
2.01408e+16,131,APROBADA,CLASICA,APROBADO,REGULAR,70000.0,,0,35000.0,50.0,28245.0,RECIBO DE NOMINA,MEDIO_A,CLIENTE_BANCO,15600,MEDIO,0.5,0,197,694,13334,0,0,55,PROPIA,LICENCIATURA,1
2.01408e+16,113,APROBADA,CLASICA,APROBADO,BUENO,68000.0,,1,64600.0,5.0,11090.0,RECIBO DE NOMINA,MEDIO_A,CLIENTE_BANCO,5000,BAJO,0.95,0,248,740,2213,0,0,31,PROPIA,PREPARATORIA,1
2.01406e+16,124,APROBADA,CLASICA,APROBADO,BUENO,66000.0,,2,35640.0,46.0,36862.0,INVERSIONES,MEDIO_A,CLIENTE_BANCO,0,BAJO,0.54,0,218,702,18896,0,0,25,HIPOTECA,PREPARATORIA,1
2.01406e+16,145,APROBADA,CLASICA,APROBADO,REGULAR,66000.0,,1,26400.0,60.0,67819.0,RECIBO DE NOMINA,ALTO_B,CLIENTE_BANCO,1,BAJO,0.4,0,190,780,0,0,0,27,PROPIA,POSGRADO,1
2.01408e+16,193,APROBADA,CLASICA,APROBADO,BUENO,66000.0,,0,46860.0,29.0,52101.0,RECIBO DE NOMINA,MEDIO_A,CLIENTE_BANCO,113000,BAJO,0.71,0,232,733,17239,990,0,46,FAMILIARES,PREPARATORIA,1
2.01407e+16,194,APROBADA,CLASICA,APROBADO,BUENO,66000.0,,2,44880.0,32.0,25392.0,RECIBO DE NOMINA,MEDIO_A,CLIENTE_BANCO,47000,BAJO,0.68,0,225,732,2085,590,0,38,HIPOTECA,POSGRADO,1
2.01408e+16,173,APROBADA,CLASICA,APROBADO,BUENO,65000.0,,2,34450.0,47.0,64586.0,RECIBO DE NOMINA,MEDIO_A,CLIENTE_BANCO,369000,BAJO,0.53,0,231,723,82387,0,0,32,HIPOTECA,LICENCIATURA,1
2.01408e+16,167,APROBADA,CLASICA,APROBADO,BUENO,64000.0,,1,58240.0,9.0,45802.0,RECIBO DE NOMINA,MEDIO_A,CLIENTE_BANCO,298500,BAJO,0.91,0,254,744,591,591,0,51,FAMILIARES,PREPARATORIA,1
2.01408e+16,108,APROBADA,CLASICA,APROBADO,REGULAR,63000.0,,0,23940.0,62.0,54315.0,RECIBO DE NOMINA,MEDIO_A,CLIENTE_BANCO,75000,BAJO,0.38,0,256,756,0,0,0,46,HIPOTECA,LICENCIATURA,1
2.01408e+16,174,APROBADA,CLASICA,APROBADO,BUENO,63000.0,,2,70560.0,-12.0,32826.0,RECIBO DE NOMINA,MEDIO_A,CLIENTE_BANCO,14500,BAJO,1.12,0,233,740,3613,0,0,55,PROPIA,POSGRADO,1
2.01407e+16,160,APROBADA,CLASICA,APROBADO,BUENO,62000.0,,0,47120.0,24.0,38679.0,INVERSIONES,MEDIO_A,CLIENTE_BANCO,66000,BAJO,0.76,0,226,744,7552,0,0,36,FAMILIARES,PREPARATORIA,1
2.01408e+16,165,APROBADA,CLASICA,APROBADO,BUENO,62000.0,,1,37820.0,39.0,40855.0,RECIBO DE NOMINA,MEDIO_A,CLIENTE_BANCO,51000,BAJO,0.61,0,229,759,12208,640,0,47,RENTA,POSGRADO,1
2.01408e+16,162,APROBADA,CLASICA,APROBADO,REGULAR,61000.0,,3,73200.0,-20.0,33079.0,RECIBO DE NOMINA,MEDIO_B,NO_CLIENTE,61000,ALTO,1.2,0,250,583,5323,0,0,58,FAMILIARES,POSGRADO,1
2.01408e+16,101,APROBADA,CLASICA,APROBADO,REGULAR,60000.0,,0,23400.0,61.0,31044.0,RECIBO DE NOMINA,MEDIO_A,CLIENTE_BANCO,12600,BAJO,0.39,0,206,723,6226,0,0,26,FAMILIARES,PREPARATORIA,1
2.01408e+16,106,APROBADA,CLASICA,APROBADO,BUENO,60000.0,,1,43800.0,27.0,22417.0,RECIBO DE NOMINA,MEDIO_A,CLIENTE_BANCO,22500,BAJO,0.73,0,224,757,1699,290,0,51,RENTA,LICENCIATURA,1
2.01407e+16,179,APROBADA,CLASICA,APROBADO,BUENO,60000.0,,2,47400.0,21.0,10977.0,RECIBO DE NOMINA,ALTO_B,CLIENTE_BANCO,63500,BAJO,0.79,0,228,721,0,0,0,55,HIPOTECA,PREPARATORIA,1
2.01408e+16,120,APROBADA,CLASICA,APROBADO,BUENO,59000.0,,2,41300.0,30.0,23623.0,RECIBO DE NOMINA,MEDIO_B,NO_CLIENTE,0,BAJO,0.7,0,234,730,0,0,0,27,PROPIA,LICENCIATURA,1
2.01406e+16,191,APROBADA,CLASICA,APROBADO,BUENO,59000.0,,2,65490.0,-11.0,43471.0,INVERSIONES,MEDIO_A,CLIENTE_BANCO,65000,BAJO,1.11,0,197,711,32047,1470,0,42,FAMILIARES,SECUNDARIA,1
2.01407e+16,153,APROBADA,CLASICA,APROBADO,BUENO,58000.0,,0,27840.0,52.0,18545.0,RECIBO DE NOMINA,MEDIO_A,NO_CLIENTE,0,BAJO,0.48,0,245,762,0,0,0,46,HIPOTECA,POSGRADO,1
2.01408e+16,190,APROBADA,CLASICA,APROBADO,BUENO,58000.0,,2,42920.0,26.0,65957.0,RECIBO DE NOMINA,ALTO_B,CLIENTE_BANCO,146000,BAJO,0.74,0,223,767,14875,1830,1,55,HIPOTECA,POSGRADO,1
2.01408e+16,198,APROBADA,CLASICA,APROBADO,REGULAR,58000.0,,0,16240.0,72.0,12870.0,RECIBO DE NOMINA,ALTO_A,CLIENTE_BANCO,62000,BAJO,0.28,0,212,782,0,0,0,37,HIPOTECA,LICENCIATURA,1
2.01408e+16,117,APROBADA,CLASICA,APROBADO,REGULAR,57000.0,,2,66120.0,-16.0,31558.0,RECIBO DE NOMINA,MEDIO_A,CLIENTE_BANCO,0,MEDIO,1.16,0,266,684,0,0,0,27,PROPIA,PREPARATORIA,1
2.01408e+16,128,APROBADA,CLASICA,APROBADO,REGULAR,56000.0,,0,15120.0,73.0,32753.0,RECIBO DE NOMINA,MEDIO_A,CLIENTE_BANCO,122999,MEDIO,0.27,0,229,697,97726,4680,0,25,FAMILIARES,SECUNDARIA,1
2.01408e+16,134,APROBADA,CLASICA,APROBADO,BUENO,56000.0,,2,57120.0,-2.0,35179.0,RECIBO DE NOMINA,MEDIO_A,CLIENTE_BANCO,75300,BAJO,1.02,0,226,723,15297,852,0,25,HIPOTECA,POSGRADO,1
2.01408e+16,155,APROBADA,CLASICA,APROBADO,BUENO,56000.0,,2,60480.0,-8.0,22550.0,RECIBO DE NOMINA,MEDIO_A,CLIENTE_BANCO,58000,BAJO,1.08,0,212,757,5997,0,0,58,HIPOTECA,PREPARATORIA,1
2.01408e+16,156,APROBADA,CLASICA,APROBADO,REGULAR,56000.0,,0,21280.0,62.0,31559.0,RECIBO DE NOMINA,MEDIO_A,CLIENTE_BANCO,47800,MEDIO,0.38,0,245,694,16665,1297,0,59,FAMILIARES,POSGRADO,1
2.01408e+16,169,APROBADA,CLASICA,APROBADO,REGULAR,56000.0,,0,9520.0,83.0,20110.0,RECIBO DE NOMINA,MEDIO_A,CLIENTE_BANCO,61000,BAJO,0.17,0,253,753,0,0,0,31,FAMILIARES,LICENCIATURA,1
2.01408e+16,193,APROBADA,CLASICA,APROBADO,BUENO,56000.0,,0,46480.0,17.0,36360.0,RECIBO DE NOMINA,ALTO_A,CLIENTE_BANCO,10004,BAJO,0.83,0,221,723,4963,250,0,46,PROPIA,LICENCIATURA,1
2.01408e+16,141,APROBADA,CLASICA,APROBADO,BUENO,55000.0,,2,36850.0,33.0,17976.0,RECIBO DE NOMINA,ALTO_A,CLIENTE_BANCO,0,BAJO,0.67,0,234,733,0,0,0,35,RENTA,LICENCIATURA,1
2.01408e+16,162,APROBADA,CLASICA,APROBADO,BUENO,55000.0,,2,32450.0,41.0,0.0,RECIBO DE NOMINA,MEDIO_A,NO_CLIENTE,0,BAJO,0.59,0,203,741,0,0,0,40,PROPIA,POSGRADO,1
2.01408e+16,131,APROBADA,CLASICA,APROBADO,BUENO,54002.0,,1,43202.0,20.0,17511.0,RECIBO DE NOMINA,MEDIO_A,CLIENTE_BANCO,5500,BAJO,0.8,0,233,727,3360,300,0,53,FAMILIARES,POSGRADO,1
2.01408e+16,125,APROBADA,CLASICA,APROBADO,BUENO,54000.0,,0,27000.0,50.0,17053.0,RECIBO DE NOMINA,MEDIO_A,CLIENTE_BANCO,250004,BAJO,0.5,0,223,712,22994,420,0,59,PROPIA,POSGRADO,1
2.01408e+16,134,APROBADA,CLASICA,APROBADO,BUENO,54000.0,,1,42120.0,22.0,26221.0,RECIBO DE NOMINA,MEDIO_B,NO_CLIENTE,0,BAJO,0.78,0,226,742,0,0,0,50,RENTA,LICENCIATURA,1
2.01408e+16,156,APROBADA,CLASICA,APROBADO,REGULAR,54000.0,,0,19440.0,64.0,12284.0,RECIBO DE NOMINA,MEDIO_A,CLIENTE_BANCO,38000,BAJO,0.36,0,217,750,4948,480,0,57,FAMILIARES,POSGRADO,1
2.01408e+16,170,APROBADA,CLASICA,APROBADO,BUENO,54000.0,,2,46440.0,14.0,32498.0,RECIBO DE NOMINA,MEDIO_A,CLIENTE_BANCO,50800,BAJO,0.86,0,221,731,19340,0,0,55,FAMILIARES,POSGRADO,1
2.01408e+16,173,APROBADA,CLASICA,APROBADO,BUENO,54000.0,,0,24300.0,55.0,32829.0,RECIBO DE NOMINA,MEDIO_A,CLIENTE_BANCO,5004,BAJO,0.45,0,217,723,790,250,0,31,PROPIA,POSGRADO,1
2.01408e+16,174,APROBADA,CLASICA,APROBADO,BUENO,54000.0,,2,37260.0,31.0,30975.0,RECIBO DE NOMINA,MEDIO_A,CLIENTE_BANCO,16300,BAJO,0.69,0,229,740,36,0,0,47,PROPIA,POSGRADO,1
2.01408e+16,190,APROBADA,CLASICA,APROBADO,BUENO,54000.0,,2,35640.0,34.0,0.0,RECIBO DE NOMINA,MEDIO_A,NO_CLIENTE,100000,BAJO,0.66,0,215,734,1488,0,0,42,RENTA,PREPARATORIA,1
2.01408e+16,197,APROBADA,CLASICA,APROBADO,BUENO,54000.0,,2,39960.0,26.0,0.0,RECIBO DE NOMINA,MEDIO_A,NO_CLIENTE,0,BAJO,0.74,0,204,726,0,0,0,27,PROPIA,PREPARATORIA,1
2.01408e+16,229,APROBADA,CLASICA,APROBADO,BUENO,53400.0,,1,7629.0,17.0,36360.0,RECIBO DE NOMINA,MEDIO_A,CLIENTE_BANCO,10004,BAJO,0.83,0,221,723,4963,250,0,46,PROPIA,LICENCIATURA,1
2.01408e+16,225,APROBADA,CLASICA,APROBADO,BUENO,53100.0,,1,8850.0,17.0,36360.0,RECIBO DE NOMINA,MEDIO_A,CLIENTE_BANCO,10004,BAJO,0.83,0,221,723,4963,250,0,46,PROPIA,LICENCIATURA,1
2.01408e+16,116,APROBADA,CLASICA,APROBADO,REGULAR,53000.0,,0,12720.0,76.0,10271.0,RECIBO DE NOMINA,MEDIO_A,CLIENTE_BANCO,51000,BAJO,0.24,0,234,750,1499,0,0,44,FAMILIARES,LICENCIATURA,1
2.01407e+16,143,APROBADA,CLASICA,APROBADO,REGULAR,53000.0,,3,32860.0,38.0,19428.0,RECIBO DE NOMINA,ALTO_B,CLIENTE_BANCO,32800,ALTO,0.62,0,206,612,0,0,0,25,HIPOTECA,LICENCIATURA,1
2.01408e+16,127,APROBADA,CLASICA,APROBADO,BUENO,52000.0,,2,42120.0,19.0,19181.0,RECIBO DE NOMINA,ALTO_A,CLIENTE_BANCO,24200,BAJO,0.81,0,242,771,288,0,0,38,RENTA,LICENCIATURA,1
2.01408e+16,116,APROBADA,CLASICA,APROBADO,BUENO,51000.0,,1,56100.0,-10.0,2405.0,RECIBO DE NOMINA,ALTO_A,CLIENTE_BANCO,28000,BAJO,1.1,0,224,740,11060,350,0,32,PROPIA,LICENCIATURA,1
2.01408e+16,117,APROBADA,CLASICA,APROBADO,REGULAR,51000.0,,0,18360.0,64.0,27118.0,RECIBO DE NOMINA,ALTO_B,NO_CLIENTE,0,BAJO,0.36,0,219,774,0,0,0,58,FAMILIARES,PREPARATORIA,1
2.01407e+16,161,APROBADA,CLASICA,APROBADO,REGULAR,51000.0,,0,14280.0,72.0,27986.0,RECIBO DE NOMINA,ALTO_A,NO_CLIENTE,0,BAJO,0.28,0,230,782,0,0,0,31,RENTA,LICENCIATURA,1
2.01408e+16,101,APROBADA,CLASICA,APROBADO,REGULAR,50000.0,,1,12000.0,76.0,19051.0,RECIBO DE NOMINA,MEDIO_A,CLIENTE_BANCO,61000,BAJO,0.24,0,240,723,402,0,0,38,FAMILIARES,LICENCIATURA,1
2.01408e+16,106,APROBADA,CLASICA,APROBADO,BUENO,50000.0,,0,23000.0,54.0,13373.0,RECIBO DE NOMINA,MEDIO_A,CLIENTE_BANCO,49500,BAJO,0.46,0,225,727,14991,830,0,48,RENTA,POSGRADO,1
2.01407e+16,107,APROBADA,CLASICA,APROBADO,BUENO,50000.0,,0,35000.0,30.0,16475.0,RECIBO DE NOMINA,MEDIO_B,NO_CLIENTE,0,BAJO,0.7,0,212,740,0,0,0,34,RENTA,POSGRADO,1
2.01408e+16,108,APROBADA,CLASICA,APROBADO,BUENO,50000.0,,2,36500.0,27.0,33715.0,RECIBO DE NOMINA,MEDIO_A,CLIENTE_BANCO,55000,BAJO,0.73,0,205,711,26537,590,0,51,RENTA,LICENCIATURA,1
2.01408e+16,112,APROBADA,CLASICA,APROBADO,BUENO,50000.0,,1,40000.0,20.0,12786.0,RECIBO DE NOMINA,MEDIO_B,NO_CLIENTE,0,BAJO,0.8,0,226,740,0,0,0,48,RENTA,PREPARATORIA,1
2.01408e+16,118,APROBADA,CLASICA,APROBADO,BUENO,50000.0,,1,37000.0,26.0,11201.0,RECIBO DE NOMINA,MEDIO_A,CLIENTE_BANCO,5000,BAJO,0.74,0,196,733,1169,0,0,49,HIPOTECA,POSGRADO,1
2.01408e+16,119,APROBADA,CLASICA,APROBADO,BUENO,50000.0,,1,29500.0,41.0,10108.0,RECIBO DE NOMINA,ALTO_B,CLIENTE_BANCO,0,BAJO,0.59,0,261,761,0,0,0,60,RENTA,PREPARATORIA,1
2.01408e+16,122,APROBADA,CLASICA,APROBADO,BUENO,50000.0,,1,57500.0,-15.0,11462.0,RECIBO DE NOMINA,MEDIO_A,CLIENTE_BANCO,15000,BAJO,1.15,0,226,757,11784,0,0,46,HIPOTECA,LICENCIATURA,1
2.01407e+16,123,APROBADA,CLASICA,APROBADO,REGULAR,50000.0,,2,56000.0,-12.0,23129.0,INVERSIONES,MEDIO_B,NO_CLIENTE,0,MEDIO,1.12,0,242,650,0,0,0,42,FAMILIARES,LICENCIATURA,1
2.01407e+16,132,APROBADA,CLASICA,APROBADO,BUENO,50000.0,,0,24000.0,52.0,26636.0,RECIBO DE NOMINA,ALTO_B,CLIENTE_BANCO,31000,BAJO,0.48,0,205,762,247,247,0,48,PROPIA,PREPARATORIA,1
2.01408e+16,135,APROBADA,CLASICA,APROBADO,BUENO,50000.0,,0,25000.0,50.0,12121.0,RECIBO DE NOMINA,MEDIO_A,CLIENTE_BANCO,23100,BAJO,0.5,0,217,740,4612,290,0,29,RENTA,POSGRADO,1
2.01407e+16,135,APROBADA,CLASICA,APROBADO,REGULAR,50000.0,,1,17500.0,65.0,71276.0,RECIBO DE NOMINA,MEDIO_A,CLIENTE_BANCO,50000,BAJO,0.35,0,232,744,237,0,0,40,FAMILIARES,LICENCIATURA,1
2.01408e+16,143,APROBADA,CLASICA,APROBADO,REGULAR,50000.0,,1,8000.0,84.0,34616.0,RECIBO DE NOMINA,MEDIO_A,CLIENTE_BANCO,46004,BAJO,0.16,0,222,706,24622,1040,0,29,PROPIA,POSGRADO,1
2.01408e+16,148,APROBADA,CLASICA,APROBADO,BUENO,50000.0,,1,38000.0,24.0,30245.0,RECIBO DE NOMINA,ALTO_B,CLIENTE_BANCO,5500,BAJO,0.76,0,213,756,0,0,0,43,RENTA,POSGRADO,1
2.01408e+16,151,APROBADA,CLASICA,APROBADO,BUENO,50000.0,,2,54000.0,-8.0,79823.9599999994,RECIBO DE NOMINA,MEDIO_A,CLIENTE_BANCO,10000,BAJO,1.08,0,186,710,7556,0,0,54,RENTA,POSGRADO,1
2.01407e+16,152,APROBADA,CLASICA,APROBADO,BUENO,50000.0,,0,30000.0,40.0,61489.0,INVERSIONES,MEDIO_B,NO_CLIENTE,0,BAJO,0.6,0,209,750,0,0,0,54,FAMILIARES,POSGRADO,1
2.01408e+16,159,APROBADA,CLASICA,APROBADO,BUENO,50000.0,,2,44000.0,12.0,12210.0,RECIBO DE NOMINA,MEDIO_A,CLIENTE_BANCO,10000,BAJO,0.88,0,203,723,2056,940,0,42,HIPOTECA,POSGRADO,1
2.01408e+16,168,APROBADA,CLASICA,APROBADO,BUENO,50000.0,,1,29500.0,41.0,31267.0,DECLARACION ANUAL,MEDIO_A,CLIENTE_BANCO,14400,BAJO,0.59,0,207,727,3852,250,0,51,HIPOTECA,POSGRADO,1
2.01408e+16,169,APROBADA,CLASICA,APROBADO,BUENO,50000.0,,0,34500.0,31.0,31472.0,RECIBO DE NOMINA,ALTO_A,CLIENTE_BANCO,15008,BAJO,0.69,0,224,740,6354,250,0,43,PROPIA,LICENCIATURA,1
2.01408e+16,171,APROBADA,CLASICA,APROBADO,BUENO,50000.0,,2,47000.0,6.0,0.0,RECIBO DE NOMINA,MEDIO_A,NO_CLIENTE,0,BAJO,0.94,0,181,706,0,0,0,58,FAMILIARES,PREPARATORIA,1
2.01408e+16,172,APROBADA,CLASICA,APROBADO,BUENO,50000.0,,1,58500.0,-17.0,46224.0,RECIBO DE NOMINA,ALTO_B,CLIENTE_BANCO,0,BAJO,1.17,1,178,703,0,0,0,45,HIPOTECA,LICENCIATURA,1
2.01408e+16,175,APROBADA,CLASICA,APROBADO,BUENO,50000.0,,2,45000.0,10.0,27757.0,RECIBO DE NOMINA,MEDIO_A,CLIENTE_BANCO,90500,BAJO,0.9,0,232,712,27125,1700,0,54,HIPOTECA,LICENCIATURA,1
2.01408e+16,180,APROBADA,CLASICA,APROBADO,BUENO,50000.0,,0,31500.0,37.0,13115.0,RECIBO DE NOMINA,ALTO_A,CLIENTE_BANCO,4999,BAJO,0.63,0,219,706,598,250,0,28,PROPIA,LICENCIATURA,1
2.01408e+16,181,APROBADA,CLASICA,APROBADO,BUENO,50000.0,,1,52000.0,-4.0,22371.0,RECIBO DE NOMINA,ALTO_B,CLIENTE_BANCO,37000,BAJO,1.04,0,228,716,5324,0,0,59,RENTA,PREPARATORIA,1
2.01408e+16,186,APROBADA,CLASICA,APROBADO,BUENO,50000.0,,2,38000.0,24.0,26208.0,RECIBO DE NOMINA,MEDIO_A,CLIENTE_BANCO,27500,BAJO,0.76,0,256,716,11366,830,0,43,HIPOTECA,POSGRADO,1
2.01408e+16,189,APROBADA,CLASICA,APROBADO,REGULAR,50000.0,,1,15000.0,70.0,13373.0,RECIBO DE NOMINA,MEDIO_A,CLIENTE_BANCO,40000,BAJO,0.3,0,224,711,9520,0,0,52,FAMILIARES,PREPARATORIA,1
2.01408e+16,193,APROBADA,CLASICA,APROBADO,BUENO,50000.0,,1,25500.0,49.0,23726.0,RECIBO DE NOMINA,MEDIO_A,CLIENTE_BANCO,59499,BAJO,0.51,0,239,737,32393,1170,0,28,RENTA,PREPARATORIA,1
2.01408e+16,197,APROBADA,CLASICA,APROBADO,REGULAR,50000.0,,1,20000.0,60.0,17779.0,RECIBO DE NOMINA,MEDIO_A,CLIENTE_BANCO,30200,BAJO,0.4,0,217,740,15087,0,0,40,HIPOTECA,POSGRADO,1
2.01408e+16,198,APROBADA,CLASICA,APROBADO,BUENO,50000.0,,2,38000.0,24.0,28598.0,RECIBO DE NOMINA,MEDIO_A,CLIENTE_BANCO,47500,BAJO,0.76,0,203,714,35012,520,0,43,RENTA,LICENCIATURA,1
2.01408e+16,199,APROBADA,CLASICA,APROBADO,BUENO,50000.0,,0,50000.0,0.0,79162.0,RECIBO DE NOMINA,ALTO_A,CLIENTE_BANCO,50001,BAJO,1.0,0,214,714,34630,1310,0,52,HIPOTECA,LICENCIATURA,1
2.01408e+16,101,APROBADA,CLASICA,APROBADO,BUENO,49999.0,,1,54999.0,-10.0,70010.0,RECIBO DE NOMINA,ALTO_B,CLIENTE_BANCO,0,BAJO,1.1,0,229,710,0,0,0,48,PROPIA,POSGRADO,1
2.01408e+16,101,APROBADA,CLASICA,APROBADO,BUENO,49999.0,,0,24000.0,52.0,24400.0,RECIBO DE NOMINA,ALTO_B,CLIENTE_BANCO,0,BAJO,0.48,0,257,762,0,0,0,39,RENTA,POSGRADO,1
2.01408e+16,101,APROBADA,CLASICA,APROBADO,REGULAR,49999.0,,0,18500.0,63.0,42581.0,INVERSIONES,MEDIO_A,CLIENTE_BANCO,12000,BAJO,0.37,0,259,750,3527,250,0,28,FAMILIARES,LICENCIATURA,1
2.01408e+16,101,APROBADA,CLASICA,APROBADO,BUENO,49999.0,,2,42999.0,14.0,31734.0,INVERSIONES,MEDIO_A,CLIENTE_BANCO,86500,BAJO,0.86,0,265,750,9254,1090,0,34,HIPOTECA,PREPARATORIA,1
2.01408e+16,101,APROBADA,CLASICA,APROBADO,BUENO,49999.0,,0,23500.0,53.0,11533.0,INVERSIONES,ALTO_A,CLIENTE_BANCO,54000,BAJO,0.47,0,272,714,0,0,0,54,PROPIA,LICENCIATURA,1
2.01408e+16,102,APROBADA,CLASICA,APROBADO,BUENO,49999.0,,0,50499.0,-1.0,50323.0,INVERSIONES,MEDIO_A,CLIENTE_BANCO,27000,BAJO,1.01,0,225,731,4064,340,0,36,PROPIA,PREPARATORIA,1
2.01408e+16,102,APROBADA,CLASICA,APROBADO,BUENO,49999.0,,0,22000.0,56.0,23892.0,INVERSIONES,ALTO_A,NO_CLIENTE,0,BAJO,0.44,0,226,766,0,0,0,58,PROPIA,LICENCIATURA,1
2.01408e+16,105,APROBADA,CLASICA,APROBADO,REGULAR,49999.0,,0,12500.0,75.0,29519.0,RECIBO DE NOMINA,MEDIO_A,CLIENTE_BANCO,50000,BAJO,0.25,0,231,785,0,0,0,55,PROPIA,SECUNDARIA,1
2.01408e+16,105,APROBADA,CLASICA,APROBADO,REGULAR,49999.0,,0,17000.0,66.0,22179.0,INVERSIONES,ALTO_A,NO_CLIENTE,0,BAJO,0.34,0,234,776,0,0,0,41,PROPIA,PREPARATORIA,1
2.01408e+16,105,APROBADA,CLASICA,APROBADO,BUENO,49999.0,,0,24000.0,52.0,16694.0,INVERSIONES,MEDIO_A,CLIENTE_BANCO,29000,BAJO,0.48,0,237,752,52,52,0,36,PROPIA,POSGRADO,1
2.01408e+16,105,APROBADA,CLASICA,APROBADO,REGULAR,49999.0,,0,16500.0,67.0,42467.0,INVERSIONES,MEDIO_A,CLIENTE_BANCO,69500,BAJO,0.33,0,246,750,1591,0,0,30,RENTA,LICENCIATURA,1
2.01408e+16,106,APROBADA,CLASICA,APROBADO,BUENO,49999.0,,0,27499.0,45.0,30279.0,RECIBO DE NOMINA,ALTO_A,NO_CLIENTE,0,BAJO,0.55,0,211,755,0,0,0,33,PROPIA,LICENCIATURA,1
2.01408e+16,106,APROBADA,CLASICA,APROBADO,BUENO,49999.0,,0,24500.0,51.0,32450.0,INVERSIONES,ALTO_A,CLIENTE_BANCO,59500,BAJO,0.49,0,244,750,483,483,0,46,PROPIA,LICENCIATURA,1
2.01408e+16,107,APROBADA,CLASICA,APROBADO,BUENO,49999.0,,0,23000.0,54.0,18249.0,INVERSIONES,MEDIO_B,NO_CLIENTE,0,BAJO,0.46,0,269,764,0,0,0,45,FAMILIARES,POSGRADO,1
2.01408e+16,110,APROBADA,CLASICA,APROBADO,BUENO,49999.0,,0,26999.0,46.0,24690.0,RECIBO DE NOMINA,ALTO_A,CLIENTE_BANCO,0,BAJO,0.54,0,243,756,0,0,0,43,PROPIA,PREPARATORIA,1
2.01408e+16,112,APROBADA,CLASICA,APROBADO,BUENO,49999.0,,2,54499.0,-9.0,28911.0,INVERSIONES,MEDIO_A,CLIENTE_BANCO,40000,BAJO,1.09,0,212,740,3218,500,0,52,PROPIA,LICENCIATURA,1
2.01408e+16,112,APROBADA,CLASICA,APROBADO,BUENO,49999.0,,1,37499.0,25.0,79823.9599999994,INVERSIONES,MEDIO_A,CLIENTE_BANCO,9400,BAJO,0.75,0,218,703,2501,880,0,41,FAMILIARES,POSGRADO,1
2.01407e+16,112,APROBADA,CLASICA,APROBADO,BUENO,49999.0,,2,42499.0,15.0,26856.0,RECIBO DE NOMINA,MEDIO_A,CLIENTE_BANCO,42000,BAJO,0.85,0,237,757,5148,530,0,37,FAMILIARES,LICENCIATURA,1
2.01408e+16,115,APROBADA,CLASICA,APROBADO,REGULAR,49999.0,,2,55499.0,-11.0,53901.0,RECIBO DE NOMINA,MEDIO_B,CLIENTE_BANCO,0,MEDIO,1.11,0,227,689,0,0,0,54,FAMILIARES,POSGRADO,1
2.01408e+16,115,APROBADA,CLASICA,APROBADO,REGULAR,49999.0,,1,16500.0,67.0,47716.0,INVERSIONES,MEDIO_A,CLIENTE_BANCO,0,BAJO,0.33,0,247,787,0,0,0,45,FAMILIARES,POSGRADO,1
2.01408e+16,115,APROBADA,CLASICA,APROBADO,BUENO,49999.0,,2,59999.0,-20.0,22676.0,INVERSIONES,MEDIO_A,CLIENTE_BANCO,93000,BAJO,1.2,0,248,750,4656,1170,0,54,RENTA,PREPARATORIA,1
2.01408e+16,116,APROBADA,CLASICA,APROBADO,BUENO,49999.0,,0,42999.0,14.0,24658.0,INVERSIONES,ALTO_A,CLIENTE_BANCO,33500,BAJO,0.86,0,225,750,2243,420,0,56,HIPOTECA,LICENCIATURA,1
2.01408e+16,116,APROBADA,CLASICA,APROBADO,BUENO,49999.0,,1,53999.0,-8.0,41581.0,RECIBO DE NOMINA,MEDIO_A,CLIENTE_BANCO,35004,BAJO,1.08,0,236,740,3738,440,0,27,RENTA,PREPARATORIA,1
2.01408e+16,117,APROBADA,CLASICA,APROBADO,BUENO,49999.0,,0,40999.0,18.0,41047.0,INVERSIONES,ALTO_A,CLIENTE_BANCO,20400,BAJO,0.82,0,209,767,0,0,0,40,PROPIA,LICENCIATURA,1
2.01407e+16,117,APROBADA,CLASICA,APROBADO,BUENO,49999.0,,1,33999.0,32.0,79823.9599999994,INVERSIONES,MEDIO_A,CLIENTE_BANCO,53000,BAJO,0.68,0,225,711,23251,730,0,48,HIPOTECA,POSGRADO,1
2.01408e+16,118,APROBADA,CLASICA,APROBADO,REGULAR,49999.0,,0,14500.0,71.0,60397.0,RECIBO DE NOMINA,ALTO_A,CLIENTE_BANCO,132000,BAJO,0.29,0,231,781,6898,0,0,42,HIPOTECA,LICENCIATURA,1
2.01408e+16,118,APROBADA,CLASICA,APROBADO,REGULAR,49999.0,,0,9000.0,82.0,62308.0,INVERSIONES,MEDIO_A,CLIENTE_BANCO,0,BAJO,0.18,0,235,792,0,0,0,27,PROPIA,LICENCIATURA,1
2.01408e+16,118,APROBADA,CLASICA,APROBADO,BUENO,49999.0,,2,53499.0,-7.0,24286.0,INVERSIONES,MEDIO_A,CLIENTE_BANCO,51000,BAJO,1.07,0,239,744,50051,0,0,45,FAMILIARES,POSGRADO,1
2.01408e+16,119,APROBADA,CLASICA,APROBADO,BUENO,49999.0,,0,34499.0,31.0,34052.0,RECIBO DE NOMINA,ALTO_B,CLIENTE_BANCO,0,BAJO,0.69,0,266,741,0,0,0,29,PROPIA,PREPARATORIA,1
2.01408e+16,121,APROBADA,CLASICA,APROBADO,REGULAR,49999.0,,0,38999.0,22.0,31918.0,RECIBO DE NOMINA,MEDIO_A,CLIENTE_BANCO,10500,MEDIO,0.78,0,193,665,11034,270,0,59,HIPOTECA,LICENCIATURA,1
2.01408e+16,121,APROBADA,CLASICA,APROBADO,BUENO,49999.0,,2,25999.0,48.0,25171.0,INVERSIONES,MEDIO_B,CLIENTE_BANCO,30999,BAJO,0.52,0,229,748,1737,390,0,44,FAMILIARES,LICENCIATURA,1
2.01408e+16,123,APROBADA,CLASICA,APROBADO,BUENO,49999.0,,0,24500.0,51.0,21435.0,INVERSIONES,MEDIO_A,CLIENTE_BANCO,34000,BAJO,0.49,0,231,761,12849,0,0,55,RENTA,POSGRADO,1
2.01408e+16,123,APROBADA,CLASICA,APROBADO,BUENO,49999.0,,2,42999.0,14.0,31291.0,INVERSIONES,ALTO_A,CLIENTE_BANCO,43000,BAJO,0.86,0,248,762,765,382,0,34,HIPOTECA,POSGRADO,1
2.01408e+16,123,APROBADA,CLASICA,APROBADO,BUENO,49999.0,,0,39499.0,21.0,33737.0,INVERSIONES,MEDIO_A,CLIENTE_BANCO,39300,BAJO,0.79,0,249,757,5327,500,0,49,PROPIA,POSGRADO,1
2.01408e+16,125,APROBADA,CLASICA,APROBADO,BUENO,49999.0,,1,52999.0,-6.0,58921.0,RECIBO DE NOMINA,MEDIO_A,CLIENTE_BANCO,75000,BAJO,1.06,0,209,740,23915,940,0,39,PROPIA,LICENCIATURA,1
2.01408e+16,125,APROBADA,CLASICA,APROBADO,BUENO,49999.0,,1,23500.0,53.0,30603.0,INVERSIONES,ALTO_A,CLIENTE_BANCO,15000,BAJO,0.47,0,217,757,1253,250,0,36,HIPOTECA,PREPARATORIA,1
2.01407e+16,125,APROBADA,CLASICA,APROBADO,BUENO,49999.0,,0,28499.0,43.0,10459.0,RECIBO DE NOMINA,MEDIO_B,CLIENTE_BANCO,24600,BAJO,0.57,0,224,753,0,0,0,55,RENTA,PREPARATORIA,1
2.01408e+16,125,APROBADA,CLASICA,APROBADO,REGULAR,49999.0,,1,17500.0,65.0,37176.0,RECIBO DE NOMINA,ALTO_A,CLIENTE_BANCO,207000,BAJO,0.35,0,251,744,52719,2590,0,28,HIPOTECA,LICENCIATURA,1
2.01408e+16,125,APROBADA,CLASICA,APROBADO,BUENO,49999.0,,2,31999.0,36.0,21814.0,INVERSIONES,MEDIO_A,CLIENTE_BANCO,75000,BAJO,0.64,0,254,734,0,0,0,52,RENTA,POSGRADO,1
2.01408e+16,126,APROBADA,CLASICA,APROBADO,BUENO,49999.0,,2,37499.0,25.0,45164.0,INVERSIONES,MEDIO_A,CLIENTE_BANCO,106000,BAJO,0.75,0,229,740,1478,0,0,29,PROPIA,LICENCIATURA,1
2.01408e+16,126,APROBADA,CLASICA,APROBADO,BUENO,49999.0,,2,33499.0,33.0,14751.0,INVERSIONES,MEDIO_B,NO_CLIENTE,0,BAJO,0.67,0,231,733,0,0,0,52,HIPOTECA,LICENCIATURA,1
2.01408e+16,126,APROBADA,CLASICA,APROBADO,REGULAR,49999.0,,0,7500.0,85.0,59634.0,RECIBO DE NOMINA,MEDIO_A,CLIENTE_BANCO,48000,BAJO,0.15,0,250,750,7061,0,0,27,HIPOTECA,POSGRADO,1
2.01408e+16,127,APROBADA,CLASICA,APROBADO,BUENO,49999.0,,2,28499.0,43.0,22384.0,RECIBO DE NOMINA,MEDIO_B,NO_CLIENTE,0,BAJO,0.57,0,240,743,0,0,0,56,PROPIA,PREPARATORIA,1
2.01408e+16,127,APROBADA,CLASICA,APROBADO,REGULAR,49999.0,,2,55499.0,-11.0,19080.0,INVERSIONES,MEDIO_B,NO_CLIENTE,0,MEDIO,1.11,0,253,689,0,0,0,38,HIPOTECA,PREPARATORIA,1
2.01408e+16,127,APROBADA,CLASICA,APROBADO,REGULAR,49999.0,,1,16500.0,67.0,37631.0,INVERSIONES,ALTO_A,CLIENTE_BANCO,69000,BAJO,0.33,0,255,787,0,0,0,34,HIPOTECA,PREPARATORIA,1
2.01408e+16,129,APROBADA,CLASICA,APROBADO,BUENO,49999.0,,0,38499.0,23.0,33594.0,INVERSIONES,ALTO_A,CLIENTE_BANCO,30000,BAJO,0.77,0,218,723,427,0,0,56,PROPIA,LICENCIATURA,1
2.01408e+16,129,APROBADA,CLASICA,APROBADO,BUENO,49999.0,,0,25000.0,50.0,20828.0,INVERSIONES,ALTO_A,CLIENTE_BANCO,15000,BAJO,0.5,0,242,772,0,0,0,54,RENTA,PREPARATORIA,1
2.01408e+16,129,APROBADA,CLASICA,APROBADO,BUENO,49999.0,,2,49999.0,0.0,16071.0,INVERSIONES,MEDIO_A,CLIENTE_BANCO,82500,BAJO,1.0,0,261,750,3940,1040,0,56,PROPIA,PREPARATORIA,1
2.01408e+16,129,APROBADA,CLASICA,APROBADO,BUENO,49999.0,,1,57999.0,-16.0,34670.0,INVERSIONES,MEDIO_A,CLIENTE_BANCO,15000,BAJO,1.16,0,264,757,552,0,0,49,FAMILIARES,LICENCIATURA,1
2.01408e+16,130,APROBADA,CLASICA,APROBADO,BUENO,49999.0,,1,45999.0,8.0,19006.0,INVERSIONES,MEDIO_A,CLIENTE_BANCO,3000,BAJO,0.92,0,214,707,1065,0,0,27,HIPOTECA,PREPARATORIA,1
2.01407e+16,131,APROBADA,CLASICA,APROBADO,BUENO,49999.0,,1,43499.0,13.0,38741.0,INVERSIONES,ALTO_B,CLIENTE_BANCO,0,BAJO,0.87,0,231,733,0,0,0,52,HIPOTECA,POSGRADO,1
2.01408e+16,131,APROBADA,CLASICA,APROBADO,BUENO,49999.0,,0,23000.0,54.0,33027.0,RECIBO DE NOMINA,ALTO_A,CLIENTE_BANCO,0,BAJO,0.46,0,232,764,0,0,0,57,PROPIA,LICENCIATURA,1
2.01408e+16,131,APROBADA,CLASICA,APROBADO,BUENO,49999.0,,1,51499.0,-3.0,79823.9599999994,RECIBO DE NOMINA,MEDIO_A,CLIENTE_BANCO,99500,BAJO,1.03,0,282,750,46686,1250,0,44,FAMILIARES,PREPARATORIA,1
2.01408e+16,132,APROBADA,CLASICA,APROBADO,BUENO,49999.0,,1,56999.0,-14.0,18883.0,RECIBO DE NOMINA,MEDIO_A,CLIENTE_BANCO,75000,BAJO,1.14,0,231,744,14705,940,0,57,RENTA,LICENCIATURA,1
2.01408e+16,132,APROBADA,CLASICA,APROBADO,BUENO,49999.0,,2,38999.0,22.0,26892.0,RECIBO DE NOMINA,ALTO_A,CLIENTE_BANCO,68000,BAJO,0.78,0,258,756,0,0,0,40,RENTA,POSGRADO,1
2.01408e+16,133,APROBADA,CLASICA,APROBADO,REGULAR,49999.0,,0,16500.0,67.0,45941.0,INVERSIONES,MEDIO_A,CLIENTE_BANCO,5000,BAJO,0.33,0,214,737,1241,250,0,37,RENTA,PREPARATORIA,1
2.01408e+16,133,APROBADA,CLASICA,APROBADO,BUENO,49999.0,,2,39999.0,20.0,20741.0,INVERSIONES,MEDIO_A,CLIENTE_BANCO,19200,BAJO,0.8,0,228,703,231,0,0,47,PROPIA,POSGRADO,1
2.01408e+16,133,APROBADA,CLASICA,APROBADO,BUENO,49999.0,,0,40999.0,18.0,60188.0,INVERSIONES,MEDIO_A,CLIENTE_BANCO,50000,BAJO,0.82,0,244,725,1170,337,0,36,HIPOTECA,POSGRADO,1
2.01408e+16,133,APROBADA,CLASICA,APROBADO,BUENO,49999.0,,0,43499.0,13.0,33772.0,INVERSIONES,ALTO_B,CLIENTE_BANCO,0,BAJO,0.87,0,246,723,0,0,0,53,HIPOTECA,PREPARATORIA,1
2.01408e+16,133,APROBADA,CLASICA,APROBADO,BUENO,49999.0,,1,23500.0,53.0,36396.0,RECIBO DE NOMINA,ALTO_A,CLIENTE_BANCO,38000,BAJO,0.47,0,262,750,26250,0,0,50,FAMILIARES,PREPARATORIA,1
2.01408e+16,134,APROBADA,CLASICA,APROBADO,REGULAR,49999.0,,0,11000.0,78.0,51709.0,INVERSIONES,MEDIO_A,CLIENTE_BANCO,74000,BAJO,0.22,0,220,740,30030,930,0,51,FAMILIARES,POSGRADO,1
2.01408e+16,134,APROBADA,CLASICA,APROBADO,BUENO,49999.0,,0,21000.0,58.0,15003.0,INVERSIONES,ALTO_A,CLIENTE_BANCO,0,BAJO,0.42,0,240,768,0,0,0,58,HIPOTECA,PREPARATORIA,1
2.01408e+16,135,APROBADA,CLASICA,APROBADO,BUENO,49999.0,,1,51999.0,-4.0,21446.0,INVERSIONES,MEDIO_A,CLIENTE_BANCO,6000,BAJO,1.04,0,222,731,406,250,0,33,FAMILIARES,LICENCIATURA,1
2.01408e+16,136,APROBADA,CLASICA,APROBADO,BUENO,49999.0,,2,51499.0,-3.0,79823.9599999994,INVERSIONES,MEDIO_A,CLIENTE_BANCO,105900,BAJO,1.03,0,233,750,14233,1330,0,34,HIPOTECA,LICENCIATURA,1
2.01408e+16,136,APROBADA,CLASICA,APROBADO,BUENO,49999.0,,1,38499.0,23.0,40069.0,INVERSIONES,ALTO_B,CLIENTE_BANCO,78000,BAJO,0.77,0,234,757,2082,0,0,49,HIPOTECA,PREPARATORIA,1
2.01407e+16,136,APROBADA,CLASICA,APROBADO,BUENO,49999.0,,1,30999.0,38.0,32126.0,INVERSIONES,MEDIO_A,CLIENTE_BANCO,91000,BAJO,0.62,0,240,766,0,0,0,25,PROPIA,POSGRADO,1
2.01408e+16,136,APROBADA,CLASICA,APROBADO,REGULAR,49999.0,,0,8500.0,83.0,32563.0,INVERSIONES,MEDIO_A,CLIENTE_BANCO,23200,BAJO,0.17,0,248,746,2875,290,0,48,FAMILIARES,POSGRADO,1
2.01408e+16,137,APROBADA,CLASICA,APROBADO,REGULAR,49999.0,,0,23000.0,54.0,31780.0,INVERSIONES,MEDIO_A,CLIENTE_BANCO,8300,MEDIO,0.46,0,205,698,7135,0,0,44,PROPIA,POSGRADO,1
2.01407e+16,138,APROBADA,CLASICA,APROBADO,REGULAR,49999.0,,0,18000.0,64.0,24469.0,INVERSIONES,ALTO_B,CLIENTE_BANCO,24700,BAJO,0.36,0,236,774,2653,0,0,57,PROPIA,LICENCIATURA,1
2.01408e+16,140,APROBADA,CLASICA,APROBADO,BUENO,49999.0,,0,21500.0,57.0,56967.0,INVERSIONES,MEDIO_A,CLIENTE_BANCO,0,BAJO,0.43,0,242,767,0,0,0,60,HIPOTECA,PREPARATORIA,1
2.01408e+16,140,APROBADA,CLASICA,APROBADO,BUENO,49999.0,,1,53499.0,-7.0,24843.0,INVERSIONES,MEDIO_A,CLIENTE_BANCO,14300,BAJO,1.07,0,256,723,9194,550,0,50,HIPOTECA,POSGRADO,1
2.01408e+16,143,APROBADA,CLASICA,APROBADO,BUENO,49999.0,,2,43999.0,12.0,23158.0,INVERSIONES,MEDIO_B,CLIENTE_BANCO,42000,BAJO,0.88,0,223,712,0,0,0,51,FAMILIARES,LICENCIATURA,1
2.01408e+16,143,APROBADA,CLASICA,APROBADO,BUENO,49999.0,,1,55999.0,-12.0,19662.0,INVERSIONES,ALTO_B,CLIENTE_BANCO,0,BAJO,1.12,0,260,708,0,0,0,60,PROPIA,POSGRADO,1
2.01408e+16,144,APROBADA,CLASICA,APROBADO,BUENO,49999.0,,1,58999.0,-18.0,42598.0,INVERSIONES,MEDIO_A,CLIENTE_BANCO,63000,BAJO,1.18,0,226,750,29346,1720,0,25,FAMILIARES,POSGRADO,1
2.01408e+16,144,APROBADA,CLASICA,APROBADO,BUENO,49999.0,,2,47499.0,5.0,19303.0,INVERSIONES,MEDIO_A,CLIENTE_BANCO,25800,BAJO,0.95,0,238,705,4472,330,0,51,RENTA,LICENCIATURA,1
2.01408e+16,145,APROBADA,CLASICA,APROBADO,REGULAR,49999.0,,2,56999.0,-14.0,44527.0,INVERSIONES,ALTO_B,CLIENTE_BANCO,0,MEDIO,1.14,0,217,686,0,0,0,58,PROPIA,PREPARATORIA,1
2.01408e+16,145,APROBADA,CLASICA,APROBADO,REGULAR,49999.0,,0,8500.0,83.0,43183.0,INVERSIONES,MEDIO_A,CLIENTE_BANCO,0,BAJO,0.17,0,230,793,0,0,0,27,RENTA,PREPARATORIA,1
2.01408e+16,149,APROBADA,CLASICA,APROBADO,BUENO,49999.0,,1,44499.0,11.0,15172.0,RECIBO DE NOMINA,ALTO_B,CLIENTE_BANCO,8100,BAJO,0.89,0,243,731,0,0,0,38,HIPOTECA,POSGRADO,1
2.01408e+16,149,APROBADA,CLASICA,APROBADO,BUENO,49999.0,,2,55999.0,-12.0,63598.0,INVERSIONES,MEDIO_A,CLIENTE_BANCO,6800,BAJO,1.12,0,259,736,0,0,0,40,HIPOTECA,LICENCIATURA,1
2.01408e+16,150,APROBADA,CLASICA,APROBADO,REGULAR,49999.0,,1,17500.0,65.0,18561.0,INVERSIONES,MEDIO_A,CLIENTE_BANCO,66000,BAJO,0.35,0,228,740,17366,0,0,51,RENTA,PREPARATORIA,1
2.01408e+16,151,APROBADA,CLASICA,APROBADO,REGULAR,49999.0,,0,12000.0,76.0,19308.0,INVERSIONES,ALTO_A,CLIENTE_BANCO,18500,BAJO,0.24,0,202,716,0,0,0,40,HIPOTECA,LICENCIATURA,1
2.01408e+16,152,APROBADA,CLASICA,APROBADO,BUENO,49999.0,,1,49999.0,0.0,74532.0,RECIBO DE NOMINA,MEDIO_A,CLIENTE_BANCO,50000,BAJO,1.0,0,198,704,44339,2720,1,27,FAMILIARES,POSGRADO,1
2.01408e+16,153,APROBADA,CLASICA,APROBADO,BUENO,49999.0,,1,50999.0,-2.0,30729.0,INVERSIONES,MEDIO_A,CLIENTE_BANCO,37000,BAJO,1.02,0,241,742,0,0,0,49,FAMILIARES,LICENCIATURA,1
2.01408e+16,153,APROBADA,CLASICA,APROBADO,BUENO,49999.0,,2,43999.0,12.0,16860.0,INVERSIONES,MEDIO_A,CLIENTE_BANCO,15000,BAJO,0.88,0,262,740,1382,0,0,33,FAMILIARES,PREPARATORIA,1
2.01408e+16,154,APROBADA,CLASICA,APROBADO,BUENO,49999.0,,2,49999.0,0.0,13799.0,INVERSIONES,ALTO_A,CLIENTE_BANCO,40000,BAJO,1.0,0,215,744,2930,500,0,54,PROPIA,LICENCIATURA,1
2.01408e+16,154,APROBADA,CLASICA,APROBADO,BUENO,49999.0,,1,45499.0,9.0,17421.0,INVERSIONES,ALTO_B,CLIENTE_BANCO,49000,BAJO,0.91,0,240,729,0,0,0,57,HIPOTECA,POSGRADO,1
2.01407e+16,154,APROBADA,CLASICA,APROBADO,REGULAR,49999.0,,0,18000.0,64.0,34258.0,INVERSIONES,ALTO_B,CLIENTE_BANCO,0,BAJO,0.36,0,276,774,0,0,0,27,PROPIA,POSGRADO,1
2.01408e+16,155,APROBADA,CLASICA,APROBADO,BUENO,49999.0,,2,26999.0,46.0,22744.0,RECIBO DE NOMINA,ALTO_B,CLIENTE_BANCO,0,BAJO,0.54,0,197,746,0,0,0,58,FAMILIARES,LICENCIATURA,1
2.01408e+16,156,APROBADA,CLASICA,APROBADO,BUENO,49999.0,,2,43499.0,13.0,58388.0,INVERSIONES,MEDIO_A,CLIENTE_BANCO,97500,BAJO,0.87,0,216,723,33887,1220,0,46,FAMILIARES,SECUNDARIA,1
2.01407e+16,156,APROBADA,CLASICA,APROBADO,BUENO,49999.0,,1,40499.0,19.0,79823.9599999994,RECIBO DE NOMINA,ALTO_B,CLIENTE_BANCO,137000,BAJO,0.81,0,221,739,0,0,0,50,FAMILIARES,LICENCIATURA,1
2.01408e+16,156,APROBADA,CLASICA,APROBADO,BUENO,49999.0,,2,52999.0,-6.0,23029.0,INVERSIONES,ALTO_A,CLIENTE_BANCO,68000,BAJO,1.06,0,227,754,4495,850,0,56,PROPIA,POSGRADO,1
2.01408e+16,157,APROBADA,CLASICA,APROBADO,REGULAR,49999.0,,1,37499.0,25.0,40294.0,INVERSIONES,MEDIO_A,CLIENTE_BANCO,43000,MEDIO,0.75,0,197,674,19396,0,0,37,RENTA,POSGRADO,1
2.01408e+16,157,APROBADA,CLASICA,APROBADO,BUENO,49999.0,,1,24000.0,52.0,51289.0,INVERSIONES,ALTO_A,CLIENTE_BANCO,51000,BAJO,0.48,0,223,772,10834,0,0,34,HIPOTECA,POSGRADO,1
2.01408e+16,158,APROBADA,CLASICA,APROBADO,REGULAR,49999.0,,1,46999.0,6.0,44554.0,INVERSIONES,MEDIO_A,CLIENTE_BANCO,16000,MEDIO,0.94,0,235,673,1870,780,0,47,PROPIA,POSGRADO,1
2.01407e+16,159,APROBADA,CLASICA,APROBADO,BUENO,49999.0,,0,48499.0,3.0,79823.9599999994,RECIBO DE NOMINA,ALTO_A,CLIENTE_BANCO,35000,BAJO,0.97,0,220,723,26452,440,0,41,PROPIA,LICENCIATURA,1
2.01408e+16,159,APROBADA,CLASICA,APROBADO,REGULAR,49999.0,,0,18500.0,63.0,32564.0,RECIBO DE NOMINA,MEDIO_A,CLIENTE_BANCO,49999,BAJO,0.37,0,246,773,0,0,0,52,HIPOTECA,LICENCIATURA,1
2.01408e+16,159,APROBADA,CLASICA,APROBADO,BUENO,49999.0,,1,42499.0,15.0,34312.0,INVERSIONES,MEDIO_A,CLIENTE_BANCO,9600,BAJO,0.85,0,260,744,689,0,0,46,HIPOTECA,LICENCIATURA,1
2.01408e+16,160,APROBADA,CLASICA,APROBADO,BUENO,49999.0,,2,40499.0,19.0,55684.0,INVERSIONES,ALTO_B,CLIENTE_BANCO,38500,BAJO,0.81,0,223,719,0,0,0,35,RENTA,POSGRADO,1
2.01408e+16,161,APROBADA,CLASICA,APROBADO,BUENO,49999.0,,0,42499.0,15.0,35311.0,INVERSIONES,MEDIO_A,CLIENTE_BANCO,54000,BAJO,0.85,0,217,707,9823,2850,0,37,FAMILIARES,POSGRADO,1
2.01408e+16,161,APROBADA,CLASICA,APROBADO,BUENO,49999.0,,0,51999.0,-4.0,52856.0,INVERSIONES,MEDIO_A,CLIENTE_BANCO,9900,BAJO,1.04,0,234,740,4378,0,0,51,FAMILIARES,POSGRADO,1
2.01408e+16,161,APROBADA,CLASICA,APROBADO,REGULAR,49999.0,,1,17500.0,65.0,24156.0,INVERSIONES,ALTO_A,CLIENTE_BANCO,66000,BAJO,0.35,0,235,714,7086,830,0,31,PROPIA,LICENCIATURA,1
2.01408e+16,161,APROBADA,CLASICA,APROBADO,REGULAR,49999.0,,0,18000.0,64.0,79823.9599999994,INVERSIONES,MEDIO_A,CLIENTE_BANCO,50000,BAJO,0.36,0,251,740,3662,630,0,54,PROPIA,PREPARATORIA,1
2.01408e+16,162,APROBADA,CLASICA,APROBADO,BUENO,49999.0,,0,43499.0,13.0,31809.0,INVERSIONES,ALTO_A,CLIENTE_BANCO,70000,BAJO,0.87,0,211,711,1609,0,0,30,HIPOTECA,LICENCIATURA,1
2.01408e+16,162,APROBADA,CLASICA,APROBADO,REGULAR,49999.0,,0,20000.0,60.0,18820.0,INVERSIONES,MEDIO_A,CLIENTE_BANCO,0,BAJO,0.4,0,256,770,0,0,0,52,PROPIA,LICENCIATURA,1
2.01408e+16,163,APROBADA,CLASICA,APROBADO,BUENO,49999.0,,1,33999.0,32.0,33474.0,RECIBO DE NOMINA,MEDIO_A,CLIENTE_BANCO,73500,BAJO,0.68,0,234,761,19860,920,0,60,HIPOTECA,PREPARATORIA,1
2.01408e+16,163,APROBADA,CLASICA,APROBADO,REGULAR,49999.0,,0,18500.0,63.0,49269.0,INVERSIONES,MEDIO_A,CLIENTE_BANCO,81000,BAJO,0.37,0,288,767,4467,1020,0,34,RENTA,POSGRADO,1
2.01408e+16,165,APROBADA,CLASICA,APROBADO,BUENO,49999.0,,0,41999.0,16.0,55758.0,INVERSIONES,ALTO_A,CLIENTE_BANCO,0,BAJO,0.84,0,207,726,0,0,0,47,PROPIA,LICENCIATURA,1
2.01408e+16,165,APROBADA,CLASICA,APROBADO,BUENO,49999.0,,1,57499.0,-15.0,79823.9599999994,INVERSIONES,ALTO_B,CLIENTE_BANCO,0,BAJO,1.15,0,224,705,0,0,0,59,PROPIA,LICENCIATURA,1
2.01408e+16,165,APROBADA,CLASICA,APROBADO,BUENO,49999.0,,1,46499.0,7.0,36995.0,RECIBO DE NOMINA,MEDIO_A,CLIENTE_BANCO,33500,BAJO,0.93,0,227,740,17129,420,0,42,FAMILIARES,POSGRADO,1
2.01408e+16,165,APROBADA,CLASICA,APROBADO,BUENO,49999.0,,2,56999.0,-14.0,17997.0,INVERSIONES,MEDIO_A,CLIENTE_BANCO,100000,BAJO,1.14,0,235,740,6308,1250,0,28,HIPOTECA,LICENCIATURA,1
2.01408e+16,165,APROBADA,CLASICA,APROBADO,BUENO,49999.0,,1,56999.0,-14.0,45435.0,INVERSIONES,MEDIO_A,CLIENTE_BANCO,50000,BAJO,1.14,0,239,720,6008,630,0,31,RENTA,POSGRADO,1
2.01408e+16,166,APROBADA,CLASICA,APROBADO,BUENO,49999.0,,0,40999.0,18.0,26209.0,RECIBO DE NOMINA,ALTO_A,CLIENTE_BANCO,71000,BAJO,0.82,0,204,758,0,0,0,53,PROPIA,LICENCIATURA,1
2.01408e+16,167,APROBADA,CLASICA,APROBADO,BUENO,49999.0,,2,48499.0,3.0,34943.0,RECIBO DE NOMINA,ALTO_A,CLIENTE_BANCO,40000,BAJO,0.97,0,233,703,0,0,0,42,FAMILIARES,PREPARATORIA,1
2.01408e+16,167,APROBADA,CLASICA,APROBADO,BUENO,49999.0,,0,21000.0,58.0,33083.0,INVERSIONES,ALTO_A,CLIENTE_BANCO,142500,BAJO,0.42,0,256,750,10137,0,0,43,HIPOTECA,LICENCIATURA,1
2.01408e+16,168,APROBADA,CLASICA,APROBADO,REGULAR,49999.0,,0,10500.0,79.0,33543.0,INVERSIONES,MEDIO_A,CLIENTE_BANCO,145500,BAJO,0.21,0,229,760,0,0,0,48,PROPIA,PREPARATORIA,1
2.01408e+16,168,APROBADA,CLASICA,APROBADO,BUENO,49999.0,,2,35999.0,28.0,20617.0,INVERSIONES,MEDIO_A,CLIENTE_BANCO,84000,BAJO,0.72,0,258,706,3565,1050,0,41,FAMILIARES,LICENCIATURA,1
2.01408e+16,168,APROBADA,CLASICA,APROBADO,BUENO,49999.0,,2,56999.0,-14.0,42002.0,RECIBO DE NOMINA,MEDIO_A,CLIENTE_BANCO,12000,BAJO,1.14,0,258,727,5098,300,0,29,PROPIA,POSGRADO,1
2.01408e+16,169,APROBADA,CLASICA,APROBADO,REGULAR,49999.0,,0,19500.0,61.0,16225.0,INVERSIONES,MEDIO_A,CLIENTE_BANCO,214000,BAJO,0.39,0,227,733,43266,2680,0,46,HIPOTECA,POSGRADO,1
2.01408e+16,169,APROBADA,CLASICA,APROBADO,BUENO,49999.0,,1,39499.0,21.0,20351.0,INVERSIONES,MEDIO_B,NO_CLIENTE,0,BAJO,0.79,0,241,741,0,0,0,49,RENTA,PREPARATORIA,1
2.01408e+16,170,APROBADA,CLASICA,APROBADO,REGULAR,49999.0,,2,50499.0,-1.0,53123.0,INVERSIONES,ALTO_B,CLIENTE_BANCO,0,MEDIO,1.01,0,235,699,0,0,0,38,RENTA,POSGRADO,1
2.01408e+16,170,APROBADA,CLASICA,APROBADO,BUENO,49999.0,,0,31499.0,37.0,21372.0,INVERSIONES,ALTO_A,CLIENTE_BANCO,75000,BAJO,0.63,0,245,779,0,0,0,36,FAMILIARES,PREPARATORIA,1
2.01408e+16,171,APROBADA,CLASICA,APROBADO,BUENO,49999.0,,2,46499.0,7.0,34185.0,INVERSIONES,MEDIO_A,CLIENTE_BANCO,9900,BAJO,0.93,0,222,727,353,0,0,37,HIPOTECA,PREPARATORIA,1
2.01408e+16,171,APROBADA,CLASICA,APROBADO,BUENO,49999.0,,1,47999.0,4.0,9053.0,INVERSIONES,ALTO_A,CLIENTE_BANCO,13600,BAJO,0.96,0,228,721,2617,250,0,29,PROPIA,PREPARATORIA,1
2.01408e+16,171,APROBADA,CLASICA,APROBADO,REGULAR,49999.0,,0,9000.0,82.0,31858.0,INVERSIONES,MEDIO_A,CLIENTE_BANCO,47000,BAJO,0.18,0,231,731,9197,620,0,27,RENTA,PREPARATORIA,1
2.01408e+16,171,APROBADA,CLASICA,APROBADO,REGULAR,49999.0,,1,19000.0,62.0,57936.0,RECIBO DE NOMINA,MEDIO_A,CLIENTE_BANCO,154000,BAJO,0.38,0,250,741,2341,1188,0,59,PROPIA,POSGRADO,1
2.01408e+16,172,APROBADA,CLASICA,APROBADO,BUENO,49999.0,,1,54499.0,-9.0,7207.0,INVERSIONES,MEDIO_A,CLIENTE_BANCO,21800,BAJO,1.09,0,205,706,13824,710,0,38,FAMILIARES,POSGRADO,1
2.01408e+16,172,APROBADA,CLASICA,APROBADO,BUENO,49999.0,,0,25499.0,49.0,34557.0,DECLARACION ANUAL,ALTO_B,CLIENTE_BANCO,46000,BAJO,0.51,0,218,762,0,0,0,52,PROPIA,LICENCIATURA,1
2.01408e+16,173,APROBADA,CLASICA,APROBADO,BUENO,49999.0,,2,50499.0,-1.0,18124.0,DECLARACION ANUAL,MEDIO_A,CLIENTE_BANCO,115000,BAJO,1.01,0,233,757,91337,0,0,60,FAMILIARES,LICENCIATURA,1
2.01408e+16,173,APROBADA,CLASICA,APROBADO,BUENO,49999.0,,1,39999.0,20.0,22647.0,INVERSIONES,MEDIO_A,CLIENTE_BANCO,53000,BAJO,0.8,0,245,738,0,0,0,54,HIPOTECA,PREPARATORIA,1
2.01408e+16,174,APROBADA,CLASICA,APROBADO,BUENO,49999.0,,0,22500.0,55.0,30043.0,INVERSIONES,MEDIO_A,CLIENTE_BANCO,0,BAJO,0.45,0,198,765,0,0,0,27,PROPIA,PREPARATORIA,1
2.01407e+16,174,APROBADA,CLASICA,APROBADO,REGULAR,49999.0,,1,12500.0,75.0,68455.0,RECIBO DE NOMINA,MEDIO_A,CLIENTE_BANCO,15000,BAJO,0.25,0,214,750,0,0,0,46,HIPOTECA,LICENCIATURA,1
2.01408e+16,176,APROBADA,CLASICA,APROBADO,BUENO,49999.0,,2,33999.0,32.0,13692.0,INVERSIONES,MEDIO_A,CLIENTE_BANCO,25000,BAJO,0.68,0,212,710,3303,0,0,57,FAMILIARES,POSGRADO,1
2.01408e+16,176,APROBADA,CLASICA,APROBADO,BUENO,49999.0,,0,23000.0,54.0,34865.0,INVERSIONES,MEDIO_A,CLIENTE_BANCO,50000,BAJO,0.46,0,221,740,0,0,0,44,RENTA,PREPARATORIA,1
2.01408e+16,176,APROBADA,CLASICA,APROBADO,BUENO,49999.0,,1,34999.0,30.0,66784.0,INVERSIONES,MEDIO_A,CLIENTE_BANCO,17000,BAJO,0.7,0,259,757,0,0,0,30,PROPIA,LICENCIATURA,1
2.01408e+16,176,APROBADA,CLASICA,APROBADO,REGULAR,49999.0,,0,19500.0,61.0,31435.0,INVERSIONES,MEDIO_A,CLIENTE_BANCO,10400,BAJO,0.39,0,263,756,0,0,0,34,RENTA,POSGRADO,1
2.01408e+16,177,APROBADA,CLASICA,APROBADO,BUENO,49999.0,,0,23500.0,53.0,34568.0,INVERSIONES,ALTO_B,CLIENTE_BANCO,25000,BAJO,0.47,0,224,779,8517,0,0,52,RENTA,PREPARATORIA,1
2.01408e+16,177,APROBADA,CLASICA,APROBADO,BUENO,49999.0,,0,40999.0,18.0,41645.0,INVERSIONES,MEDIO_A,CLIENTE_BANCO,82500,BAJO,0.82,0,227,723,64436,1040,0,60,FAMILIARES,PREPARATORIA,1
2.01408e+16,178,APROBADA,CLASICA,APROBADO,REGULAR,49999.0,,0,24500.0,51.0,30480.0,INVERSIONES,MEDIO_A,CLIENTE_BANCO,39000,MEDIO,0.49,0,208,668,404,0,0,26,PROPIA,PREPARATORIA,1
2.01408e+16,178,APROBADA,CLASICA,APROBADO,BUENO,49999.0,,2,30499.0,39.0,37524.0,INVERSIONES,MEDIO_A,CLIENTE_BANCO,31500,BAJO,0.61,0,209,727,8553,0,0,57,RENTA,LICENCIATURA,1
2.01407e+16,178,APROBADA,CLASICA,APROBADO,BUENO,49999.0,,2,58499.0,-17.0,55707.0,INVERSIONES,ALTO_A,CLIENTE_BANCO,72500,BAJO,1.17,0,246,761,9069,0,0,27,FAMILIARES,PREPARATORIA,1
2.01408e+16,179,APROBADA,CLASICA,APROBADO,REGULAR,49999.0,,3,58499.0,-17.0,26364.0,INVERSIONES,ALTO_A,CLIENTE_BANCO,30000,ALTO,1.17,0,238,640,3661,380,0,56,HIPOTECA,POSGRADO,1
2.01408e+16,180,APROBADA,CLASICA,APROBADO,BUENO,49999.0,,1,53999.0,-8.0,26770.0,RECIBO DE NOMINA,ALTO_A,CLIENTE_BANCO,18000,BAJO,1.08,0,238,757,0,0,0,27,HIPOTECA,LICENCIATURA,1
2.01408e+16,181,APROBADA,CLASICA,APROBADO,REGULAR,49999.0,,0,14500.0,71.0,32652.0,INVERSIONES,ALTO_A,CLIENTE_BANCO,103000,BAJO,0.29,0,242,781,0,0,0,46,FAMILIARES,LICENCIATURA,1
2.01408e+16,182,APROBADA,CLASICA,APROBADO,BUENO,49999.0,,0,46499.0,7.0,15292.0,INVERSIONES,MEDIO_B,NO_CLIENTE,0,BAJO,0.93,0,218,717,0,0,0,27,PROPIA,POSGRADO,1
2.01408e+16,182,APROBADA,CLASICA,APROBADO,REGULAR,49999.0,,1,17500.0,65.0,25772.0,RECIBO DE NOMINA,ALTO_A,NO_CLIENTE,0,BAJO,0.35,0,241,785,0,0,0,54,FAMILIARES,LICENCIATURA,1
2.01408e+16,182,APROBADA,CLASICA,APROBADO,BUENO,49999.0,,1,37499.0,25.0,17650.0,RECIBO DE NOMINA,MEDIO_B,NO_CLIENTE,0,BAJO,0.75,0,248,745,0,0,0,53,RENTA,POSGRADO,1
2.01408e+16,182,APROBADA,CLASICA,APROBADO,BUENO,49999.0,,1,46499.0,7.0,31795.0,INVERSIONES,MEDIO_A,CLIENTE_BANCO,25000,BAJO,0.93,0,250,740,5069,380,0,58,RENTA,PREPARATORIA,1
2.01408e+16,182,APROBADA,CLASICA,APROBADO,BUENO,49999.0,,1,25999.0,48.0,22837.0,INVERSIONES,MEDIO_B,CLIENTE_BANCO,0,BAJO,0.52,0,258,768,0,0,0,34,HIPOTECA,POSGRADO,1
2.01407e+16,183,APROBADA,CLASICA,APROBADO,BUENO,49999.0,,0,45999.0,8.0,33429.0,RECIBO DE NOMINA,ALTO_A,CLIENTE_BANCO,32000,BAJO,0.92,0,225,721,31737,560,0,59,PROPIA,LICENCIATURA,1
2.01408e+16,184,APROBADA,CLASICA,APROBADO,BUENO,49999.0,,0,28499.0,43.0,26440.0,INVERSIONES,MEDIO_A,CLIENTE_BANCO,69000,BAJO,0.57,0,226,753,0,0,0,41,RENTA,PREPARATORIA,1
2.01408e+16,186,APROBADA,CLASICA,APROBADO,REGULAR,49999.0,,0,14500.0,71.0,59329.0,DECLARACION ANUAL,ALTO_A,CLIENTE_BANCO,48000,BAJO,0.29,0,265,767,4354,0,0,43,HIPOTECA,LICENCIATURA,1
2.01408e+16,188,APROBADA,CLASICA,APROBADO,BUENO,49999.0,,1,30999.0,38.0,31544.0,INVERSIONES,ALTO_A,CLIENTE_BANCO,59999,BAJO,0.62,0,243,717,9093,9093,0,46,PROPIA,PREPARATORIA,1
2.01408e+16,190,APROBADA,CLASICA,APROBADO,BUENO,49999.0,,2,54999.0,-10.0,25981.0,RECIBO DE NOMINA,MEDIO_A,CLIENTE_BANCO,20000,BAJO,1.1,0,190,740,6073,390,0,25,RENTA,PREPARATORIA,1
2.01408e+16,190,APROBADA,CLASICA,APROBADO,REGULAR,49999.0,,0,19500.0,61.0,32869.0,RECIBO DE NOMINA,ALTO_A,CLIENTE_BANCO,160000,BAJO,0.39,0,242,757,7013,0,0,34,HIPOTECA,PREPARATORIA,1
2.01408e+16,191,APROBADA,CLASICA,APROBADO,REGULAR,49999.0,,0,20000.0,60.0,37562.0,INVERSIONES,MEDIO_A,CLIENTE_BANCO,99000,BAJO,0.4,0,247,744,30564,1240,0,38,HIPOTECA,PREPARATORIA,1
2.01408e+16,191,APROBADA,CLASICA,APROBADO,BUENO,49999.0,,0,20500.0,59.0,40373.0,INVERSIONES,ALTO_A,CLIENTE_BANCO,32000,BAJO,0.41,0,249,751,11852,400,0,51,PROPIA,PREPARATORIA,1
2.01408e+16,191,APROBADA,CLASICA,APROBADO,BUENO,49999.0,,0,38999.0,22.0,25122.0,INVERSIONES,MEDIO_A,CLIENTE_BANCO,89000,BAJO,0.78,0,256,744,1385,926,0,55,FAMILIARES,PREPARATORIA,1
2.01408e+16,191,APROBADA,CLASICA,APROBADO,REGULAR,49999.0,,1,16000.0,68.0,31118.0,INVERSIONES,ALTO_A,CLIENTE_BANCO,0,BAJO,0.32,0,265,788,0,0,0,31,RENTA,POSGRADO,1
2.01408e+16,191,APROBADA,CLASICA,APROBADO,BUENO,49999.0,,2,27999.0,44.0,40223.0,RECIBO DE NOMINA,MEDIO_A,CLIENTE_BANCO,118000,BAJO,0.56,0,275,757,20444,1480,0,35,RENTA,PREPARATORIA,1
2.01408e+16,193,APROBADA,CLASICA,APROBADO,BUENO,49999.0,,2,30999.0,38.0,56167.0,INVERSIONES,MEDIO_A,CLIENTE_BANCO,3000,BAJO,0.62,0,217,737,1712,250,0,59,FAMILIARES,LICENCIATURA,1
2.01408e+16,193,APROBADA,CLASICA,APROBADO,BUENO,49999.0,,1,52499.0,-5.0,47838.0,INVERSIONES,MEDIO_A,CLIENTE_BANCO,34000,BAJO,1.05,0,219,723,1320,0,0,42,PROPIA,PREPARATORIA,1
2.01408e+16,193,APROBADA,CLASICA,APROBADO,BUENO,49999.0,,0,41499.0,17.0,22120.0,INVERSIONES,ALTO_B,CLIENTE_BANCO,55000,BAJO,0.83,0,225,727,150,150,0,58,PROPIA,LICENCIATURA,1
2.01408e+16,193,APROBADA,CLASICA,APROBADO,REGULAR,49999.0,,0,8500.0,83.0,25349.0,INVERSIONES,MEDIO_A,CLIENTE_BANCO,37000,MEDIO,0.17,0,245,698,301,0,0,41,FAMILIARES,LICENCIATURA,1
2.01408e+16,194,APROBADA,CLASICA,APROBADO,REGULAR,49999.0,,0,16500.0,67.0,41672.0,INVERSIONES,ALTO_A,CLIENTE_BANCO,7000,BAJO,0.33,0,195,779,0,0,0,37,RENTA,LICENCIATURA,1
2.01408e+16,194,APROBADA,CLASICA,APROBADO,BUENO,49999.0,,0,50499.0,-1.0,42055.0,INVERSIONES,ALTO_A,CLIENTE_BANCO,21300,BAJO,1.01,0,238,709,4404,0,0,49,PROPIA,LICENCIATURA,1
2.01408e+16,194,APROBADA,CLASICA,APROBADO,BUENO,49999.0,,0,47499.0,5.0,23832.0,RECIBO DE NOMINA,MEDIO_A,CLIENTE_BANCO,129500,BAJO,0.95,0,245,737,6653,0,0,35,PROPIA,PREPARATORIA,1
2.01408e+16,194,APROBADA,CLASICA,APROBADO,REGULAR,49999.0,,0,15500.0,69.0,73699.0,INVERSIONES,ALTO_B,CLIENTE_BANCO,50000,BAJO,0.31,0,255,779,0,0,0,40,PROPIA,PREPARATORIA,1
2.01408e+16,195,APROBADA,CLASICA,APROBADO,REGULAR,49999.0,,1,9000.0,82.0,32138.0,INVERSIONES,MEDIO_A,CLIENTE_BANCO,30000,BAJO,0.18,0,223,740,8554,380,0,29,FAMILIARES,PREPARATORIA,1
2.01408e+16,195,APROBADA,CLASICA,APROBADO,BUENO,49999.0,,1,50999.0,-2.0,59577.0,RECIBO DE NOMINA,MEDIO_A,CLIENTE_BANCO,66500,BAJO,1.02,0,234,712,41972,2110,0,52,PROPIA,LICENCIATURA,1
2.01408e+16,197,APROBADA,CLASICA,APROBADO,BUENO,49999.0,,1,21500.0,57.0,79823.9599999994,INVERSIONES,ALTO_A,NO_CLIENTE,0,BAJO,0.43,3,177,777,0,0,0,34,PROPIA,POSGRADO,1
2.01408e+16,197,APROBADA,CLASICA,APROBADO,REGULAR,49999.0,,1,13000.0,74.0,17107.0,RECIBO DE NOMINA,MEDIO_B,NO_CLIENTE,0,BAJO,0.26,0,261,794,0,0,0,30,PROPIA,PREPARATORIA,1
2.01408e+16,198,APROBADA,CLASICA,APROBADO,BUENO,49999.0,,1,44999.0,10.0,3653.0,RECIBO DE NOMINA,MEDIO_A,CLIENTE_BANCO,104500,BAJO,0.9,0,236,744,8062,1310,0,28,FAMILIARES,LICENCIATURA,1
2.01408e+16,199,APROBADA,CLASICA,APROBADO,BUENO,49999.0,,1,26499.0,47.0,31299.0,INVERSIONES,MEDIO_A,CLIENTE_BANCO,18000,BAJO,0.53,0,238,710,3618,250,0,41,HIPOTECA,PREPARATORIA,1
2.01408e+16,115,APROBADA,CLASICA,APROBADO,BUENO,49000.0,,0,26950.0,45.0,10641.0,RECIBO DE NOMINA,ALTO_B,NO_CLIENTE,0,BAJO,0.55,0,215,755,0,0,0,29,PROPIA,POSGRADO,1
2.01408e+16,158,APROBADA,CLASICA,APROBADO,REGULAR,49000.0,,0,12740.0,74.0,16569.0,RECIBO DE NOMINA,MEDIO_A,CLIENTE_BANCO,36000,BAJO,0.26,0,221,744,1823,0,0,57,PROPIA,LICENCIATURA,1
2.01408e+16,112,APROBADA,CLASICA,APROBADO,BUENO,48999.0,,0,25479.0,48.0,15086.0,INVERSIONES,MEDIO_A,CLIENTE_BANCO,20500,BAJO,0.52,0,213,733,2905,0,0,25,RENTA,PREPARATORIA,1
2.01408e+16,174,APROBADA,CLASICA,APROBADO,BUENO,48999.0,,0,34789.0,29.0,17829.0,RECIBO DE NOMINA,MEDIO_B,CLIENTE_BANCO,24500,BAJO,0.71,0,241,739,2177,310,0,34,FAMILIARES,POSGRADO,1
2.01408e+16,191,APROBADA,CLASICA,APROBADO,BUENO,48999.0,,0,25479.0,48.0,19069.0,INVERSIONES,MEDIO_A,CLIENTE_BANCO,44000,BAJO,0.52,0,199,733,5012,328,0,39,PROPIA,POSGRADO,1
2.01408e+16,185,APROBADA,CLASICA,APROBADO,BUENO,48599.0,,0,9720.0,13.0,31809.0,INVERSIONES,MEDIO_A,CLIENTE_BANCO,70000,BAJO,0.87,0,211,711,1609,0,0,30,PROPIA,LICENCIATURA,1
2.01407e+16,207,APROBADA,CLASICA,APROBADO,BUENO,48399.0,,0,8067.0,3.0,79823.9599999994,RECIBO DE NOMINA,ALTO_A,CLIENTE_BANCO,35000,BAJO,0.97,0,220,723,26452,440,0,41,PROPIA,LICENCIATURA,1
2.01408e+16,161,APROBADA,CLASICA,APROBADO,BUENO,48199.0,,1,6025.0,14.0,24658.0,INVERSIONES,MEDIO_A,CLIENTE_BANCO,33500,BAJO,0.86,0,225,750,2243,420,0,56,PROPIA,LICENCIATURA,1
2.01408e+16,213,APROBADA,CLASICA,APROBADO,BUENO,48199.0,,0,8033.0,49.0,34557.0,DECLARACION ANUAL,ALTO_B,CLIENTE_BANCO,46000,BAJO,0.51,0,218,762,0,0,0,52,PROPIA,LICENCIATURA,1
2.01408e+16,102,APROBADA,CLASICA,APROBADO,REGULAR,48000.0,,0,8640.0,82.0,36623.0,RECIBO DE NOMINA,MEDIO_A,CLIENTE_BANCO,41500,BAJO,0.18,0,239,744,8719,520,0,26,RENTA,LICENCIATURA,1
2.01406e+16,115,APROBADA,CLASICA,APROBADO,REGULAR,48000.0,,0,16800.0,65.0,26224.0,INVERSIONES,MEDIO_A,CLIENTE_BANCO,0,BAJO,0.35,0,190,775,0,0,0,36,PROPIA,POSGRADO,1
2.01408e+16,121,APROBADA,CLASICA,APROBADO,BUENO,48000.0,,0,43200.0,10.0,18865.0,RECIBO DE NOMINA,ALTO_A,NO_CLIENTE,0,BAJO,0.9,0,203,720,0,0,0,39,HIPOTECA,LICENCIATURA,1
2.01408e+16,141,APROBADA,CLASICA,APROBADO,REGULAR,48000.0,,1,18720.0,61.0,22699.0,RECIBO DE NOMINA,ALTO_A,NO_CLIENTE,0,BAJO,0.39,0,236,781,0,0,0,38,HIPOTECA,POSGRADO,1
2.01408e+16,182,APROBADA,CLASICA,APROBADO,BUENO,47699.0,,0,5962.0,13.0,31809.0,INVERSIONES,MEDIO_A,CLIENTE_BANCO,70000,BAJO,0.87,0,211,711,1609,0,0,30,PROPIA,LICENCIATURA,1
2.01408e+16,150,APROBADA,CLASICA,APROBADO,BUENO,47599.0,,0,7933.0,56.0,23892.0,INVERSIONES,MEDIO_A,NO_CLIENTE,0,BAJO,0.44,0,226,766,0,0,0,58,PROPIA,LICENCIATURA,1
2.01408e+16,146,APROBADA,CLASICA,APROBADO,BUENO,47499.0,,0,5937.0,51.0,32450.0,INVERSIONES,MEDIO_A,CLIENTE_BANCO,59500,BAJO,0.49,0,244,750,483,483,0,46,PROPIA,LICENCIATURA,1
2.01408e+16,137,APROBADA,CLASICA,APROBADO,BUENO,47399.0,,1,7900.0,18.0,41047.0,INVERSIONES,MEDIO_A,CLIENTE_BANCO,20400,BAJO,0.82,0,209,767,0,0,0,40,PROPIA,LICENCIATURA,1
2.01408e+16,192,APROBADA,CLASICA,APROBADO,BUENO,47299.0,,0,7883.0,18.0,26209.0,RECIBO DE NOMINA,ALTO_A,CLIENTE_BANCO,71000,BAJO,0.82,0,204,758,0,0,0,53,PROPIA,LICENCIATURA,1
2.01408e+16,153,APROBADA,CLASICA,APROBADO,BUENO,47199.0,,1,7867.0,45.0,30279.0,RECIBO DE NOMINA,MEDIO_A,NO_CLIENTE,0,BAJO,0.55,0,211,755,0,0,0,33,PROPIA,LICENCIATURA,1
2.01408e+16,150,APROBADA,CLASICA,APROBADO,BUENO,47001.0,,0,46531.0,1.0,28415.0,INVERSIONES,ALTO_A,CLIENTE_BANCO,15400,BAJO,0.99,0,269,757,6533,250,0,41,PROPIA,LICENCIATURA,1
2.01408e+16,107,APROBADA,CLASICA,APROBADO,REGULAR,47000.0,,0,15510.0,67.0,30643.0,RECIBO DE NOMINA,MEDIO_A,CLIENTE_BANCO,2,BAJO,0.33,0,203,777,0,0,0,34,HIPOTECA,LICENCIATURA,1
2.01408e+16,134,APROBADA,CLASICA,APROBADO,BUENO,47000.0,,1,48410.0,-3.0,46799.0,RECIBO DE NOMINA,MEDIO_B,NO_CLIENTE,0,BAJO,1.03,0,218,717,0,0,0,31,PROPIA,PREPARATORIA,1
2.01406e+16,165,APROBADA,CLASICA,APROBADO,REGULAR,47000.0,,0,12220.0,74.0,26025.0,RECIBO DE NOMINA,MEDIO_A,CLIENTE_BANCO,0,BAJO,0.26,0,263,784,0,0,0,28,PROPIA,POSGRADO,1
2.01408e+16,118,APROBADA,CLASICA,APROBADO,BUENO,46999.0,,0,20210.0,57.0,18897.0,INVERSIONES,ALTO_A,NO_CLIENTE,0,BAJO,0.43,0,237,767,0,0,0,40,PROPIA,LICENCIATURA,1
2.01408e+16,142,APROBADA,CLASICA,APROBADO,REGULAR,46999.0,,0,21150.0,55.0,4236.0,INVERSIONES,MEDIO_A,CLIENTE_BANCO,18700,MEDIO,0.45,0,195,694,16424,790,0,33,HIPOTECA,PREPARATORIA,1
2.01408e+16,167,APROBADA,CLASICA,APROBADO,BUENO,46999.0,,0,37129.0,21.0,17039.0,RECIBO DE NOMINA,MEDIO_A,CLIENTE_BANCO,20000,BAJO,0.79,0,194,740,1777,0,0,36,PROPIA,PREPARATORIA,1
2.01408e+16,191,APROBADA,CLASICA,APROBADO,BUENO,46999.0,,0,6714.0,58.0,33083.0,INVERSIONES,MEDIO_A,CLIENTE_BANCO,142500,BAJO,0.42,0,256,750,10137,0,0,43,PROPIA,LICENCIATURA,1
2.01408e+16,203,APROBADA,CLASICA,APROBADO,BUENO,46999.0,,0,6714.0,16.0,55758.0,INVERSIONES,MEDIO_B,CLIENTE_BANCO,0,BAJO,0.84,0,207,726,0,0,0,47,PROPIA,LICENCIATURA,1
2.01408e+16,150,APROBADA,CLASICA,APROBADO,BUENO,46799.0,,0,6686.0,14.0,24658.0,INVERSIONES,MEDIO_A,CLIENTE_BANCO,33500,BAJO,0.86,0,225,750,2243,420,0,56,PROPIA,LICENCIATURA,1
2.01408e+16,137,APROBADA,CLASICA,APROBADO,BUENO,46099.0,,0,6586.0,53.0,11533.0,INVERSIONES,MEDIO_A,CLIENTE_BANCO,54000,BAJO,0.47,0,272,714,0,0,0,54,PROPIA,LICENCIATURA,1
2.01408e+16,123,APROBADA,CLASICA,APROBADO,BUENO,46000.0,,2,26220.0,43.0,18116.0,RECIBO DE NOMINA,ALTO_B,NO_CLIENTE,0,BAJO,0.57,0,197,743,0,0,0,33,HIPOTECA,LICENCIATURA,1
2.01408e+16,115,APROBADA,CLASICA,APROBADO,REGULAR,45999.0,,2,46459.0,-1.0,18144.0,INVERSIONES,MEDIO_B,NO_CLIENTE,0,MEDIO,1.01,0,229,699,0,0,0,31,FAMILIARES,LICENCIATURA,1
2.01408e+16,120,APROBADA,CLASICA,APROBADO,BUENO,45999.0,,1,39099.0,15.0,17543.0,INVERSIONES,MEDIO_A,CLIENTE_BANCO,4000,BAJO,0.85,0,229,723,348,0,0,29,PROPIA,PREPARATORIA,1
2.01408e+16,163,APROBADA,CLASICA,APROBADO,REGULAR,45999.0,,1,9200.0,80.0,17982.0,INVERSIONES,MEDIO_A,CLIENTE_BANCO,4002,BAJO,0.2,0,260,740,162,162,0,48,HIPOTECA,PREPARATORIA,1
2.01407e+16,183,APROBADA,CLASICA,APROBADO,BUENO,45999.0,,1,44159.0,4.0,20244.0,RECIBO DE NOMINA,MEDIO_A,CLIENTE_BANCO,33500,BAJO,0.96,0,244,737,7267,420,0,31,PROPIA,LICENCIATURA,1
2.01408e+16,125,APROBADA,CLASICA,APROBADO,BUENO,45999.0,,1,6571.0,53.0,11533.0,INVERSIONES,MEDIO_A,CLIENTE_BANCO,54000,BAJO,0.47,0,272,714,0,0,0,54,PROPIA,LICENCIATURA,1
2.01408e+16,198,APROBADA,CLASICA,APROBADO,BUENO,45900.0,,1,5738.0,31.0,31472.0,RECIBO DE NOMINA,MEDIO_A,CLIENTE_BANCO,15008,BAJO,0.69,0,224,740,6354,250,0,43,PROPIA,LICENCIATURA,1
2.01408e+16,228,APROBADA,CLASICA,APROBADO,BUENO,45500.0,,1,9100.0,37.0,13115.0,RECIBO DE NOMINA,MEDIO_A,CLIENTE_BANCO,4999,BAJO,0.63,0,219,706,598,250,0,28,PROPIA,LICENCIATURA,1
2.01408e+16,157,APROBADA,CLASICA,APROBADO,BUENO,45099.0,,0,7517.0,54.0,33027.0,RECIBO DE NOMINA,ALTO_A,CLIENTE_BANCO,0,BAJO,0.46,0,232,764,0,0,0,57,PROPIA,LICENCIATURA,1
2.01408e+16,120,APROBADA,CLASICA,APROBADO,REGULAR,45000.0,,0,12600.0,72.0,0.0,RECIBO DE NOMINA,ALTO_B,NO_CLIENTE,0,BAJO,0.28,0,216,782,0,0,0,42,HIPOTECA,POSGRADO,1
2.01408e+16,151,APROBADA,CLASICA,APROBADO,REGULAR,45000.0,,0,11700.0,74.0,15598.0,RECIBO DE NOMINA,ALTO_B,CLIENTE_BANCO,0,BAJO,0.26,0,241,784,0,0,0,54,FAMILIARES,POSGRADO,1
2.01408e+16,158,APROBADA,CLASICA,APROBADO,REGULAR,45000.0,,0,11250.0,75.0,17334.0,RECIBO DE NOMINA,ALTO_B,CLIENTE_BANCO,0,BAJO,0.25,0,209,785,0,0,0,47,PROPIA,PREPARATORIA,1
2.01408e+16,164,APROBADA,CLASICA,APROBADO,BUENO,45000.0,,1,47700.0,-6.0,12515.0,RECIBO DE NOMINA,MEDIO_A,CLIENTE_BANCO,0,BAJO,1.06,0,263,714,0,0,0,52,FAMILIARES,LICENCIATURA,1
2.01408e+16,167,APROBADA,CLASICA,APROBADO,BUENO,45000.0,,2,34200.0,24.0,17274.0,RECIBO DE NOMINA,MEDIO_A,CLIENTE_BANCO,0,BAJO,0.76,0,251,724,0,0,0,56,RENTA,PREPARATORIA,1
2.01408e+16,174,APROBADA,CLASICA,APROBADO,BUENO,45000.0,,2,29700.0,34.0,9511.0,RECIBO DE NOMINA,MEDIO_A,CLIENTE_BANCO,0,BAJO,0.66,0,261,734,0,0,0,60,FAMILIARES,PREPARATORIA,1
2.01408e+16,182,APROBADA,CLASICA,APROBADO,BUENO,45000.0,,0,19350.0,57.0,23009.0,RECIBO DE NOMINA,MEDIO_A,CLIENTE_BANCO,6200,BAJO,0.43,0,215,711,4939,250,0,52,RENTA,PREPARATORIA,1
2.01408e+16,189,APROBADA,CLASICA,APROBADO,BUENO,45000.0,,1,46800.0,-4.0,10021.0,RECIBO DE NOMINA,MEDIO_A,CLIENTE_BANCO,0,BAJO,1.04,0,277,716,0,0,0,46,HIPOTECA,POSGRADO,1
2.01407e+16,195,APROBADA,CLASICA,APROBADO,BUENO,45000.0,,1,29700.0,34.0,22852.0,RECIBO DE NOMINA,MEDIO_A,CLIENTE_BANCO,0,BAJO,0.66,0,232,754,0,0,0,60,PROPIA,POSGRADO,1
2.01408e+16,111,APROBADA,CLASICA,APROBADO,BUENO,44999.0,,1,50399.0,-12.0,18963.0,INVERSIONES,ALTO_A,CLIENTE_BANCO,10000,BAJO,1.12,0,242,762,0,0,0,31,FAMILIARES,LICENCIATURA,1
2.01408e+16,121,APROBADA,CLASICA,APROBADO,REGULAR,44999.0,,0,10350.0,77.0,16482.0,INVERSIONES,MEDIO_A,CLIENTE_BANCO,4002,BAJO,0.23,0,217,723,2541,250,0,30,PROPIA,PREPARATORIA,1
2.01408e+16,177,APROBADA,CLASICA,APROBADO,BUENO,44299.0,,1,8860.0,23.0,33594.0,INVERSIONES,MEDIO_A,CLIENTE_BANCO,30000,BAJO,0.77,0,218,723,427,0,0,56,PROPIA,LICENCIATURA,1
2.01408e+16,219,APROBADA,CLASICA,APROBADO,BUENO,44200.0,,0,8840.0,37.0,13115.0,RECIBO DE NOMINA,MEDIO_A,CLIENTE_BANCO,4999,BAJO,0.63,0,219,706,598,250,0,28,PROPIA,LICENCIATURA,1
2.01408e+16,140,APROBADA,CLASICA,APROBADO,BUENO,44099.0,,1,5512.0,18.0,41047.0,INVERSIONES,MEDIO_A,CLIENTE_BANCO,20400,BAJO,0.82,0,209,767,0,0,0,40,PROPIA,LICENCIATURA,1
2.01408e+16,175,APROBADA,CLASICA,APROBADO,BUENO,44099.0,,0,6300.0,23.0,33594.0,INVERSIONES,MEDIO_A,CLIENTE_BANCO,30000,BAJO,0.77,0,218,723,427,0,0,56,PROPIA,LICENCIATURA,1
2.01408e+16,134,APROBADA,CLASICA,APROBADO,REGULAR,44000.0,,0,16720.0,62.0,17974.0,RECIBO DE NOMINA,MEDIO_A,NO_CLIENTE,0,BAJO,0.38,0,204,772,0,0,0,45,HIPOTECA,POSGRADO,1
2.01408e+16,144,APROBADA,CLASICA,APROBADO,BUENO,44000.0,,2,25960.0,41.0,14752.0,INVERSIONES,ALTO_B,CLIENTE_BANCO,0,BAJO,0.59,0,241,741,0,0,0,59,PROPIA,PREPARATORIA,1
2.01408e+16,109,APROBADA,CLASICA,APROBADO,BUENO,43999.0,,2,41799.0,5.0,14269.0,RECIBO DE NOMINA,ALTO_A,CLIENTE_BANCO,28000,BAJO,0.95,0,221,754,0,0,0,39,FAMILIARES,LICENCIATURA,1
2.01408e+16,153,APROBADA,CLASICA,APROBADO,REGULAR,43999.0,,0,40919.0,7.0,27919.0,INVERSIONES,MEDIO_A,CLIENTE_BANCO,34500,MEDIO,0.93,0,225,691,6590,880,0,41,HIPOTECA,POSGRADO,1
2.01408e+16,184,APROBADA,CLASICA,APROBADO,BUENO,43999.0,,2,41359.0,6.0,16079.0,INVERSIONES,ALTO_A,CLIENTE_BANCO,34000,BAJO,0.94,0,203,757,0,0,0,28,HIPOTECA,LICENCIATURA,1
2.01408e+16,198,APROBADA,CLASICA,APROBADO,BUENO,43999.0,,0,37839.0,14.0,28633.0,INVERSIONES,ALTO_A,NO_CLIENTE,0,BAJO,0.86,0,218,724,0,0,0,58,HIPOTECA,LICENCIATURA,1
2.01407e+16,181,APROBADA,CLASICA,APROBADO,BUENO,43799.0,,1,5475.0,3.0,79823.9599999994,RECIBO DE NOMINA,ALTO_A,CLIENTE_BANCO,35000,BAJO,0.97,0,220,723,26452,440,0,41,PROPIA,LICENCIATURA,1
2.01408e+16,221,APROBADA,CLASICA,APROBADO,BUENO,43799.0,,0,6257.0,-1.0,42055.0,INVERSIONES,MEDIO_B,CLIENTE_BANCO,21300,BAJO,1.01,0,238,709,4404,0,0,49,PROPIA,LICENCIATURA,1
2.01408e+16,201,APROBADA,CLASICA,APROBADO,BUENO,43799.0,,0,6257.0,58.0,33083.0,INVERSIONES,MEDIO_A,CLIENTE_BANCO,142500,BAJO,0.42,0,256,750,10137,0,0,43,PROPIA,LICENCIATURA,1
2.01408e+16,225,APROBADA,CLASICA,APROBADO,BUENO,43799.0,,0,7300.0,-1.0,42055.0,INVERSIONES,MEDIO_B,CLIENTE_BANCO,21300,BAJO,1.01,0,238,709,4404,0,0,49,PROPIA,LICENCIATURA,1
2.01408e+16,199,APROBADA,CLASICA,APROBADO,BUENO,43699.0,,0,8740.0,49.0,34557.0,DECLARACION ANUAL,ALTO_B,CLIENTE_BANCO,46000,BAJO,0.51,0,218,762,0,0,0,52,PROPIA,LICENCIATURA,1
2.01408e+16,242,APROBADA,CLASICA,APROBADO,BUENO,43399.0,,0,7233.0,17.0,22120.0,INVERSIONES,ALTO_B,CLIENTE_BANCO,55000,BAJO,0.83,0,225,727,150,150,0,58,PROPIA,LICENCIATURA,1
2.01408e+16,239,APROBADA,CLASICA,APROBADO,BUENO,43399.0,,1,6200.0,17.0,22120.0,INVERSIONES,ALTO_B,CLIENTE_BANCO,55000,BAJO,0.83,0,225,727,150,150,0,58,PROPIA,LICENCIATURA,1
2.01408e+16,174,APROBADA,CLASICA,APROBADO,BUENO,43299.0,,1,7217.0,54.0,33027.0,RECIBO DE NOMINA,ALTO_A,CLIENTE_BANCO,0,BAJO,0.46,0,232,764,0,0,0,57,PROPIA,LICENCIATURA,1
2.01406e+16,127,APROBADA,CLASICA,APROBADO,BUENO,43000.0,,0,22790.0,47.0,15271.0,RECIBO DE NOMINA,MEDIO_A,CLIENTE_BANCO,111000,BAJO,0.53,0,179,723,6151,730,0,49,PROPIA,POSGRADO,1
2.01408e+16,114,APROBADA,CLASICA,APROBADO,REGULAR,42999.0,,0,7740.0,82.0,15672.0,RECIBO DE NOMINA,MEDIO_A,NO_CLIENTE,0,BAJO,0.18,0,245,792,0,0,0,56,RENTA,LICENCIATURA,1
2.01408e+16,188,APROBADA,CLASICA,APROBADO,REGULAR,42999.0,,0,7740.0,82.0,15892.0,INVERSIONES,MEDIO_A,CLIENTE_BANCO,24200,BAJO,0.18,0,207,740,2197,0,0,58,HIPOTECA,PREPARATORIA,1
2.01408e+16,193,APROBADA,CLASICA,APROBADO,BUENO,42999.0,,1,8600.0,16.0,55758.0,INVERSIONES,MEDIO_B,CLIENTE_BANCO,0,BAJO,0.84,0,207,726,0,0,0,47,PROPIA,LICENCIATURA,1
2.01407e+16,210,APROBADA,CLASICA,APROBADO,BUENO,42999.0,,1,6143.0,8.0,33429.0,RECIBO DE NOMINA,MEDIO_A,CLIENTE_BANCO,32000,BAJO,0.92,0,225,721,31737,560,0,59,PROPIA,LICENCIATURA,1
2.01408e+16,223,APROBADA,CLASICA,APROBADO,BUENO,42900.0,,1,7150.0,0.0,79162.0,RECIBO DE NOMINA,MEDIO_A,CLIENTE_BANCO,50001,BAJO,1.0,0,214,714,34630,1310,0,52,PROPIA,LICENCIATURA,1
2.01408e+16,163,APROBADA,CLASICA,APROBADO,BUENO,42899.0,,1,8580.0,57.0,18897.0,INVERSIONES,ALTO_A,NO_CLIENTE,0,BAJO,0.43,0,237,767,0,0,0,40,PROPIA,LICENCIATURA,1
2.01408e+16,106,APROBADA,CLASICA,APROBADO,BUENO,42000.0,,1,47880.0,-14.0,14191.0,RECIBO DE NOMINA,MEDIO_A,CLIENTE_BANCO,48000,BAJO,1.14,0,252,740,15267,600,0,41,FAMILIARES,PREPARATORIA,1
2.01408e+16,142,APROBADA,CLASICA,APROBADO,BUENO,42000.0,,1,31920.0,24.0,27363.0,RECIBO DE NOMINA,MEDIO_B,NO_CLIENTE,0,BAJO,0.76,0,225,744,0,0,0,28,PROPIA,LICENCIATURA,1
2.01408e+16,186,APROBADA,CLASICA,APROBADO,REGULAR,42000.0,,0,9240.0,78.0,12371.0,RECIBO DE NOMINA,ALTO_A,CLIENTE_BANCO,0,BAJO,0.22,0,243,788,0,0,0,36,RENTA,LICENCIATURA,1
2.01408e+16,190,APROBADA,CLASICA,APROBADO,REGULAR,42000.0,,2,42420.0,-1.0,23463.0,RECIBO DE NOMINA,MEDIO_B,NO_CLIENTE,0,MEDIO,1.01,0,216,699,0,0,0,57,PROPIA,LICENCIATURA,1
2.01408e+16,238,APROBADA,CLASICA,APROBADO,BUENO,42000.0,,0,8400.0,0.0,79162.0,RECIBO DE NOMINA,MEDIO_A,CLIENTE_BANCO,50001,BAJO,1.0,0,214,714,34630,1310,0,52,PROPIA,LICENCIATURA,1
2.01408e+16,154,APROBADA,CLASICA,APROBADO,BUENO,41999.0,,0,31499.0,25.0,15230.0,INVERSIONES,MEDIO_B,NO_CLIENTE,0,BAJO,0.75,0,212,735,0,0,0,31,HIPOTECA,POSGRADO,1
2.01408e+16,195,APROBADA,CLASICA,APROBADO,BUENO,41800.0,,1,5971.0,31.0,31472.0,RECIBO DE NOMINA,MEDIO_A,CLIENTE_BANCO,15008,BAJO,0.69,0,224,740,6354,250,0,43,PROPIA,LICENCIATURA,1
2.01408e+16,150,APROBADA,CLASICA,APROBADO,BUENO,41699.0,,0,6950.0,56.0,23892.0,INVERSIONES,MEDIO_A,NO_CLIENTE,0,BAJO,0.44,0,226,766,0,0,0,58,PROPIA,LICENCIATURA,1
2.01408e+16,181,APROBADA,CLASICA,APROBADO,BUENO,41201.0,,1,8240.0,1.0,28415.0,INVERSIONES,MEDIO_A,CLIENTE_BANCO,15400,BAJO,0.99,0,269,757,6533,250,0,41,PROPIA,LICENCIATURA,1
2.01408e+16,108,APROBADA,CLASICA,APROBADO,BUENO,41000.0,,2,38540.0,6.0,24671.0,RECIBO DE NOMINA,MEDIO_A,CLIENTE_BANCO,34400,BAJO,0.94,0,232,723,12932,320,0,38,HIPOTECA,LICENCIATURA,1
2.01408e+16,112,APROBADA,CLASICA,APROBADO,BUENO,41000.0,,1,16810.0,59.0,15020.0,RECIBO DE NOMINA,MEDIO_A,CLIENTE_BANCO,35500,BAJO,0.41,0,234,747,148,0,0,58,FAMILIARES,POSGRADO,1
2.01406e+16,123,APROBADA,CLASICA,APROBADO,BUENO,41000.0,,0,22550.0,45.0,21256.0,INVERSIONES,ALTO_B,CLIENTE_BANCO,0,BAJO,0.55,0,167,755,0,0,0,45,PROPIA,PREPARATORIA,1
2.01408e+16,111,APROBADA,CLASICA,APROBADO,REGULAR,40999.0,,0,9020.0,78.0,35956.0,INVERSIONES,MEDIO_A,CLIENTE_BANCO,84500,BAJO,0.22,0,250,750,19078,1060,0,44,HIPOTECA,PREPARATORIA,1
2.01408e+16,121,APROBADA,CLASICA,APROBADO,BUENO,40999.0,,1,43049.0,-5.0,12186.0,RECIBO DE NOMINA,ALTO_B,CLIENTE_BANCO,73500,BAJO,1.05,0,257,715,0,0,0,51,PROPIA,PREPARATORIA,1
2.01408e+16,157,APROBADA,CLASICA,APROBADO,REGULAR,40999.0,,0,9430.0,77.0,11372.0,RECIBO DE NOMINA,MEDIO_A,NO_CLIENTE,0,BAJO,0.23,0,230,787,0,0,0,59,RENTA,POSGRADO,1
2.01408e+16,143,APROBADA,CLASICA,APROBADO,BUENO,40999.0,,0,5125.0,57.0,18897.0,INVERSIONES,ALTO_A,NO_CLIENTE,0,BAJO,0.43,0,237,767,0,0,0,40,PROPIA,LICENCIATURA,1
2.01408e+16,132,APROBADA,CLASICA,APROBADO,BUENO,40999.0,,1,5125.0,45.0,30279.0,RECIBO DE NOMINA,MEDIO_A,NO_CLIENTE,0,BAJO,0.55,0,211,755,0,0,0,33,PROPIA,LICENCIATURA,1
2.01408e+16,199,APROBADA,CLASICA,APROBADO,BUENO,40901.0,,1,6817.0,1.0,28415.0,INVERSIONES,MEDIO_A,CLIENTE_BANCO,15400,BAJO,0.99,0,269,757,6533,250,0,41,PROPIA,LICENCIATURA,1
2.01408e+16,149,APROBADA,CLASICA,APROBADO,BUENO,40899.0,,1,6817.0,51.0,32450.0,INVERSIONES,MEDIO_A,CLIENTE_BANCO,59500,BAJO,0.49,0,244,750,483,483,0,46,PROPIA,LICENCIATURA,1
2.01407e+16,212,APROBADA,CLASICA,APROBADO,BUENO,40899.0,,1,5112.0,8.0,33429.0,RECIBO DE NOMINA,MEDIO_A,CLIENTE_BANCO,32000,BAJO,0.92,0,225,721,31737,560,0,59,PROPIA,LICENCIATURA,1
2.01408e+16,161,APROBADA,CLASICA,APROBADO,BUENO,40700.0,,1,8140.0,10.0,18865.0,RECIBO DE NOMINA,MEDIO_B,NO_CLIENTE,0,BAJO,0.9,0,203,720,0,0,0,39,PROPIA,LICENCIATURA,1
2.01408e+16,202,APROBADA,CLASICA,APROBADO,BUENO,40499.0,,0,5786.0,18.0,26209.0,RECIBO DE NOMINA,ALTO_A,CLIENTE_BANCO,71000,BAJO,0.82,0,204,758,0,0,0,53,PROPIA,LICENCIATURA,1
2.01408e+16,102,APROBADA,CLASICA,APROBADO,REGULAR,40000.0,,1,6800.0,83.0,29445.0,RECIBO DE NOMINA,ALTO_B,CLIENTE_BANCO,41000,BAJO,0.17,0,234,803,0,0,0,56,PROPIA,LICENCIATURA,1
2.01407e+16,112,APROBADA,CLASICA,APROBADO,BUENO,40000.0,,1,32800.0,18.0,8864.0,INVERSIONES,MEDIO_B,NO_CLIENTE,0,BAJO,0.82,0,220,738,0,0,0,52,FAMILIARES,POSGRADO,1
2.01408e+16,125,APROBADA,CLASICA,APROBADO,REGULAR,40000.0,,2,47600.0,-19.0,0.0,RECIBO DE NOMINA,MEDIO_A,NO_CLIENTE,0,MEDIO,1.19,0,223,681,0,0,0,50,HIPOTECA,POSGRADO,1
2.01408e+16,129,APROBADA,CLASICA,APROBADO,BUENO,40000.0,,0,19200.0,52.0,13601.0,RECIBO DE NOMINA,MEDIO_A,CLIENTE_BANCO,22800,BAJO,0.48,0,228,727,2700,250,0,39,RENTA,POSGRADO,1
2.01408e+16,139,APROBADA,CLASICA,APROBADO,BUENO,40000.0,,2,22400.0,44.0,22077.0,RECIBO DE NOMINA,MEDIO_A,CLIENTE_BANCO,29000,BAJO,0.56,0,227,714,15539,900,0,39,FAMILIARES,PREPARATORIA,1
2.01408e+16,140,APROBADA,CLASICA,APROBADO,REGULAR,40000.0,,0,14000.0,65.0,42216.0,RECIBO DE NOMINA,ALTO_A,CLIENTE_BANCO,663000,BAJO,0.35,0,245,727,109377,17880,0,29,PROPIA,POSGRADO,1
2.01408e+16,166,APROBADA,CLASICA,APROBADO,BUENO,40000.0,,2,25200.0,37.0,3330.0,RECIBO DE NOMINA,MEDIO_A,CLIENTE_BANCO,27500,BAJO,0.63,0,227,750,1209,0,0,29,RENTA,PREPARATORIA,1
2.01407e+16,168,APROBADA,CLASICA,APROBADO,REGULAR,40000.0,,0,11200.0,72.0,79823.9599999994,RECIBO DE NOMINA,ALTO_A,CLIENTE_BANCO,200000,BAJO,0.28,0,242,740,83634,2500,0,45,FAMILIARES,LICENCIATURA,1
2.01408e+16,177,APROBADA,CLASICA,APROBADO,REGULAR,40000.0,,2,43200.0,-8.0,15131.0,RECIBO DE NOMINA,MEDIO_A,CLIENTE_BANCO,5004,MEDIO,1.08,0,204,698,2659,0,0,43,RENTA,PREPARATORIA,1
2.01408e+16,197,APROBADA,CLASICA,APROBADO,REGULAR,40000.0,,3,47200.0,-18.0,26448.0,RECIBO DE NOMINA,MEDIO_A,CLIENTE_BANCO,77000,ALTO,1.18,0,247,640,5756,580,0,60,HIPOTECA,PREPARATORIA,1
2.01408e+16,153,APROBADA,CLASICA,APROBADO,BUENO,40000.0,,1,8000.0,10.0,18865.0,RECIBO DE NOMINA,MEDIO_B,NO_CLIENTE,0,BAJO,0.9,0,203,720,0,0,0,39,PROPIA,LICENCIATURA,1
2.01408e+16,102,APROBADA,CLASICA,APROBADO,BUENO,39999.0,,1,31999.0,20.0,24186.0,INVERSIONES,MEDIO_A,CLIENTE_BANCO,64000,BAJO,0.8,0,222,740,1953,0,0,46,PROPIA,POSGRADO,1
2.01408e+16,105,APROBADA,CLASICA,APROBADO,REGULAR,39999.0,,1,8800.0,78.0,31797.0,INVERSIONES,MEDIO_A,CLIENTE_BANCO,12600,BAJO,0.22,0,195,750,173,0,0,32,RENTA,PREPARATORIA,1
2.01408e+16,105,APROBADA,CLASICA,APROBADO,REGULAR,39999.0,,1,9600.0,76.0,7137.0,INVERSIONES,MEDIO_A,CLIENTE_BANCO,45000,BAJO,0.24,0,247,746,4681,0,0,52,RENTA,PREPARATORIA,1
2.01408e+16,109,APROBADA,CLASICA,APROBADO,BUENO,39999.0,,2,24399.0,39.0,27981.0,INVERSIONES,ALTO_B,CLIENTE_BANCO,38000,BAJO,0.61,0,216,739,13346,0,0,32,PROPIA,PREPARATORIA,1
2.01408e+16,111,APROBADA,CLASICA,APROBADO,BUENO,39999.0,,1,28399.0,29.0,13031.0,RECIBO DE NOMINA,ALTO_B,CLIENTE_BANCO,0,BAJO,0.71,0,249,749,0,0,0,43,PROPIA,PREPARATORIA,1
2.01408e+16,112,APROBADA,CLASICA,APROBADO,BUENO,39999.0,,0,17600.0,56.0,25409.0,INVERSIONES,MEDIO_B,CLIENTE_BANCO,24000,BAJO,0.44,0,213,762,0,0,2,57,FAMILIARES,POSGRADO,1
2.01408e+16,112,APROBADA,CLASICA,APROBADO,REGULAR,39999.0,,0,10800.0,73.0,24279.0,RECIBO DE NOMINA,MEDIO_A,CLIENTE_BANCO,63000,BAJO,0.27,0,239,734,2068,790,0,51,HIPOTECA,PREPARATORIA,1
2.01408e+16,112,APROBADA,CLASICA,APROBADO,BUENO,39999.0,,1,30799.0,23.0,15829.0,INVERSIONES,ALTO_A,CLIENTE_BANCO,10300,BAJO,0.77,0,263,727,4994,260,0,42,RENTA,PREPARATORIA,1
2.01408e+16,115,APROBADA,CLASICA,APROBADO,BUENO,39999.0,,1,35599.0,11.0,35633.0,INVERSIONES,MEDIO_A,CLIENTE_BANCO,50000,BAJO,0.89,0,228,766,0,0,0,35,PROPIA,LICENCIATURA,1
2.01408e+16,118,APROBADA,CLASICA,APROBADO,REGULAR,39999.0,,0,10000.0,75.0,27043.0,INVERSIONES,MEDIO_A,CLIENTE_BANCO,20600,MEDIO,0.25,0,200,689,15961,870,0,38,PROPIA,POSGRADO,1
2.01408e+16,127,APROBADA,CLASICA,APROBADO,REGULAR,39999.0,,0,13200.0,67.0,15691.0,RECIBO DE NOMINA,MEDIO_A,CLIENTE_BANCO,3500,BAJO,0.33,0,220,733,2413,250,0,52,PROPIA,PREPARATORIA,1
2.01408e+16,127,APROBADA,CLASICA,APROBADO,BUENO,39999.0,,1,27199.0,32.0,18388.0,INVERSIONES,MEDIO_A,NO_CLIENTE,0,BAJO,0.68,0,225,752,0,0,0,34,FAMILIARES,LICENCIATURA,1
2.01408e+16,130,APROBADA,CLASICA,APROBADO,BUENO,39999.0,,2,22799.0,43.0,5486.0,INVERSIONES,MEDIO_B,CLIENTE_BANCO,31500,BAJO,0.57,0,218,757,5624,400,0,45,RENTA,LICENCIATURA,1
2.01408e+16,137,APROBADA,CLASICA,APROBADO,REGULAR,39999.0,,1,18400.0,54.0,12586.0,INVERSIONES,MEDIO_A,CLIENTE_BANCO,15000,MEDIO,0.46,0,195,694,14264,760,0,38,PROPIA,LICENCIATURA,1
2.01408e+16,139,APROBADA,CLASICA,APROBADO,REGULAR,39999.0,,0,14400.0,64.0,23038.0,RECIBO DE NOMINA,MEDIO_A,CLIENTE_BANCO,20300,BAJO,0.36,0,262,711,1192,0,0,41,RENTA,SECUNDARIA,1
2.01408e+16,143,APROBADA,CLASICA,APROBADO,BUENO,39999.0,,1,27599.0,31.0,10551.0,INVERSIONES,MEDIO_A,CLIENTE_BANCO,12500,BAJO,0.69,0,226,740,0,0,0,56,HIPOTECA,PREPARATORIA,1
2.01408e+16,150,APROBADA,CLASICA,APROBADO,REGULAR,39999.0,,1,14400.0,64.0,16837.0,INVERSIONES,MEDIO_A,CLIENTE_BANCO,7500,MEDIO,0.36,0,209,695,6935,430,0,56,HIPOTECA,PREPARATORIA,1
2.01408e+16,161,APROBADA,CLASICA,APROBADO,BUENO,39999.0,,1,45199.0,-13.0,14041.0,INVERSIONES,MEDIO_A,CLIENTE_BANCO,10004,BAJO,1.13,0,216,724,1818,0,0,33,PROPIA,LICENCIATURA,1
2.01408e+16,166,APROBADA,CLASICA,APROBADO,REGULAR,39999.0,,2,20399.0,49.0,21749.0,INVERSIONES,MEDIO_A,CLIENTE_BANCO,17700,MEDIO,0.51,0,242,674,17255,850,0,51,RENTA,PREPARATORIA,1
2.01408e+16,166,APROBADA,CLASICA,APROBADO,BUENO,39999.0,,1,28399.0,29.0,26633.0,INVERSIONES,MEDIO_A,CLIENTE_BANCO,54018,BAJO,0.71,0,256,740,4470,0,0,59,PROPIA,POSGRADO,1
2.01408e+16,169,APROBADA,CLASICA,APROBADO,REGULAR,39999.0,,1,14800.0,63.0,6061.0,INVERSIONES,MEDIO_A,CLIENTE_BANCO,19600,BAJO,0.37,0,223,723,6379,250,0,51,PROPIA,PREPARATORIA,1
2.01408e+16,169,APROBADA,CLASICA,APROBADO,BUENO,39999.0,,1,28799.0,28.0,13307.0,INVERSIONES,MEDIO_A,CLIENTE_BANCO,5004,BAJO,0.72,0,234,762,0,0,0,34,FAMILIARES,POSGRADO,1
2.01408e+16,179,APROBADA,CLASICA,APROBADO,REGULAR,39999.0,,1,16000.0,60.0,21589.0,INVERSIONES,MEDIO_A,CLIENTE_BANCO,63500,BAJO,0.4,0,244,734,0,0,0,45,FAMILIARES,LICENCIATURA,1
2.01408e+16,180,APROBADA,CLASICA,APROBADO,BUENO,39999.0,,2,24399.0,39.0,19963.0,RECIBO DE NOMINA,ALTO_B,CLIENTE_BANCO,0,BAJO,0.61,0,231,739,0,0,0,40,HIPOTECA,POSGRADO,1
2.01408e+16,185,APROBADA,CLASICA,APROBADO,BUENO,39999.0,,1,21199.0,47.0,7443.0,RECIBO DE NOMINA,MEDIO_A,CLIENTE_BANCO,7500,BAJO,0.53,0,224,737,3411,250,0,58,PROPIA,LICENCIATURA,1
2.01408e+16,185,APROBADA,CLASICA,APROBADO,BUENO,39999.0,,0,39999.0,0.0,26106.0,INVERSIONES,MEDIO_B,CLIENTE_BANCO,28000,BAJO,1.0,0,253,754,2710,0,0,31,HIPOTECA,PREPARATORIA,1
2.01408e+16,189,APROBADA,CLASICA,APROBADO,BUENO,39999.0,,0,30799.0,23.0,13232.0,INVERSIONES,ALTO_B,CLIENTE_BANCO,16100,BAJO,0.77,0,223,757,3807,250,0,35,HIPOTECA,POSGRADO,1
2.01408e+16,189,APROBADA,CLASICA,APROBADO,BUENO,39999.0,,1,23999.0,40.0,18392.0,RECIBO DE NOMINA,MEDIO_A,CLIENTE_BANCO,0,BAJO,0.6,0,253,760,0,0,0,57,FAMILIARES,LICENCIATURA,1
2.01408e+16,195,APROBADA,CLASICA,APROBADO,BUENO,39999.0,,2,30799.0,23.0,22980.0,INVERSIONES,MEDIO_B,NO_CLIENTE,0,BAJO,0.77,0,247,723,0,0,0,38,HIPOTECA,LICENCIATURA,1
2.01408e+16,199,APROBADA,CLASICA,APROBADO,BUENO,39999.0,,0,37599.0,6.0,8053.0,RECIBO DE NOMINA,ALTO_B,CLIENTE_BANCO,0,BAJO,0.94,0,220,716,0,0,0,41,FAMILIARES,POSGRADO,1
2.01407e+16,103,APROBADA,CLASICA,APROBADO,BUENO,38999.0,,2,21059.0,46.0,15790.0,RECIBO DE NOMINA,MEDIO_B,NO_CLIENTE,0,BAJO,0.54,0,218,746,0,0,0,25,PROPIA,POSGRADO,1
2.01407e+16,108,APROBADA,CLASICA,APROBADO,BUENO,38999.0,,2,32369.0,17.0,2397.0,INVERSIONES,ALTO_B,CLIENTE_BANCO,0,BAJO,0.83,0,245,717,0,0,0,48,PROPIA,LICENCIATURA,1
2.01408e+16,173,APROBADA,CLASICA,APROBADO,REGULAR,38999.0,,3,44459.0,-14.0,15032.0,INVERSIONES,MEDIO_B,CLIENTE_BANCO,13500,ALTO,1.14,0,224,605,18,18,0,33,PROPIA,PREPARATORIA,1
2.01408e+16,110,APROBADA,CLASICA,APROBADO,REGULAR,38000.0,,1,7220.0,81.0,27338.0,RECIBO DE NOMINA,MEDIO_A,CLIENTE_BANCO,171000,BAJO,0.19,0,256,733,59475,1420,0,37,PROPIA,POSGRADO,1
2.01408e+16,120,APROBADA,CLASICA,APROBADO,REGULAR,38000.0,,0,14060.0,63.0,11590.0,DECLARACION ANUAL,MEDIO_A,NO_CLIENTE,0,BAJO,0.37,0,211,773,0,0,0,55,HIPOTECA,POSGRADO,1
2.01408e+16,153,APROBADA,CLASICA,APROBADO,REGULAR,38000.0,,0,11780.0,69.0,14017.0,RECIBO DE NOMINA,MEDIO_A,NO_CLIENTE,0,BAJO,0.31,0,204,779,0,0,0,60,HIPOTECA,POSGRADO,1
2.01408e+16,157,APROBADA,CLASICA,APROBADO,REGULAR,38000.0,,1,38000.0,0.0,23395.0,RECIBO DE NOMINA,MEDIO_A,CLIENTE_BANCO,9300,MEDIO,1.0,0,212,696,5566,250,0,60,PROPIA,PREPARATORIA,1
2.01408e+16,184,APROBADA,CLASICA,APROBADO,BUENO,38000.0,,0,16720.0,56.0,40749.0,RECIBO DE NOMINA,ALTO_A,CLIENTE_BANCO,18000,BAJO,0.44,0,219,757,5459,320,0,51,PROPIA,LICENCIATURA,1
2.01408e+16,198,APROBADA,CLASICA,APROBADO,REGULAR,38000.0,,1,14060.0,63.0,24402.0,RECIBO DE NOMINA,ALTO_B,CLIENTE_BANCO,29000,BAJO,0.37,0,232,783,16397,0,0,43,FAMILIARES,POSGRADO,1
2.01408e+16,184,APROBADA,CLASICA,APROBADO,BUENO,37501.0,,1,22876.0,39.0,27112.0,INVERSIONES,MEDIO_A,CLIENTE_BANCO,16500,BAJO,0.61,0,199,723,5653,370,0,44,FAMILIARES,POSGRADO,1
2.01407e+16,153,APROBADA,CLASICA,APROBADO,BUENO,37000.0,,0,17760.0,52.0,13630.0,RECIBO DE NOMINA,ALTO_A,NO_CLIENTE,0,BAJO,0.48,0,235,762,0,0,0,55,PROPIA,POSGRADO,1
2.01408e+16,164,APROBADA,CLASICA,APROBADO,REGULAR,37000.0,,2,44400.0,-20.0,18265.0,RECIBO DE NOMINA,MEDIO_B,CLIENTE_BANCO,0,MEDIO,1.2,0,227,680,0,0,0,33,RENTA,PREPARATORIA,1
2.01408e+16,183,APROBADA,CLASICA,APROBADO,BUENO,37000.0,,0,28490.0,23.0,38679.0,RECIBO DE NOMINA,MEDIO_A,CLIENTE_BANCO,64200,BAJO,0.77,0,221,737,23679,1407,0,60,RENTA,PREPARATORIA,1
2.01408e+16,191,APROBADA,CLASICA,APROBADO,BUENO,37000.0,,2,41070.0,-11.0,23071.0,RECIBO DE NOMINA,MEDIO_A,CLIENTE_BANCO,17200,BAJO,1.11,0,225,706,13272,0,0,49,PROPIA,LICENCIATURA,1
2.01408e+16,221,APROBADA,CLASICA,APROBADO,BUENO,36199.0,,0,4525.0,14.0,28633.0,INVERSIONES,MEDIO_B,NO_CLIENTE,0,BAJO,0.86,0,218,724,0,0,0,58,PROPIA,LICENCIATURA,1
2.01408e+16,115,APROBADA,CLASICA,APROBADO,REGULAR,36000.0,,0,7560.0,79.0,2389.0,RECIBO DE NOMINA,ALTO_A,CLIENTE_BANCO,0,BAJO,0.21,0,209,789,0,0,0,26,RENTA,LICENCIATURA,1
2.01408e+16,121,APROBADA,CLASICA,APROBADO,BUENO,36000.0,,1,33480.0,7.0,0.0,RECIBO DE NOMINA,ALTO_B,NO_CLIENTE,0,BAJO,0.93,1,188,727,0,0,0,45,FAMILIARES,LICENCIATURA,1
2.01408e+16,134,APROBADA,CLASICA,APROBADO,REGULAR,36000.0,,1,7200.0,80.0,18497.0,RECIBO DE NOMINA,MEDIO_A,NO_CLIENTE,0,BAJO,0.2,0,223,800,0,0,0,34,HIPOTECA,POSGRADO,1
2.01408e+16,146,APROBADA,CLASICA,APROBADO,BUENO,36000.0,,0,15120.0,58.0,19715.0,RECIBO DE NOMINA,ALTO_A,CLIENTE_BANCO,5600,BAJO,0.42,0,214,767,711,250,0,55,PROPIA,PREPARATORIA,1
2.01408e+16,148,APROBADA,CLASICA,APROBADO,REGULAR,36000.0,,1,9720.0,73.0,22570.0,RECIBO DE NOMINA,MEDIO_A,CLIENTE_BANCO,18500,BAJO,0.27,0,208,710,0,0,0,55,FAMILIARES,POSGRADO,1
2.01408e+16,152,APROBADA,CLASICA,APROBADO,BUENO,36000.0,,1,19440.0,46.0,13137.0,RECIBO DE NOMINA,MEDIO_A,CLIENTE_BANCO,13200,BAJO,0.54,0,214,766,0,0,0,42,PROPIA,SECUNDARIA,1
2.01408e+16,158,APROBADA,CLASICA,APROBADO,BUENO,36000.0,,0,19080.0,47.0,21027.0,RECIBO DE NOMINA,ALTO_A,CLIENTE_BANCO,9500,BAJO,0.53,0,222,757,1333,0,0,37,HIPOTECA,LICENCIATURA,1
2.01406e+16,160,APROBADA,CLASICA,APROBADO,BUENO,36000.0,,0,21960.0,39.0,26636.0,INVERSIONES,MEDIO_A,CLIENTE_BANCO,15000,BAJO,0.61,0,215,731,6889,0,0,54,HIPOTECA,POSGRADO,1
2.01406e+16,174,APROBADA,CLASICA,APROBADO,BUENO,36000.0,,2,19440.0,46.0,27030.0,INVERSIONES,MEDIO_B,CLIENTE_BANCO,0,BAJO,0.54,0,206,750,4707,300,0,29,FAMILIARES,LICENCIATURA,1
2.01408e+16,110,APROBADA,CLASICA,APROBADO,BUENO,35999.0,,1,15840.0,56.0,20892.0,RECIBO DE NOMINA,MEDIO_A,CLIENTE_BANCO,10500,BAJO,0.44,0,238,750,7728,390,0,44,FAMILIARES,LICENCIATURA,1
2.01408e+16,126,APROBADA,CLASICA,APROBADO,REGULAR,35000.0,,2,39550.0,-13.0,20027.0,RECIBO DE NOMINA,ALTO_B,CLIENTE_BANCO,0,MEDIO,1.13,0,226,687,0,0,0,29,FAMILIARES,POSGRADO,1
2.01408e+16,142,APROBADA,CLASICA,APROBADO,BUENO,35000.0,,0,21700.0,38.0,20075.0,RECIBO DE NOMINA,ALTO_B,CLIENTE_BANCO,0,BAJO,0.62,0,207,748,0,0,0,35,PROPIA,LICENCIATURA,1
2.01408e+16,148,APROBADA,CLASICA,APROBADO,REGULAR,35000.0,,0,12250.0,65.0,28918.0,RECIBO DE NOMINA,ALTO_A,CLIENTE_BANCO,0,BAJO,0.35,0,207,775,1286,1286,0,42,FAMILIARES,POSGRADO,1
2.01408e+16,149,APROBADA,CLASICA,APROBADO,REGULAR,35000.0,,2,33250.0,5.0,36982.0,RECIBO DE NOMINA,MEDIO_A,CLIENTE_BANCO,206500,MEDIO,0.95,0,195,676,116773,6280,0,34,RENTA,PREPARATORIA,1
2.01408e+16,153,APROBADA,CLASICA,APROBADO,BUENO,35000.0,,0,19600.0,44.0,13072.0,RECIBO DE NOMINA,ALTO_A,CLIENTE_BANCO,19000,BAJO,0.56,0,211,734,3252,440,0,39,HIPOTECA,LICENCIATURA,1
2.01408e+16,159,APROBADA,CLASICA,APROBADO,REGULAR,35000.0,,1,12250.0,65.0,29695.0,RECIBO DE NOMINA,MEDIO_A,CLIENTE_BANCO,6500,BAJO,0.35,0,237,767,1670,250,0,46,FAMILIARES,PREPARATORIA,1
2.01406e+16,186,APROBADA,CLASICA,APROBADO,REGULAR,35000.0,,2,35700.0,-2.0,28452.0,INVERSIONES,ALTO_B,CLIENTE_BANCO,0,MEDIO,1.02,0,201,660,0,0,0,48,FAMILIARES,PREPARATORIA,1
2.01407e+16,105,APROBADA,CLASICA,APROBADO,BUENO,34999.0,,1,36399.0,-4.0,14785.0,RECIBO DE NOMINA,MEDIO_A,CLIENTE_BANCO,17200,BAJO,1.04,0,198,740,2037,0,0,41,PROPIA,PREPARATORIA,1
2.01408e+16,109,APROBADA,CLASICA,APROBADO,BUENO,34999.0,,0,31149.0,11.0,12767.0,INVERSIONES,MEDIO_A,CLIENTE_BANCO,16800,BAJO,0.89,0,216,740,1894,250,0,42,RENTA,PREPARATORIA,1
2.01408e+16,112,APROBADA,CLASICA,APROBADO,BUENO,34999.0,,1,36049.0,-3.0,62773.0,INVERSIONES,MEDIO_A,CLIENTE_BANCO,263000,BAJO,1.03,0,251,723,112491,4580,1,33,FAMILIARES,PREPARATORIA,1
2.01408e+16,126,APROBADA,CLASICA,APROBADO,BUENO,34999.0,,1,21699.0,38.0,12793.0,INVERSIONES,ALTO_B,CLIENTE_BANCO,26999,BAJO,0.62,0,235,757,1676,0,0,42,HIPOTECA,POSGRADO,1
2.01408e+16,168,APROBADA,CLASICA,APROBADO,REGULAR,34999.0,,1,7000.0,80.0,2731.0,INVERSIONES,MEDIO_A,CLIENTE_BANCO,0,BAJO,0.2,0,221,800,0,0,0,60,HIPOTECA,PREPARATORIA,1
2.01408e+16,176,APROBADA,CLASICA,APROBADO,BUENO,34999.0,,1,14350.0,59.0,18925.0,INVERSIONES,MEDIO_A,CLIENTE_BANCO,8500,BAJO,0.41,0,209,740,2051,250,0,42,HIPOTECA,PREPARATORIA,1
2.01408e+16,190,APROBADA,CLASICA,APROBADO,BUENO,34999.0,,0,14350.0,59.0,13855.0,RECIBO DE NOMINA,ALTO_A,CLIENTE_BANCO,5004,BAJO,0.41,0,212,723,1668,250,0,46,PROPIA,LICENCIATURA,1
2.01408e+16,222,APROBADA,CLASICA,APROBADO,BUENO,34299.0,,0,4287.0,14.0,28633.0,INVERSIONES,MEDIO_B,NO_CLIENTE,0,BAJO,0.86,0,218,724,0,0,0,58,PROPIA,LICENCIATURA,1
2.01408e+16,124,APROBADA,CLASICA,APROBADO,BUENO,34000.0,,0,33320.0,2.0,13124.0,RECIBO DE NOMINA,MEDIO_A,CLIENTE_BANCO,14400,BAJO,0.98,0,225,744,717,0,0,32,HIPOTECA,POSGRADO,1
2.01408e+16,190,APROBADA,CLASICA,APROBADO,REGULAR,34000.0,,0,12580.0,63.0,8651.0,RECIBO DE NOMINA,ALTO_B,CLIENTE_BANCO,0,BAJO,0.37,0,240,773,0,0,0,55,HIPOTECA,PREPARATORIA,1
2.01407e+16,195,APROBADA,CLASICA,APROBADO,BUENO,34000.0,,1,22100.0,35.0,19014.0,RECIBO DE NOMINA,MEDIO_A,CLIENTE_BANCO,35000,BAJO,0.65,0,234,740,3678,440,0,30,FAMILIARES,LICENCIATURA,1
2.01408e+16,198,APROBADA,CLASICA,APROBADO,REGULAR,34000.0,,1,9520.0,72.0,9333.0,RECIBO DE NOMINA,MEDIO_A,CLIENTE_BANCO,13515,BAJO,0.28,0,242,757,2891,0,0,27,RENTA,PREPARATORIA,1
2.01408e+16,113,APROBADA,CLASICA,APROBADO,BUENO,33999.0,,0,27879.0,18.0,15980.0,RECIBO DE NOMINA,ALTO_A,CLIENTE_BANCO,36500,BAJO,0.82,0,223,721,1522,0,0,47,FAMILIARES,PREPARATORIA,1
2.01408e+16,135,APROBADA,CLASICA,APROBADO,BUENO,33999.0,,0,17339.0,49.0,13927.0,RECIBO DE NOMINA,ALTO_A,NO_CLIENTE,0,BAJO,0.51,0,226,759,0,0,0,30,FAMILIARES,POSGRADO,1
2.01408e+16,160,APROBADA,CLASICA,APROBADO,REGULAR,33999.0,,2,39099.0,-15.0,14933.0,RECIBO DE NOMINA,MEDIO_B,NO_CLIENTE,0,MEDIO,1.15,0,242,685,0,0,0,39,RENTA,LICENCIATURA,1
2.01408e+16,174,APROBADA,CLASICA,APROBADO,BUENO,33999.0,,0,19379.0,43.0,17242.0,DECLARACION ANUAL,ALTO_A,NO_CLIENTE,0,BAJO,0.57,0,254,753,0,0,0,48,PROPIA,LICENCIATURA,1
2.01408e+16,188,APROBADA,CLASICA,APROBADO,BUENO,33999.0,,0,22439.0,34.0,12730.0,RECIBO DE NOMINA,MEDIO_A,CLIENTE_BANCO,6500,BAJO,0.66,0,249,733,2211,600,0,34,HIPOTECA,POSGRADO,1
2.01408e+16,190,APROBADA,CLASICA,APROBADO,BUENO,33900.0,,1,5650.0,38.0,20075.0,RECIBO DE NOMINA,ALTO_B,CLIENTE_BANCO,0,BAJO,0.62,0,207,748,0,0,0,35,PROPIA,LICENCIATURA,1
2.01408e+16,214,APROBADA,CLASICA,APROBADO,BUENO,33499.0,,1,4786.0,59.0,13855.0,RECIBO DE NOMINA,MEDIO_A,CLIENTE_BANCO,5004,BAJO,0.41,0,212,723,1668,250,0,46,PROPIA,LICENCIATURA,1
2.01408e+16,183,APROBADA,CLASICA,APROBADO,BUENO,33200.0,,1,4743.0,47.0,21027.0,RECIBO DE NOMINA,ALTO_A,CLIENTE_BANCO,9500,BAJO,0.53,0,222,757,1333,0,0,37,PROPIA,LICENCIATURA,1
2.01408e+16,224,APROBADA,CLASICA,APROBADO,BUENO,33099.0,,1,6620.0,59.0,13855.0,RECIBO DE NOMINA,MEDIO_A,CLIENTE_BANCO,5004,BAJO,0.41,0,212,723,1668,250,0,46,PROPIA,LICENCIATURA,1
2.01407e+16,102,APROBADA,CLASICA,APROBADO,BUENO,33000.0,,1,27390.0,17.0,21786.0,DECLARACION ANUAL,MEDIO_B,NO_CLIENTE,0,BAJO,0.83,0,221,737,0,0,0,53,RENTA,LICENCIATURA,1
2.01408e+16,158,APROBADA,CLASICA,APROBADO,BUENO,32999.0,,1,36629.0,-11.0,13383.0,INVERSIONES,MEDIO_A,CLIENTE_BANCO,15000,BAJO,1.11,0,214,740,7491,250,0,56,FAMILIARES,POSGRADO,1
2.01408e+16,213,APROBADA,CLASICA,APROBADO,BUENO,32999.0,,0,6600.0,43.0,17242.0,DECLARACION ANUAL,MEDIO_A,NO_CLIENTE,0,BAJO,0.57,0,254,753,0,0,0,48,PROPIA,LICENCIATURA,1
2.01408e+16,169,APROBADA,CLASICA,APROBADO,BUENO,32900.0,,1,4700.0,38.0,20075.0,RECIBO DE NOMINA,ALTO_B,CLIENTE_BANCO,0,BAJO,0.62,0,207,748,0,0,0,35,PROPIA,LICENCIATURA,1
2.01408e+16,115,APROBADA,CLASICA,APROBADO,BUENO,32000.0,,0,28800.0,10.0,23072.0,RECIBO DE NOMINA,ALTO_B,CLIENTE_BANCO,0,BAJO,0.9,0,230,720,0,0,0,50,PROPIA,PREPARATORIA,1
2.01407e+16,131,APROBADA,CLASICA,APROBADO,BUENO,32000.0,,1,28800.0,10.0,13453.0,INVERSIONES,MEDIO_B,NO_CLIENTE,0,BAJO,0.9,0,236,730,0,0,0,59,HIPOTECA,PREPARATORIA,1
2.01407e+16,158,APROBADA,CLASICA,APROBADO,BUENO,32000.0,,1,24960.0,22.0,23290.0,INVERSIONES,ALTO_A,CLIENTE_BANCO,0,BAJO,0.78,0,256,742,0,0,0,53,HIPOTECA,POSGRADO,1
2.01408e+16,165,APROBADA,CLASICA,APROBADO,REGULAR,32000.0,,0,5760.0,82.0,19144.0,RECIBO DE NOMINA,ALTO_B,NO_CLIENTE,0,BAJO,0.18,0,217,792,0,0,0,44,HIPOTECA,PREPARATORIA,1
2.01408e+16,171,APROBADA,CLASICA,APROBADO,BUENO,32000.0,,1,35200.0,-10.0,27483.0,RECIBO DE NOMINA,MEDIO_B,NO_CLIENTE,0,BAJO,1.1,0,237,710,0,0,0,35,HIPOTECA,LICENCIATURA,1
2.01408e+16,181,APROBADA,CLASICA,APROBADO,REGULAR,32000.0,,2,35840.0,-12.0,19258.0,RECIBO DE NOMINA,MEDIO_B,NO_CLIENTE,0,MEDIO,1.12,0,231,688,0,0,0,59,PROPIA,PREPARATORIA,1
2.01408e+16,101,APROBADA,CLASICA,APROBADO,BUENO,31999.0,,0,23999.0,25.0,11507.0,RECIBO DE NOMINA,MEDIO_A,CLIENTE_BANCO,6000,BAJO,0.75,0,258,757,1135,250,0,52,RENTA,POSGRADO,1
2.01408e+16,137,APROBADA,CLASICA,APROBADO,BUENO,31999.0,,1,28799.0,10.0,12343.0,INVERSIONES,MEDIO_A,CLIENTE_BANCO,15000,BAJO,0.9,0,208,727,3674,250,0,44,RENTA,LICENCIATURA,1
2.01408e+16,189,APROBADA,CLASICA,APROBADO,BUENO,31999.0,,1,13760.0,57.0,2397.0,RECIBO DE NOMINA,MEDIO_A,CLIENTE_BANCO,0,BAJO,0.43,0,246,777,0,0,0,30,PROPIA,PREPARATORIA,1
2.01408e+16,188,APROBADA,CLASICA,APROBADO,BUENO,31800.0,,0,4543.0,44.0,13072.0,RECIBO DE NOMINA,MEDIO_A,CLIENTE_BANCO,19000,BAJO,0.56,0,211,734,3252,440,0,39,PROPIA,LICENCIATURA,1
2.01408e+16,195,APROBADA,CLASICA,APROBADO,BUENO,31600.0,,1,4514.0,47.0,21027.0,RECIBO DE NOMINA,ALTO_A,CLIENTE_BANCO,9500,BAJO,0.53,0,222,757,1333,0,0,37,PROPIA,LICENCIATURA,1
2.01408e+16,112,APROBADA,CLASICA,APROBADO,REGULAR,31000.0,,0,5270.0,83.0,24789.0,RECIBO DE NOMINA,MEDIO_A,CLIENTE_BANCO,20000,BAJO,0.17,0,213,740,9619,250,0,25,FAMILIARES,PREPARATORIA,1
2.01407e+16,114,APROBADA,CLASICA,APROBADO,REGULAR,31000.0,,0,10850.0,65.0,19067.0,RECIBO DE NOMINA,MEDIO_A,CLIENTE_BANCO,0,BAJO,0.35,0,233,775,0,0,0,58,RENTA,PREPARATORIA,1
2.01407e+16,139,APROBADA,CLASICA,APROBADO,BUENO,31000.0,,0,27280.0,12.0,25598.0,INVERSIONES,ALTO_B,CLIENTE_BANCO,0,BAJO,0.88,0,202,722,0,0,0,49,PROPIA,POSGRADO,1
2.01408e+16,168,APROBADA,CLASICA,APROBADO,REGULAR,31000.0,,2,36270.0,-17.0,11096.0,RECIBO DE NOMINA,MEDIO_B,NO_CLIENTE,0,MEDIO,1.17,0,210,683,0,0,0,30,HIPOTECA,PREPARATORIA,1
2.01406e+16,178,APROBADA,CLASICA,APROBADO,REGULAR,31000.0,,0,10230.0,67.0,17493.0,RECIBO DE NOMINA,ALTO_A,CLIENTE_BANCO,0,BAJO,0.33,0,233,777,0,0,0,28,PROPIA,POSGRADO,1
2.01408e+16,138,APROBADA,CLASICA,APROBADO,REGULAR,30999.0,,0,10540.0,66.0,11375.0,INVERSIONES,ALTO_B,CLIENTE_BANCO,7100,BAJO,0.34,0,203,776,0,0,0,54,RENTA,PREPARATORIA,1
2.01408e+16,110,APROBADA,CLASICA,APROBADO,BUENO,30000.0,,0,13500.0,55.0,16257.0,RECIBO DE NOMINA,ALTO_B,NO_CLIENTE,0,BAJO,0.45,0,221,765,0,0,0,46,FAMILIARES,PREPARATORIA,1
2.01408e+16,112,APROBADA,CLASICA,APROBADO,BUENO,30000.0,,1,18900.0,37.0,18547.0,RECIBO DE NOMINA,MEDIO_A,CLIENTE_BANCO,10300,BAJO,0.63,0,231,740,3458,260,0,38,HIPOTECA,LICENCIATURA,1
2.01408e+16,126,APROBADA,CLASICA,APROBADO,BUENO,30000.0,,2,23400.0,22.0,12578.0,RECIBO DE NOMINA,MEDIO_B,CLIENTE_BANCO,24500,BAJO,0.78,0,226,722,0,0,0,43,PROPIA,PREPARATORIA,1
2.01408e+16,135,APROBADA,CLASICA,APROBADO,BUENO,30000.0,,1,15300.0,49.0,33813.0,RECIBO DE NOMINA,MEDIO_A,CLIENTE_BANCO,0,BAJO,0.51,0,236,769,0,0,0,37,FAMILIARES,POSGRADO,1
2.01407e+16,151,APROBADA,CLASICA,APROBADO,REGULAR,30000.0,,3,18900.0,37.0,20344.0,RECIBO DE NOMINA,MEDIO_B,NO_CLIENTE,18900,ALTO,0.63,0,248,578,0,0,0,50,FAMILIARES,POSGRADO,1
2.01408e+16,161,APROBADA,CLASICA,APROBADO,BUENO,30000.0,,2,15300.0,49.0,14120.0,RECIBO DE NOMINA,ALTO_B,CLIENTE_BANCO,0,BAJO,0.51,0,215,749,0,0,0,54,FAMILIARES,PREPARATORIA,1
2.01408e+16,161,APROBADA,CLASICA,APROBADO,REGULAR,30000.0,,1,8700.0,71.0,55264.0,RECIBO DE NOMINA,ALTO_A,CLIENTE_BANCO,0,BAJO,0.29,0,229,791,0,0,0,45,HIPOTECA,POSGRADO,1
2.01408e+16,163,APROBADA,CLASICA,APROBADO,BUENO,30000.0,,1,17400.0,42.0,13393.0,RECIBO DE NOMINA,ALTO_A,NO_CLIENTE,0,BAJO,0.58,0,250,762,0,0,0,37,PROPIA,POSGRADO,1
2.01406e+16,182,APROBADA,CLASICA,APROBADO,REGULAR,30000.0,,1,25800.0,14.0,7957.0,INVERSIONES,MEDIO_A,CLIENTE_BANCO,16004,ALTO,0.86,0,196,628,16731,1190,0,30,FAMILIARES,LICENCIATURA,1
2.01408e+16,194,APROBADA,CLASICA,APROBADO,BUENO,30000.0,,2,25200.0,16.0,16922.0,RECIBO DE NOMINA,ALTO_A,CLIENTE_BANCO,0,BAJO,0.84,0,239,716,0,0,0,50,PROPIA,PREPARATORIA,1
2.01408e+16,109,APROBADA,CLASICA,APROBADO,BUENO,29999.0,,2,17099.0,43.0,16598.0,RECIBO DE NOMINA,MEDIO_A,CLIENTE_BANCO,25000,BAJO,0.57,0,238,750,542,0,0,57,HIPOTECA,PREPARATORIA,1
2.01408e+16,233,APROBADA,CLASICA,APROBADO,BUENO,29500.0,,1,3688.0,56.0,40749.0,RECIBO DE NOMINA,MEDIO_A,CLIENTE_BANCO,18000,BAJO,0.44,0,219,757,5459,320,0,51,PROPIA,LICENCIATURA,1
2.01408e+16,197,APROBADA,CLASICA,APROBADO,BUENO,29400.0,,1,4200.0,44.0,13072.0,RECIBO DE NOMINA,MEDIO_A,CLIENTE_BANCO,19000,BAJO,0.56,0,211,734,3252,440,0,39,PROPIA,LICENCIATURA,1
2.01408e+16,115,APROBADA,CLASICA,APROBADO,REGULAR,29000.0,,0,10440.0,64.0,16217.0,RECIBO DE NOMINA,MEDIO_A,CLIENTE_BANCO,12400,BAJO,0.36,0,207,706,5618,0,0,50,FAMILIARES,LICENCIATURA,1
2.01408e+16,126,APROBADA,CLASICA,APROBADO,BUENO,29000.0,,1,13630.0,53.0,11761.0,RECIBO DE NOMINA,MEDIO_A,NO_CLIENTE,0,BAJO,0.47,0,240,773,0,0,0,33,RENTA,POSGRADO,1
2.01408e+16,138,APROBADA,CLASICA,APROBADO,BUENO,29000.0,,2,17110.0,41.0,22009.0,RECIBO DE NOMINA,MEDIO_B,CLIENTE_BANCO,103000,BAJO,0.59,0,212,741,9649,0,0,53,RENTA,LICENCIATURA,1
2.01408e+16,144,APROBADA,CLASICA,APROBADO,BUENO,29000.0,,1,18270.0,37.0,19994.0,RECIBO DE NOMINA,ALTO_A,NO_CLIENTE,0,BAJO,0.63,0,235,757,0,0,0,58,PROPIA,POSGRADO,1
2.01407e+16,148,APROBADA,CLASICA,APROBADO,BUENO,29000.0,,2,17400.0,40.0,38633.0,DECLARACION ANUAL,ALTO_B,CLIENTE_BANCO,103000,BAJO,0.6,0,194,763,25188,1290,0,44,HIPOTECA,LICENCIATURA,1
2.01408e+16,154,APROBADA,CLASICA,APROBADO,BUENO,29000.0,,0,30740.0,-6.0,21865.0,RECIBO DE NOMINA,MEDIO_A,CLIENTE_BANCO,7500,BAJO,1.06,0,253,740,761,250,0,60,RENTA,POSGRADO,1
2.01407e+16,169,APROBADA,CLASICA,APROBADO,BUENO,29000.0,,0,27550.0,5.0,13935.0,RECIBO DE NOMINA,MEDIO_B,NO_CLIENTE,0,BAJO,0.95,0,236,715,0,0,0,46,HIPOTECA,POSGRADO,1
2.01408e+16,176,APROBADA,CLASICA,APROBADO,BUENO,29000.0,,0,25230.0,13.0,17333.0,RECIBO DE NOMINA,MEDIO_A,CLIENTE_BANCO,28000,BAJO,0.87,0,235,706,19081,0,0,27,FAMILIARES,POSGRADO,1
2.01408e+16,187,APROBADA,CLASICA,APROBADO,BUENO,29000.0,,2,18270.0,37.0,10782.0,RECIBO DE NOMINA,MEDIO_B,NO_CLIENTE,0,BAJO,0.63,0,220,737,0,0,0,58,HIPOTECA,POSGRADO,1
2.01407e+16,101,APROBADA,CLASICA,APROBADO,REGULAR,28999.0,,0,7540.0,74.0,11480.0,INVERSIONES,MEDIO_A,NO_CLIENTE,0,BAJO,0.26,0,250,784,0,0,0,44,PROPIA,LICENCIATURA,1
2.01408e+16,116,APROBADA,CLASICA,APROBADO,BUENO,28999.0,,0,21169.0,27.0,21917.0,RECIBO DE NOMINA,ALTO_A,CLIENTE_BANCO,5000,BAJO,0.73,0,248,702,762,0,0,36,PROPIA,LICENCIATURA,1
2.01408e+16,211,APROBADA,CLASICA,APROBADO,BUENO,28700.0,,0,3588.0,56.0,40749.0,RECIBO DE NOMINA,MEDIO_A,CLIENTE_BANCO,18000,BAJO,0.44,0,219,757,5459,320,0,51,PROPIA,LICENCIATURA,1
2.01406e+16,134,APROBADA,CLASICA,APROBADO,BUENO,28000.0,,1,23800.0,15.0,18471.0,INVERSIONES,MEDIO_A,CLIENTE_BANCO,0,BAJO,0.85,0,254,740,11366,1577,0,31,HIPOTECA,POSGRADO,1
2.01405e+16,162,APROBADA,CLASICA,APROBADO,REGULAR,28000.0,,0,10080.0,64.0,20692.0,RECIBO DE NOMINA,ALTO_A,CLIENTE_BANCO,15000,BAJO,0.36,0,188,774,0,0,0,56,RENTA,PREPARATORIA,1
2.01408e+16,180,APROBADA,CLASICA,APROBADO,BUENO,28000.0,,2,23240.0,17.0,24326.0,RECIBO DE NOMINA,MEDIO_A,CLIENTE_BANCO,50002,BAJO,0.83,0,221,714,16970,640,0,36,FAMILIARES,PREPARATORIA,1
2.01407e+16,192,APROBADA,CLASICA,APROBADO,BUENO,28000.0,,0,14000.0,50.0,17978.0,INVERSIONES,ALTO_A,NO_CLIENTE,0,BAJO,0.5,0,254,760,0,0,0,53,HIPOTECA,POSGRADO,1
2.01408e+16,125,APROBADA,CLASICA,APROBADO,REGULAR,27999.0,,3,33039.0,-18.0,18347.0,INVERSIONES,MEDIO_A,CLIENTE_BANCO,18700,MEDIO,1.18,0,201,650,8123,460,0,59,PROPIA,POSGRADO,1
2.01408e+16,166,APROBADA,CLASICA,APROBADO,REGULAR,27999.0,,0,6440.0,77.0,12164.0,INVERSIONES,MEDIO_A,CLIENTE_BANCO,27500,BAJO,0.23,0,223,711,9031,350,0,41,PROPIA,POSGRADO,1
2.01408e+16,200,APROBADA,CLASICA,APROBADO,BUENO,27499.0,,1,3437.0,43.0,17242.0,DECLARACION ANUAL,MEDIO_A,NO_CLIENTE,0,BAJO,0.57,0,254,753,0,0,0,48,PROPIA,LICENCIATURA,1
2.01408e+16,115,APROBADA,CLASICA,APROBADO,BUENO,27000.0,,2,16200.0,40.0,12488.0,RECIBO DE NOMINA,ALTO_B,CLIENTE_BANCO,0,BAJO,0.6,0,205,740,0,0,0,42,FAMILIARES,PREPARATORIA,1
2.01408e+16,143,APROBADA,CLASICA,APROBADO,BUENO,27000.0,,0,19980.0,26.0,17706.0,RECIBO DE NOMINA,MEDIO_A,CLIENTE_BANCO,27600,BAJO,0.74,0,189,704,17043,250,0,47,PROPIA,PREPARATORIA,1
2.01408e+16,146,APROBADA,CLASICA,APROBADO,BUENO,27000.0,,1,30510.0,-13.0,10663.0,RECIBO DE NOMINA,MEDIO_B,NO_CLIENTE,0,BAJO,1.13,0,228,707,0,0,0,53,RENTA,LICENCIATURA,1
2.01408e+16,160,APROBADA,CLASICA,APROBADO,BUENO,27000.0,,1,27270.0,-1.0,14200.0,RECIBO DE NOMINA,MEDIO_A,CLIENTE_BANCO,11700,BAJO,1.01,0,276,750,1619,250,0,55,PROPIA,POSGRADO,1
2.01408e+16,164,APROBADA,CLASICA,APROBADO,BUENO,27000.0,,1,28890.0,-7.0,15641.0,RECIBO DE NOMINA,ALTO_B,CLIENTE_BANCO,0,BAJO,1.07,0,184,713,0,0,0,32,HIPOTECA,POSGRADO,1
2.01408e+16,177,APROBADA,CLASICA,APROBADO,BUENO,27000.0,,2,15390.0,43.0,15015.0,RECIBO DE NOMINA,MEDIO_A,CLIENTE_BANCO,1,BAJO,0.57,0,247,743,0,0,0,59,HIPOTECA,POSGRADO,1
2.01408e+16,197,APROBADA,CLASICA,APROBADO,REGULAR,27000.0,,0,10800.0,60.0,0.0,RECIBO DE NOMINA,ALTO_A,NO_CLIENTE,0,BAJO,0.4,0,194,770,0,0,0,49,FAMILIARES,PREPARATORIA,1
2.01407e+16,114,APROBADA,CLASICA,APROBADO,BUENO,26999.0,,2,14579.0,46.0,40798.0,RECIBO DE NOMINA,ALTO_A,CLIENTE_BANCO,0,BAJO,0.54,0,244,780,0,0,0,58,PROPIA,PREPARATORIA,1
2.01408e+16,125,APROBADA,CLASICA,APROBADO,REGULAR,26999.0,,0,10260.0,62.0,14092.0,INVERSIONES,ALTO_A,NO_CLIENTE,0,BAJO,0.38,0,186,772,0,0,0,50,HIPOTECA,LICENCIATURA,1
2.01407e+16,135,APROBADA,CLASICA,APROBADO,REGULAR,26999.0,,1,17549.0,35.0,41941.0,RECIBO DE NOMINA,MEDIO_A,CLIENTE_BANCO,75000,MEDIO,0.65,0,236,697,62833,2360,0,32,PROPIA,LICENCIATURA,1
2.01408e+16,154,APROBADA,CLASICA,APROBADO,REGULAR,26999.0,,0,7830.0,71.0,26991.0,INVERSIONES,MEDIO_A,CLIENTE_BANCO,18500,BAJO,0.29,0,252,727,8450,400,0,38,RENTA,PREPARATORIA,1
2.01406e+16,106,APROBADA,CLASICA,APROBADO,BUENO,26000.0,,1,18720.0,28.0,21421.0,RECIBO DE NOMINA,MEDIO_A,CLIENTE_BANCO,0,BAJO,0.72,0,236,748,0,0,0,42,RENTA,LICENCIATURA,1
2.01407e+16,136,APROBADA,CLASICA,APROBADO,BUENO,26000.0,,1,29640.0,-14.0,15548.0,RECIBO DE NOMINA,MEDIO_B,NO_CLIENTE,0,BAJO,1.14,0,252,706,0,0,0,41,FAMILIARES,LICENCIATURA,1
2.01408e+16,151,APROBADA,CLASICA,APROBADO,REGULAR,26000.0,,0,3900.0,85.0,15670.0,RECIBO DE NOMINA,ALTO_A,CLIENTE_BANCO,0,BAJO,0.15,0,216,795,0,0,0,45,RENTA,LICENCIATURA,1
2.01407e+16,160,APROBADA,CLASICA,APROBADO,BUENO,26000.0,,0,11700.0,55.0,11751.0,INVERSIONES,ALTO_A,NO_CLIENTE,0,BAJO,0.45,0,226,765,0,0,0,29,HIPOTECA,POSGRADO,1
2.01408e+16,175,APROBADA,CLASICA,APROBADO,BUENO,26000.0,,1,29380.0,-13.0,17279.0,RECIBO DE NOMINA,MEDIO_B,NO_CLIENTE,0,BAJO,1.13,0,239,707,0,0,0,54,FAMILIARES,POSGRADO,1
2.01408e+16,130,APROBADA,CLASICA,APROBADO,BUENO,25999.0,,2,14819.0,43.0,2405.0,DECLARACION ANUAL,ALTO_B,CLIENTE_BANCO,0,BAJO,0.57,0,274,743,0,0,0,28,RENTA,PREPARATORIA,1
2.01408e+16,125,APROBADA,CLASICA,APROBADO,BUENO,25000.0,,1,12000.0,52.0,26872.0,RECIBO DE NOMINA,MEDIO_A,CLIENTE_BANCO,48400,BAJO,0.48,0,203,740,14679,610,0,56,FAMILIARES,POSGRADO,1
2.01408e+16,164,APROBADA,CLASICA,APROBADO,BUENO,25000.0,,0,13500.0,46.0,13174.0,RECIBO DE NOMINA,ALTO_B,NO_CLIENTE,0,BAJO,0.54,0,216,756,0,0,0,26,PROPIA,LICENCIATURA,1
2.01408e+16,163,APROBADA,CLASICA,APROBADO,BUENO,24999.0,,0,11250.0,55.0,32685.0,RECIBO DE NOMINA,MEDIO_A,CLIENTE_BANCO,75000,BAJO,0.45,0,245,706,7496,1080,0,26,PROPIA,PREPARATORIA,1
2.01408e+16,188,APROBADA,CLASICA,APROBADO,REGULAR,24900.0,,2,27888.0,-12.0,12434.0,RECIBO DE NOMINA,MEDIO_B,CLIENTE_BANCO,5000,MEDIO,1.12,0,242,688,0,0,0,40,FAMILIARES,LICENCIATURA,1
2.01408e+16,116,APROBADA,CLASICA,APROBADO,BUENO,24899.0,,1,20417.0,18.0,14975.0,INVERSIONES,MEDIO_A,CLIENTE_BANCO,75000,BAJO,0.82,0,248,731,2112,864,0,41,RENTA,POSGRADO,1
2.01408e+16,173,APROBADA,CLASICA,APROBADO,BUENO,24700.0,,1,11115.0,55.0,13732.0,RECIBO DE NOMINA,ALTO_A,CLIENTE_BANCO,0,BAJO,0.45,0,256,775,0,0,0,41,PROPIA,POSGRADO,1
2.01408e+16,144,APROBADA,CLASICA,APROBADO,REGULAR,24600.0,,2,25830.0,-5.0,13691.0,RECIBO DE NOMINA,MEDIO_A,CLIENTE_BANCO,0,MEDIO,1.05,0,250,695,0,0,0,25,FAMILIARES,PREPARATORIA,1
2.01408e+16,159,APROBADA,CLASICA,APROBADO,REGULAR,24500.0,,1,8330.0,66.0,26961.0,RECIBO DE NOMINA,MEDIO_A,NO_CLIENTE,0,BAJO,0.34,0,239,786,0,0,0,29,RENTA,PREPARATORIA,1
2.01408e+16,155,APROBADA,CLASICA,APROBADO,REGULAR,24400.0,,2,26840.0,-10.0,17057.0,RECIBO DE NOMINA,MEDIO_B,NO_CLIENTE,0,MEDIO,1.1,0,236,690,0,0,0,54,PROPIA,LICENCIATURA,1
2.01408e+16,120,APROBADA,CLASICA,APROBADO,BUENO,24300.0,,2,17010.0,30.0,21326.0,RECIBO DE NOMINA,MEDIO_B,NO_CLIENTE,0,BAJO,0.7,0,211,730,0,0,0,37,HIPOTECA,LICENCIATURA,1
2.01408e+16,174,APROBADA,CLASICA,APROBADO,BUENO,24299.0,,0,15794.0,35.0,29231.0,RECIBO DE NOMINA,MEDIO_A,CLIENTE_BANCO,29500,BAJO,0.65,0,220,717,3546,370,0,32,RENTA,POSGRADO,1
2.01408e+16,108,APROBADA,CLASICA,APROBADO,REGULAR,24200.0,,0,8954.0,63.0,15009.0,RECIBO DE NOMINA,MEDIO_A,CLIENTE_BANCO,38700,BAJO,0.37,0,235,720,5610,490,0,52,RENTA,POSGRADO,1
2.01408e+16,120,APROBADA,CLASICA,APROBADO,REGULAR,24099.0,,1,5543.0,77.0,20627.0,INVERSIONES,MEDIO_A,CLIENTE_BANCO,65500,BAJO,0.23,0,220,727,19025,890,0,54,FAMILIARES,POSGRADO,1
2.01408e+16,145,APROBADA,CLASICA,APROBADO,BUENO,24002.0,,1,25922.0,-8.0,24063.0,RECIBO DE NOMINA,MEDIO_A,CLIENTE_BANCO,15000,BAJO,1.08,0,244,723,4168,0,0,35,FAMILIARES,LICENCIATURA,1
2.01406e+16,124,APROBADA,CLASICA,APROBADO,BUENO,23900.0,,0,21510.0,10.0,16068.0,RECIBO DE NOMINA,ALTO_A,NO_CLIENTE,0,BAJO,0.9,0,182,720,0,0,0,46,PROPIA,LICENCIATURA,1
2.01408e+16,187,APROBADA,CLASICA,APROBADO,BUENO,23800.0,,2,23086.0,3.0,0.0,RECIBO DE NOMINA,ALTO_A,CLIENTE_BANCO,37500,BAJO,0.97,0,191,723,2438,590,0,27,FAMILIARES,PREPARATORIA,1
2.01408e+16,190,APROBADA,CLASICA,APROBADO,REGULAR,23799.0,,0,8092.0,66.0,6197.0,RECIBO DE NOMINA,MEDIO_A,NO_CLIENTE,0,BAJO,0.34,0,239,776,0,0,0,48,PROPIA,PREPARATORIA,1
2.01408e+16,156,APROBADA,CLASICA,APROBADO,BUENO,23600.0,,1,21004.0,11.0,13395.0,RECIBO DE NOMINA,MEDIO_A,CLIENTE_BANCO,17000,BAJO,0.89,0,190,715,15216,250,0,36,HIPOTECA,POSGRADO,1
2.01407e+16,154,APROBADA,CLASICA,APROBADO,BUENO,23400.0,,0,11466.0,51.0,12325.0,RECIBO DE NOMINA,MEDIO_A,CLIENTE_BANCO,17600,BAJO,0.49,0,231,727,2386,0,0,42,PROPIA,PREPARATORIA,1
2.01408e+16,180,APROBADA,CLASICA,APROBADO,BUENO,23100.0,,1,9471.0,59.0,12833.0,RECIBO DE NOMINA,MEDIO_A,NO_CLIENTE,0,BAJO,0.41,0,242,779,0,0,0,52,RENTA,LICENCIATURA,1
2.01408e+16,112,APROBADA,CLASICA,APROBADO,BUENO,23000.0,,2,16790.0,27.0,15004.0,RECIBO DE NOMINA,MEDIO_B,NO_CLIENTE,0,BAJO,0.73,0,212,727,0,0,0,49,HIPOTECA,PREPARATORIA,1
2.01408e+16,194,APROBADA,CLASICA,APROBADO,REGULAR,23000.0,,2,25300.0,-10.0,12772.0,RECIBO DE NOMINA,MEDIO_A,CLIENTE_BANCO,0,MEDIO,1.1,0,268,690,0,0,0,53,HIPOTECA,LICENCIATURA,1
2.01408e+16,169,APROBADA,CLASICA,APROBADO,REGULAR,22900.0,,1,27480.0,-20.0,28517.0,RECIBO DE NOMINA,MEDIO_B,NO_CLIENTE,0,BAJO,1.2,0,210,700,0,0,0,59,FAMILIARES,PREPARATORIA,1
2.01408e+16,171,APROBADA,CLASICA,APROBADO,REGULAR,22900.0,,0,7328.0,68.0,14473.0,RECIBO DE NOMINA,MEDIO_A,CLIENTE_BANCO,10200,BAJO,0.32,0,225,711,3664,250,0,45,RENTA,POSGRADO,1
2.01408e+16,191,APROBADA,CLASICA,APROBADO,REGULAR,22899.0,,0,6183.0,73.0,9690.0,INVERSIONES,MEDIO_B,NO_CLIENTE,0,BAJO,0.27,0,224,783,0,0,0,44,RENTA,LICENCIATURA,1
2.01408e+16,211,APROBADA,CLASICA,APROBADO,BUENO,22800.0,,0,3800.0,46.0,13174.0,RECIBO DE NOMINA,ALTO_B,NO_CLIENTE,0,BAJO,0.54,0,216,756,0,0,0,26,PROPIA,LICENCIATURA,1
2.01408e+16,158,APROBADA,CLASICA,APROBADO,BUENO,22799.0,,0,3800.0,27.0,21917.0,RECIBO DE NOMINA,MEDIO_A,CLIENTE_BANCO,5000,BAJO,0.73,0,248,702,762,0,0,36,PROPIA,LICENCIATURA,1
2.01408e+16,169,APROBADA,CLASICA,APROBADO,REGULAR,22499.0,,1,14174.0,37.0,12330.0,INVERSIONES,MEDIO_A,CLIENTE_BANCO,5004,MEDIO,0.63,0,198,668,0,0,0,53,PROPIA,LICENCIATURA,1
2.01408e+16,155,APROBADA,CLASICA,APROBADO,BUENO,22399.0,,1,3733.0,27.0,21917.0,RECIBO DE NOMINA,MEDIO_A,CLIENTE_BANCO,5000,BAJO,0.73,0,248,702,762,0,0,36,PROPIA,LICENCIATURA,1
2.01408e+16,145,APROBADA,CLASICA,APROBADO,BUENO,22200.0,,0,10656.0,52.0,14016.0,RECIBO DE NOMINA,ALTO_A,CLIENTE_BANCO,6000,BAJO,0.48,0,218,762,599,0,0,39,HIPOTECA,POSGRADO,1
2.01408e+16,190,APROBADA,CLASICA,APROBADO,BUENO,22000.0,,0,14080.0,36.0,11024.0,RECIBO DE NOMINA,MEDIO_A,CLIENTE_BANCO,16300,BAJO,0.64,0,205,730,7906,0,0,41,FAMILIARES,PREPARATORIA,1
2.01408e+16,156,APROBADA,CLASICA,APROBADO,BUENO,21999.0,,2,20239.0,8.0,8947.0,INVERSIONES,MEDIO_B,NO_CLIENTE,0,BAJO,0.92,0,238,708,0,0,0,53,HIPOTECA,POSGRADO,1
2.01408e+16,127,APROBADA,CLASICA,APROBADO,BUENO,21900.0,,1,23433.0,-7.0,14256.0,RECIBO DE NOMINA,MEDIO_A,CLIENTE_BANCO,35500,BAJO,1.07,0,203,740,1721,450,0,41,PROPIA,POSGRADO,1
2.01407e+16,176,APROBADA,CLASICA,APROBADO,REGULAR,21900.0,,1,5694.0,74.0,11597.0,RECIBO DE NOMINA,MEDIO_A,NO_CLIENTE,0,BAJO,0.26,0,224,794,0,0,0,35,FAMILIARES,POSGRADO,1
2.01408e+16,163,APROBADA,CLASICA,APROBADO,BUENO,21899.0,,1,9198.0,58.0,18459.0,RECIBO DE NOMINA,ALTO_B,NO_CLIENTE,0,BAJO,0.42,0,253,778,0,0,0,48,HIPOTECA,POSGRADO,1
2.01406e+16,147,APROBADA,CLASICA,APROBADO,REGULAR,21700.0,,0,5208.0,76.0,18267.0,RECIBO DE NOMINA,MEDIO_A,CLIENTE_BANCO,0,BAJO,0.24,0,236,786,0,0,0,40,FAMILIARES,PREPARATORIA,1
2.01408e+16,165,APROBADA,CLASICA,APROBADO,BUENO,21700.0,,1,9982.0,54.0,7737.0,RECIBO DE NOMINA,MEDIO_A,CLIENTE_BANCO,9900,BAJO,0.46,0,205,746,4757,250,0,43,FAMILIARES,PREPARATORIA,1
2.01408e+16,174,APROBADA,CLASICA,APROBADO,REGULAR,21600.0,,1,8424.0,61.0,14291.0,RECIBO DE NOMINA,ALTO_B,CLIENTE_BANCO,0,BAJO,0.39,0,252,781,0,0,0,32,FAMILIARES,PREPARATORIA,1
2.01407e+16,183,APROBADA,CLASICA,APROBADO,REGULAR,21500.0,,0,7525.0,65.0,15774.0,RECIBO DE NOMINA,ALTO_B,NO_CLIENTE,0,BAJO,0.35,0,212,775,0,0,0,29,PROPIA,POSGRADO,1
2.01408e+16,183,APROBADA,CLASICA,APROBADO,BUENO,21400.0,,2,13268.0,38.0,16715.0,RECIBO DE NOMINA,MEDIO_B,NO_CLIENTE,0,BAJO,0.62,0,191,738,0,0,0,44,RENTA,POSGRADO,1
2.01408e+16,162,APROBADA,CLASICA,APROBADO,BUENO,21300.0,,2,22791.0,-7.0,57102.0,RECIBO DE NOMINA,MEDIO_A,CLIENTE_BANCO,22000,BAJO,1.07,0,184,757,748,280,0,53,RENTA,LICENCIATURA,1
2.01407e+16,168,APROBADA,CLASICA,APROBADO,REGULAR,21200.0,,1,4664.0,78.0,14232.0,RECIBO DE NOMINA,ALTO_A,CLIENTE_BANCO,1,BAJO,0.22,0,214,798,0,0,0,52,PROPIA,LICENCIATURA,1
2.01407e+16,139,APROBADA,CLASICA,APROBADO,REGULAR,21000.0,,3,23940.0,-14.0,7643.0,RECIBO DE NOMINA,MEDIO_B,NO_CLIENTE,21000,ALTO,1.14,0,256,602,0,0,0,38,RENTA,LICENCIATURA,1
2.01408e+16,183,APROBADA,CLASICA,APROBADO,BUENO,20800.0,,0,14560.0,30.0,12057.0,RECIBO DE NOMINA,MEDIO_B,NO_CLIENTE,0,BAJO,0.7,0,240,740,0,0,0,56,RENTA,POSGRADO,1
2.01408e+16,214,APROBADA,CLASICA,APROBADO,BUENO,20800.0,,0,2971.0,46.0,13174.0,RECIBO DE NOMINA,ALTO_B,NO_CLIENTE,0,BAJO,0.54,0,216,756,0,0,0,26,PROPIA,LICENCIATURA,1
2.01407e+16,121,APROBADA,CLASICA,APROBADO,REGULAR,20700.0,,3,10971.0,47.0,0.0,RECIBO DE NOMINA,ALTO_B,NO_CLIENTE,10900,ALTO,0.53,2,179,615,0,0,0,33,RENTA,PREPARATORIA,1
2.01407e+16,120,APROBADA,CLASICA,APROBADO,BUENO,20699.0,,0,9315.0,55.0,12793.0,RECIBO DE NOMINA,ALTO_A,NO_CLIENTE,0,BAJO,0.45,0,213,765,0,0,0,42,PROPIA,LICENCIATURA,1
2.01408e+16,151,APROBADA,CLASICA,APROBADO,BUENO,20699.0,,0,16145.0,22.0,20984.0,DECLARACION ANUAL,MEDIO_B,NO_CLIENTE,0,BAJO,0.78,0,243,732,0,0,0,32,FAMILIARES,POSGRADO,1
2.01406e+16,155,APROBADA,CLASICA,APROBADO,REGULAR,20500.0,,3,22960.0,-12.0,13395.0,INVERSIONES,MEDIO_A,CLIENTE_BANCO,3000,ALTO,1.12,0,212,639,2656,150,0,58,FAMILIARES,LICENCIATURA,1
2.01408e+16,104,APROBADA,CLASICA,APROBADO,REGULAR,20200.0,,1,4646.0,77.0,12274.0,RECIBO DE NOMINA,MEDIO_A,CLIENTE_BANCO,15200,BAJO,0.23,0,220,706,275,250,0,43,PROPIA,POSGRADO,1
2.01408e+16,168,APROBADA,CLASICA,APROBADO,BUENO,20200.0,,1,9696.0,52.0,21437.0,RECIBO DE NOMINA,MEDIO_A,NO_CLIENTE,0,BAJO,0.48,0,220,772,0,0,0,30,HIPOTECA,LICENCIATURA,1
2.01408e+16,184,APROBADA,CLASICA,APROBADO,BUENO,20100.0,,1,13869.0,31.0,11170.0,RECIBO DE NOMINA,MEDIO_A,CLIENTE_BANCO,0,BAJO,0.69,0,273,751,0,0,0,44,FAMILIARES,LICENCIATURA,1
2.01408e+16,166,APROBADA,CLASICA,APROBADO,BUENO,20001.0,,0,15201.0,24.0,11950.0,INVERSIONES,MEDIO_A,CLIENTE_BANCO,8000,BAJO,0.76,0,239,733,1063,250,0,30,HIPOTECA,POSGRADO,1
2.01408e+16,172,APROBADA,CLASICA,APROBADO,BUENO,20000.0,,0,16800.0,16.0,5820.0,RECIBO DE NOMINA,ALTO_B,CLIENTE_BANCO,0,BAJO,0.84,0,189,726,0,0,0,51,PROPIA,LICENCIATURA,1
2.01406e+16,133,APROBADA,CLASICA,APROBADO,BUENO,19800.0,,1,14454.0,27.0,13135.0,INVERSIONES,MEDIO_A,CLIENTE_BANCO,20000,BAJO,0.73,2,161,702,12102,1060,0,53,FAMILIARES,LICENCIATURA,1
2.01408e+16,153,APROBADA,CLASICA,APROBADO,BUENO,19700.0,,0,15957.0,19.0,22936.0,RECIBO DE NOMINA,MEDIO_B,CLIENTE_BANCO,0,BAJO,0.81,0,217,729,0,0,0,52,HIPOTECA,POSGRADO,1
2.01408e+16,153,APROBADA,CLASICA,APROBADO,BUENO,19700.0,,2,22655.0,-15.0,12692.0,RECIBO DE NOMINA,MEDIO_A,CLIENTE_BANCO,9900,BAJO,1.15,0,232,740,7387,420,0,51,RENTA,PREPARATORIA,1
2.01408e+16,123,APROBADA,CLASICA,APROBADO,REGULAR,19500.0,,2,21450.0,-10.0,11066.0,RECIBO DE NOMINA,ALTO_B,CLIENTE_BANCO,0,MEDIO,1.1,0,232,690,0,0,0,25,RENTA,LICENCIATURA,1
2.01407e+16,180,APROBADA,CLASICA,APROBADO,REGULAR,19500.0,,0,5070.0,74.0,10841.0,RECIBO DE NOMINA,ALTO_B,CLIENTE_BANCO,0,BAJO,0.26,0,256,784,0,0,0,35,HIPOTECA,POSGRADO,1
2.01408e+16,103,APROBADA,CLASICA,APROBADO,REGULAR,19300.0,,0,5790.0,70.0,0.0,RECIBO DE NOMINA,ALTO_A,NO_CLIENTE,0,BAJO,0.3,0,196,780,0,0,0,51,RENTA,PREPARATORIA,1
2.01408e+16,183,APROBADA,CLASICA,APROBADO,BUENO,19200.0,,1,8256.0,57.0,11819.0,RECIBO DE NOMINA,MEDIO_A,NO_CLIENTE,0,BAJO,0.43,0,208,777,0,0,0,46,RENTA,LICENCIATURA,1
2.01408e+16,130,APROBADA,CLASICA,APROBADO,BUENO,19100.0,,0,8595.0,55.0,10605.0,RECIBO DE NOMINA,MEDIO_A,CLIENTE_BANCO,50000,BAJO,0.45,0,263,737,3227,300,0,41,HIPOTECA,POSGRADO,1
2.01406e+16,132,APROBADA,CLASICA,APROBADO,REGULAR,19000.0,,2,20330.0,-7.0,0.0,DECLARACION ANUAL,MEDIO_B,CLIENTE_BANCO,0,MEDIO,1.07,0,217,699,0,0,0,37,PROPIA,POSGRADO,1
2.01407e+16,119,APROBADA,CLASICA,APROBADO,REGULAR,18900.0,,0,6237.0,67.0,10030.0,RECIBO DE NOMINA,ALTO_A,NO_CLIENTE,0,BAJO,0.33,0,211,777,0,0,0,44,RENTA,POSGRADO,1
2.01408e+16,214,APROBADA,CLASICA,APROBADO,BUENO,18800.0,,1,3133.0,16.0,5820.0,RECIBO DE NOMINA,ALTO_B,CLIENTE_BANCO,0,BAJO,0.84,0,189,726,0,0,0,51,PROPIA,LICENCIATURA,1
2.01408e+16,158,APROBADA,CLASICA,APROBADO,REGULAR,18700.0,,1,2992.0,84.0,15274.0,RECIBO DE NOMINA,MEDIO_A,NO_CLIENTE,0,BAJO,0.16,0,210,804,0,0,0,27,PROPIA,POSGRADO,1
2.01407e+16,134,APROBADA,CLASICA,APROBADO,BUENO,18600.0,,2,9486.0,49.0,34137.0,INVERSIONES,MEDIO_A,CLIENTE_BANCO,0,BAJO,0.51,0,204,755,0,0,0,28,FAMILIARES,POSGRADO,1
2.01406e+16,156,APROBADA,CLASICA,APROBADO,BUENO,18600.0,,0,2657.0,10.0,16068.0,RECIBO DE NOMINA,MEDIO_B,NO_CLIENTE,0,BAJO,0.9,0,182,720,0,0,0,46,PROPIA,LICENCIATURA,1
2.01407e+16,144,APROBADA,CLASICA,APROBADO,REGULAR,18400.0,,1,4968.0,73.0,7242.0,RECIBO DE NOMINA,MEDIO_A,NO_CLIENTE,0,BAJO,0.27,0,254,793,0,0,0,45,RENTA,LICENCIATURA,1
2.01408e+16,176,APROBADA,CLASICA,APROBADO,REGULAR,18399.0,,2,21343.0,-16.0,14363.0,RECIBO DE NOMINA,MEDIO_B,NO_CLIENTE,0,MEDIO,1.16,0,222,684,0,0,0,35,RENTA,LICENCIATURA,1
2.01408e+16,150,APROBADA,CLASICA,APROBADO,BUENO,18300.0,,2,18117.0,1.0,24966.0,RECIBO DE NOMINA,ALTO_B,CLIENTE_BANCO,0,BAJO,0.99,0,252,701,0,0,0,52,FAMILIARES,LICENCIATURA,1
2.01408e+16,160,APROBADA,CLASICA,APROBADO,REGULAR,18299.0,,0,4758.0,74.0,6053.0,RECIBO DE NOMINA,MEDIO_A,CLIENTE_BANCO,23500,BAJO,0.26,0,247,750,525,0,0,43,RENTA,POSGRADO,1
2.01407e+16,155,APROBADA,CLASICA,APROBADO,BUENO,18000.0,,2,10980.0,39.0,9524.0,RECIBO DE NOMINA,MEDIO_B,NO_CLIENTE,0,BAJO,0.61,0,201,739,0,0,0,52,HIPOTECA,POSGRADO,1
2.01407e+16,167,APROBADA,CLASICA,APROBADO,BUENO,17700.0,,1,14337.0,19.0,7551.0,RECIBO DE NOMINA,MEDIO_B,NO_CLIENTE,0,BAJO,0.81,0,219,739,0,0,0,36,RENTA,LICENCIATURA,1
2.01408e+16,176,APROBADA,CLASICA,APROBADO,BUENO,17700.0,,2,15576.0,12.0,8983.0,RECIBO DE NOMINA,MEDIO_A,CLIENTE_BANCO,16200,BAJO,0.88,0,255,740,6052,250,0,38,PROPIA,PREPARATORIA,1
2.01407e+16,182,APROBADA,CLASICA,APROBADO,REGULAR,17500.0,,0,3500.0,80.0,9732.0,RECIBO DE NOMINA,ALTO_A,CLIENTE_BANCO,0,BAJO,0.2,0,247,790,0,0,0,49,FAMILIARES,PREPARATORIA,1
2.01407e+16,183,APROBADA,CLASICA,APROBADO,BUENO,17400.0,,1,11832.0,32.0,0.0,RECIBO DE NOMINA,ALTO_A,NO_CLIENTE,0,BAJO,0.68,0,204,752,0,0,0,37,FAMILIARES,PREPARATORIA,1
2.01408e+16,198,APROBADA,CLASICA,APROBADO,BUENO,17300.0,,1,2471.0,16.0,5820.0,RECIBO DE NOMINA,ALTO_B,CLIENTE_BANCO,0,BAJO,0.84,0,189,726,0,0,0,51,PROPIA,LICENCIATURA,1
2.01408e+16,130,APROBADA,CLASICA,APROBADO,REGULAR,17000.0,,0,4420.0,74.0,14814.0,RECIBO DE NOMINA,MEDIO_A,NO_CLIENTE,0,BAJO,0.26,0,215,784,0,0,0,26,RENTA,PREPARATORIA,1
2.01408e+16,131,APROBADA,CLASICA,APROBADO,BUENO,17000.0,,1,15640.0,8.0,24262.0,RECIBO DE NOMINA,MEDIO_A,CLIENTE_BANCO,0,BAJO,0.92,0,252,728,0,0,0,35,HIPOTECA,PREPARATORIA,1
2.01408e+16,160,APROBADA,CLASICA,APROBADO,BUENO,17000.0,,0,11560.0,32.0,11072.0,RECIBO DE NOMINA,ALTO_A,CLIENTE_BANCO,0,BAJO,0.68,0,219,742,0,0,0,48,PROPIA,POSGRADO,1
2.01408e+16,168,APROBADA,CLASICA,APROBADO,REGULAR,17000.0,,0,3570.0,79.0,14675.0,RECIBO DE NOMINA,MEDIO_B,CLIENTE_BANCO,0,BAJO,0.21,0,215,789,0,0,0,49,RENTA,POSGRADO,1
2.01408e+16,208,APROBADA,CLASICA,APROBADO,BUENO,17000.0,,0,-284.0,38.0,17851.0,RECIBO DE NOMINA,MEDIO_A,CLIENTE_BANCO,0,BAJO,0.62,0,276,748,0,0,0,59,PROPIA,LICENCIATURA,1
2.01408e+16,197,APROBADA,CLASICA,APROBADO,BUENO,17000.0,,1,340.0,57.0,0.0,RECIBO DE NOMINA,MEDIO_A,NO_CLIENTE,0,BAJO,0.43,0,192,767,0,0,0,46,PROPIA,LICENCIATURA,1
2.01408e+16,142,APROBADA,CLASICA,APROBADO,BUENO,16800.0,,1,12600.0,25.0,0.0,RECIBO DE NOMINA,BAJO_B,NO_CLIENTE,0,BAJO,0.75,0,203,745,0,0,0,35,PROPIA,LICENCIATURA,1
2.01408e+16,187,APROBADA,CLASICA,APROBADO,BUENO,16800.0,,2,8904.0,47.0,23455.0,RECIBO DE NOMINA,MEDIO_B,NO_CLIENTE,0,BAJO,0.53,0,217,747,0,0,0,36,HIPOTECA,POSGRADO,1
2.01408e+16,104,APROBADA,CLASICA,APROBADO,BUENO,16600.0,,1,7636.0,54.0,33469.0,RECIBO DE NOMINA,ALTO_B,NO_CLIENTE,0,BAJO,0.46,0,208,774,0,0,0,41,PROPIA,POSGRADO,1
2.01408e+16,158,APROBADA,CLASICA,APROBADO,BUENO,16600.0,,1,16932.0,-2.0,9228.0,RECIBO DE NOMINA,MEDIO_A,CLIENTE_BANCO,0,BAJO,1.02,0,243,718,0,0,0,56,HIPOTECA,POSGRADO,1
2.01408e+16,157,APROBADA,CLASICA,APROBADO,REGULAR,16500.0,,0,10065.0,39.0,17199.0,RECIBO DE NOMINA,MEDIO_A,CLIENTE_BANCO,7000,MEDIO,0.61,0,203,695,4551,0,0,47,FAMILIARES,LICENCIATURA,1
2.01408e+16,161,APROBADA,CLASICA,APROBADO,BUENO,16300.0,,0,13040.0,20.0,26655.0,RECIBO DE NOMINA,ALTO_B,CLIENTE_BANCO,10500,BAJO,0.8,0,263,730,0,0,0,38,FAMILIARES,POSGRADO,1
2.01408e+16,163,APROBADA,CLASICA,APROBADO,BUENO,16300.0,,2,15485.0,5.0,18182.0,RECIBO DE NOMINA,MEDIO_B,NO_CLIENTE,0,BAJO,0.95,0,227,705,0,0,0,26,PROPIA,LICENCIATURA,1
2.01406e+16,168,APROBADA,CLASICA,APROBADO,BUENO,16300.0,,0,7987.0,51.0,9080.0,RECIBO DE NOMINA,MEDIO_A,NO_CLIENTE,0,BAJO,0.49,0,219,761,0,0,0,47,RENTA,PREPARATORIA,1
2.01407e+16,111,APROBADA,CLASICA,APROBADO,BUENO,16200.0,,2,18792.0,-16.0,39916.0,RECIBO DE NOMINA,MEDIO_A,CLIENTE_BANCO,324000,BAJO,1.16,0,207,740,71956,4050,0,50,HIPOTECA,PREPARATORIA,1
2.01408e+16,187,APROBADA,CLASICA,APROBADO,BUENO,16200.0,,0,6642.0,59.0,17340.0,RECIBO DE NOMINA,MEDIO_A,CLIENTE_BANCO,24300,BAJO,0.41,0,207,769,0,0,0,55,FAMILIARES,POSGRADO,1
2.01408e+16,192,APROBADA,CLASICA,APROBADO,BUENO,16200.0,,2,15714.0,3.0,0.0,INVERSIONES,MEDIO_A,CLIENTE_BANCO,7000,BAJO,0.97,0,178,711,1027,250,0,29,PROPIA,PREPARATORIA,1
2.01407e+16,113,APROBADA,CLASICA,APROBADO,BUENO,16100.0,,2,10787.0,33.0,16233.0,RECIBO DE NOMINA,ALTO_B,CLIENTE_BANCO,0,BAJO,0.67,0,211,733,0,0,0,32,PROPIA,PREPARATORIA,1
2.01408e+16,141,APROBADA,CLASICA,APROBADO,REGULAR,16099.0,,0,3703.0,77.0,25633.0,INVERSIONES,MEDIO_A,CLIENTE_BANCO,21100,BAJO,0.23,0,218,704,19048,1160,0,40,HIPOTECA,PREPARATORIA,1
2.01408e+16,181,APROBADA,CLASICA,APROBADO,BUENO,16000.0,,1,9280.0,42.0,16542.0,RECIBO DE NOMINA,ALTO_A,CLIENTE_BANCO,0,BAJO,0.58,0,212,762,0,0,0,49,PROPIA,POSGRADO,1
2.01408e+16,182,APROBADA,CLASICA,APROBADO,BUENO,15999.0,,1,13279.0,17.0,11853.0,RECIBO DE NOMINA,ALTO_B,CLIENTE_BANCO,0,BAJO,0.83,0,245,737,0,0,0,28,PROPIA,LICENCIATURA,1
2.01408e+16,108,APROBADA,CLASICA,APROBADO,BUENO,15900.0,,2,10017.0,37.0,13381.0,RECIBO DE NOMINA,MEDIO_B,NO_CLIENTE,0,BAJO,0.63,0,223,737,0,0,0,44,RENTA,POSGRADO,1
2.01408e+16,147,APROBADA,CLASICA,APROBADO,BUENO,15900.0,,0,12879.0,19.0,9574.0,RECIBO DE NOMINA,MEDIO_B,NO_CLIENTE,0,BAJO,0.81,0,217,729,0,0,0,29,RENTA,POSGRADO,1
2.01408e+16,175,APROBADA,CLASICA,APROBADO,BUENO,15800.0,,0,13272.0,16.0,7915.0,RECIBO DE NOMINA,MEDIO_B,CLIENTE_BANCO,1,BAJO,0.84,0,212,726,0,0,0,50,FAMILIARES,POSGRADO,1
2.01407e+16,168,APROBADA,CLASICA,APROBADO,REGULAR,15600.0,,0,6084.0,61.0,9828.0,RECIBO DE NOMINA,MEDIO_A,CLIENTE_BANCO,0,BAJO,0.39,0,203,771,0,0,0,36,FAMILIARES,LICENCIATURA,1
2.01408e+16,151,APROBADA,CLASICA,APROBADO,REGULAR,15499.0,,1,17204.0,-11.0,23636.0,INVERSIONES,MEDIO_A,CLIENTE_BANCO,89500,MEDIO,1.11,0,223,685,9781,4460,0,38,FAMILIARES,PREPARATORIA,1
2.01408e+16,141,APROBADA,CLASICA,APROBADO,BUENO,15400.0,,2,12628.0,18.0,11408.0,RECIBO DE NOMINA,ALTO_B,CLIENTE_BANCO,0,BAJO,0.82,0,260,718,0,0,0,48,FAMILIARES,POSGRADO,1
2.01408e+16,161,APROBADA,CLASICA,APROBADO,REGULAR,15400.0,,1,4774.0,69.0,0.0,RECIBO DE NOMINA,ALTO_A,CLIENTE_BANCO,8700,BAJO,0.31,1,166,711,7016,410,0,54,HIPOTECA,PREPARATORIA,1
2.01408e+16,188,APROBADA,CLASICA,APROBADO,REGULAR,15400.0,,0,14784.0,4.0,12464.0,RECIBO DE NOMINA,MEDIO_A,CLIENTE_BANCO,3000,MEDIO,0.96,0,207,695,3047,320,0,42,FAMILIARES,PREPARATORIA,1
2.01406e+16,154,APROBADA,CLASICA,APROBADO,BUENO,15200.0,,0,2171.0,10.0,16068.0,RECIBO DE NOMINA,MEDIO_B,NO_CLIENTE,0,BAJO,0.9,0,182,720,0,0,0,46,PROPIA,LICENCIATURA,1
2.01408e+16,134,APROBADA,CLASICA,APROBADO,REGULAR,15100.0,,1,17063.0,-13.0,14353.0,RECIBO DE NOMINA,MEDIO_A,CLIENTE_BANCO,30500,MEDIO,1.13,0,211,680,30455,0,0,43,HIPOTECA,POSGRADO,1
2.01407e+16,146,APROBADA,CLASICA,APROBADO,REGULAR,15100.0,,0,3926.0,74.0,11681.0,RECIBO DE NOMINA,ALTO_B,NO_CLIENTE,0,BAJO,0.26,0,187,784,0,0,0,41,HIPOTECA,LICENCIATURA,1
2.01408e+16,101,APROBADA,CLASICA,APROBADO,BUENO,15000.0,,2,14850.0,1.0,12968.0,RECIBO DE NOMINA,ALTO_B,CLIENTE_BANCO,0,BAJO,0.99,0,207,701,0,0,0,30,PROPIA,LICENCIATURA,1
2.01407e+16,115,APROBADA,CLASICA,APROBADO,BUENO,15000.0,,1,11400.0,24.0,0.0,INVERSIONES,MEDIO_B,CLIENTE_BANCO,0,BAJO,0.76,0,227,744,0,0,0,57,RENTA,PREPARATORIA,1
2.01408e+16,129,APROBADA,CLASICA,APROBADO,REGULAR,15000.0,,0,4050.0,73.0,0.0,RECIBO DE NOMINA,ALTO_A,NO_CLIENTE,0,BAJO,0.27,1,179,783,0,0,0,33,RENTA,POSGRADO,1
2.01408e+16,133,APROBADA,CLASICA,APROBADO,BUENO,15000.0,,0,12300.0,18.0,0.0,RECIBO DE NOMINA,BAJO_B,NO_CLIENTE,0,BAJO,0.82,1,172,728,0,0,0,49,FAMILIARES,POSGRADO,1
2.01408e+16,143,APROBADA,CLASICA,APROBADO,BUENO,15000.0,,1,16950.0,-13.0,10223.0,RECIBO DE NOMINA,MEDIO_B,NO_CLIENTE,0,BAJO,1.13,0,224,707,0,0,0,39,FAMILIARES,POSGRADO,1
2.01407e+16,154,APROBADA,CLASICA,APROBADO,BUENO,15000.0,,2,12000.0,20.0,0.0,RECIBO DE NOMINA,BAJO_B,NO_CLIENTE,0,BAJO,0.8,0,196,720,0,0,0,58,FAMILIARES,POSGRADO,1
2.01408e+16,155,APROBADA,CLASICA,APROBADO,REGULAR,15000.0,,0,3000.0,80.0,0.0,RECIBO DE NOMINA,ALTO_B,NO_CLIENTE,0,BAJO,0.2,0,208,790,0,0,0,38,HIPOTECA,LICENCIATURA,1
2.01408e+16,171,APROBADA,CLASICA,APROBADO,BUENO,15000.0,,2,14400.0,4.0,0.0,RECIBO DE NOMINA,BAJO_B,NO_CLIENTE,0,BAJO,0.96,0,191,704,0,0,0,26,HIPOTECA,PREPARATORIA,1
2.01408e+16,180,APROBADA,CLASICA,APROBADO,BUENO,15000.0,,2,17100.0,-14.0,11409.0,RECIBO DE NOMINA,MEDIO_A,CLIENTE_BANCO,15000,BAJO,1.14,0,219,710,9675,740,0,38,HIPOTECA,POSGRADO,1
2.01407e+16,183,APROBADA,CLASICA,APROBADO,REGULAR,15000.0,,2,16200.0,-8.0,0.0,RECIBO DE NOMINA,MEDIO_B,CLIENTE_BANCO,0,MEDIO,1.08,0,224,692,0,0,0,52,RENTA,POSGRADO,1
2.01407e+16,192,APROBADA,CLASICA,APROBADO,BUENO,15000.0,,1,9300.0,38.0,0.0,INVERSIONES,BAJO_B,CLIENTE_BANCO,3000,BAJO,0.62,0,179,723,1070,250,0,43,PROPIA,PREPARATORIA,1
2.01408e+16,192,APROBADA,CLASICA,APROBADO,REGULAR,15000.0,,1,5700.0,62.0,0.0,RECIBO DE NOMINA,MEDIO_A,NO_CLIENTE,0,BAJO,0.38,0,240,782,0,0,0,43,FAMILIARES,POSGRADO,1
2.01408e+16,185,APROBADA,CLASICA,APROBADO,BUENO,15000.0,,1,0.0,48.0,66102.0,RECIBO DE NOMINA,MEDIO_B,CLIENTE_BANCO,0,BAJO,0.52,0,220,758,0,0,0,43,PROPIA,LICENCIATURA,1
2.01407e+16,142,APROBADA,CLASICA,APROBADO,REGULAR,14900.0,,1,4172.0,72.0,10269.0,DECLARACION ANUAL,ALTO_B,NO_CLIENTE,0,BAJO,0.28,0,224,792,0,0,0,46,HIPOTECA,PREPARATORIA,1
2.01407e+16,190,APROBADA,CLASICA,APROBADO,BUENO,14800.0,,0,13912.0,6.0,0.0,RECIBO DE NOMINA,MEDIO_A,CLIENTE_BANCO,87000,BAJO,0.94,0,224,744,7581,1090,0,56,FAMILIARES,PREPARATORIA,1
2.01408e+16,115,APROBADA,CLASICA,APROBADO,REGULAR,14700.0,,1,4704.0,68.0,10902.0,RECIBO DE NOMINA,ALTO_B,NO_CLIENTE,0,BAJO,0.32,0,237,788,0,0,0,26,RENTA,PREPARATORIA,1
2.01408e+16,194,APROBADA,CLASICA,APROBADO,BUENO,14700.0,,2,8967.0,39.0,8160.0,RECIBO DE NOMINA,MEDIO_A,CLIENTE_BANCO,0,BAJO,0.61,0,244,739,0,0,0,44,HIPOTECA,POSGRADO,1
2.01408e+16,125,APROBADA,CLASICA,APROBADO,REGULAR,14600.0,,2,16498.0,-13.0,18611.0,RECIBO DE NOMINA,MEDIO_B,NO_CLIENTE,0,MEDIO,1.13,0,221,687,0,0,0,31,RENTA,LICENCIATURA,1
2.01408e+16,167,APROBADA,CLASICA,APROBADO,REGULAR,14600.0,,0,2336.0,84.0,8893.0,RECIBO DE NOMINA,MEDIO_A,NO_CLIENTE,0,BAJO,0.16,0,221,794,0,0,0,53,PROPIA,POSGRADO,1
2.01407e+16,169,APROBADA,CLASICA,APROBADO,BUENO,14400.0,,0,7776.0,46.0,7975.0,RECIBO DE NOMINA,ALTO_A,CLIENTE_BANCO,21200,BAJO,0.54,0,238,756,283,270,0,27,RENTA,POSGRADO,1
2.01406e+16,173,APROBADA,CLASICA,APROBADO,BUENO,14300.0,,2,9438.0,34.0,11023.0,RECIBO DE NOMINA,ALTO_A,NO_CLIENTE,0,BAJO,0.66,0,209,765,0,0,0,49,FAMILIARES,PREPARATORIA,1
2.01407e+16,142,APROBADA,CLASICA,APROBADO,REGULAR,14100.0,,0,2256.0,84.0,11596.0,RECIBO DE NOMINA,MEDIO_A,NO_CLIENTE,0,BAJO,0.16,0,226,794,0,0,0,40,RENTA,POSGRADO,1
2.01408e+16,102,APROBADA,CLASICA,APROBADO,REGULAR,14000.0,,1,4760.0,66.0,10828.0,RECIBO DE NOMINA,ALTO_A,CLIENTE_BANCO,0,BAJO,0.34,0,234,786,0,0,0,28,PROPIA,PREPARATORIA,1
2.01408e+16,126,APROBADA,CLASICA,APROBADO,BUENO,14000.0,,0,-175.0,25.0,6628.0,RECIBO DE NOMINA,MEDIO_B,NO_CLIENTE,0,BAJO,0.75,0,216,735,0,0,0,42,PROPIA,LICENCIATURA,1
2.01408e+16,139,APROBADA,CLASICA,APROBADO,BUENO,13900.0,,1,16263.0,-17.0,13637.0,RECIBO DE NOMINA,MEDIO_A,CLIENTE_BANCO,22300,BAJO,1.17,0,218,740,9475,0,0,49,HIPOTECA,LICENCIATURA,1
2.01408e+16,186,APROBADA,CLASICA,APROBADO,REGULAR,13900.0,,1,2641.0,81.0,7715.0,RECIBO DE NOMINA,MEDIO_A,CLIENTE_BANCO,0,BAJO,0.19,0,261,801,0,0,0,38,FAMILIARES,POSGRADO,1
2.01406e+16,190,APROBADA,CLASICA,APROBADO,BUENO,13800.0,,1,11454.0,17.0,8829.0,RECIBO DE NOMINA,MEDIO_B,NO_CLIENTE,0,BAJO,0.83,0,224,737,0,0,0,32,RENTA,POSGRADO,1
2.01408e+16,137,APROBADA,CLASICA,APROBADO,BUENO,13500.0,,2,14580.0,-8.0,0.0,RECIBO DE NOMINA,ALTO_A,CLIENTE_BANCO,31502,BAJO,1.08,1,174,723,2906,0,0,43,PROPIA,PREPARATORIA,1
2.01406e+16,155,APROBADA,CLASICA,APROBADO,REGULAR,13500.0,,1,2025.0,85.0,4113.0,RECIBO DE NOMINA,ALTO_A,CLIENTE_BANCO,0,BAJO,0.15,0,132,805,0,0,0,49,FAMILIARES,PREPARATORIA,1
2.01407e+16,185,APROBADA,CLASICA,APROBADO,REGULAR,13500.0,,0,2025.0,85.0,7087.0,INVERSIONES,ALTO_A,NO_CLIENTE,0,BAJO,0.15,0,222,795,0,0,0,52,PROPIA,POSGRADO,1
2.01406e+16,126,APROBADA,CLASICA,APROBADO,BUENO,13300.0,,0,10507.0,21.0,10319.0,RECIBO DE NOMINA,MEDIO_B,NO_CLIENTE,0,BAJO,0.79,0,207,731,0,0,0,38,RENTA,PREPARATORIA,1
2.01408e+16,170,APROBADA,CLASICA,APROBADO,REGULAR,13300.0,,0,4389.0,67.0,13950.0,RECIBO DE NOMINA,ALTO_A,NO_CLIENTE,0,BAJO,0.33,0,224,777,0,0,0,33,RENTA,LICENCIATURA,1
2.01407e+16,193,APROBADA,CLASICA,APROBADO,REGULAR,13300.0,,0,3192.0,76.0,7630.0,INVERSIONES,MEDIO_A,NO_CLIENTE,0,BAJO,0.24,0,233,786,0,0,0,52,PROPIA,PREPARATORIA,1
2.01408e+16,129,APROBADA,CLASICA,APROBADO,REGULAR,13200.0,,0,5280.0,60.0,0.0,RECIBO DE NOMINA,ALTO_A,CLIENTE_BANCO,0,BAJO,0.4,0,193,770,0,0,0,46,HIPOTECA,PREPARATORIA,1
2.01408e+16,135,APROBADA,CLASICA,APROBADO,REGULAR,13000.0,,2,14690.0,-13.0,10186.0,RECIBO DE NOMINA,MEDIO_A,CLIENTE_BANCO,1,MEDIO,1.13,0,267,687,0,0,0,38,RENTA,POSGRADO,1
2.01408e+16,162,APROBADA,CLASICA,APROBADO,BUENO,13000.0,,2,7020.0,46.0,9385.0,RECIBO DE NOMINA,ALTO_B,CLIENTE_BANCO,0,BAJO,0.54,0,213,746,0,0,0,36,RENTA,POSGRADO,1
2.01408e+16,184,APROBADA,CLASICA,APROBADO,BUENO,13000.0,,2,11310.0,13.0,15930.0,RECIBO DE NOMINA,ALTO_B,CLIENTE_BANCO,0,BAJO,0.87,0,223,713,0,0,0,29,RENTA,PREPARATORIA,1
2.01408e+16,199,APROBADA,CLASICA,APROBADO,BUENO,13000.0,,1,5460.0,58.0,8111.0,RECIBO DE NOMINA,ALTO_A,CLIENTE_BANCO,0,BAJO,0.42,0,226,778,0,0,0,47,HIPOTECA,POSGRADO,1
2.01408e+16,101,APROBADA,CLASICA,APROBADO,REGULAR,12900.0,,1,4257.0,67.0,11955.0,RECIBO DE NOMINA,MEDIO_B,NO_CLIENTE,0,BAJO,0.33,0,217,787,0,0,0,57,HIPOTECA,LICENCIATURA,1
2.01408e+16,182,APROBADA,CLASICA,APROBADO,BUENO,12900.0,,1,8643.0,33.0,0.0,INVERSIONES,ALTO_A,NO_CLIENTE,0,BAJO,0.67,0,167,753,0,0,0,40,RENTA,PREPARATORIA,1
2.01407e+16,167,APROBADA,CLASICA,APROBADO,BUENO,12899.0,,0,2150.0,55.0,12793.0,RECIBO DE NOMINA,MEDIO_A,NO_CLIENTE,0,BAJO,0.45,0,213,765,0,0,0,42,PROPIA,LICENCIATURA,1
2.01407e+16,165,APROBADA,CLASICA,APROBADO,BUENO,12800.0,,1,7552.0,41.0,9995.0,RECIBO DE NOMINA,ALTO_A,NO_CLIENTE,0,BAJO,0.59,0,204,761,0,0,0,25,PROPIA,POSGRADO,1
2.01408e+16,134,APROBADA,CLASICA,APROBADO,REGULAR,12600.0,,0,6174.0,51.0,17993.0,RECIBO DE NOMINA,MEDIO_A,CLIENTE_BANCO,7000,MEDIO,0.49,0,261,699,4237,0,0,58,RENTA,POSGRADO,1
2.01408e+16,164,APROBADA,CLASICA,APROBADO,BUENO,12600.0,,1,5418.0,57.0,7018.0,RECIBO DE NOMINA,MEDIO_A,NO_CLIENTE,0,BAJO,0.43,0,242,777,0,0,0,60,HIPOTECA,PREPARATORIA,1
2.01408e+16,155,APROBADA,CLASICA,APROBADO,REGULAR,12599.0,,1,4158.0,67.0,16465.0,INVERSIONES,MEDIO_A,CLIENTE_BANCO,69000,BAJO,0.33,0,202,723,9340,0,0,38,FAMILIARES,LICENCIATURA,1
2.01408e+16,199,APROBADA,CLASICA,APROBADO,BUENO,12400.0,,0,6820.0,45.0,0.0,INVERSIONES,MEDIO_A,CLIENTE_BANCO,17500,BAJO,0.55,0,183,725,30,30,0,57,HIPOTECA,PREPARATORIA,1
2.01408e+16,152,APROBADA,CLASICA,APROBADO,REGULAR,12300.0,,1,4059.0,67.0,0.0,INVERSIONES,ALTO_A,CLIENTE_BANCO,0,BAJO,0.33,0,204,787,0,0,0,48,FAMILIARES,PREPARATORIA,1
2.01406e+16,111,APROBADA,CLASICA,APROBADO,REGULAR,12100.0,,1,4356.0,64.0,20229.0,RECIBO DE NOMINA,MEDIO_A,CLIENTE_BANCO,0,BAJO,0.36,1,187,784,0,0,0,38,HIPOTECA,POSGRADO,1
2.01408e+16,105,APROBADA,CLASICA,APROBADO,BUENO,12000.0,,1,13800.0,-15.0,19273.0,RECIBO DE NOMINA,ALTO_B,CLIENTE_BANCO,0,BAJO,1.15,0,240,705,0,0,0,29,HIPOTECA,LICENCIATURA,1
2.01408e+16,154,APROBADA,CLASICA,APROBADO,BUENO,12000.0,,1,-200.0,53.0,11276.0,RECIBO DE NOMINA,MEDIO_A,NO_CLIENTE,0,BAJO,0.47,0,209,763,0,0,0,60,PROPIA,LICENCIATURA,1
2.01407e+16,153,APROBADA,CLASICA,APROBADO,BUENO,11999.0,,0,2400.0,55.0,12793.0,RECIBO DE NOMINA,MEDIO_A,NO_CLIENTE,0,BAJO,0.45,0,213,765,0,0,0,42,PROPIA,LICENCIATURA,1
2.01407e+16,114,APROBADA,CLASICA,APROBADO,BUENO,11900.0,,2,7854.0,34.0,0.0,RECIBO DE NOMINA,BAJO_B,NO_CLIENTE,0,BAJO,0.66,0,177,734,0,0,0,39,RENTA,POSGRADO,1
2.01407e+16,109,APROBADA,CLASICA,APROBADO,REGULAR,11800.0,,0,2950.0,75.0,10967.0,INVERSIONES,ALTO_A,NO_CLIENTE,0,BAJO,0.25,0,199,785,0,0,0,36,FAMILIARES,POSGRADO,1
2.01408e+16,155,APROBADA,CLASICA,APROBADO,REGULAR,11800.0,,0,4248.0,64.0,1879.0,RECIBO DE NOMINA,MEDIO_A,CLIENTE_BANCO,33000,MEDIO,0.36,0,241,685,7695,1500,0,41,PROPIA,POSGRADO,1
2.01408e+16,196,APROBADA,CLASICA,APROBADO,BUENO,11800.0,,1,8850.0,25.0,9701.0,RECIBO DE NOMINA,MEDIO_B,NO_CLIENTE,0,BAJO,0.75,0,221,745,0,0,0,25,FAMILIARES,POSGRADO,1
2.01407e+16,145,APROBADA,CLASICA,APROBADO,BUENO,11799.0,,1,6961.0,41.0,10735.0,INVERSIONES,ALTO_B,NO_CLIENTE,0,BAJO,0.59,0,233,761,0,0,0,40,HIPOTECA,LICENCIATURA,1
2.01407e+16,154,APROBADA,CLASICA,APROBADO,REGULAR,11700.0,,3,12402.0,-6.0,14846.0,RECIBO DE NOMINA,MEDIO_A,CLIENTE_BANCO,13200,MEDIO,1.06,0,200,657,3055,250,0,60,RENTA,PREPARATORIA,1
2.01408e+16,158,APROBADA,CLASICA,APROBADO,BUENO,11700.0,,2,13221.0,-13.0,8240.0,RECIBO DE NOMINA,MEDIO_A,CLIENTE_BANCO,49100,BAJO,1.13,0,214,727,4336,500,0,41,FAMILIARES,PREPARATORIA,1
2.01407e+16,135,APROBADA,CLASICA,APROBADO,BUENO,11600.0,,0,8816.0,24.0,6451.0,RECIBO DE NOMINA,MEDIO_A,NO_CLIENTE,0,BAJO,0.76,0,242,734,0,0,0,32,PROPIA,PREPARATORIA,1
2.01408e+16,151,APROBADA,CLASICA,APROBADO,BUENO,11600.0,,1,11252.0,3.0,17511.0,RECIBO DE NOMINA,MEDIO_B,NO_CLIENTE,0,BAJO,0.97,0,215,723,0,0,0,36,RENTA,PREPARATORIA,1
2.01408e+16,162,APROBADA,CLASICA,APROBADO,REGULAR,11500.0,,1,3335.0,71.0,6396.0,RECIBO DE NOMINA,MEDIO_A,CLIENTE_BANCO,0,BAJO,0.29,0,256,791,0,0,0,57,HIPOTECA,PREPARATORIA,1
2.01407e+16,193,APROBADA,CLASICA,APROBADO,REGULAR,11400.0,,2,12084.0,-6.0,17342.0,INVERSIONES,MEDIO_B,NO_CLIENTE,0,MEDIO,1.06,0,236,694,0,0,0,28,HIPOTECA,LICENCIATURA,1
2.01406e+16,173,APROBADA,CLASICA,APROBADO,REGULAR,11300.0,,2,12882.0,-14.0,16578.0,INVERSIONES,MEDIO_A,CLIENTE_BANCO,164199,ALTO,1.14,0,187,622,58447,5770,0,35,HIPOTECA,POSGRADO,1
2.01408e+16,105,APROBADA,CLASICA,APROBADO,REGULAR,11200.0,,0,3472.0,69.0,0.0,RECIBO DE NOMINA,MEDIO_A,NO_CLIENTE,0,BAJO,0.31,0,180,779,0,0,0,32,HIPOTECA,LICENCIATURA,1
2.01408e+16,184,APROBADA,CLASICA,APROBADO,REGULAR,11099.0,,1,3108.0,72.0,11026.0,RECIBO DE NOMINA,ALTO_A,CLIENTE_BANCO,19000,BAJO,0.28,0,208,767,1088,250,0,52,RENTA,LICENCIATURA,1
2.01407e+16,127,APROBADA,CLASICA,APROBADO,REGULAR,11000.0,,3,9900.0,10.0,0.0,RECIBO DE NOMINA,BAJO_B,NO_CLIENTE,9900,ALTO,0.9,0,191,630,0,0,0,57,PROPIA,LICENCIATURA,1
2.01408e+16,146,APROBADA,CLASICA,APROBADO,BUENO,11000.0,,1,13090.0,-19.0,17790.0,RECIBO DE NOMINA,ALTO_B,CLIENTE_BANCO,0,BAJO,1.19,0,224,701,0,0,0,47,RENTA,POSGRADO,1
2.01408e+16,121,APROBADA,CLASICA,APROBADO,REGULAR,10800.0,,0,5400.0,50.0,29577.0,RECIBO DE NOMINA,MEDIO_A,CLIENTE_BANCO,37000,MEDIO,0.5,0,214,689,31373,800,0,56,RENTA,LICENCIATURA,1
2.01408e+16,101,APROBADA,CLASICA,APROBADO,REGULAR,10700.0,,2,11770.0,-10.0,0.0,RECIBO DE NOMINA,ALTO_B,NO_CLIENTE,0,MEDIO,1.1,0,213,690,0,0,0,36,RENTA,LICENCIATURA,1
2.01408e+16,117,APROBADA,CLASICA,APROBADO,BUENO,10700.0,,2,10165.0,5.0,14616.0,RECIBO DE NOMINA,MEDIO_A,CLIENTE_BANCO,20100,BAJO,0.95,0,220,744,2271,260,0,58,FAMILIARES,POSGRADO,1
2.01407e+16,147,APROBADA,CLASICA,APROBADO,REGULAR,10600.0,,2,11236.0,-6.0,10592.0,RECIBO DE NOMINA,MEDIO_A,NO_CLIENTE,0,MEDIO,1.06,0,250,694,0,0,0,42,HIPOTECA,POSGRADO,1
2.01408e+16,172,APROBADA,CLASICA,APROBADO,REGULAR,10500.0,,1,1680.0,84.0,0.0,RECIBO DE NOMINA,ALTO_A,NO_CLIENTE,0,BAJO,0.16,0,195,804,0,0,0,55,PROPIA,POSGRADO,1
2.01406e+16,179,APROBADA,CLASICA,APROBADO,REGULAR,10500.0,,0,3885.0,63.0,13976.0,RECIBO DE NOMINA,MEDIO_A,NO_CLIENTE,0,BAJO,0.37,0,195,773,0,0,0,33,PROPIA,LICENCIATURA,1
2.01407e+16,184,APROBADA,CLASICA,APROBADO,REGULAR,10500.0,,0,2940.0,72.0,10471.0,RECIBO DE NOMINA,ALTO_A,CLIENTE_BANCO,0,BAJO,0.28,0,257,782,0,0,0,55,RENTA,LICENCIATURA,1
2.01408e+16,127,APROBADA,CLASICA,APROBADO,BUENO,10400.0,,0,5720.0,45.0,0.0,INVERSIONES,ALTO_B,NO_CLIENTE,5000,BAJO,0.55,0,195,755,0,0,0,36,HIPOTECA,POSGRADO,1
2.01408e+16,185,APROBADA,CLASICA,APROBADO,BUENO,10399.0,,0,4368.0,58.0,5145.0,INVERSIONES,MEDIO_A,CLIENTE_BANCO,14000,BAJO,0.42,0,251,767,553,0,0,58,HIPOTECA,POSGRADO,1
2.01408e+16,162,APROBADA,CLASICA,APROBADO,BUENO,10300.0,,1,8755.0,15.0,0.0,RECIBO DE NOMINA,MEDIO_A,NO_CLIENTE,0,BAJO,0.85,1,170,735,0,0,0,35,RENTA,PREPARATORIA,1
2.01407e+16,150,APROBADA,CLASICA,APROBADO,BUENO,10200.0,,2,6936.0,32.0,12257.0,RECIBO DE NOMINA,ALTO_A,NO_CLIENTE,0,BAJO,0.68,0,231,782,0,0,0,37,RENTA,POSGRADO,1
2.01408e+16,117,APROBADA,CLASICA,APROBADO,BUENO,10099.0,,1,10301.0,-2.0,12905.0,INVERSIONES,MEDIO_B,CLIENTE_BANCO,0,BAJO,1.02,0,198,718,0,0,0,31,HIPOTECA,LICENCIATURA,1
2.01408e+16,102,APROBADA,CLASICA,APROBADO,BUENO,10000.0,,1,7100.0,29.0,13187.0,RECIBO DE NOMINA,MEDIO_A,CLIENTE_BANCO,0,BAJO,0.71,0,227,749,0,0,0,25,FAMILIARES,PREPARATORIA,1
2.01408e+16,106,APROBADA,CLASICA,APROBADO,BUENO,10000.0,,1,8900.0,11.0,36248.0,RECIBO DE NOMINA,ALTO_B,CLIENTE_BANCO,0,BAJO,0.89,0,239,731,0,0,0,58,PROPIA,PREPARATORIA,1
2.01408e+16,113,APROBADA,CLASICA,APROBADO,REGULAR,10000.0,,0,4000.0,60.0,0.0,RECIBO DE NOMINA,MEDIO_A,CLIENTE_BANCO,0,BAJO,0.4,0,232,770,0,0,0,25,FAMILIARES,LICENCIATURA,1
2.01408e+16,126,APROBADA,CLASICA,APROBADO,BUENO,10000.0,,0,9800.0,2.0,0.0,RECIBO DE NOMINA,BAJO_B,NO_CLIENTE,0,BAJO,0.98,1,184,712,0,0,0,37,HIPOTECA,PREPARATORIA,1
2.01406e+16,134,APROBADA,CLASICA,APROBADO,BUENO,10000.0,,0,7600.0,24.0,19110.0,RECIBO DE NOMINA,ALTO_B,CLIENTE_BANCO,0,BAJO,0.76,0,182,734,0,0,0,38,PROPIA,LICENCIATURA,1
2.01408e+16,141,APROBADA,CLASICA,APROBADO,BUENO,10000.0,,0,8500.0,15.0,0.0,RECIBO DE NOMINA,ALTO_A,CLIENTE_BANCO,0,BAJO,0.85,0,211,725,0,0,0,57,HIPOTECA,LICENCIATURA,1
2.01408e+16,145,APROBADA,CLASICA,APROBADO,REGULAR,10000.0,,2,10700.0,-7.0,0.0,RECIBO DE NOMINA,BAJO_B,NO_CLIENTE,0,MEDIO,1.07,0,188,693,0,0,0,40,FAMILIARES,POSGRADO,1
2.01408e+16,145,APROBADA,CLASICA,APROBADO,BUENO,10000.0,,0,9000.0,10.0,0.0,RECIBO DE NOMINA,MEDIO_B,NO_CLIENTE,0,BAJO,0.9,0,199,720,0,0,0,60,FAMILIARES,POSGRADO,1
2.01408e+16,147,APROBADA,CLASICA,APROBADO,REGULAR,10000.0,,2,11600.0,-16.0,9757.0,RECIBO DE NOMINA,ALTO_B,CLIENTE_BANCO,0,MEDIO,1.16,0,223,684,0,0,0,42,RENTA,POSGRADO,1
2.01408e+16,153,APROBADA,CLASICA,APROBADO,BUENO,10000.0,,2,5200.0,48.0,11741.0,RECIBO DE NOMINA,MEDIO_B,NO_CLIENTE,0,BAJO,0.52,0,235,748,0,0,0,27,PROPIA,LICENCIATURA,1
2.01408e+16,154,APROBADA,CLASICA,APROBADO,BUENO,10000.0,,2,9000.0,10.0,15906.0,RECIBO DE NOMINA,MEDIO_A,CLIENTE_BANCO,6400,BAJO,0.9,0,219,733,4471,270,0,51,FAMILIARES,LICENCIATURA,1
2.01408e+16,157,APROBADA,CLASICA,APROBADO,REGULAR,10000.0,,0,3600.0,64.0,0.0,RECIBO DE NOMINA,ALTO_A,CLIENTE_BANCO,0,BAJO,0.36,0,225,774,0,0,0,50,RENTA,LICENCIATURA,1
2.01408e+16,168,APROBADA,CLASICA,APROBADO,BUENO,10000.0,,1,10700.0,-7.0,0.0,RECIBO DE NOMINA,MEDIO_B,NO_CLIENTE,0,BAJO,1.07,0,218,713,0,0,0,40,HIPOTECA,PREPARATORIA,1
2.01407e+16,169,APROBADA,CLASICA,APROBADO,BUENO,10000.0,,1,6000.0,40.0,0.0,INVERSIONES,ALTO_A,NO_CLIENTE,0,BAJO,0.6,0,207,760,0,0,0,56,FAMILIARES,LICENCIATURA,1
2.01407e+16,172,APROBADA,CLASICA,APROBADO,BUENO,10000.0,,2,6000.0,40.0,0.0,RECIBO DE NOMINA,MEDIO_B,NO_CLIENTE,0,BAJO,0.6,0,215,740,0,0,0,51,PROPIA,POSGRADO,1
2.01407e+16,172,APROBADA,CLASICA,APROBADO,REGULAR,10000.0,,3,10400.0,-4.0,0.0,RECIBO DE NOMINA,MEDIO_B,NO_CLIENTE,10000,ALTO,1.04,0,231,589,0,0,0,55,FAMILIARES,POSGRADO,1
2.01407e+16,179,APROBADA,CLASICA,APROBADO,REGULAR,10000.0,,1,1500.0,85.0,11665.0,RECIBO DE NOMINA,MEDIO_A,CLIENTE_BANCO,8300,MEDIO,0.15,0,224,694,5297,390,0,53,FAMILIARES,POSGRADO,1
2.01408e+16,188,APROBADA,CLASICA,APROBADO,BUENO,10000.0,,1,8500.0,15.0,7481.0,RECIBO DE NOMINA,MEDIO_A,CLIENTE_BANCO,13000,BAJO,0.85,0,231,710,10180,570,0,28,PROPIA,POSGRADO,1
2.01408e+16,192,APROBADA,CLASICA,APROBADO,REGULAR,10000.0,,3,11800.0,-18.0,12512.0,RECIBO DE NOMINA,ALTO_B,CLIENTE_BANCO,5504,ALTO,1.18,0,240,578,0,0,0,42,PROPIA,LICENCIATURA,1
2.01408e+16,197,APROBADA,CLASICA,APROBADO,BUENO,10000.0,,1,8400.0,16.0,12084.0,RECIBO DE NOMINA,MEDIO_B,CLIENTE_BANCO,11700,BAJO,0.84,0,247,736,0,0,0,48,HIPOTECA,POSGRADO,1
2.01408e+16,199,APROBADA,CLASICA,APROBADO,REGULAR,10000.0,,0,1800.0,82.0,0.0,INVERSIONES,MEDIO_A,NO_CLIENTE,0,BAJO,0.18,0,246,792,0,0,0,36,HIPOTECA,POSGRADO,1
2.01408e+16,152,APROBADA,CLASICA,APROBADO,BUENO,10000.0,,1,14.0,12.0,18582.0,RECIBO DE NOMINA,MEDIO_A,CLIENTE_BANCO,37700,BAJO,0.88,0,229,716,26268,1490,0,40,PROPIA,LICENCIATURA,1
2.01408e+16,173,APROBADA,CLASICA,APROBADO,BUENO,10000.0,,0,0.0,15.0,0.0,RECIBO DE NOMINA,MEDIO_B,CLIENTE_BANCO,0,BAJO,0.85,0,211,725,0,0,0,57,PROPIA,LICENCIATURA,1
2.01408e+16,223,APROBADA,CLASICA,APROBADO,BUENO,10000.0,,0,0.0,38.0,17851.0,RECIBO DE NOMINA,MEDIO_A,CLIENTE_BANCO,0,BAJO,0.62,0,276,748,0,0,0,59,PROPIA,LICENCIATURA,1
2.01408e+16,157,APROBADA,CLASICA,APROBADO,BUENO,9999.0,,0,5699.0,43.0,31236.0,INVERSIONES,ALTO_A,CLIENTE_BANCO,0,BAJO,0.57,0,246,753,0,0,0,31,RENTA,PREPARATORIA,1
2.01408e+16,158,APROBADA,CLASICA,APROBADO,BUENO,9999.0,,2,8399.0,16.0,11885.0,INVERSIONES,MEDIO_B,NO_CLIENTE,0,BAJO,0.84,0,213,716,0,0,0,31,FAMILIARES,PREPARATORIA,1
2.01408e+16,178,APROBADA,CLASICA,APROBADO,REGULAR,9999.0,,1,2000.0,80.0,5006.0,RECIBO DE NOMINA,MEDIO_A,CLIENTE_BANCO,12100,MEDIO,0.2,0,193,679,2664,290,0,49,RENTA,POSGRADO,1
2.01407e+16,152,APROBADA,CLASICA,APROBADO,REGULAR,9900.0,,0,2673.0,73.0,10103.0,RECIBO DE NOMINA,ALTO_B,CLIENTE_BANCO,0,BAJO,0.27,0,257,783,0,0,0,60,HIPOTECA,PREPARATORIA,1
2.01408e+16,101,APROBADA,CLASICA,APROBADO,BUENO,9899.0,,1,6038.0,39.0,37108.0,INVERSIONES,ALTO_A,CLIENTE_BANCO,0,BAJO,0.61,0,252,759,0,0,0,41,PROPIA,PREPARATORIA,1
2.01408e+16,102,APROBADA,CLASICA,APROBADO,REGULAR,9899.0,,0,3960.0,60.0,24333.0,INVERSIONES,MEDIO_A,CLIENTE_BANCO,50000,BAJO,0.4,0,230,741,12920,690,0,34,HIPOTECA,POSGRADO,1
2.01408e+16,103,APROBADA,CLASICA,APROBADO,REGULAR,9899.0,,2,11681.0,-18.0,79823.9599999994,INVERSIONES,MEDIO_A,CLIENTE_BANCO,85500,MEDIO,1.18,0,198,689,85440,0,0,50,PROPIA,LICENCIATURA,1
2.01408e+16,103,APROBADA,CLASICA,APROBADO,REGULAR,9899.0,,1,3960.0,60.0,17654.0,RECIBO DE NOMINA,MEDIO_A,CLIENTE_BANCO,18200,MEDIO,0.4,0,210,681,794,0,0,59,RENTA,LICENCIATURA,1
2.01408e+16,103,APROBADA,CLASICA,APROBADO,BUENO,9899.0,,1,8315.0,16.0,31852.0,INVERSIONES,MEDIO_A,CLIENTE_BANCO,52000,BAJO,0.84,0,223,730,8600,0,0,44,RENTA,LICENCIATURA,1
2.01408e+16,104,APROBADA,CLASICA,APROBADO,REGULAR,9899.0,,1,1782.0,82.0,28091.0,RECIBO DE NOMINA,ALTO_B,CLIENTE_BANCO,8500,BAJO,0.18,0,264,802,0,0,0,27,HIPOTECA,PREPARATORIA,1
2.01407e+16,105,APROBADA,CLASICA,APROBADO,BUENO,9899.0,,2,5444.0,45.0,43090.0,RECIBO DE NOMINA,MEDIO_A,CLIENTE_BANCO,51000,BAJO,0.55,0,213,748,26644,1120,0,29,RENTA,PREPARATORIA,1
2.01408e+16,106,APROBADA,CLASICA,APROBADO,BUENO,9899.0,,2,6731.0,32.0,28766.0,INVERSIONES,MEDIO_A,CLIENTE_BANCO,8300,BAJO,0.68,0,225,727,6432,330,0,49,FAMILIARES,LICENCIATURA,1
2.01408e+16,106,APROBADA,CLASICA,APROBADO,REGULAR,9899.0,,0,1782.0,82.0,38747.0,INVERSIONES,ALTO_A,CLIENTE_BANCO,50000,BAJO,0.18,0,234,740,708,630,0,42,PROPIA,PREPARATORIA,1
2.01408e+16,107,APROBADA,CLASICA,APROBADO,BUENO,9899.0,,1,8414.0,15.0,49469.0,INVERSIONES,MEDIO_A,CLIENTE_BANCO,9500,BAJO,0.85,0,171,710,7353,310,0,55,FAMILIARES,LICENCIATURA,1
2.01408e+16,107,APROBADA,CLASICA,APROBADO,BUENO,9899.0,,2,10196.0,-3.0,54021.0,INVERSIONES,MEDIO_A,CLIENTE_BANCO,50000,BAJO,1.03,0,228,740,1981,630,0,38,RENTA,PREPARATORIA,1
2.01408e+16,107,APROBADA,CLASICA,APROBADO,BUENO,9899.0,,0,5048.0,49.0,19833.0,INVERSIONES,MEDIO_A,NO_CLIENTE,0,BAJO,0.51,0,242,759,0,0,0,55,RENTA,POSGRADO,1
2.01408e+16,108,APROBADA,CLASICA,APROBADO,REGULAR,9899.0,,0,1980.0,80.0,21437.0,INVERSIONES,MEDIO_A,CLIENTE_BANCO,20000,BAJO,0.2,0,229,727,13784,700,0,56,PROPIA,LICENCIATURA,1
2.01408e+16,108,APROBADA,CLASICA,APROBADO,BUENO,9899.0,,1,9899.0,0.0,39910.0,RECIBO DE NOMINA,ALTO_A,CLIENTE_BANCO,34000,BAJO,1.0,0,236,720,0,0,0,35,HIPOTECA,PREPARATORIA,1
2.01408e+16,109,APROBADA,CLASICA,APROBADO,BUENO,9899.0,,0,7325.0,26.0,17646.0,RECIBO DE NOMINA,MEDIO_B,CLIENTE_BANCO,0,BAJO,0.74,0,215,736,0,0,0,35,HIPOTECA,POSGRADO,1
2.01408e+16,110,APROBADA,CLASICA,APROBADO,REGULAR,9899.0,,0,1980.0,80.0,17668.0,INVERSIONES,MEDIO_A,CLIENTE_BANCO,15000,BAJO,0.2,0,233,723,1899,0,0,49,FAMILIARES,POSGRADO,1
2.01408e+16,110,APROBADA,CLASICA,APROBADO,REGULAR,9899.0,,1,2079.0,79.0,41049.0,INVERSIONES,MEDIO_A,CLIENTE_BANCO,20900,BAJO,0.21,0,250,734,0,0,0,28,RENTA,PREPARATORIA,1
2.01408e+16,110,APROBADA,CLASICA,APROBADO,BUENO,9899.0,,1,6632.0,33.0,38664.0,RECIBO DE NOMINA,MEDIO_A,CLIENTE_BANCO,0,BAJO,0.67,0,252,753,0,0,0,25,RENTA,POSGRADO,1
2.01408e+16,111,APROBADA,CLASICA,APROBADO,BUENO,9899.0,,1,5444.0,45.0,3259.0,INVERSIONES,MEDIO_A,CLIENTE_BANCO,12500,BAJO,0.55,0,216,767,0,0,0,58,FAMILIARES,PREPARATORIA,1
2.01408e+16,111,APROBADA,CLASICA,APROBADO,REGULAR,9899.0,,0,3267.0,67.0,32639.0,RECIBO DE NOMINA,MEDIO_A,CLIENTE_BANCO,17600,BAJO,0.33,0,217,740,14130,250,0,42,HIPOTECA,POSGRADO,1
2.01408e+16,111,APROBADA,CLASICA,APROBADO,REGULAR,9899.0,,1,1980.0,80.0,19171.0,INVERSIONES,ALTO_A,CLIENTE_BANCO,9600,BAJO,0.2,0,248,800,0,0,0,45,RENTA,LICENCIATURA,1
2.01408e+16,112,APROBADA,CLASICA,APROBADO,BUENO,9899.0,,2,7325.0,26.0,46986.0,INVERSIONES,MEDIO_A,CLIENTE_BANCO,82500,BAJO,0.74,0,211,744,5389,0,0,30,RENTA,LICENCIATURA,1
2.01408e+16,112,APROBADA,CLASICA,APROBADO,BUENO,9899.0,,2,9404.0,5.0,79823.9599999994,INVERSIONES,MEDIO_A,CLIENTE_BANCO,86500,BAJO,0.95,0,215,713,46592,2780,0,43,PROPIA,LICENCIATURA,1
2.01408e+16,112,APROBADA,CLASICA,APROBADO,BUENO,9899.0,,2,7820.0,21.0,52224.0,INVERSIONES,MEDIO_A,CLIENTE_BANCO,16500,BAJO,0.79,0,216,740,2187,250,0,55,FAMILIARES,PREPARATORIA,1
2.01408e+16,112,APROBADA,CLASICA,APROBADO,BUENO,9899.0,,1,4356.0,56.0,28977.0,INVERSIONES,ALTO_B,CLIENTE_BANCO,3000,BAJO,0.44,0,227,751,0,0,0,41,HIPOTECA,POSGRADO,1
2.01408e+16,112,APROBADA,CLASICA,APROBADO,BUENO,9899.0,,1,5939.0,40.0,49977.0,RECIBO DE NOMINA,MEDIO_A,CLIENTE_BANCO,18000,BAJO,0.6,0,232,706,10936,650,0,59,PROPIA,LICENCIATURA,1
2.01408e+16,112,APROBADA,CLASICA,APROBADO,REGULAR,9899.0,,1,3267.0,67.0,44841.0,RECIBO DE NOMINA,MEDIO_A,CLIENTE_BANCO,15000,BAJO,0.33,0,236,723,2905,0,0,53,RENTA,PREPARATORIA,1
2.01408e+16,112,APROBADA,CLASICA,APROBADO,BUENO,9899.0,,0,8414.0,15.0,16336.0,INVERSIONES,ALTO_A,CLIENTE_BANCO,15000,BAJO,0.85,0,271,723,2595,250,0,35,RENTA,PREPARATORIA,1
2.01408e+16,113,APROBADA,CLASICA,APROBADO,REGULAR,9899.0,,0,8018.0,19.0,28488.0,RECIBO DE NOMINA,MEDIO_A,CLIENTE_BANCO,6300,MEDIO,0.81,0,205,694,5971,370,0,27,FAMILIARES,LICENCIATURA,1
2.01408e+16,114,APROBADA,CLASICA,APROBADO,REGULAR,9899.0,,0,1980.0,80.0,13669.0,RECIBO DE NOMINA,ALTO_B,NO_CLIENTE,0,BAJO,0.2,0,228,790,0,0,0,50,HIPOTECA,LICENCIATURA,1
2.01408e+16,114,APROBADA,CLASICA,APROBADO,BUENO,9899.0,,0,6236.0,37.0,30361.0,INVERSIONES,ALTO_A,CLIENTE_BANCO,16500,BAJO,0.63,0,241,706,6865,0,0,41,PROPIA,LICENCIATURA,1
2.01408e+16,115,APROBADA,CLASICA,APROBADO,REGULAR,9899.0,,0,3168.0,68.0,10838.0,INVERSIONES,MEDIO_A,CLIENTE_BANCO,20000,BAJO,0.32,0,220,740,6962,320,0,53,FAMILIARES,POSGRADO,1
2.01408e+16,115,APROBADA,CLASICA,APROBADO,REGULAR,9899.0,,0,2475.0,75.0,8963.0,DECLARACION ANUAL,MEDIO_A,CLIENTE_BANCO,5000,BAJO,0.25,0,228,757,3965,250,0,42,FAMILIARES,LICENCIATURA,1
2.01408e+16,115,APROBADA,CLASICA,APROBADO,BUENO,9899.0,,1,4455.0,55.0,16589.0,INVERSIONES,MEDIO_A,CLIENTE_BANCO,3000,BAJO,0.45,0,238,723,2086,250,0,26,HIPOTECA,PREPARATORIA,1
2.01408e+16,117,APROBADA,CLASICA,APROBADO,BUENO,9899.0,,2,6731.0,32.0,40089.0,RECIBO DE NOMINA,MEDIO_A,CLIENTE_BANCO,15700,BAJO,0.68,0,211,706,8998,510,0,29,FAMILIARES,LICENCIATURA,1
2.01408e+16,117,APROBADA,CLASICA,APROBADO,BUENO,9899.0,,1,10097.0,-2.0,23316.0,RECIBO DE NOMINA,ALTO_B,CLIENTE_BANCO,0,BAJO,1.02,0,213,718,0,0,0,40,FAMILIARES,POSGRADO,1
2.01407e+16,117,APROBADA,CLASICA,APROBADO,BUENO,9899.0,,1,11087.0,-12.0,38053.0,INVERSIONES,MEDIO_A,CLIENTE_BANCO,14500,BAJO,1.12,0,214,723,8377,340,0,59,HIPOTECA,LICENCIATURA,1
2.01408e+16,117,APROBADA,CLASICA,APROBADO,REGULAR,9899.0,,0,2475.0,75.0,42382.0,INVERSIONES,MEDIO_A,CLIENTE_BANCO,74500,BAJO,0.25,0,215,704,63822,0,0,59,PROPIA,PREPARATORIA,1
2.01408e+16,117,APROBADA,CLASICA,APROBADO,REGULAR,9899.0,,1,7226.0,27.0,15704.0,INVERSIONES,MEDIO_A,CLIENTE_BANCO,3000,MEDIO,0.73,0,227,698,2442,250,0,45,RENTA,POSGRADO,1
2.01408e+16,117,APROBADA,CLASICA,APROBADO,REGULAR,9899.0,,1,3861.0,61.0,27172.0,INVERSIONES,MEDIO_A,CLIENTE_BANCO,53000,BAJO,0.39,0,232,750,18526,0,0,39,PROPIA,PREPARATORIA,1
2.01408e+16,117,APROBADA,CLASICA,APROBADO,BUENO,9899.0,,0,6731.0,32.0,31496.0,INVERSIONES,ALTO_B,CLIENTE_BANCO,0,BAJO,0.68,0,237,742,0,0,0,31,HIPOTECA,PREPARATORIA,1
2.01408e+16,118,APROBADA,CLASICA,APROBADO,BUENO,9899.0,,2,8711.0,12.0,25909.0,INVERSIONES,MEDIO_A,CLIENTE_BANCO,15000,BAJO,0.88,0,212,711,8580,250,0,34,PROPIA,PREPARATORIA,1
2.01408e+16,119,APROBADA,CLASICA,APROBADO,REGULAR,9899.0,,0,1881.0,81.0,15931.0,RECIBO DE NOMINA,ALTO_B,CLIENTE_BANCO,38000,BAJO,0.19,0,241,791,15459,0,0,56,HIPOTECA,LICENCIATURA,1
2.01408e+16,119,APROBADA,CLASICA,APROBADO,BUENO,9899.0,,1,4257.0,57.0,79823.9599999994,INVERSIONES,MEDIO_A,CLIENTE_BANCO,23000,BAJO,0.43,0,249,744,11706,290,0,26,FAMILIARES,PREPARATORIA,1
2.01408e+16,120,APROBADA,CLASICA,APROBADO,REGULAR,9899.0,,0,3762.0,62.0,19570.0,INVERSIONES,MEDIO_A,CLIENTE_BANCO,9999,MEDIO,0.38,0,211,686,2865,250,0,46,RENTA,LICENCIATURA,1
2.01408e+16,121,APROBADA,CLASICA,APROBADO,BUENO,9899.0,,1,4851.0,51.0,20699.0,INVERSIONES,MEDIO_A,CLIENTE_BANCO,21000,BAJO,0.49,0,198,706,16485,0,0,47,PROPIA,POSGRADO,1
2.01408e+16,121,APROBADA,CLASICA,APROBADO,BUENO,9899.0,,0,4356.0,56.0,10134.0,INVERSIONES,MEDIO_A,NO_CLIENTE,0,BAJO,0.44,0,225,766,0,0,0,34,HIPOTECA,PREPARATORIA,1
2.01408e+16,121,APROBADA,CLASICA,APROBADO,REGULAR,9899.0,,0,2574.0,74.0,37519.0,INVERSIONES,ALTO_A,CLIENTE_BANCO,13600,BAJO,0.26,0,231,744,559,250,0,48,FAMILIARES,POSGRADO,1
2.01408e+16,121,APROBADA,CLASICA,APROBADO,BUENO,9899.0,,0,9107.0,8.0,14808.0,INVERSIONES,ALTO_A,NO_CLIENTE,0,BAJO,0.92,0,239,718,0,0,0,52,PROPIA,LICENCIATURA,1
2.01408e+16,122,APROBADA,CLASICA,APROBADO,REGULAR,9899.0,,1,2970.0,70.0,17973.0,RECIBO DE NOMINA,MEDIO_A,CLIENTE_BANCO,25000,BAJO,0.3,0,246,711,15796,320,0,30,RENTA,PREPARATORIA,1
2.01408e+16,123,APROBADA,CLASICA,APROBADO,BUENO,9899.0,,2,5642.0,43.0,73857.0,INVERSIONES,ALTO_A,CLIENTE_BANCO,30000,BAJO,0.57,0,227,743,0,0,0,44,HIPOTECA,LICENCIATURA,1
2.01408e+16,123,APROBADA,CLASICA,APROBADO,BUENO,9899.0,,0,4257.0,57.0,45136.0,INVERSIONES,ALTO_A,CLIENTE_BANCO,21500,BAJO,0.43,0,240,727,2111,250,0,38,PROPIA,LICENCIATURA,1
2.01408e+16,123,APROBADA,CLASICA,APROBADO,BUENO,9899.0,,2,8711.0,12.0,15594.0,INVERSIONES,MEDIO_A,CLIENTE_BANCO,15000,BAJO,0.88,0,241,744,984,250,0,45,PROPIA,LICENCIATURA,1
2.01408e+16,124,APROBADA,CLASICA,APROBADO,REGULAR,9899.0,,2,8315.0,16.0,9398.0,INVERSIONES,ALTO_A,CLIENTE_BANCO,15000,MEDIO,0.84,0,219,694,14157,0,0,58,PROPIA,LICENCIATURA,1
2.01408e+16,124,APROBADA,CLASICA,APROBADO,BUENO,9899.0,,1,5246.0,47.0,24550.0,INVERSIONES,MEDIO_A,CLIENTE_BANCO,30000,BAJO,0.53,0,237,757,10873,380,0,28,FAMILIARES,POSGRADO,1
2.01408e+16,124,APROBADA,CLASICA,APROBADO,REGULAR,9899.0,,2,11483.0,-16.0,28273.0,RECIBO DE NOMINA,ALTO_A,CLIENTE_BANCO,0,MEDIO,1.16,0,248,684,0,0,0,37,FAMILIARES,POSGRADO,1
2.01408e+16,125,APROBADA,CLASICA,APROBADO,REGULAR,9899.0,,0,1485.0,85.0,59681.0,INVERSIONES,MEDIO_A,CLIENTE_BANCO,53000,BAJO,0.15,0,196,707,40334,0,0,60,HIPOTECA,PREPARATORIA,1
2.01408e+16,125,APROBADA,CLASICA,APROBADO,BUENO,9899.0,,1,10196.0,-3.0,31679.0,RECIBO DE NOMINA,MEDIO_A,CLIENTE_BANCO,116000,BAJO,1.03,0,197,723,104132,5710,0,41,PROPIA,PREPARATORIA,1
2.01408e+16,126,APROBADA,CLASICA,APROBADO,BUENO,9899.0,,2,11186.0,-13.0,44437.0,INVERSIONES,MEDIO_A,CLIENTE_BANCO,100000,BAJO,1.13,0,218,740,3491,1250,0,45,HIPOTECA,PREPARATORIA,1
2.01408e+16,126,APROBADA,CLASICA,APROBADO,REGULAR,9899.0,,0,1683.0,83.0,11055.0,INVERSIONES,MEDIO_A,CLIENTE_BANCO,6500,BAJO,0.17,0,223,723,3966,250,0,43,PROPIA,SECUNDARIA,1
2.01408e+16,126,APROBADA,CLASICA,APROBADO,BUENO,9899.0,,0,4158.0,58.0,53357.0,RECIBO DE NOMINA,MEDIO_A,CLIENTE_BANCO,0,BAJO,0.42,0,227,768,0,0,0,53,PROPIA,POSGRADO,1
2.01408e+16,127,APROBADA,CLASICA,APROBADO,BUENO,9899.0,,1,9206.0,7.0,14455.0,INVERSIONES,MEDIO_A,CLIENTE_BANCO,7000,BAJO,0.93,0,212,740,472,0,0,49,FAMILIARES,PREPARATORIA,1
2.01408e+16,127,APROBADA,CLASICA,APROBADO,REGULAR,9899.0,,0,2970.0,70.0,69296.0,DECLARACION ANUAL,MEDIO_B,CLIENTE_BANCO,50000,BAJO,0.3,0,216,780,2187,0,0,43,RENTA,PREPARATORIA,1
2.01408e+16,127,APROBADA,CLASICA,APROBADO,BUENO,9899.0,,0,8711.0,12.0,18582.0,RECIBO DE NOMINA,ALTO_A,CLIENTE_BANCO,37700,BAJO,0.88,0,229,716,26268,1490,0,40,PROPIA,LICENCIATURA,1
2.01408e+16,127,APROBADA,CLASICA,APROBADO,BUENO,9899.0,,1,5147.0,48.0,42254.0,INVERSIONES,MEDIO_A,CLIENTE_BANCO,15500,BAJO,0.52,0,237,727,5967,0,0,41,FAMILIARES,PREPARATORIA,1
2.01408e+16,129,APROBADA,CLASICA,APROBADO,BUENO,9899.0,,0,6434.0,35.0,38322.0,INVERSIONES,MEDIO_A,CLIENTE_BANCO,18000,BAJO,0.65,0,222,740,0,0,0,34,FAMILIARES,POSGRADO,1
2.01408e+16,130,APROBADA,CLASICA,APROBADO,REGULAR,9899.0,,3,11780.0,-19.0,20455.0,INVERSIONES,ALTO_B,CLIENTE_BANCO,9899,ALTO,1.19,0,221,539,0,0,0,58,FAMILIARES,PREPARATORIA,1
2.01408e+16,130,APROBADA,CLASICA,APROBADO,REGULAR,9899.0,,0,2772.0,72.0,15246.0,INVERSIONES,ALTO_B,CLIENTE_BANCO,10500,BAJO,0.28,0,251,779,105,0,0,51,HIPOTECA,PREPARATORIA,1
2.01408e+16,131,APROBADA,CLASICA,APROBADO,BUENO,9899.0,,1,11681.0,-18.0,26466.0,INVERSIONES,ALTO_B,CLIENTE_BANCO,10800,BAJO,1.18,0,222,702,535,0,0,32,FAMILIARES,POSGRADO,1
2.01408e+16,131,APROBADA,CLASICA,APROBADO,BUENO,9899.0,,2,6533.0,34.0,15607.0,INVERSIONES,MEDIO_B,NO_CLIENTE,0,BAJO,0.66,0,223,734,0,0,0,32,PROPIA,PREPARATORIA,1
2.01408e+16,131,APROBADA,CLASICA,APROBADO,BUENO,9899.0,,2,5741.0,42.0,10338.0,INVERSIONES,MEDIO_A,CLIENTE_BANCO,3000,BAJO,0.58,0,223,740,3081,250,0,47,FAMILIARES,LICENCIATURA,1
2.01408e+16,131,APROBADA,CLASICA,APROBADO,BUENO,9899.0,,2,8810.0,11.0,32109.0,RECIBO DE NOMINA,MEDIO_A,CLIENTE_BANCO,18000,BAJO,0.89,0,246,740,400,0,0,48,FAMILIARES,POSGRADO,1
2.01408e+16,132,APROBADA,CLASICA,APROBADO,BUENO,9899.0,,1,10394.0,-5.0,9896.0,INVERSIONES,MEDIO_A,CLIENTE_BANCO,21900,BAJO,1.05,0,208,714,19778,440,0,59,RENTA,LICENCIATURA,1
2.01408e+16,132,APROBADA,CLASICA,APROBADO,BUENO,9899.0,,2,5840.0,41.0,33375.0,INVERSIONES,MEDIO_A,CLIENTE_BANCO,16300,BAJO,0.59,0,211,706,13143,0,0,55,HIPOTECA,PREPARATORIA,1
2.01408e+16,132,APROBADA,CLASICA,APROBADO,REGULAR,9899.0,,2,10889.0,-10.0,10810.0,RECIBO DE NOMINA,MEDIO_B,NO_CLIENTE,0,MEDIO,1.1,0,217,690,0,0,0,52,PROPIA,LICENCIATURA,1
2.01408e+16,133,APROBADA,CLASICA,APROBADO,REGULAR,9899.0,,2,7721.0,22.0,21300.0,INVERSIONES,MEDIO_A,CLIENTE_BANCO,5000,MEDIO,0.78,0,212,685,5121,500,0,52,HIPOTECA,POSGRADO,1
2.01408e+16,133,APROBADA,CLASICA,APROBADO,BUENO,9899.0,,1,10196.0,-3.0,15886.0,RECIBO DE NOMINA,ALTO_B,NO_CLIENTE,0,BAJO,1.03,0,228,717,0,0,0,52,FAMILIARES,LICENCIATURA,1
2.01408e+16,133,APROBADA,CLASICA,APROBADO,BUENO,9899.0,,0,6038.0,39.0,13819.0,INVERSIONES,ALTO_A,CLIENTE_BANCO,17300,BAJO,0.61,0,248,744,793,0,0,40,RENTA,PREPARATORIA,1
2.01408e+16,134,APROBADA,CLASICA,APROBADO,REGULAR,9899.0,,0,3762.0,62.0,30493.0,INVERSIONES,MEDIO_B,CLIENTE_BANCO,30000,BAJO,0.38,0,212,766,0,0,0,60,PROPIA,LICENCIATURA,1
2.01408e+16,134,APROBADA,CLASICA,APROBADO,BUENO,9899.0,,1,9503.0,4.0,79823.9599999994,RECIBO DE NOMINA,ALTO_B,CLIENTE_BANCO,0,BAJO,0.96,0,214,724,0,0,0,31,RENTA,POSGRADO,1
2.01408e+16,134,APROBADA,CLASICA,APROBADO,REGULAR,9899.0,,2,6236.0,37.0,18439.0,INVERSIONES,MEDIO_A,CLIENTE_BANCO,34000,ALTO,0.63,0,217,639,24705,1180,0,54,HIPOTECA,POSGRADO,1
2.01408e+16,135,APROBADA,CLASICA,APROBADO,REGULAR,9899.0,,0,3861.0,61.0,5130.0,INVERSIONES,MEDIO_A,CLIENTE_BANCO,5004,BAJO,0.39,0,207,744,2062,205,0,28,PROPIA,LICENCIATURA,1
2.01408e+16,135,APROBADA,CLASICA,APROBADO,REGULAR,9899.0,,0,1782.0,82.0,20062.0,INVERSIONES,MEDIO_A,CLIENTE_BANCO,271000,BAJO,0.18,0,235,731,2963,2963,0,37,PROPIA,POSGRADO,1
2.01408e+16,136,APROBADA,CLASICA,APROBADO,BUENO,9899.0,,0,9998.0,-1.0,12371.0,INVERSIONES,ALTO_B,CLIENTE_BANCO,0,BAJO,1.01,0,194,709,0,0,0,44,RENTA,PREPARATORIA,1
2.01408e+16,136,APROBADA,CLASICA,APROBADO,BUENO,9899.0,,1,6434.0,35.0,79823.9599999994,RECIBO DE NOMINA,MEDIO_A,CLIENTE_BANCO,19100,BAJO,0.65,0,194,711,103,0,0,54,HIPOTECA,LICENCIATURA,1
2.01408e+16,137,APROBADA,CLASICA,APROBADO,BUENO,9899.0,,0,5147.0,48.0,66102.0,RECIBO DE NOMINA,ALTO_A,CLIENTE_BANCO,0,BAJO,0.52,0,220,758,0,0,0,43,PROPIA,LICENCIATURA,1
2.01408e+16,137,APROBADA,CLASICA,APROBADO,REGULAR,9899.0,,2,5048.0,49.0,34907.0,RECIBO DE NOMINA,MEDIO_A,CLIENTE_BANCO,16500,MEDIO,0.51,0,238,675,8790,660,0,41,RENTA,LICENCIATURA,1
2.01408e+16,137,APROBADA,CLASICA,APROBADO,BUENO,9899.0,,2,5444.0,45.0,28938.0,INVERSIONES,ALTO_B,CLIENTE_BANCO,0,BAJO,0.55,0,242,745,0,0,0,51,PROPIA,PREPARATORIA,1
2.01408e+16,138,APROBADA,CLASICA,APROBADO,REGULAR,9899.0,,1,6533.0,34.0,33136.0,INVERSIONES,MEDIO_A,CLIENTE_BANCO,94500,MEDIO,0.66,1,187,686,51261,0,0,28,PROPIA,LICENCIATURA,1
2.01408e+16,138,APROBADA,CLASICA,APROBADO,BUENO,9899.0,,1,11087.0,-12.0,56961.0,INVERSIONES,MEDIO_A,CLIENTE_BANCO,33000,BAJO,1.12,0,208,702,30740,10,0,40,HIPOTECA,POSGRADO,1
2.01408e+16,138,APROBADA,CLASICA,APROBADO,BUENO,9899.0,,0,10097.0,-2.0,17461.0,RECIBO DE NOMINA,ALTO_A,CLIENTE_BANCO,18200,BAJO,1.02,0,216,706,8564,470,0,47,HIPOTECA,LICENCIATURA,1
2.01408e+16,140,APROBADA,CLASICA,APROBADO,BUENO,9899.0,,0,5642.0,43.0,23719.0,RECIBO DE NOMINA,MEDIO_A,CLIENTE_BANCO,0,BAJO,0.57,0,217,753,0,0,0,30,PROPIA,PREPARATORIA,1
2.01408e+16,140,APROBADA,CLASICA,APROBADO,REGULAR,9899.0,,1,3366.0,66.0,41429.0,INVERSIONES,MEDIO_A,CLIENTE_BANCO,10000,BAJO,0.34,0,220,706,5334,370,0,36,FAMILIARES,LICENCIATURA,1
2.01408e+16,140,APROBADA,CLASICA,APROBADO,REGULAR,9899.0,,1,9998.0,-1.0,31661.0,INVERSIONES,MEDIO_A,CLIENTE_BANCO,53800,MEDIO,1.01,0,238,687,49321,0,0,50,RENTA,POSGRADO,1
2.01408e+16,141,APROBADA,CLASICA,APROBADO,REGULAR,9899.0,,1,2475.0,75.0,33995.0,RECIBO DE NOMINA,ALTO_A,CLIENTE_BANCO,36000,BAJO,0.25,0,213,795,1500,450,0,60,RENTA,POSGRADO,1
2.01408e+16,141,APROBADA,CLASICA,APROBADO,BUENO,9899.0,,0,7424.0,25.0,36677.0,INVERSIONES,ALTO_A,CLIENTE_BANCO,33500,BAJO,0.75,0,256,772,567,0,0,35,RENTA,POSGRADO,1
2.01408e+16,142,APROBADA,CLASICA,APROBADO,BUENO,9899.0,,1,8711.0,12.0,18515.0,RECIBO DE NOMINA,MEDIO_B,CLIENTE_BANCO,0,BAJO,0.88,0,217,732,0,0,0,44,RENTA,LICENCIATURA,1
2.01408e+16,142,APROBADA,CLASICA,APROBADO,BUENO,9899.0,,1,5345.0,46.0,32898.0,INVERSIONES,MEDIO_A,CLIENTE_BANCO,102200,BAJO,0.54,0,248,711,9611,0,0,37,FAMILIARES,LICENCIATURA,1
2.01408e+16,142,APROBADA,CLASICA,APROBADO,BUENO,9899.0,,0,7919.0,20.0,32633.0,INVERSIONES,MEDIO_A,CLIENTE_BANCO,54000,BAJO,0.8,0,258,737,2858,680,0,50,PROPIA,PREPARATORIA,1
2.01408e+16,143,APROBADA,CLASICA,APROBADO,REGULAR,9899.0,,1,1584.0,84.0,32877.0,INVERSIONES,MEDIO_A,CLIENTE_BANCO,16700,BAJO,0.16,0,204,704,15927,950,0,27,HIPOTECA,POSGRADO,1
2.01408e+16,143,APROBADA,CLASICA,APROBADO,REGULAR,9899.0,,0,7028.0,29.0,17986.0,RECIBO DE NOMINA,MEDIO_A,CLIENTE_BANCO,28000,MEDIO,0.71,0,230,685,28025,2470,0,33,RENTA,PREPARATORIA,1
2.01408e+16,144,APROBADA,CLASICA,APROBADO,REGULAR,9899.0,,0,3168.0,68.0,32456.0,INVERSIONES,MEDIO_A,CLIENTE_BANCO,13000,BAJO,0.32,0,191,723,906,0,0,36,RENTA,PREPARATORIA,1
2.01408e+16,145,APROBADA,CLASICA,APROBADO,BUENO,9899.0,,1,11582.0,-17.0,79823.9599999994,INVERSIONES,MEDIO_A,CLIENTE_BANCO,10000,BAJO,1.17,0,226,740,0,0,0,38,PROPIA,POSGRADO,1
2.01408e+16,145,APROBADA,CLASICA,APROBADO,REGULAR,9899.0,,0,1782.0,82.0,79823.9599999994,INVERSIONES,ALTO_A,CLIENTE_BANCO,5000,BAJO,0.18,0,263,720,763,250,0,34,HIPOTECA,LICENCIATURA,1
2.01408e+16,146,APROBADA,CLASICA,APROBADO,REGULAR,9899.0,,1,2178.0,78.0,51657.0,INVERSIONES,MEDIO_A,CLIENTE_BANCO,109000,BAJO,0.22,0,208,727,54966,2630,0,53,FAMILIARES,LICENCIATURA,1
2.01408e+16,146,APROBADA,CLASICA,APROBADO,REGULAR,9899.0,,0,2079.0,79.0,35285.0,RECIBO DE NOMINA,MEDIO_A,CLIENTE_BANCO,14300,BAJO,0.21,0,209,744,125,0,0,27,PROPIA,PREPARATORIA,1
2.01408e+16,146,APROBADA,CLASICA,APROBADO,REGULAR,9899.0,,1,7622.0,23.0,31206.0,INVERSIONES,MEDIO_A,CLIENTE_BANCO,22000,MEDIO,0.77,0,229,689,382,280,0,28,RENTA,PREPARATORIA,1
2.01408e+16,146,APROBADA,CLASICA,APROBADO,BUENO,9899.0,,1,8711.0,12.0,13894.0,INVERSIONES,MEDIO_A,CLIENTE_BANCO,17500,BAJO,0.88,0,230,723,1010,0,0,47,HIPOTECA,LICENCIATURA,1
2.01408e+16,146,APROBADA,CLASICA,APROBADO,REGULAR,9899.0,,1,1980.0,80.0,4397.0,INVERSIONES,MEDIO_A,CLIENTE_BANCO,12700,BAJO,0.2,0,246,740,3131,0,0,54,FAMILIARES,POSGRADO,1
2.01408e+16,147,APROBADA,CLASICA,APROBADO,REGULAR,9899.0,,1,1584.0,84.0,11990.0,INVERSIONES,MEDIO_A,CLIENTE_BANCO,40000,MEDIO,0.16,0,213,697,33868,1250,0,45,PROPIA,LICENCIATURA,1
2.01408e+16,147,APROBADA,CLASICA,APROBADO,BUENO,9899.0,,1,4356.0,56.0,31997.0,RECIBO DE NOMINA,MEDIO_A,CLIENTE_BANCO,5700,BAJO,0.44,0,236,723,113,0,0,59,FAMILIARES,PREPARATORIA,1
2.01408e+16,148,APROBADA,CLASICA,APROBADO,BUENO,9899.0,,1,9602.0,3.0,5986.0,INVERSIONES,ALTO_B,CLIENTE_BANCO,11000,BAJO,0.97,0,220,723,0,0,0,51,HIPOTECA,PREPARATORIA,1
2.01408e+16,149,APROBADA,CLASICA,APROBADO,BUENO,9899.0,,1,10889.0,-10.0,31711.0,INVERSIONES,MEDIO_A,CLIENTE_BANCO,64000,BAJO,1.1,0,222,723,37952,2060,0,32,RENTA,POSGRADO,1
2.01408e+16,149,APROBADA,CLASICA,APROBADO,BUENO,9899.0,,0,7919.0,20.0,36640.0,INVERSIONES,ALTO_B,CLIENTE_BANCO,0,BAJO,0.8,0,231,730,0,0,0,42,PROPIA,PREPARATORIA,1
2.01408e+16,149,APROBADA,CLASICA,APROBADO,REGULAR,9899.0,,0,3069.0,69.0,21835.0,INVERSIONES,MEDIO_A,CLIENTE_BANCO,10700,BAJO,0.31,0,245,740,6612,370,0,38,HIPOTECA,LICENCIATURA,1
2.01408e+16,150,APROBADA,CLASICA,APROBADO,BUENO,9899.0,,0,8414.0,15.0,11071.0,RECIBO DE NOMINA,MEDIO_B,CLIENTE_BANCO,0,BAJO,0.85,0,213,725,0,0,0,27,HIPOTECA,POSGRADO,1
2.01408e+16,150,APROBADA,CLASICA,APROBADO,REGULAR,9899.0,,0,2970.0,70.0,10314.0,INVERSIONES,MEDIO_A,NO_CLIENTE,0,BAJO,0.3,0,224,780,0,0,0,28,FAMILIARES,LICENCIATURA,1
2.01408e+16,151,APROBADA,CLASICA,APROBADO,REGULAR,9899.0,,0,1584.0,84.0,17652.0,RECIBO DE NOMINA,MEDIO_A,CLIENTE_BANCO,36000,MEDIO,0.16,0,243,685,26812,1520,0,37,PROPIA,POSGRADO,1
2.01408e+16,151,APROBADA,CLASICA,APROBADO,REGULAR,9899.0,,1,1485.0,85.0,13617.0,RECIBO DE NOMINA,ALTO_B,CLIENTE_BANCO,13000,BAJO,0.15,0,257,805,0,0,0,30,HIPOTECA,LICENCIATURA,1
2.01408e+16,151,APROBADA,CLASICA,APROBADO,BUENO,9899.0,,0,5246.0,47.0,17486.0,INVERSIONES,ALTO_A,CLIENTE_BANCO,0,BAJO,0.53,0,278,757,0,0,0,54,HIPOTECA,PREPARATORIA,1
2.01408e+16,152,APROBADA,CLASICA,APROBADO,REGULAR,9899.0,,1,8117.0,18.0,35179.0,INVERSIONES,MEDIO_A,CLIENTE_BANCO,76000,MEDIO,0.82,0,209,696,23091,1450,0,34,PROPIA,POSGRADO,1
2.01408e+16,152,APROBADA,CLASICA,APROBADO,BUENO,9899.0,,1,7325.0,26.0,21736.0,RECIBO DE NOMINA,ALTO_A,CLIENTE_BANCO,0,BAJO,0.74,0,217,746,0,0,0,44,PROPIA,LICENCIATURA,1
2.01408e+16,152,APROBADA,CLASICA,APROBADO,BUENO,9899.0,,0,8513.0,14.0,11211.0,RECIBO DE NOMINA,ALTO_A,CLIENTE_BANCO,14000,BAJO,0.86,0,221,724,0,0,0,29,RENTA,PREPARATORIA,1
2.01408e+16,152,APROBADA,CLASICA,APROBADO,REGULAR,9899.0,,0,2871.0,71.0,28647.0,INVERSIONES,ALTO_A,CLIENTE_BANCO,20200,BAJO,0.29,0,243,781,8577,260,0,52,FAMILIARES,PREPARATORIA,1
2.01408e+16,153,APROBADA,CLASICA,APROBADO,REGULAR,9899.0,,1,9998.0,-1.0,41521.0,DECLARACION ANUAL,MEDIO_A,CLIENTE_BANCO,77500,MEDIO,1.01,0,204,695,68455,0,0,31,FAMILIARES,LICENCIATURA,1
2.01408e+16,153,APROBADA,CLASICA,APROBADO,BUENO,9899.0,,0,4356.0,56.0,26071.0,INVERSIONES,MEDIO_A,CLIENTE_BANCO,97000,BAJO,0.44,0,209,744,13226,1220,0,57,PROPIA,POSGRADO,1
2.01408e+16,153,APROBADA,CLASICA,APROBADO,BUENO,9899.0,,0,9998.0,-1.0,56464.0,INVERSIONES,ALTO_A,CLIENTE_BANCO,38000,BAJO,1.01,0,226,766,113,0,0,43,RENTA,POSGRADO,1
2.01408e+16,154,APROBADA,CLASICA,APROBADO,REGULAR,9899.0,,0,6731.0,32.0,34069.0,INVERSIONES,MEDIO_A,CLIENTE_BANCO,50000,MEDIO,0.68,0,175,685,50100,3180,0,45,HIPOTECA,POSGRADO,1
2.01408e+16,154,APROBADA,CLASICA,APROBADO,REGULAR,9899.0,,0,3465.0,65.0,43470.0,INVERSIONES,MEDIO_A,CLIENTE_BANCO,25000,BAJO,0.35,0,208,744,0,0,0,50,PROPIA,POSGRADO,1
2.01408e+16,154,APROBADA,CLASICA,APROBADO,REGULAR,9899.0,,0,3465.0,65.0,14685.0,RECIBO DE NOMINA,MEDIO_A,CLIENTE_BANCO,0,BAJO,0.35,0,255,775,0,0,0,33,FAMILIARES,LICENCIATURA,1
2.01408e+16,155,APROBADA,CLASICA,APROBADO,BUENO,9899.0,,2,10889.0,-10.0,54015.0,INVERSIONES,MEDIO_A,CLIENTE_BANCO,32300,BAJO,1.1,0,219,727,14803,600,0,52,RENTA,LICENCIATURA,1
2.01408e+16,155,APROBADA,CLASICA,APROBADO,BUENO,9899.0,,1,6929.0,30.0,13083.0,RECIBO DE NOMINA,ALTO_A,CLIENTE_BANCO,3000,BAJO,0.7,0,237,750,0,0,0,55,FAMILIARES,POSGRADO,1
2.01408e+16,156,APROBADA,CLASICA,APROBADO,BUENO,9899.0,,2,6533.0,34.0,33549.0,RECIBO DE NOMINA,MEDIO_A,CLIENTE_BANCO,10004,BAJO,0.66,0,205,723,6668,430,0,42,FAMILIARES,POSGRADO,1
2.01408e+16,156,APROBADA,CLASICA,APROBADO,REGULAR,9899.0,,0,1683.0,83.0,14426.0,RECIBO DE NOMINA,MEDIO_A,CLIENTE_BANCO,9100,BAJO,0.17,0,208,723,2614,250,0,31,FAMILIARES,LICENCIATURA,1
2.01408e+16,156,APROBADA,CLASICA,APROBADO,REGULAR,9899.0,,1,5345.0,46.0,21749.0,RECIBO DE NOMINA,MEDIO_A,CLIENTE_BANCO,3000,MEDIO,0.54,0,222,690,1214,0,0,54,PROPIA,PREPARATORIA,1
2.01408e+16,156,APROBADA,CLASICA,APROBADO,BUENO,9899.0,,1,8513.0,14.0,35368.0,INVERSIONES,MEDIO_A,CLIENTE_BANCO,90000,BAJO,0.86,0,224,726,89505,0,0,53,RENTA,PREPARATORIA,1
2.01408e+16,156,APROBADA,CLASICA,APROBADO,REGULAR,9899.0,,0,1485.0,85.0,9338.0,INVERSIONES,MEDIO_A,CLIENTE_BANCO,5100,BAJO,0.15,0,225,711,5866,0,0,35,FAMILIARES,PREPARATORIA,1
2.01408e+16,156,APROBADA,CLASICA,APROBADO,REGULAR,9899.0,,0,1584.0,84.0,25004.0,INVERSIONES,MEDIO_A,CLIENTE_BANCO,20000,BAJO,0.16,0,257,727,751,0,0,57,PROPIA,LICENCIATURA,1
2.01408e+16,157,APROBADA,CLASICA,APROBADO,REGULAR,9899.0,,1,11186.0,-13.0,12375.0,INVERSIONES,MEDIO_A,CLIENTE_BANCO,17000,MEDIO,1.13,0,204,684,10076,0,0,60,HIPOTECA,LICENCIATURA,1
2.01408e+16,157,APROBADA,CLASICA,APROBADO,BUENO,9899.0,,2,11681.0,-18.0,31807.0,RECIBO DE NOMINA,ALTO_A,CLIENTE_BANCO,55900,BAJO,1.18,0,240,740,2752,0,0,56,RENTA,POSGRADO,1
2.01408e+16,158,APROBADA,CLASICA,APROBADO,BUENO,9899.0,,1,7424.0,25.0,32260.0,INVERSIONES,MEDIO_A,CLIENTE_BANCO,38200,BAJO,0.75,0,204,713,37894,1690,0,37,HIPOTECA,POSGRADO,1
2.01408e+16,158,APROBADA,CLASICA,APROBADO,BUENO,9899.0,,1,10592.0,-7.0,7968.0,INVERSIONES,MEDIO_A,CLIENTE_BANCO,5000,BAJO,1.07,0,205,734,2489,250,0,39,FAMILIARES,PREPARATORIA,1
2.01408e+16,158,APROBADA,CLASICA,APROBADO,REGULAR,9899.0,,1,2079.0,79.0,4241.0,INVERSIONES,MEDIO_A,CLIENTE_BANCO,28000,BAJO,0.21,0,219,733,66,66,0,55,RENTA,LICENCIATURA,1
2.01408e+16,158,APROBADA,CLASICA,APROBADO,BUENO,9899.0,,1,8414.0,15.0,9014.0,INVERSIONES,MEDIO_A,CLIENTE_BANCO,30000,BAJO,0.85,0,241,702,1264,0,0,57,PROPIA,POSGRADO,1
2.01408e+16,159,APROBADA,CLASICA,APROBADO,BUENO,9899.0,,2,9503.0,4.0,16837.0,INVERSIONES,MEDIO_A,CLIENTE_BANCO,7100,BAJO,0.96,0,219,740,2842,0,0,32,FAMILIARES,PREPARATORIA,1
2.01408e+16,159,APROBADA,CLASICA,APROBADO,BUENO,9899.0,,2,9008.0,9.0,76702.0,INVERSIONES,MEDIO_A,CLIENTE_BANCO,17100,BAJO,0.91,0,221,750,11204,0,0,35,RENTA,PREPARATORIA,1
2.01408e+16,160,APROBADA,CLASICA,APROBADO,BUENO,9899.0,,0,6632.0,33.0,19321.0,RECIBO DE NOMINA,MEDIO_A,CLIENTE_BANCO,14000,BAJO,0.67,0,214,727,1419,250,0,60,FAMILIARES,POSGRADO,1
2.01408e+16,160,APROBADA,CLASICA,APROBADO,BUENO,9899.0,,0,7424.0,25.0,28309.0,INVERSIONES,MEDIO_A,CLIENTE_BANCO,28000,BAJO,0.75,0,230,723,9909,580,0,31,HIPOTECA,POSGRADO,1
2.01408e+16,160,APROBADA,CLASICA,APROBADO,BUENO,9899.0,,2,8612.0,13.0,14467.0,INVERSIONES,MEDIO_B,NO_CLIENTE,0,BAJO,0.87,0,236,713,0,0,0,46,PROPIA,LICENCIATURA,1
2.01408e+16,160,APROBADA,CLASICA,APROBADO,REGULAR,9899.0,,0,3663.0,63.0,19339.0,INVERSIONES,ALTO_B,CLIENTE_BANCO,8100,BAJO,0.37,0,240,773,0,0,0,54,PROPIA,POSGRADO,1
2.01408e+16,160,APROBADA,CLASICA,APROBADO,BUENO,9899.0,,1,11582.0,-17.0,14352.0,RECIBO DE NOMINA,ALTO_B,CLIENTE_BANCO,0,BAJO,1.17,0,243,703,0,0,0,53,PROPIA,POSGRADO,1
2.01408e+16,162,APROBADA,CLASICA,APROBADO,BUENO,9899.0,,1,10196.0,-3.0,53546.0,RECIBO DE NOMINA,MEDIO_B,CLIENTE_BANCO,21500,BAJO,1.03,0,198,754,2000,270,0,48,RENTA,LICENCIATURA,1
2.01408e+16,162,APROBADA,CLASICA,APROBADO,BUENO,9899.0,,2,8117.0,18.0,10408.0,INVERSIONES,ALTO_B,CLIENTE_BANCO,6800,BAJO,0.82,0,210,718,0,0,0,27,FAMILIARES,PREPARATORIA,1
2.01408e+16,163,APROBADA,CLASICA,APROBADO,REGULAR,9899.0,,1,3267.0,67.0,16401.0,RECIBO DE NOMINA,MEDIO_A,CLIENTE_BANCO,20200,BAJO,0.33,0,222,744,433,260,0,53,FAMILIARES,PREPARATORIA,1
2.01408e+16,163,APROBADA,CLASICA,APROBADO,BUENO,9899.0,,1,4455.0,55.0,53855.0,INVERSIONES,MEDIO_A,CLIENTE_BANCO,8800,BAJO,0.45,0,234,740,1281,250,0,58,FAMILIARES,LICENCIATURA,1
2.01408e+16,163,APROBADA,CLASICA,APROBADO,BUENO,9899.0,,1,4950.0,50.0,79823.9599999994,INVERSIONES,MEDIO_A,CLIENTE_BANCO,25000,BAJO,0.5,0,242,711,19475,880,0,56,PROPIA,PREPARATORIA,1
2.01408e+16,164,APROBADA,CLASICA,APROBADO,BUENO,9899.0,,1,11681.0,-18.0,21751.0,INVERSIONES,ALTO_B,CLIENTE_BANCO,0,BAJO,1.18,0,170,702,0,0,0,59,RENTA,POSGRADO,1
2.01408e+16,164,APROBADA,CLASICA,APROBADO,BUENO,9899.0,,0,6830.0,31.0,15986.0,INVERSIONES,MEDIO_A,CLIENTE_BANCO,5200,BAJO,0.69,0,204,734,100,100,0,57,FAMILIARES,PREPARATORIA,1
2.01408e+16,164,APROBADA,CLASICA,APROBADO,BUENO,9899.0,,1,8117.0,18.0,13714.0,DECLARACION ANUAL,MEDIO_A,CLIENTE_BANCO,15000,BAJO,0.82,0,214,711,517,0,0,29,HIPOTECA,POSGRADO,1
2.01408e+16,164,APROBADA,CLASICA,APROBADO,REGULAR,9899.0,,0,3366.0,66.0,32273.0,RECIBO DE NOMINA,MEDIO_A,CLIENTE_BANCO,15000,BAJO,0.34,0,240,776,0,0,0,39,FAMILIARES,PREPARATORIA,1
2.01408e+16,166,APROBADA,CLASICA,APROBADO,BUENO,9899.0,,1,6830.0,31.0,11806.0,RECIBO DE NOMINA,MEDIO_A,CLIENTE_BANCO,18600,BAJO,0.69,0,217,717,10176,810,0,41,RENTA,POSGRADO,1
2.01408e+16,167,APROBADA,CLASICA,APROBADO,BUENO,9899.0,,1,5345.0,46.0,42267.0,INVERSIONES,MEDIO_A,CLIENTE_BANCO,122000,BAJO,0.54,0,185,723,77260,0,0,54,RENTA,PREPARATORIA,1
2.01408e+16,167,APROBADA,CLASICA,APROBADO,BUENO,9899.0,,2,6731.0,32.0,41007.0,INVERSIONES,ALTO_B,CLIENTE_BANCO,0,BAJO,0.68,0,223,732,0,0,0,44,RENTA,POSGRADO,1
2.01408e+16,169,APROBADA,CLASICA,APROBADO,BUENO,9899.0,,2,8216.0,17.0,25682.0,INVERSIONES,ALTO_B,CLIENTE_BANCO,50000,BAJO,0.83,0,233,717,1098,630,0,29,FAMILIARES,LICENCIATURA,1
2.01408e+16,170,APROBADA,CLASICA,APROBADO,BUENO,9899.0,,1,6038.0,39.0,11432.0,INVERSIONES,MEDIO_A,CLIENTE_BANCO,9800,BAJO,0.61,0,223,707,1579,250,0,38,RENTA,PREPARATORIA,1
2.01408e+16,171,APROBADA,CLASICA,APROBADO,BUENO,9899.0,,1,4059.0,59.0,36495.0,INVERSIONES,MEDIO_A,CLIENTE_BANCO,200000,BAJO,0.41,0,216,740,14148,2500,0,59,FAMILIARES,LICENCIATURA,1
2.01408e+16,171,APROBADA,CLASICA,APROBADO,REGULAR,9899.0,,1,3069.0,69.0,68806.0,INVERSIONES,MEDIO_A,CLIENTE_BANCO,29000,BAJO,0.31,0,244,789,0,0,0,49,HIPOTECA,PREPARATORIA,1
2.01408e+16,171,APROBADA,CLASICA,APROBADO,REGULAR,9899.0,,0,2871.0,71.0,53954.0,INVERSIONES,MEDIO_A,CLIENTE_BANCO,13200,BAJO,0.29,0,245,706,479,0,0,28,RENTA,PREPARATORIA,1
2.01408e+16,172,APROBADA,CLASICA,APROBADO,BUENO,9899.0,,0,7919.0,20.0,12844.0,RECIBO DE NOMINA,MEDIO_A,CLIENTE_BANCO,16400,BAJO,0.8,0,205,740,2958,250,0,39,RENTA,POSGRADO,1
2.01408e+16,172,APROBADA,CLASICA,APROBADO,REGULAR,9899.0,,3,11483.0,-16.0,22367.0,RECIBO DE NOMINA,MEDIO_B,CLIENTE_BANCO,7900,ALTO,1.16,0,222,550,23435,0,0,30,RENTA,LICENCIATURA,1
2.01408e+16,174,APROBADA,CLASICA,APROBADO,REGULAR,9899.0,,0,3762.0,62.0,55576.0,INVERSIONES,MEDIO_A,CLIENTE_BANCO,52000,MEDIO,0.38,0,212,697,41051,2620,0,34,FAMILIARES,POSGRADO,1
2.01408e+16,175,APROBADA,CLASICA,APROBADO,BUENO,9899.0,,1,7424.0,25.0,39394.0,INVERSIONES,MEDIO_A,CLIENTE_BANCO,46500,BAJO,0.75,0,217,772,0,0,0,56,RENTA,PREPARATORIA,1
2.01408e+16,175,APROBADA,CLASICA,APROBADO,REGULAR,9899.0,,2,10790.0,-9.0,7626.0,INVERSIONES,MEDIO_A,CLIENTE_BANCO,11800,MEDIO,1.09,0,218,694,9053,570,0,32,RENTA,PREPARATORIA,1
2.01408e+16,175,APROBADA,CLASICA,APROBADO,REGULAR,9899.0,,1,11186.0,-13.0,24495.0,INVERSIONES,MEDIO_A,CLIENTE_BANCO,20604,MEDIO,1.13,0,218,694,13448,630,0,58,RENTA,PREPARATORIA,1
2.01408e+16,176,APROBADA,CLASICA,APROBADO,BUENO,9899.0,,2,11186.0,-13.0,40069.0,RECIBO DE NOMINA,MEDIO_A,CLIENTE_BANCO,50000,BAJO,1.13,0,202,744,1294,0,0,55,PROPIA,POSGRADO,1
2.01408e+16,176,APROBADA,CLASICA,APROBADO,BUENO,9899.0,,1,5840.0,41.0,51760.0,INVERSIONES,MEDIO_A,CLIENTE_BANCO,83500,BAJO,0.59,0,232,760,0,0,0,37,HIPOTECA,LICENCIATURA,1
2.01408e+16,179,APROBADA,CLASICA,APROBADO,REGULAR,9899.0,,1,2079.0,79.0,10828.0,INVERSIONES,MEDIO_A,CLIENTE_BANCO,3000,MEDIO,0.21,0,212,686,2660,250,0,48,FAMILIARES,POSGRADO,1
2.01408e+16,180,APROBADA,CLASICA,APROBADO,REGULAR,9899.0,,1,7325.0,26.0,33977.0,INVERSIONES,MEDIO_A,CLIENTE_BANCO,38000,MEDIO,0.74,0,197,697,29721,1460,0,38,HIPOTECA,POSGRADO,1
2.01408e+16,180,APROBADA,CLASICA,APROBADO,BUENO,9899.0,,0,5048.0,49.0,7438.0,RECIBO DE NOMINA,ALTO_A,CLIENTE_BANCO,0,BAJO,0.51,0,232,759,0,0,0,25,PROPIA,LICENCIATURA,1
2.01408e+16,180,APROBADA,CLASICA,APROBADO,REGULAR,9899.0,,0,2079.0,79.0,15315.0,INVERSIONES,MEDIO_A,CLIENTE_BANCO,17000,BAJO,0.21,0,248,740,2407,0,0,34,FAMILIARES,SECUNDARIA,1
2.01408e+16,181,APROBADA,CLASICA,APROBADO,REGULAR,9899.0,,0,3762.0,62.0,38571.0,RECIBO DE NOMINA,MEDIO_A,CLIENTE_BANCO,26000,BAJO,0.38,0,209,746,0,0,0,60,FAMILIARES,POSGRADO,1
2.01408e+16,181,APROBADA,CLASICA,APROBADO,BUENO,9899.0,,2,6632.0,33.0,52083.0,INVERSIONES,MEDIO_A,CLIENTE_BANCO,36000,BAJO,0.67,0,220,706,20769,1100,0,40,FAMILIARES,LICENCIATURA,1
2.01408e+16,182,APROBADA,CLASICA,APROBADO,BUENO,9899.0,,2,5345.0,46.0,40915.0,INVERSIONES,MEDIO_A,CLIENTE_BANCO,5400,BAJO,0.54,0,206,737,1583,0,0,25,RENTA,LICENCIATURA,1
2.01408e+16,182,APROBADA,CLASICA,APROBADO,BUENO,9899.0,,1,10493.0,-6.0,56110.0,INVERSIONES,MEDIO_A,CLIENTE_BANCO,35000,BAJO,1.06,0,216,721,1298,1199,0,42,FAMILIARES,POSGRADO,1
2.01408e+16,182,APROBADA,CLASICA,APROBADO,BUENO,9899.0,,1,4059.0,59.0,33669.0,RECIBO DE NOMINA,ALTO_A,CLIENTE_BANCO,52000,BAJO,0.41,0,234,754,5310,0,0,41,RENTA,LICENCIATURA,1
2.01408e+16,183,APROBADA,CLASICA,APROBADO,REGULAR,9899.0,,1,1980.0,80.0,22535.0,INVERSIONES,MEDIO_A,CLIENTE_BANCO,24000,BAJO,0.2,0,235,724,8647,520,0,47,RENTA,PREPARATORIA,1
2.01408e+16,183,APROBADA,CLASICA,APROBADO,BUENO,9899.0,,0,4356.0,56.0,44349.0,INVERSIONES,ALTO_A,CLIENTE_BANCO,82500,BAJO,0.44,0,242,704,45322,2760,0,39,PROPIA,LICENCIATURA,1
2.01408e+16,184,APROBADA,CLASICA,APROBADO,BUENO,9899.0,,2,9107.0,8.0,23244.0,INVERSIONES,ALTO_A,CLIENTE_BANCO,0,BAJO,0.92,0,234,708,0,0,0,40,HIPOTECA,LICENCIATURA,1
2.01408e+16,184,APROBADA,CLASICA,APROBADO,BUENO,9899.0,,1,6533.0,34.0,42055.0,INVERSIONES,MEDIO_A,CLIENTE_BANCO,62000,BAJO,0.66,0,259,744,9074,2410,0,44,HIPOTECA,PREPARATORIA,1
2.01408e+16,185,APROBADA,CLASICA,APROBADO,BUENO,9899.0,,0,10097.0,-2.0,57920.0,INVERSIONES,MEDIO_A,CLIENTE_BANCO,75000,BAJO,1.02,0,187,703,26450,1940,0,52,RENTA,PREPARATORIA,1
2.01408e+16,185,APROBADA,CLASICA,APROBADO,REGULAR,9899.0,,0,8414.0,15.0,74812.0,INVERSIONES,MEDIO_A,CLIENTE_BANCO,104500,MEDIO,0.85,0,203,695,78268,0,0,51,HIPOTECA,LICENCIATURA,1
2.01408e+16,185,APROBADA,CLASICA,APROBADO,BUENO,9899.0,,1,11285.0,-14.0,22345.0,DECLARACION ANUAL,MEDIO_A,CLIENTE_BANCO,15000,BAJO,1.14,0,204,727,4340,250,0,41,RENTA,POSGRADO,1
2.01408e+16,186,APROBADA,CLASICA,APROBADO,BUENO,9899.0,,0,5939.0,40.0,1317.0,DECLARACION ANUAL,ALTO_A,CLIENTE_BANCO,11000,BAJO,0.6,0,214,723,5062,0,0,28,PROPIA,LICENCIATURA,1
2.01408e+16,186,APROBADA,CLASICA,APROBADO,BUENO,9899.0,,0,9800.0,1.0,44731.0,INVERSIONES,ALTO_A,CLIENTE_BANCO,117000,BAJO,0.99,0,229,740,9053,1470,0,25,PROPIA,LICENCIATURA,1
2.01408e+16,187,APROBADA,CLASICA,APROBADO,BUENO,9899.0,,1,5246.0,47.0,38531.0,INVERSIONES,ALTO_B,CLIENTE_BANCO,10004,BAJO,0.53,0,206,767,8512,250,0,25,HIPOTECA,POSGRADO,1
2.01408e+16,188,APROBADA,CLASICA,APROBADO,REGULAR,9899.0,,0,3663.0,63.0,7743.0,RECIBO DE NOMINA,MEDIO_A,CLIENTE_BANCO,7300,BAJO,0.37,0,218,727,4896,250,0,35,RENTA,PREPARATORIA,1
2.01408e+16,189,APROBADA,CLASICA,APROBADO,REGULAR,9899.0,,1,4455.0,55.0,13405.0,INVERSIONES,ALTO_A,CLIENTE_BANCO,41999,MEDIO,0.45,0,208,685,37886,0,0,54,PROPIA,PREPARATORIA,1
2.01408e+16,190,APROBADA,CLASICA,APROBADO,REGULAR,9899.0,,0,2277.0,77.0,49993.0,INVERSIONES,MEDIO_A,CLIENTE_BANCO,20100,BAJO,0.23,0,211,712,11142,0,0,38,HIPOTECA,POSGRADO,1
2.01408e+16,190,APROBADA,CLASICA,APROBADO,BUENO,9899.0,,1,6632.0,33.0,52839.0,INVERSIONES,MEDIO_A,CLIENTE_BANCO,61000,BAJO,0.67,0,226,710,44818,1660,0,33,FAMILIARES,POSGRADO,1
2.01408e+16,191,APROBADA,CLASICA,APROBADO,REGULAR,9899.0,,1,6236.0,37.0,19137.0,INVERSIONES,MEDIO_A,CLIENTE_BANCO,16500,MEDIO,0.63,0,221,697,12154,0,0,52,RENTA,PREPARATORIA,1
2.01408e+16,191,APROBADA,CLASICA,APROBADO,BUENO,9899.0,,2,10196.0,-3.0,41524.0,INVERSIONES,MEDIO_A,CLIENTE_BANCO,42000,BAJO,1.03,0,221,705,6847,530,0,42,HIPOTECA,POSGRADO,1
2.01408e+16,191,APROBADA,CLASICA,APROBADO,BUENO,9899.0,,1,8810.0,11.0,33147.0,DECLARACION ANUAL,ALTO_B,CLIENTE_BANCO,0,BAJO,0.89,0,242,731,0,0,0,47,RENTA,LICENCIATURA,1
2.01408e+16,191,APROBADA,CLASICA,APROBADO,BUENO,9899.0,,0,8513.0,14.0,79823.9599999994,RECIBO DE NOMINA,ALTO_B,CLIENTE_BANCO,0,BAJO,0.86,0,252,724,0,0,0,29,PROPIA,LICENCIATURA,1
2.01408e+16,193,APROBADA,CLASICA,APROBADO,REGULAR,9899.0,,0,9206.0,7.0,13563.0,DECLARACION ANUAL,MEDIO_A,CLIENTE_BANCO,24504,MEDIO,0.93,0,195,694,6372,0,0,56,RENTA,LICENCIATURA,1
2.01408e+16,193,APROBADA,CLASICA,APROBADO,BUENO,9899.0,,2,8315.0,16.0,33786.0,INVERSIONES,MEDIO_A,CLIENTE_BANCO,50000,BAJO,0.84,0,228,737,13047,0,0,26,HIPOTECA,LICENCIATURA,1
2.01408e+16,193,APROBADA,CLASICA,APROBADO,BUENO,9899.0,,2,10295.0,-4.0,19599.0,INVERSIONES,MEDIO_A,CLIENTE_BANCO,11800,BAJO,1.04,0,231,707,2969,250,0,30,FAMILIARES,SECUNDARIA,1
2.01408e+16,193,APROBADA,CLASICA,APROBADO,BUENO,9899.0,,0,10592.0,-7.0,13222.0,INVERSIONES,MEDIO_A,CLIENTE_BANCO,15000,BAJO,1.07,0,237,723,0,0,0,44,FAMILIARES,POSGRADO,1
2.01408e+16,193,APROBADA,CLASICA,APROBADO,REGULAR,9899.0,,2,9008.0,9.0,13029.0,INVERSIONES,MEDIO_A,CLIENTE_BANCO,37000,MEDIO,0.91,0,252,694,27309,0,0,41,HIPOTECA,PREPARATORIA,1
2.01408e+16,194,APROBADA,CLASICA,APROBADO,REGULAR,9899.0,,0,2574.0,74.0,14568.0,INVERSIONES,ALTO_A,CLIENTE_BANCO,23000,BAJO,0.26,0,205,767,5035,290,0,38,FAMILIARES,PREPARATORIA,1
2.01408e+16,194,APROBADA,CLASICA,APROBADO,REGULAR,9899.0,,1,8315.0,16.0,79823.9599999994,INVERSIONES,MEDIO_A,CLIENTE_BANCO,17200,MEDIO,0.84,0,206,697,15001,940,0,55,HIPOTECA,PREPARATORIA,1
2.01408e+16,194,APROBADA,CLASICA,APROBADO,BUENO,9899.0,,0,9899.0,0.0,12709.0,INVERSIONES,MEDIO_A,CLIENTE_BANCO,10200,BAJO,1.0,0,210,713,6996,250,0,54,RENTA,PREPARATORIA,1
2.01408e+16,194,APROBADA,CLASICA,APROBADO,BUENO,9899.0,,1,8414.0,15.0,37611.0,INVERSIONES,MEDIO_A,CLIENTE_BANCO,48500,BAJO,0.85,0,231,733,22447,1450,0,38,RENTA,LICENCIATURA,1
2.01408e+16,195,APROBADA,CLASICA,APROBADO,BUENO,9899.0,,2,7226.0,27.0,30891.0,INVERSIONES,MEDIO_A,CLIENTE_BANCO,50000,BAJO,0.73,0,206,740,1743,630,0,50,PROPIA,POSGRADO,1
2.01408e+16,195,APROBADA,CLASICA,APROBADO,BUENO,9899.0,,2,5048.0,49.0,42090.0,INVERSIONES,MEDIO_A,CLIENTE_BANCO,20500,BAJO,0.51,0,248,740,1260,0,0,28,HIPOTECA,PREPARATORIA,1
2.01408e+16,196,APROBADA,CLASICA,APROBADO,BUENO,9899.0,,2,9800.0,1.0,19434.0,INVERSIONES,ALTO_B,CLIENTE_BANCO,0,BAJO,0.99,0,208,701,0,0,0,51,PROPIA,PREPARATORIA,1
2.01408e+16,196,APROBADA,CLASICA,APROBADO,BUENO,9899.0,,2,9899.0,0.0,29937.0,INVERSIONES,MEDIO_A,CLIENTE_BANCO,12000,BAJO,1.0,0,210,744,2006,250,0,59,FAMILIARES,PREPARATORIA,1
2.01408e+16,197,APROBADA,CLASICA,APROBADO,BUENO,9899.0,,0,4752.0,52.0,21214.0,RECIBO DE NOMINA,ALTO_B,CLIENTE_BANCO,21000,BAJO,0.48,0,218,754,1369,0,0,51,PROPIA,POSGRADO,1
2.01408e+16,198,APROBADA,CLASICA,APROBADO,BUENO,9899.0,,2,7424.0,25.0,27489.0,RECIBO DE NOMINA,MEDIO_A,CLIENTE_BANCO,21800,BAJO,0.75,0,220,714,9272,600,0,34,RENTA,POSGRADO,1
2.01408e+16,199,APROBADA,CLASICA,APROBADO,REGULAR,9899.0,,0,2970.0,70.0,15201.0,INVERSIONES,MEDIO_A,CLIENTE_BANCO,8000,MEDIO,0.3,0,216,698,6871,0,0,46,FAMILIARES,LICENCIATURA,1
2.01408e+16,146,APROBADA,CLASICA,APROBADO,BUENO,9800.0,,2,10976.0,-12.0,14435.0,RECIBO DE NOMINA,MEDIO_A,CLIENTE_BANCO,42000,BAJO,1.12,0,213,740,30224,530,0,56,RENTA,LICENCIATURA,1
2.01406e+16,191,APROBADA,CLASICA,APROBADO,REGULAR,9800.0,,2,10780.0,-10.0,7234.0,RECIBO DE NOMINA,MEDIO_A,CLIENTE_BANCO,0,ALTO,1.1,0,169,450,0,0,0,41,FAMILIARES,LICENCIATURA,1
2.01407e+16,109,APROBADA,CLASICA,APROBADO,REGULAR,9700.0,,3,5626.0,42.0,0.0,RECIBO DE NOMINA,ALTO_B,NO_CLIENTE,5000,ALTO,0.58,2,169,529,0,0,0,44,HIPOTECA,SECUNDARIA,1
2.01408e+16,140,APROBADA,CLASICA,APROBADO,BUENO,9700.0,,0,4462.0,54.0,0.0,RECIBO DE NOMINA,ALTO_B,NO_CLIENTE,0,BAJO,0.46,1,186,764,0,0,0,26,PROPIA,LICENCIATURA,1
2.01406e+16,196,APROBADA,CLASICA,APROBADO,BUENO,9600.0,,0,4512.0,53.0,7967.0,RECIBO DE NOMINA,ALTO_B,CLIENTE_BANCO,0,BAJO,0.47,0,228,763,0,0,0,36,PROPIA,POSGRADO,1
2.01408e+16,102,APROBADA,CLASICA,APROBADO,REGULAR,9500.0,,0,3420.0,64.0,12546.0,RECIBO DE NOMINA,ALTO_A,NO_CLIENTE,0,BAJO,0.36,0,220,774,0,0,0,33,PROPIA,LICENCIATURA,1
2.01406e+16,129,APROBADA,CLASICA,APROBADO,BUENO,9400.0,,2,7708.0,18.0,7856.0,INVERSIONES,MEDIO_A,CLIENTE_BANCO,0,BAJO,0.82,0,238,710,3914,250,0,48,FAMILIARES,PREPARATORIA,1
2.01407e+16,152,APROBADA,CLASICA,APROBADO,BUENO,9300.0,,0,6510.0,30.0,7107.0,RECIBO DE NOMINA,MEDIO_B,NO_CLIENTE,0,BAJO,0.7,0,212,740,0,0,0,32,HIPOTECA,PREPARATORIA,1
2.01408e+16,193,APROBADA,CLASICA,APROBADO,BUENO,9300.0,,1,7719.0,17.0,7885.0,RECIBO DE NOMINA,MEDIO_B,NO_CLIENTE,0,BAJO,0.83,0,244,737,0,0,0,39,HIPOTECA,LICENCIATURA,1
2.01406e+16,112,APROBADA,CLASICA,APROBADO,BUENO,9200.0,,0,7728.0,16.0,6823.0,RECIBO DE NOMINA,MEDIO_B,NO_CLIENTE,0,BAJO,0.84,2,145,726,0,0,0,27,RENTA,POSGRADO,1
2.01408e+16,145,APROBADA,CLASICA,APROBADO,REGULAR,9100.0,,0,1820.0,80.0,0.0,RECIBO DE NOMINA,ALTO_A,NO_CLIENTE,0,BAJO,0.2,0,189,790,0,0,0,54,PROPIA,LICENCIATURA,1
2.01408e+16,157,APROBADA,CLASICA,APROBADO,REGULAR,9100.0,,0,3640.0,60.0,0.0,RECIBO DE NOMINA,ALTO_A,NO_CLIENTE,0,BAJO,0.4,0,170,770,0,0,0,47,HIPOTECA,PREPARATORIA,1
2.01407e+16,179,APROBADA,CLASICA,APROBADO,BUENO,9000.0,,1,6480.0,28.0,0.0,RECIBO DE NOMINA,ALTO_B,NO_CLIENTE,0,BAJO,0.72,0,174,748,0,0,0,49,PROPIA,POSGRADO,1
2.01408e+16,139,APROBADA,CLASICA,APROBADO,BUENO,8999.0,,0,5129.0,43.0,11079.0,RECIBO DE NOMINA,MEDIO_A,NO_CLIENTE,0,BAJO,0.57,0,240,753,0,0,0,39,RENTA,POSGRADO,1
2.01407e+16,146,APROBADA,CLASICA,APROBADO,BUENO,8600.0,,2,7138.0,17.0,0.0,RECIBO DE NOMINA,BAJO_B,CLIENTE_BANCO,0,BAJO,0.83,0,210,717,0,0,0,29,HIPOTECA,PREPARATORIA,1
2.01408e+16,174,APROBADA,CLASICA,APROBADO,BUENO,8600.0,,1,6622.0,23.0,0.0,RECIBO DE NOMINA,BAJO_B,NO_CLIENTE,0,BAJO,0.77,1,216,743,0,0,0,32,HIPOTECA,PREPARATORIA,1
2.01408e+16,114,APROBADA,CLASICA,APROBADO,BUENO,8500.0,,0,5865.0,31.0,12548.0,INVERSIONES,MEDIO_B,NO_CLIENTE,0,BAJO,0.69,0,218,741,0,0,0,31,FAMILIARES,PREPARATORIA,1
2.01408e+16,131,APROBADA,CLASICA,APROBADO,REGULAR,8500.0,,1,3315.0,61.0,0.0,RECIBO DE NOMINA,MEDIO_A,CLIENTE_BANCO,6000,BAJO,0.39,0,224,716,4980,0,0,57,HIPOTECA,POSGRADO,1
2.01312e+16,107,APROBADA,CLASICA,APROBADO,REGULAR,8300.0,,1,5561.0,33.0,8340.0,INVERSIONES,MEDIO_A,CLIENTE_BANCO,7600,MEDIO,0.67,0,176,676,7185,0,0,51,FAMILIARES,POSGRADO,1
2.01408e+16,184,APROBADA,CLASICA,APROBADO,REGULAR,8300.0,,0,2656.0,68.0,0.0,RECIBO DE NOMINA,MEDIO_A,NO_CLIENTE,0,BAJO,0.32,0,177,778,0,0,0,31,HIPOTECA,LICENCIATURA,1
2.01408e+16,185,APROBADA,CLASICA,APROBADO,BUENO,8300.0,,2,5312.0,36.0,9118.0,RECIBO DE NOMINA,ALTO_B,CLIENTE_BANCO,13400,BAJO,0.64,0,213,736,0,0,0,33,PROPIA,PREPARATORIA,1
2.01407e+16,156,APROBADA,CLASICA,APROBADO,REGULAR,8200.0,,2,9348.0,-14.0,0.0,RECIBO DE NOMINA,ALTO_B,CLIENTE_BANCO,12000,MEDIO,1.14,0,220,660,0,0,0,31,HIPOTECA,POSGRADO,1
2.01408e+16,159,APROBADA,CLASICA,APROBADO,REGULAR,8200.0,,0,2706.0,67.0,13497.0,RECIBO DE NOMINA,MEDIO_A,CLIENTE_BANCO,10800,MEDIO,0.33,0,206,694,8697,500,0,43,PROPIA,LICENCIATURA,1
2.01407e+16,169,APROBADA,CLASICA,APROBADO,BUENO,8100.0,,2,4617.0,43.0,7250.0,RECIBO DE NOMINA,MEDIO_B,NO_CLIENTE,0,BAJO,0.57,0,193,743,0,0,0,27,FAMILIARES,LICENCIATURA,1
2.01408e+16,117,APROBADA,CLASICA,APROBADO,BUENO,8000.0,,0,3760.0,53.0,11276.0,RECIBO DE NOMINA,ALTO_A,NO_CLIENTE,0,BAJO,0.47,0,209,763,0,0,0,60,HIPOTECA,LICENCIATURA,1
2.01406e+16,177,APROBADA,CLASICA,APROBADO,BUENO,8000.0,,1,-100.0,0.0,13230.0,INVERSIONES,ALTO_B,CLIENTE_BANCO,36000,BAJO,1.0,0,199,710,0,0,0,41,PROPIA,LICENCIATURA,1
2.01408e+16,119,APROBADA,CLASICA,APROBADO,BUENO,7900.0,,2,5293.0,33.0,5869.0,RECIBO DE NOMINA,ALTO_B,CLIENTE_BANCO,0,BAJO,0.67,0,233,733,0,0,0,39,PROPIA,PREPARATORIA,1
2.01407e+16,196,APROBADA,CLASICA,APROBADO,BUENO,7800.0,,1,8502.0,-9.0,12488.0,INVERSIONES,MEDIO_B,NO_CLIENTE,0,BAJO,1.09,0,211,711,0,0,0,35,HIPOTECA,POSGRADO,1
2.01408e+16,176,APROBADA,CLASICA,APROBADO,BUENO,7800.0,,1,1300.0,54.0,0.0,RECIBO DE NOMINA,ALTO_B,NO_CLIENTE,0,BAJO,0.46,1,186,764,0,0,0,26,PROPIA,LICENCIATURA,1
2.01406e+16,127,APROBADA,CLASICA,APROBADO,BUENO,7300.0,,1,7154.0,2.0,4038.0,RECIBO DE NOMINA,MEDIO_A,CLIENTE_BANCO,0,BAJO,0.98,0,242,722,0,0,0,48,RENTA,LICENCIATURA,1
2.01408e+16,216,APROBADA,CLASICA,APROBADO,BUENO,7300.0,,0,-913.0,22.0,11089.0,RECIBO DE NOMINA,ALTO_B,CLIENTE_BANCO,0,BAJO,0.78,0,224,732,0,0,0,41,PROPIA,LICENCIATURA,1
2.01408e+16,129,APROBADA,CLASICA,APROBADO,BUENO,7200.0,,2,6408.0,11.0,18467.0,RECIBO DE NOMINA,MEDIO_A,CLIENTE_BANCO,67000,BAJO,0.89,0,216,740,8705,840,0,34,FAMILIARES,POSGRADO,1
2.01408e+16,146,APROBADA,CLASICA,APROBADO,BUENO,7200.0,,0,5328.0,26.0,0.0,RECIBO DE NOMINA,BAJO_B,NO_CLIENTE,0,BAJO,0.74,2,171,736,0,0,0,40,PROPIA,PREPARATORIA,1
2.01408e+16,190,APROBADA,CLASICA,APROBADO,REGULAR,7200.0,,1,2088.0,71.0,0.0,RECIBO DE NOMINA,MEDIO_A,NO_CLIENTE,0,BAJO,0.29,0,188,791,0,0,0,46,HIPOTECA,POSGRADO,1
2.01406e+16,119,APROBADA,CLASICA,APROBADO,REGULAR,7100.0,,3,7739.0,-9.0,5885.0,RECIBO DE NOMINA,MEDIO_A,NO_CLIENTE,7200,ALTO,1.09,0,224,589,0,0,0,59,HIPOTECA,POSGRADO,1
2.01408e+16,121,APROBADA,CLASICA,APROBADO,BUENO,7100.0,,2,4402.0,38.0,0.0,RECIBO DE NOMINA,MEDIO_A,NO_CLIENTE,0,BAJO,0.62,0,196,738,0,0,0,36,HIPOTECA,PREPARATORIA,1
2.01407e+16,174,APROBADA,CLASICA,APROBADO,BUENO,7002.0,,2,7562.0,-8.0,13265.0,RECIBO DE NOMINA,MEDIO_A,CLIENTE_BANCO,6500,BAJO,1.08,0,211,750,3508,250,0,27,FAMILIARES,PREPARATORIA,1
2.01407e+16,104,APROBADA,CLASICA,APROBADO,REGULAR,7000.0,,2,7420.0,-6.0,0.0,RECIBO DE NOMINA,MEDIO_A,NO_CLIENTE,0,MEDIO,1.06,0,185,694,0,0,0,27,FAMILIARES,LICENCIATURA,1
2.01408e+16,110,APROBADA,CLASICA,APROBADO,REGULAR,7000.0,,2,8330.0,-19.0,0.0,RECIBO DE NOMINA,MEDIO_B,NO_CLIENTE,0,MEDIO,1.19,0,203,681,0,0,0,39,PROPIA,POSGRADO,1
2.01407e+16,115,APROBADA,CLASICA,APROBADO,REGULAR,7000.0,,0,1120.0,84.0,0.0,INVERSIONES,ALTO_B,NO_CLIENTE,0,BAJO,0.16,0,196,794,0,0,0,54,RENTA,PREPARATORIA,1
2.01408e+16,116,APROBADA,CLASICA,APROBADO,REGULAR,7000.0,,0,2240.0,68.0,0.0,INVERSIONES,ALTO_A,NO_CLIENTE,0,BAJO,0.32,0,200,778,0,0,0,40,FAMILIARES,POSGRADO,1
2.01408e+16,122,APROBADA,CLASICA,APROBADO,REGULAR,7000.0,,0,1190.0,83.0,0.0,INVERSIONES,MEDIO_A,NO_CLIENTE,1,BAJO,0.17,1,193,793,0,0,0,27,HIPOTECA,PREPARATORIA,1
2.01407e+16,125,APROBADA,CLASICA,APROBADO,BUENO,7000.0,,1,3150.0,55.0,0.0,INVERSIONES,ALTO_B,NO_CLIENTE,0,BAJO,0.45,0,195,775,0,0,0,26,RENTA,POSGRADO,1
2.01407e+16,125,APROBADA,CLASICA,APROBADO,BUENO,7000.0,,1,3290.0,53.0,0.0,RECIBO DE NOMINA,MEDIO_A,NO_CLIENTE,0,BAJO,0.47,0,201,773,0,0,0,41,PROPIA,PREPARATORIA,1
2.01408e+16,128,APROBADA,CLASICA,APROBADO,BUENO,7000.0,,1,3220.0,54.0,0.0,RECIBO DE NOMINA,ALTO_A,NO_CLIENTE,0,BAJO,0.46,0,193,774,0,0,0,50,PROPIA,POSGRADO,1
2.01408e+16,133,APROBADA,CLASICA,APROBADO,BUENO,7000.0,,0,3430.0,51.0,0.0,INVERSIONES,MEDIO_A,NO_CLIENTE,0,BAJO,0.49,0,204,761,0,0,0,39,RENTA,PREPARATORIA,1
2.01407e+16,136,APROBADA,CLASICA,APROBADO,REGULAR,7000.0,,0,2450.0,65.0,0.0,RECIBO DE NOMINA,ALTO_B,NO_CLIENTE,0,BAJO,0.35,0,213,775,0,0,0,28,HIPOTECA,LICENCIATURA,1
2.01407e+16,137,APROBADA,CLASICA,APROBADO,BUENO,7000.0,,0,5880.0,16.0,0.0,RECIBO DE NOMINA,MEDIO_A,NO_CLIENTE,0,BAJO,0.84,0,187,726,0,0,0,44,PROPIA,PREPARATORIA,1
2.01407e+16,137,APROBADA,CLASICA,APROBADO,BUENO,7000.0,,2,4410.0,37.0,0.0,INVERSIONES,MEDIO_B,NO_CLIENTE,0,BAJO,0.63,0,193,737,0,0,0,54,PROPIA,LICENCIATURA,1
2.01407e+16,139,APROBADA,CLASICA,APROBADO,BUENO,7000.0,,0,4340.0,38.0,0.0,RECIBO DE NOMINA,MEDIO_B,NO_CLIENTE,0,BAJO,0.62,0,195,748,0,0,0,49,HIPOTECA,PREPARATORIA,1
2.01407e+16,140,APROBADA,CLASICA,APROBADO,BUENO,7000.0,,1,5040.0,28.0,0.0,INVERSIONES,MEDIO_A,NO_CLIENTE,0,BAJO,0.72,0,197,748,0,0,0,28,RENTA,PREPARATORIA,1
2.01408e+16,140,APROBADA,CLASICA,APROBADO,BUENO,7000.0,,1,3150.0,55.0,0.0,INVERSIONES,ALTO_B,NO_CLIENTE,0,BAJO,0.45,0,199,775,0,0,0,33,FAMILIARES,PREPARATORIA,1
2.01408e+16,145,APROBADA,CLASICA,APROBADO,BUENO,7000.0,,1,4410.0,37.0,0.0,RECIBO DE NOMINA,MEDIO_A,NO_CLIENTE,0,BAJO,0.63,0,242,757,0,0,0,41,PROPIA,LICENCIATURA,1
2.01408e+16,154,APROBADA,CLASICA,APROBADO,BUENO,7000.0,,1,7350.0,-5.0,0.0,INVERSIONES,MEDIO_A,NO_CLIENTE,0,BAJO,1.05,0,205,715,0,0,0,59,FAMILIARES,PREPARATORIA,1
2.01407e+16,159,APROBADA,CLASICA,APROBADO,BUENO,7000.0,,0,6790.0,3.0,0.0,INVERSIONES,MEDIO_A,NO_CLIENTE,0,BAJO,0.97,0,187,713,0,0,0,60,PROPIA,POSGRADO,1
2.01407e+16,165,APROBADA,CLASICA,APROBADO,BUENO,7000.0,,1,6510.0,7.0,0.0,INVERSIONES,MEDIO_A,NO_CLIENTE,0,BAJO,0.93,0,197,727,0,0,0,45,PROPIA,LICENCIATURA,1
2.01407e+16,168,APROBADA,CLASICA,APROBADO,BUENO,7000.0,,0,3010.0,57.0,0.0,INVERSIONES,ALTO_A,NO_CLIENTE,0,BAJO,0.43,0,215,767,0,0,0,37,PROPIA,LICENCIATURA,1
2.01407e+16,170,APROBADA,CLASICA,APROBADO,BUENO,7000.0,,2,5880.0,16.0,0.0,INVERSIONES,MEDIO_A,NO_CLIENTE,0,BAJO,0.84,0,197,716,0,0,0,28,PROPIA,PREPARATORIA,1
2.01408e+16,176,APROBADA,CLASICA,APROBADO,BUENO,7000.0,,2,4130.0,41.0,0.0,RECIBO DE NOMINA,MEDIO_A,NO_CLIENTE,0,BAJO,0.59,0,205,741,0,0,0,37,HIPOTECA,LICENCIATURA,1
2.01407e+16,177,APROBADA,CLASICA,APROBADO,BUENO,7000.0,,2,4900.0,30.0,0.0,INVERSIONES,MEDIO_B,NO_CLIENTE,0,BAJO,0.7,0,240,730,0,0,0,49,PROPIA,POSGRADO,1
2.01408e+16,179,APROBADA,CLASICA,APROBADO,BUENO,7000.0,,1,7280.0,-4.0,0.0,INVERSIONES,MEDIO_A,NO_CLIENTE,0,BAJO,1.04,0,193,716,0,0,0,55,RENTA,LICENCIATURA,1
2.01407e+16,184,APROBADA,CLASICA,APROBADO,BUENO,7000.0,,1,4550.0,35.0,0.0,INVERSIONES,ALTO_B,NO_CLIENTE,0,BAJO,0.65,0,197,755,0,0,0,26,HIPOTECA,PREPARATORIA,1
2.01407e+16,189,APROBADA,CLASICA,APROBADO,REGULAR,7000.0,,3,8260.0,-18.0,0.0,INVERSIONES,MEDIO_A,NO_CLIENTE,8260,ALTO,1.18,0,196,499,0,0,0,34,FAMILIARES,LICENCIATURA,1
2.01407e+16,191,APROBADA,CLASICA,APROBADO,BUENO,7000.0,,0,3080.0,56.0,0.0,RECIBO DE NOMINA,ALTO_A,NO_CLIENTE,0,BAJO,0.44,0,219,766,0,0,0,50,RENTA,PREPARATORIA,1
2.01407e+16,192,APROBADA,CLASICA,APROBADO,BUENO,7000.0,,0,3640.0,48.0,0.0,INVERSIONES,ALTO_A,NO_CLIENTE,0,BAJO,0.52,0,197,758,0,0,0,28,PROPIA,LICENCIATURA,1
2.01407e+16,193,APROBADA,CLASICA,APROBADO,BUENO,7000.0,,0,3710.0,47.0,0.0,INVERSIONES,ALTO_A,NO_CLIENTE,0,BAJO,0.53,0,193,757,0,0,0,59,RENTA,PREPARATORIA,1
2.01407e+16,196,APROBADA,CLASICA,APROBADO,REGULAR,7000.0,,1,1190.0,83.0,0.0,RECIBO DE NOMINA,MEDIO_A,CLIENTE_BANCO,0,BAJO,0.17,0,218,803,0,0,0,54,FAMILIARES,LICENCIATURA,1
2.01407e+16,168,APROBADA,CLASICA,APROBADO,BUENO,6900.0,,1,5727.0,17.0,0.0,RECIBO DE NOMINA,BAJO_B,NO_CLIENTE,0,BAJO,0.83,0,171,737,0,0,0,42,PROPIA,PREPARATORIA,1
2.01406e+16,134,APROBADA,CLASICA,APROBADO,BUENO,6700.0,,1,4221.0,37.0,0.0,RECIBO DE NOMINA,ALTO_B,CLIENTE_BANCO,0,BAJO,0.63,0,226,757,0,0,0,58,FAMILIARES,LICENCIATURA,1
2.01408e+16,176,APROBADA,CLASICA,APROBADO,BUENO,6699.0,,1,1340.0,48.0,66102.0,RECIBO DE NOMINA,MEDIO_B,CLIENTE_BANCO,0,BAJO,0.52,0,220,758,0,0,0,43,PROPIA,LICENCIATURA,1
2.01408e+16,145,APROBADA,CLASICA,APROBADO,BUENO,6599.0,,1,1320.0,8.0,14808.0,INVERSIONES,MEDIO_B,NO_CLIENTE,0,BAJO,0.92,0,239,718,0,0,0,52,PROPIA,LICENCIATURA,1
2.01407e+16,141,APROBADA,CLASICA,APROBADO,BUENO,6500.0,,2,4745.0,27.0,11980.0,RECIBO DE NOMINA,MEDIO_B,NO_CLIENTE,0,BAJO,0.73,0,216,727,0,0,0,36,PROPIA,PREPARATORIA,1
2.01407e+16,188,APROBADA,CLASICA,APROBADO,REGULAR,6500.0,,1,7345.0,-13.0,8717.0,RECIBO DE NOMINA,MEDIO_A,CLIENTE_BANCO,5004,MEDIO,1.13,0,218,686,705,250,0,47,RENTA,PREPARATORIA,1
2.01408e+16,210,APROBADA,CLASICA,APROBADO,BUENO,6399.0,,0,1280.0,56.0,44349.0,INVERSIONES,MEDIO_A,CLIENTE_BANCO,82500,BAJO,0.44,0,242,704,45322,2760,0,39,PROPIA,LICENCIATURA,1
2.01408e+16,190,APROBADA,CLASICA,APROBADO,REGULAR,6300.0,,2,7371.0,-17.0,0.0,RECIBO DE NOMINA,MEDIO_A,NO_CLIENTE,0,MEDIO,1.17,0,191,683,0,0,0,26,HIPOTECA,LICENCIATURA,1
2.01408e+16,143,APROBADA,CLASICA,APROBADO,BUENO,6300.0,,0,-1050.0,25.0,6628.0,RECIBO DE NOMINA,MEDIO_B,NO_CLIENTE,0,BAJO,0.75,0,216,735,0,0,0,42,PROPIA,LICENCIATURA,1
2.01408e+16,231,APROBADA,CLASICA,APROBADO,BUENO,6299.0,,0,787.0,40.0,1317.0,DECLARACION ANUAL,MEDIO_A,CLIENTE_BANCO,11000,BAJO,0.6,0,214,723,5062,0,0,28,PROPIA,LICENCIATURA,1
2.01407e+16,114,APROBADA,CLASICA,APROBADO,REGULAR,6200.0,,0,2232.0,64.0,17665.0,INVERSIONES,ALTO_B,NO_CLIENTE,0,BAJO,0.36,0,218,774,0,0,0,51,PROPIA,LICENCIATURA,1
2.01408e+16,151,APROBADA,CLASICA,APROBADO,REGULAR,6200.0,,0,2046.0,67.0,16963.0,RECIBO DE NOMINA,MEDIO_A,CLIENTE_BANCO,8700,MEDIO,0.33,0,217,694,6702,370,0,50,RENTA,LICENCIATURA,1
2.01408e+16,205,APROBADA,CLASICA,APROBADO,BUENO,6200.0,,1,-1240.0,22.0,11089.0,RECIBO DE NOMINA,ALTO_B,CLIENTE_BANCO,0,BAJO,0.78,0,224,732,0,0,0,41,PROPIA,LICENCIATURA,1
2.01408e+16,119,APROBADA,CLASICA,APROBADO,BUENO,6199.0,,1,6633.0,-7.0,8929.0,RECIBO DE NOMINA,MEDIO_B,CLIENTE_BANCO,15,BAJO,1.07,0,242,713,0,0,0,43,PROPIA,LICENCIATURA,1
2.01407e+16,125,APROBADA,CLASICA,APROBADO,REGULAR,6100.0,,1,1830.0,70.0,0.0,RECIBO DE NOMINA,ALTO_B,NO_CLIENTE,0,BAJO,0.3,0,178,790,0,0,0,26,HIPOTECA,PREPARATORIA,1
2.01407e+16,103,APROBADA,CLASICA,APROBADO,BUENO,6000.0,,2,3660.0,39.0,0.0,RECIBO DE NOMINA,MEDIO_B,NO_CLIENTE,0,BAJO,0.61,0,216,739,0,0,0,35,PROPIA,PREPARATORIA,1
2.01408e+16,104,APROBADA,CLASICA,APROBADO,REGULAR,6000.0,,2,7140.0,-19.0,0.0,RECIBO DE NOMINA,ALTO_B,NO_CLIENTE,0,MEDIO,1.19,0,178,681,0,0,0,55,HIPOTECA,POSGRADO,1
2.01408e+16,106,APROBADA,CLASICA,APROBADO,BUENO,6000.0,,1,3420.0,43.0,0.0,RECIBO DE NOMINA,MEDIO_A,NO_CLIENTE,0,BAJO,0.57,0,166,763,0,0,0,56,PROPIA,POSGRADO,1
2.01408e+16,107,APROBADA,CLASICA,APROBADO,REGULAR,6000.0,,2,6780.0,-13.0,0.0,INVERSIONES,MEDIO_A,NO_CLIENTE,0,MEDIO,1.13,0,201,687,0,0,0,44,PROPIA,POSGRADO,1
2.01408e+16,115,APROBADA,CLASICA,APROBADO,REGULAR,6000.0,,0,2160.0,64.0,0.0,INVERSIONES,MEDIO_A,NO_CLIENTE,0,BAJO,0.36,0,199,774,0,0,0,40,FAMILIARES,PREPARATORIA,1
2.01407e+16,118,APROBADA,CLASICA,APROBADO,BUENO,6000.0,,1,5940.0,1.0,0.0,RECIBO DE NOMINA,MEDIO_A,NO_CLIENTE,0,BAJO,0.99,0,188,721,0,0,0,37,HIPOTECA,POSGRADO,1
2.01408e+16,119,APROBADA,CLASICA,APROBADO,BUENO,6000.0,,2,4320.0,28.0,0.0,INVERSIONES,MEDIO_A,NO_CLIENTE,0,BAJO,0.72,0,193,728,0,0,0,37,PROPIA,POSGRADO,1
2.01407e+16,130,APROBADA,CLASICA,APROBADO,BUENO,6000.0,,0,4320.0,28.0,0.0,INVERSIONES,ALTO_A,CLIENTE_BANCO,0,BAJO,0.72,0,227,738,0,0,0,32,PROPIA,LICENCIATURA,1
2.01408e+16,134,APROBADA,CLASICA,APROBADO,REGULAR,6000.0,,1,1560.0,74.0,0.0,RECIBO DE NOMINA,ALTO_B,NO_CLIENTE,0,BAJO,0.26,0,193,794,0,0,0,46,RENTA,PREPARATORIA,1
2.01408e+16,135,APROBADA,CLASICA,APROBADO,BUENO,6000.0,,0,4920.0,18.0,0.0,INVERSIONES,MEDIO_A,NO_CLIENTE,0,BAJO,0.82,0,203,728,0,0,0,29,PROPIA,POSGRADO,1
2.01408e+16,163,APROBADA,CLASICA,APROBADO,BUENO,6000.0,,0,2580.0,57.0,0.0,RECIBO DE NOMINA,ALTO_A,NO_CLIENTE,0,BAJO,0.43,0,192,767,0,0,0,46,PROPIA,LICENCIATURA,1
2.01408e+16,166,APROBADA,CLASICA,APROBADO,BUENO,6000.0,,0,4020.0,33.0,0.0,INVERSIONES,MEDIO_A,NO_CLIENTE,0,BAJO,0.67,0,186,743,0,0,0,28,HIPOTECA,POSGRADO,1
2.01408e+16,171,APROBADA,CLASICA,APROBADO,BUENO,6000.0,,0,5400.0,10.0,0.0,RECIBO DE NOMINA,MEDIO_A,NO_CLIENTE,0,BAJO,0.9,2,185,720,0,0,0,29,PROPIA,LICENCIATURA,1
2.01408e+16,173,APROBADA,CLASICA,APROBADO,REGULAR,6000.0,,0,1680.0,72.0,0.0,INVERSIONES,ALTO_A,NO_CLIENTE,0,BAJO,0.28,1,164,782,0,0,0,56,RENTA,PREPARATORIA,1
2.01408e+16,177,APROBADA,CLASICA,APROBADO,BUENO,6000.0,,0,6000.0,0.0,0.0,RECIBO DE NOMINA,MEDIO_B,CLIENTE_BANCO,0,BAJO,1.0,0,197,710,0,0,0,54,FAMILIARES,POSGRADO,1
2.01408e+16,180,APROBADA,CLASICA,APROBADO,BUENO,6000.0,,0,2640.0,56.0,0.0,RECIBO DE NOMINA,MEDIO_A,NO_CLIENTE,0,BAJO,0.44,0,196,766,0,0,0,39,RENTA,POSGRADO,1
2.01407e+16,180,APROBADA,CLASICA,APROBADO,BUENO,6000.0,,0,2700.0,55.0,0.0,RECIBO DE NOMINA,MEDIO_A,NO_CLIENTE,0,BAJO,0.45,0,228,765,0,0,0,49,FAMILIARES,POSGRADO,1
2.01407e+16,183,APROBADA,CLASICA,APROBADO,REGULAR,6000.0,,1,1860.0,69.0,0.0,INVERSIONES,MEDIO_A,NO_CLIENTE,0,BAJO,0.31,0,196,789,0,0,0,49,PROPIA,PREPARATORIA,1
2.01407e+16,188,APROBADA,CLASICA,APROBADO,BUENO,6000.0,,1,2760.0,54.0,0.0,INVERSIONES,MEDIO_A,NO_CLIENTE,0,BAJO,0.46,0,193,774,0,0,0,47,PROPIA,POSGRADO,1
2.01408e+16,196,APROBADA,CLASICA,APROBADO,BUENO,6000.0,,1,6300.0,-5.0,1895.0,RECIBO DE NOMINA,ALTO_B,CLIENTE_BANCO,0,BAJO,1.05,0,222,715,0,0,0,54,PROPIA,LICENCIATURA,1
2.01408e+16,198,APROBADA,CLASICA,APROBADO,REGULAR,6000.0,,0,1800.0,70.0,0.0,RECIBO DE NOMINA,ALTO_B,NO_CLIENTE,0,BAJO,0.3,0,198,780,0,0,0,36,HIPOTECA,PREPARATORIA,1
2.01408e+16,139,APROBADA,CLASICA,APROBADO,REGULAR,5999.0,,2,4679.0,22.0,17506.0,DECLARACION ANUAL,MEDIO_A,CLIENTE_BANCO,15000,BAJO,0.78,0,232,700,0,0,0,46,RENTA,LICENCIATURA,1
2.01408e+16,145,APROBADA,CLASICA,APROBADO,BUENO,5999.0,,2,5519.0,8.0,10638.0,INVERSIONES,MEDIO_B,CLIENTE_BANCO,7000,BAJO,0.92,0,224,708,0,0,0,45,PROPIA,PREPARATORIA,1
2.01408e+16,151,APROBADA,CLASICA,APROBADO,BUENO,5999.0,,2,5819.0,3.0,11702.0,RECIBO DE NOMINA,ALTO_B,CLIENTE_BANCO,0,BAJO,0.97,0,237,703,0,0,0,43,HIPOTECA,POSGRADO,1
2.01408e+16,174,APROBADA,CLASICA,APROBADO,BUENO,5999.0,,1,4679.0,22.0,18693.0,INVERSIONES,MEDIO_A,CLIENTE_BANCO,15000,BAJO,0.78,0,242,723,10582,340,0,43,FAMILIARES,POSGRADO,1
2.01408e+16,179,APROBADA,CLASICA,APROBADO,BUENO,5999.0,,1,5279.0,12.0,23313.0,INVERSIONES,MEDIO_A,CLIENTE_BANCO,7500,BAJO,0.88,0,220,727,6405,320,0,52,FAMILIARES,PREPARATORIA,1
2.01408e+16,180,APROBADA,CLASICA,APROBADO,BUENO,5999.0,,0,2940.0,51.0,7194.0,RECIBO DE NOMINA,MEDIO_A,CLIENTE_BANCO,8400,BAJO,0.49,0,211,723,434,250,0,38,HIPOTECA,POSGRADO,1
2.01408e+16,193,APROBADA,CLASICA,APROBADO,REGULAR,5999.0,,0,1980.0,67.0,25633.0,INVERSIONES,MEDIO_A,CLIENTE_BANCO,19000,BAJO,0.33,0,221,777,12183,280,0,47,FAMILIARES,LICENCIATURA,1
2.01408e+16,169,APROBADA,CLASICA,APROBADO,BUENO,5999.0,,0,100.0,12.0,18582.0,RECIBO DE NOMINA,MEDIO_A,CLIENTE_BANCO,37700,BAJO,0.88,0,229,716,26268,1490,0,40,PROPIA,LICENCIATURA,1
2.01406e+16,177,APROBADA,CLASICA,APROBADO,REGULAR,5900.0,,2,6667.0,-13.0,4334.0,INVERSIONES,ALTO_B,CLIENTE_BANCO,0,MEDIO,1.13,0,188,680,0,0,0,53,FAMILIARES,LICENCIATURA,1
2.01406e+16,142,APROBADA,CLASICA,APROBADO,REGULAR,5800.0,,1,1218.0,79.0,6137.0,RECIBO DE NOMINA,MEDIO_A,CLIENTE_BANCO,0,BAJO,0.21,0,194,799,0,0,0,34,PROPIA,POSGRADO,1
2.01407e+16,143,APROBADA,CLASICA,APROBADO,REGULAR,5800.0,,1,1740.0,70.0,0.0,RECIBO DE NOMINA,MEDIO_A,NO_CLIENTE,0,BAJO,0.3,0,173,790,0,0,0,36,RENTA,POSGRADO,1
2.01407e+16,178,APROBADA,CLASICA,APROBADO,REGULAR,5800.0,,3,3944.0,32.0,17449.0,RECIBO DE NOMINA,MEDIO_B,CLIENTE_BANCO,47000,ALTO,0.68,0,235,549,4578,0,0,37,FAMILIARES,LICENCIATURA,1
2.01408e+16,172,APROBADA,CLASICA,APROBADO,REGULAR,5700.0,,2,6213.0,-9.0,10751.0,RECIBO DE NOMINA,MEDIO_B,NO_CLIENTE,0,MEDIO,1.09,0,198,691,0,0,0,26,PROPIA,LICENCIATURA,1
2.01408e+16,180,APROBADA,CLASICA,APROBADO,BUENO,5700.0,,1,-814.0,39.0,15002.0,RECIBO DE NOMINA,MEDIO_B,NO_CLIENTE,0,BAJO,0.61,0,226,749,0,0,0,56,PROPIA,LICENCIATURA,1
2.01407e+16,114,APROBADA,CLASICA,APROBADO,REGULAR,5600.0,,0,1008.0,82.0,0.0,RECIBO DE NOMINA,MEDIO_A,NO_CLIENTE,0,BAJO,0.18,0,210,792,0,0,0,29,RENTA,POSGRADO,1
2.01408e+16,154,APROBADA,CLASICA,APROBADO,BUENO,5600.0,,1,6608.0,-18.0,6123.0,RECIBO DE NOMINA,ALTO_B,CLIENTE_BANCO,0,BAJO,1.18,0,233,702,0,0,0,29,HIPOTECA,POSGRADO,1
2.01407e+16,114,APROBADA,CLASICA,APROBADO,BUENO,5500.0,,1,3850.0,30.0,0.0,INVERSIONES,BAJO_B,NO_CLIENTE,0,BAJO,0.7,0,171,750,0,0,0,42,FAMILIARES,LICENCIATURA,1
2.01408e+16,119,APROBADA,CLASICA,APROBADO,BUENO,5500.0,,0,3025.0,45.0,0.0,INVERSIONES,MEDIO_A,NO_CLIENTE,0,BAJO,0.55,3,159,755,0,0,0,37,PROPIA,PREPARATORIA,1
2.01407e+16,146,APROBADA,CLASICA,APROBADO,BUENO,5500.0,,0,4840.0,12.0,16150.0,RECIBO DE NOMINA,ALTO_B,CLIENTE_BANCO,12000,BAJO,0.88,0,231,722,0,0,0,36,HIPOTECA,PREPARATORIA,1
2.01408e+16,184,APROBADA,CLASICA,APROBADO,BUENO,5500.0,,1,2365.0,57.0,17237.0,RECIBO DE NOMINA,MEDIO_B,NO_CLIENTE,0,BAJO,0.43,0,241,777,0,0,0,50,HIPOTECA,PREPARATORIA,1
2.01408e+16,196,APROBADA,CLASICA,APROBADO,REGULAR,5500.0,,1,2090.0,62.0,0.0,RECIBO DE NOMINA,MEDIO_A,NO_CLIENTE,0,BAJO,0.38,0,218,782,0,0,0,33,HIPOTECA,POSGRADO,1
2.01408e+16,151,APROBADA,CLASICA,APROBADO,BUENO,5499.0,,0,917.0,57.0,45136.0,INVERSIONES,MEDIO_A,CLIENTE_BANCO,21500,BAJO,0.43,0,240,727,2111,250,0,38,PROPIA,LICENCIATURA,1
2.01408e+16,218,APROBADA,CLASICA,APROBADO,BUENO,5499.0,,0,786.0,56.0,44349.0,INVERSIONES,MEDIO_A,CLIENTE_BANCO,82500,BAJO,0.44,0,242,704,45322,2760,0,39,PROPIA,LICENCIATURA,1
2.01408e+16,191,APROBADA,CLASICA,APROBADO,BUENO,5300.0,,1,2756.0,48.0,1729.0,RECIBO DE NOMINA,ALTO_B,CLIENTE_BANCO,0,BAJO,0.52,0,215,768,0,0,0,50,PROPIA,POSGRADO,1
2.01408e+16,152,APROBADA,CLASICA,APROBADO,REGULAR,5200.0,,2,5720.0,-10.0,5580.0,RECIBO DE NOMINA,MEDIO_B,NO_CLIENTE,0,MEDIO,1.1,0,219,690,0,0,0,39,PROPIA,PREPARATORIA,1
2.01408e+16,196,APROBADA,CLASICA,APROBADO,REGULAR,5200.0,,0,2080.0,60.0,0.0,RECIBO DE NOMINA,ALTO_B,NO_CLIENTE,0,BAJO,0.4,0,207,770,0,0,0,56,HIPOTECA,LICENCIATURA,1
2.01408e+16,167,APROBADA,CLASICA,APROBADO,BUENO,5199.0,,0,650.0,8.0,14808.0,INVERSIONES,MEDIO_B,NO_CLIENTE,0,BAJO,0.92,0,239,718,0,0,0,52,PROPIA,LICENCIATURA,1
2.01408e+16,136,APROBADA,CLASICA,APROBADO,BUENO,5100.0,,1,5304.0,-4.0,0.0,RECIBO DE NOMINA,BAJO_B,NO_CLIENTE,0,BAJO,1.04,0,187,716,0,0,0,40,FAMILIARES,PREPARATORIA,1
2.01408e+16,181,APROBADA,CLASICA,APROBADO,BUENO,5099.0,,0,1020.0,-2.0,17461.0,RECIBO DE NOMINA,MEDIO_A,CLIENTE_BANCO,18200,BAJO,1.02,0,216,706,8564,470,0,47,PROPIA,LICENCIATURA,1
2.01405e+16,109,APROBADA,CLASICA,APROBADO,BUENO,5000.0,,1,4300.0,14.0,2805.0,RECIBO DE NOMINA,MEDIO_A,CLIENTE_BANCO,0,BAJO,0.86,1,237,734,0,0,0,32,HIPOTECA,PREPARATORIA,1
2.01408e+16,112,APROBADA,CLASICA,APROBADO,BUENO,5000.0,,0,3800.0,24.0,0.0,INVERSIONES,MEDIO_A,NO_CLIENTE,0,BAJO,0.76,1,182,734,0,0,0,53,PROPIA,LICENCIATURA,1
2.01407e+16,127,APROBADA,CLASICA,APROBADO,BUENO,5000.0,,2,3750.0,25.0,13062.0,RECIBO DE NOMINA,MEDIO_B,NO_CLIENTE,0,BAJO,0.75,0,235,725,0,0,0,46,FAMILIARES,LICENCIATURA,1
2.01408e+16,131,APROBADA,CLASICA,APROBADO,BUENO,5000.0,,1,4950.0,1.0,4038.0,RECIBO DE NOMINA,ALTO_B,NO_CLIENTE,0,BAJO,0.99,0,213,721,0,0,0,29,HIPOTECA,LICENCIATURA,1
2.01408e+16,141,APROBADA,CLASICA,APROBADO,BUENO,5000.0,,1,5250.0,-5.0,0.0,INVERSIONES,MEDIO_A,NO_CLIENTE,0,BAJO,1.05,1,176,715,0,0,0,29,HIPOTECA,PREPARATORIA,1
2.01408e+16,147,APROBADA,CLASICA,APROBADO,REGULAR,5000.0,,1,1200.0,76.0,0.0,INVERSIONES,ALTO_B,NO_CLIENTE,0,BAJO,0.24,0,183,796,0,0,0,57,PROPIA,PREPARATORIA,1
2.01406e+16,154,APROBADA,CLASICA,APROBADO,BUENO,5000.0,,0,5000.0,0.0,13230.0,INVERSIONES,ALTO_B,CLIENTE_BANCO,36000,BAJO,1.0,0,199,710,0,0,0,41,HIPOTECA,LICENCIATURA,1
2.01408e+16,160,APROBADA,CLASICA,APROBADO,BUENO,5000.0,,0,4050.0,19.0,0.0,INVERSIONES,MEDIO_A,NO_CLIENTE,0,BAJO,0.81,0,177,729,0,0,0,59,PROPIA,POSGRADO,1
2.01408e+16,162,APROBADA,CLASICA,APROBADO,REGULAR,5000.0,,1,1900.0,62.0,0.0,INVERSIONES,ALTO_B,NO_CLIENTE,0,BAJO,0.38,0,173,782,0,0,0,35,FAMILIARES,LICENCIATURA,1
2.01408e+16,163,APROBADA,CLASICA,APROBADO,REGULAR,5000.0,,2,3300.0,34.0,3568.0,RECIBO DE NOMINA,MEDIO_A,CLIENTE_BANCO,3000,MEDIO,0.66,0,207,698,2788,250,0,37,RENTA,LICENCIATURA,1
2.01408e+16,167,APROBADA,CLASICA,APROBADO,BUENO,5000.0,,0,3950.0,21.0,5285.0,RECIBO DE NOMINA,MEDIO_B,NO_CLIENTE,0,BAJO,0.79,0,222,731,0,0,0,36,PROPIA,POSGRADO,1
2.01408e+16,184,APROBADA,CLASICA,APROBADO,REGULAR,5000.0,,1,1650.0,67.0,0.0,INVERSIONES,MEDIO_A,NO_CLIENTE,0,BAJO,0.33,0,169,787,0,0,0,37,PROPIA,LICENCIATURA,1
2.01408e+16,184,APROBADA,CLASICA,APROBADO,REGULAR,5000.0,,1,1550.0,69.0,11392.0,RECIBO DE NOMINA,MEDIO_A,CLIENTE_BANCO,16300,MEDIO,0.31,0,213,685,15404,980,0,48,PROPIA,POSGRADO,1
2.01406e+16,185,APROBADA,CLASICA,APROBADO,BUENO,5000.0,,0,2200.0,56.0,2342.0,RECIBO DE NOMINA,MEDIO_A,CLIENTE_BANCO,0,BAJO,0.44,0,233,766,0,0,0,36,FAMILIARES,PREPARATORIA,1
2.01406e+16,186,APROBADA,CLASICA,APROBADO,REGULAR,5000.0,,0,1700.0,66.0,3611.0,INVERSIONES,MEDIO_A,CLIENTE_BANCO,6800,MEDIO,0.34,0,178,667,1190,500,0,57,FAMILIARES,POSGRADO,1
2.01408e+16,184,APROBADA,CLASICA,APROBADO,BUENO,5000.0,,1,-84.0,39.0,15002.0,RECIBO DE NOMINA,MEDIO_B,NO_CLIENTE,0,BAJO,0.61,0,226,749,0,0,0,56,PROPIA,LICENCIATURA,1
2.01408e+16,101,APROBADA,CLASICA,APROBADO,REGULAR,4999.0,,1,1550.0,69.0,15541.0,RECIBO DE NOMINA,ALTO_A,CLIENTE_BANCO,0,BAJO,0.31,0,229,789,0,0,0,48,RENTA,PREPARATORIA,1
2.01408e+16,106,APROBADA,CLASICA,APROBADO,BUENO,4999.0,,0,2999.0,40.0,10577.0,RECIBO DE NOMINA,ALTO_B,CLIENTE_BANCO,0,BAJO,0.6,0,246,750,0,0,0,34,HIPOTECA,LICENCIATURA,1
2.01408e+16,110,APROBADA,CLASICA,APROBADO,BUENO,4999.0,,2,3049.0,39.0,21036.0,INVERSIONES,MEDIO_A,CLIENTE_BANCO,0,BAJO,0.61,0,247,739,0,0,0,43,HIPOTECA,POSGRADO,1
2.01408e+16,112,APROBADA,CLASICA,APROBADO,BUENO,4999.0,,0,2500.0,50.0,55453.0,RECIBO DE NOMINA,MEDIO_A,CLIENTE_BANCO,0,BAJO,0.5,0,248,760,0,0,0,46,FAMILIARES,POSGRADO,1
2.01408e+16,114,APROBADA,CLASICA,APROBADO,REGULAR,4999.0,,0,750.0,85.0,0.0,RECIBO DE NOMINA,ALTO_A,NO_CLIENTE,0,BAJO,0.15,0,246,795,0,0,0,25,FAMILIARES,LICENCIATURA,1
2.01408e+16,116,APROBADA,CLASICA,APROBADO,BUENO,4999.0,,2,3599.0,28.0,12149.0,INVERSIONES,MEDIO_B,NO_CLIENTE,0,BAJO,0.72,0,228,728,0,0,0,60,RENTA,POSGRADO,1
2.01408e+16,118,APROBADA,CLASICA,APROBADO,REGULAR,4999.0,,2,5599.0,-12.0,0.0,RECIBO DE NOMINA,MEDIO_B,NO_CLIENTE,0,MEDIO,1.12,0,239,688,0,0,0,25,PROPIA,PREPARATORIA,1
2.01408e+16,121,APROBADA,CLASICA,APROBADO,BUENO,4999.0,,2,2799.0,44.0,27855.0,RECIBO DE NOMINA,MEDIO_A,CLIENTE_BANCO,0,BAJO,0.56,0,267,744,0,0,0,45,PROPIA,POSGRADO,1
2.01408e+16,124,APROBADA,CLASICA,APROBADO,REGULAR,4999.0,,0,750.0,85.0,11293.0,RECIBO DE NOMINA,ALTO_B,CLIENTE_BANCO,0,BAJO,0.15,0,260,795,0,0,0,34,HIPOTECA,PREPARATORIA,1
2.01408e+16,127,APROBADA,CLASICA,APROBADO,BUENO,4999.0,,0,4999.0,0.0,15499.0,RECIBO DE NOMINA,ALTO_B,CLIENTE_BANCO,0,BAJO,1.0,0,235,710,0,0,0,42,FAMILIARES,POSGRADO,1
2.01408e+16,129,APROBADA,CLASICA,APROBADO,REGULAR,4999.0,,1,1600.0,68.0,7297.0,INVERSIONES,ALTO_A,NO_CLIENTE,0,BAJO,0.32,0,224,788,0,0,0,40,PROPIA,LICENCIATURA,1
2.01408e+16,134,APROBADA,CLASICA,APROBADO,BUENO,4999.0,,1,4899.0,2.0,10307.0,RECIBO DE NOMINA,MEDIO_A,CLIENTE_BANCO,0,BAJO,0.98,0,271,722,0,0,0,54,HIPOTECA,PREPARATORIA,1
2.01408e+16,136,APROBADA,CLASICA,APROBADO,BUENO,4999.0,,2,3049.0,39.0,5444.0,RECIBO DE NOMINA,ALTO_B,CLIENTE_BANCO,0,BAJO,0.61,0,236,739,0,0,0,33,HIPOTECA,POSGRADO,1
2.01408e+16,139,APROBADA,CLASICA,APROBADO,BUENO,4999.0,,1,5249.0,-5.0,0.0,INVERSIONES,MEDIO_B,NO_CLIENTE,0,BAJO,1.05,0,227,715,0,0,0,56,HIPOTECA,LICENCIATURA,1
2.01407e+16,148,APROBADA,CLASICA,APROBADO,REGULAR,4999.0,,3,5349.0,-7.0,11480.0,INVERSIONES,MEDIO_A,CLIENTE_BANCO,5000,ALTO,1.07,0,222,580,0,0,0,27,HIPOTECA,LICENCIATURA,1
2.01408e+16,150,APROBADA,CLASICA,APROBADO,BUENO,4999.0,,0,4949.0,1.0,30469.0,INVERSIONES,ALTO_B,CLIENTE_BANCO,0,BAJO,0.99,0,228,711,0,0,0,39,PROPIA,LICENCIATURA,1
2.01408e+16,151,APROBADA,CLASICA,APROBADO,BUENO,4999.0,,1,5449.0,-9.0,13570.0,RECIBO DE NOMINA,ALTO_B,CLIENTE_BANCO,0,BAJO,1.09,0,221,711,0,0,0,59,PROPIA,PREPARATORIA,1
2.01408e+16,152,APROBADA,CLASICA,APROBADO,BUENO,4999.0,,0,4199.0,16.0,9089.0,RECIBO DE NOMINA,MEDIO_A,CLIENTE_BANCO,0,BAJO,0.84,0,241,726,0,0,0,35,FAMILIARES,PREPARATORIA,1
2.01408e+16,155,APROBADA,CLASICA,APROBADO,BUENO,4999.0,,1,4449.0,11.0,21660.0,INVERSIONES,ALTO_B,CLIENTE_BANCO,0,BAJO,0.89,0,223,731,0,0,0,40,PROPIA,POSGRADO,1
2.01408e+16,155,APROBADA,CLASICA,APROBADO,BUENO,4999.0,,2,4149.0,17.0,22863.0,RECIBO DE NOMINA,ALTO_B,CLIENTE_BANCO,0,BAJO,0.83,0,239,717,0,0,0,45,RENTA,PREPARATORIA,1
2.01408e+16,158,APROBADA,CLASICA,APROBADO,BUENO,4999.0,,2,2949.0,41.0,9240.0,INVERSIONES,ALTO_B,CLIENTE_BANCO,0,BAJO,0.59,0,207,741,0,0,0,52,PROPIA,SECUNDARIA,1
2.01407e+16,158,APROBADA,CLASICA,APROBADO,BUENO,4999.0,,2,2549.0,49.0,10410.0,RECIBO DE NOMINA,MEDIO_B,CLIENTE_BANCO,0,BAJO,0.51,0,219,749,0,0,0,50,HIPOTECA,POSGRADO,1
2.01408e+16,158,APROBADA,CLASICA,APROBADO,REGULAR,4999.0,,0,2000.0,60.0,7282.0,RECIBO DE NOMINA,ALTO_A,NO_CLIENTE,0,BAJO,0.4,0,240,770,0,0,0,26,PROPIA,PREPARATORIA,1
2.01408e+16,158,APROBADA,CLASICA,APROBADO,BUENO,4999.0,,1,5749.0,-15.0,22237.0,RECIBO DE NOMINA,MEDIO_A,CLIENTE_BANCO,0,BAJO,1.15,0,276,705,0,0,0,34,PROPIA,LICENCIATURA,1
2.01408e+16,159,APROBADA,CLASICA,APROBADO,REGULAR,4999.0,,0,1200.0,76.0,11056.0,INVERSIONES,MEDIO_A,NO_CLIENTE,0,BAJO,0.24,0,227,786,0,0,0,58,FAMILIARES,PREPARATORIA,1
2.01408e+16,159,APROBADA,CLASICA,APROBADO,BUENO,4999.0,,0,2250.0,55.0,13501.0,INVERSIONES,MEDIO_A,CLIENTE_BANCO,0,BAJO,0.45,0,242,765,0,0,0,47,HIPOTECA,POSGRADO,1
2.01408e+16,162,APROBADA,CLASICA,APROBADO,BUENO,4999.0,,1,4149.0,17.0,20242.0,DECLARACION ANUAL,ALTO_A,CLIENTE_BANCO,0,BAJO,0.83,0,260,737,0,0,0,39,PROPIA,LICENCIATURA,1
2.01408e+16,162,APROBADA,CLASICA,APROBADO,BUENO,4999.0,,1,5899.0,-18.0,43792.0,RECIBO DE NOMINA,MEDIO_A,CLIENTE_BANCO,0,BAJO,1.18,0,261,702,0,0,0,27,PROPIA,LICENCIATURA,1
2.01407e+16,168,APROBADA,CLASICA,APROBADO,BUENO,4999.0,,1,5599.0,-12.0,56769.0,RECIBO DE NOMINA,MEDIO_B,CLIENTE_BANCO,0,BAJO,1.12,0,213,708,0,0,0,25,RENTA,LICENCIATURA,1
2.01408e+16,168,APROBADA,CLASICA,APROBADO,BUENO,4999.0,,0,3049.0,39.0,6870.0,RECIBO DE NOMINA,ALTO_A,CLIENTE_BANCO,0,BAJO,0.61,0,219,749,0,0,0,47,FAMILIARES,POSGRADO,1
2.01408e+16,169,APROBADA,CLASICA,APROBADO,REGULAR,4999.0,,2,5599.0,-12.0,5000.0,RECIBO DE NOMINA,ALTO_B,CLIENTE_BANCO,0,MEDIO,1.12,2,189,680,0,0,0,35,PROPIA,POSGRADO,1
2.01408e+16,169,APROBADA,CLASICA,APROBADO,BUENO,4999.0,,1,5099.0,-2.0,12780.0,DECLARACION ANUAL,ALTO_B,CLIENTE_BANCO,0,BAJO,1.02,0,227,718,0,0,0,36,PROPIA,POSGRADO,1
2.01408e+16,169,APROBADA,CLASICA,APROBADO,REGULAR,4999.0,,0,1600.0,68.0,21761.0,RECIBO DE NOMINA,MEDIO_A,CLIENTE_BANCO,0,BAJO,0.32,0,238,778,0,0,0,33,FAMILIARES,POSGRADO,1
2.01408e+16,169,APROBADA,CLASICA,APROBADO,REGULAR,4999.0,,1,750.0,85.0,4833.0,RECIBO DE NOMINA,MEDIO_A,CLIENTE_BANCO,0,BAJO,0.15,0,244,805,0,0,0,48,FAMILIARES,LICENCIATURA,1
2.01408e+16,175,APROBADA,CLASICA,APROBADO,REGULAR,4999.0,,0,1050.0,79.0,12795.0,RECIBO DE NOMINA,MEDIO_A,CLIENTE_BANCO,0,BAJO,0.21,0,247,789,0,0,0,54,FAMILIARES,SECUNDARIA,1
2.01408e+16,181,APROBADA,CLASICA,APROBADO,BUENO,4999.0,,1,5449.0,-9.0,10659.0,RECIBO DE NOMINA,MEDIO_B,NO_CLIENTE,0,BAJO,1.09,0,224,711,0,0,0,41,HIPOTECA,LICENCIATURA,1
2.01408e+16,183,APROBADA,CLASICA,APROBADO,BUENO,4999.0,,0,3199.0,36.0,11834.0,RECIBO DE NOMINA,ALTO_B,CLIENTE_BANCO,0,BAJO,0.64,0,229,746,0,0,0,50,FAMILIARES,PREPARATORIA,1
2.01408e+16,188,APROBADA,CLASICA,APROBADO,BUENO,4999.0,,1,3599.0,28.0,10137.0,RECIBO DE NOMINA,MEDIO_A,CLIENTE_BANCO,0,BAJO,0.72,0,211,748,0,0,0,35,RENTA,POSGRADO,1
2.01408e+16,189,APROBADA,CLASICA,APROBADO,BUENO,4999.0,,1,2100.0,58.0,17979.0,INVERSIONES,MEDIO_A,CLIENTE_BANCO,11100,BAJO,0.42,0,214,727,6593,250,0,27,RENTA,PREPARATORIA,1
2.01408e+16,189,APROBADA,CLASICA,APROBADO,REGULAR,4999.0,,2,5149.0,-3.0,18244.0,INVERSIONES,ALTO_B,CLIENTE_BANCO,0,MEDIO,1.03,0,234,697,0,0,0,60,RENTA,LICENCIATURA,1
2.01408e+16,191,APROBADA,CLASICA,APROBADO,BUENO,4999.0,,2,4549.0,9.0,39546.0,DECLARACION ANUAL,ALTO_B,CLIENTE_BANCO,0,BAJO,0.91,0,216,709,0,0,0,50,RENTA,POSGRADO,1
2.01408e+16,193,APROBADA,CLASICA,APROBADO,BUENO,4999.0,,1,2749.0,45.0,22461.0,RECIBO DE NOMINA,MEDIO_A,CLIENTE_BANCO,0,BAJO,0.55,0,215,765,0,0,0,50,PROPIA,PREPARATORIA,1
2.01408e+16,193,APROBADA,CLASICA,APROBADO,REGULAR,4999.0,,0,750.0,85.0,9612.0,RECIBO DE NOMINA,MEDIO_A,NO_CLIENTE,0,BAJO,0.15,0,245,795,0,0,0,32,PROPIA,LICENCIATURA,1
2.01408e+16,194,APROBADA,CLASICA,APROBADO,REGULAR,4999.0,,1,1150.0,77.0,0.0,RECIBO DE NOMINA,MEDIO_A,CLIENTE_BANCO,0,BAJO,0.23,0,195,797,0,0,0,57,HIPOTECA,POSGRADO,1
2.01408e+16,194,APROBADA,CLASICA,APROBADO,REGULAR,4999.0,,1,1850.0,63.0,12645.0,RECIBO DE NOMINA,MEDIO_A,CLIENTE_BANCO,0,BAJO,0.37,0,266,783,0,0,0,60,RENTA,PREPARATORIA,1
2.01408e+16,197,APROBADA,CLASICA,APROBADO,BUENO,4999.0,,0,4599.0,8.0,6233.0,RECIBO DE NOMINA,ALTO_B,CLIENTE_BANCO,0,BAJO,0.92,0,206,718,0,0,0,60,PROPIA,LICENCIATURA,1
2.01408e+16,197,APROBADA,CLASICA,APROBADO,REGULAR,4999.0,,3,5999.0,-20.0,16670.0,RECIBO DE NOMINA,ALTO_B,CLIENTE_BANCO,4999,ALTO,1.2,0,220,579,0,0,0,47,HIPOTECA,POSGRADO,1
2.01408e+16,197,APROBADA,CLASICA,APROBADO,BUENO,4999.0,,0,3599.0,28.0,25043.0,RECIBO DE NOMINA,ALTO_B,CLIENTE_BANCO,0,BAJO,0.72,0,230,738,0,0,0,27,FAMILIARES,PREPARATORIA,1
2.01408e+16,197,APROBADA,CLASICA,APROBADO,BUENO,4999.0,,1,3649.0,27.0,11264.0,DECLARACION ANUAL,MEDIO_B,NO_CLIENTE,0,BAJO,0.73,0,231,747,0,0,0,45,FAMILIARES,LICENCIATURA,1
2.01408e+16,151,APROBADA,CLASICA,APROBADO,BUENO,4900.0,,0,2597.0,47.0,0.0,INVERSIONES,ALTO_B,NO_CLIENTE,0,BAJO,0.53,1,162,757,0,0,0,59,PROPIA,LICENCIATURA,1
2.01408e+16,162,APROBADA,CLASICA,APROBADO,BUENO,4700.0,,1,2350.0,50.0,0.0,RECIBO DE NOMINA,ALTO_B,NO_CLIENTE,0,BAJO,0.5,0,188,770,0,0,0,57,RENTA,POSGRADO,1
2.01408e+16,182,APROBADA,CLASICA,APROBADO,BUENO,4599.0,,0,767.0,-2.0,17461.0,RECIBO DE NOMINA,MEDIO_A,CLIENTE_BANCO,18200,BAJO,1.02,0,216,706,8564,470,0,47,PROPIA,LICENCIATURA,1
2.01408e+16,235,APROBADA,CLASICA,APROBADO,BUENO,4599.0,,1,575.0,14.0,79823.9599999994,RECIBO DE NOMINA,ALTO_B,CLIENTE_BANCO,0,BAJO,0.86,0,252,724,0,0,0,29,PROPIA,LICENCIATURA,1
2.01408e+16,173,APROBADA,CLASICA,APROBADO,BUENO,4400.0,,0,-734.0,1.0,30469.0,INVERSIONES,ALTO_B,CLIENTE_BANCO,0,BAJO,0.99,0,228,711,0,0,0,39,PROPIA,LICENCIATURA,1
2.01408e+16,126,APROBADA,CLASICA,APROBADO,REGULAR,4300.0,,0,817.0,81.0,0.0,RECIBO DE NOMINA,ALTO_A,CLIENTE_BANCO,76800,MEDIO,0.19,0,194,694,36782,1430,0,59,RENTA,PREPARATORIA,1
2.01408e+16,231,APROBADA,CLASICA,APROBADO,BUENO,4099.0,,0,586.0,1.0,44731.0,INVERSIONES,MEDIO_A,CLIENTE_BANCO,117000,BAJO,0.99,0,229,740,9053,1470,0,25,PROPIA,LICENCIATURA,1
2.01408e+16,123,APROBADA,CLASICA,APROBADO,BUENO,4000.0,,1,1840.0,54.0,0.0,RECIBO DE NOMINA,ALTO_B,NO_CLIENTE,0,BAJO,0.46,0,193,774,0,0,0,39,FAMILIARES,LICENCIATURA,1
2.01408e+16,130,APROBADA,CLASICA,APROBADO,BUENO,4000.0,,2,2600.0,35.0,0.0,RECIBO DE NOMINA,ALTO_B,NO_CLIENTE,0,BAJO,0.65,0,214,735,0,0,0,33,HIPOTECA,POSGRADO,1
2.01408e+16,146,APROBADA,CLASICA,APROBADO,BUENO,4000.0,,0,1640.0,59.0,0.0,INVERSIONES,ALTO_A,NO_CLIENTE,0,BAJO,0.41,0,183,769,0,0,0,54,PROPIA,POSGRADO,1
2.01408e+16,176,APROBADA,CLASICA,APROBADO,REGULAR,4000.0,,1,680.0,83.0,0.0,RECIBO DE NOMINA,MEDIO_A,CLIENTE_BANCO,4000,BAJO,0.17,0,205,716,3858,200,0,33,HIPOTECA,LICENCIATURA,1
2.01408e+16,178,APROBADA,CLASICA,APROBADO,BUENO,4000.0,,0,2360.0,41.0,0.0,INVERSIONES,ALTO_B,NO_CLIENTE,0,BAJO,0.59,0,192,751,0,0,0,27,PROPIA,LICENCIATURA,1
2.01408e+16,189,APROBADA,CLASICA,APROBADO,BUENO,4000.0,,2,2640.0,34.0,0.0,RECIBO DE NOMINA,ALTO_B,CLIENTE_BANCO,0,BAJO,0.66,1,181,734,0,0,0,58,FAMILIARES,PREPARATORIA,1
2.01407e+16,169,APROBADA,CLASICA,APROBADO,BUENO,4000.0,,1,80.0,28.0,0.0,INVERSIONES,MEDIO_B,CLIENTE_BANCO,0,BAJO,0.72,0,227,738,0,0,0,32,PROPIA,LICENCIATURA,1
2.01407e+16,180,APROBADA,CLASICA,APROBADO,REGULAR,3999.0,,3,4119.0,-3.0,9053.0,RECIBO DE NOMINA,ALTO_B,CLIENTE_BANCO,4000,ALTO,1.03,0,207,601,0,0,0,32,PROPIA,PREPARATORIA,1
2.01408e+16,113,APROBADA,CLASICA,APROBADO,BUENO,3900.0,,1,2223.0,43.0,0.0,RECIBO DE NOMINA,MEDIO_A,NO_CLIENTE,0,BAJO,0.57,0,227,763,0,0,0,31,FAMILIARES,POSGRADO,1
2.01408e+16,142,APROBADA,CLASICA,APROBADO,BUENO,3900.0,,0,-650.0,24.0,0.0,INVERSIONES,MEDIO_A,NO_CLIENTE,0,BAJO,0.76,1,182,734,0,0,0,53,PROPIA,LICENCIATURA,1
2.01408e+16,143,APROBADA,CLASICA,APROBADO,BUENO,3900.0,,0,-650.0,24.0,0.0,INVERSIONES,MEDIO_A,NO_CLIENTE,0,BAJO,0.76,1,182,734,0,0,0,53,PROPIA,LICENCIATURA,1
2.01408e+16,176,APROBADA,CLASICA,APROBADO,BUENO,3800.0,,0,633.0,15.0,0.0,RECIBO DE NOMINA,MEDIO_B,CLIENTE_BANCO,0,BAJO,0.85,0,211,725,0,0,0,57,PROPIA,LICENCIATURA,1
2.01408e+16,229,APROBADA,CLASICA,APROBADO,BUENO,3800.0,,0,543.0,8.0,6233.0,RECIBO DE NOMINA,ALTO_B,CLIENTE_BANCO,0,BAJO,0.92,0,206,718,0,0,0,60,PROPIA,LICENCIATURA,1
2.01408e+16,226,APROBADA,CLASICA,APROBADO,BUENO,3799.0,,0,633.0,49.0,7438.0,RECIBO DE NOMINA,ALTO_A,CLIENTE_BANCO,0,BAJO,0.51,0,232,759,0,0,0,25,PROPIA,LICENCIATURA,1
2.01408e+16,160,APROBADA,CLASICA,APROBADO,BUENO,3700.0,,1,463.0,54.0,0.0,RECIBO DE NOMINA,ALTO_B,NO_CLIENTE,0,BAJO,0.46,1,186,764,0,0,0,26,PROPIA,LICENCIATURA,1
2.01408e+16,187,APROBADA,CLASICA,APROBADO,BUENO,3700.0,,1,-740.0,47.0,0.0,INVERSIONES,ALTO_B,NO_CLIENTE,0,BAJO,0.53,1,162,757,0,0,0,59,PROPIA,LICENCIATURA,1
2.01408e+16,128,APROBADA,CLASICA,APROBADO,BUENO,3599.0,,0,514.0,40.0,10577.0,RECIBO DE NOMINA,ALTO_B,CLIENTE_BANCO,0,BAJO,0.6,0,246,750,0,0,0,34,PROPIA,LICENCIATURA,1
2.01311e+16,124,APROBADA,CLASICA,APROBADO,REGULAR,3500.0,,0,1400.0,60.0,3481.0,DECLARACION ANUAL,ALTO_B,CLIENTE_BANCO,0,BAJO,0.4,0,170,770,0,0,0,31,PROPIA,LICENCIATURA,1
2.01407e+16,215,APROBADA,CLASICA,APROBADO,BUENO,3400.0,,0,680.0,48.0,0.0,INVERSIONES,MEDIO_B,NO_CLIENTE,0,BAJO,0.52,0,197,758,0,0,0,28,PROPIA,LICENCIATURA,1
2.01406e+16,159,APROBADA,CLASICA,APROBADO,BUENO,3300.0,,0,471.0,24.0,19110.0,RECIBO DE NOMINA,ALTO_B,CLIENTE_BANCO,0,BAJO,0.76,0,182,734,0,0,0,38,PROPIA,LICENCIATURA,1
2.01408e+16,197,APROBADA,CLASICA,APROBADO,BUENO,3100.0,,0,-388.0,57.0,0.0,RECIBO DE NOMINA,MEDIO_A,NO_CLIENTE,0,BAJO,0.43,0,192,767,0,0,0,46,PROPIA,LICENCIATURA,1
2.01408e+16,215,APROBADA,CLASICA,APROBADO,BUENO,3099.0,,1,620.0,40.0,1317.0,DECLARACION ANUAL,MEDIO_A,CLIENTE_BANCO,11000,BAJO,0.6,0,214,723,5062,0,0,28,PROPIA,LICENCIATURA,1
2.01408e+16,109,APROBADA,CLASICA,APROBADO,REGULAR,3000.0,,0,1020.0,66.0,5111.0,RECIBO DE NOMINA,MEDIO_A,CLIENTE_BANCO,0,BAJO,0.34,0,223,776,0,0,0,56,FAMILIARES,LICENCIATURA,1
2.01408e+16,123,APROBADA,CLASICA,APROBADO,BUENO,3000.0,,1,1350.0,55.0,0.0,RECIBO DE NOMINA,MEDIO_A,NO_CLIENTE,0,BAJO,0.45,0,214,775,0,0,0,49,PROPIA,LICENCIATURA,1
2.01408e+16,144,APROBADA,CLASICA,APROBADO,REGULAR,3000.0,,0,1080.0,64.0,0.0,RECIBO DE NOMINA,ALTO_A,NO_CLIENTE,0,BAJO,0.36,0,202,774,0,0,0,55,FAMILIARES,PREPARATORIA,1
2.01407e+16,153,APROBADA,CLASICA,APROBADO,REGULAR,3000.0,,3,3150.0,-5.0,0.0,RECIBO DE NOMINA,MEDIO_A,NO_CLIENTE,3100,ALTO,1.05,0,214,621,0,0,0,56,HIPOTECA,POSGRADO,1
2.01408e+16,186,APROBADA,CLASICA,APROBADO,REGULAR,3000.0,,1,600.0,80.0,0.0,RECIBO DE NOMINA,MEDIO_A,NO_CLIENTE,0,BAJO,0.2,0,214,800,0,0,0,42,PROPIA,LICENCIATURA,1
2.01407e+16,169,APROBADA,CLASICA,APROBADO,BUENO,3000.0,,1,-429.0,28.0,0.0,INVERSIONES,MEDIO_B,CLIENTE_BANCO,0,BAJO,0.72,0,227,738,0,0,0,32,PROPIA,LICENCIATURA,1
2.01408e+16,101,APROBADA,CLASICA,APROBADO,BUENO,2999.0,,0,1260.0,58.0,7030.0,RECIBO DE NOMINA,ALTO_B,CLIENTE_BANCO,0,BAJO,0.42,0,231,768,0,0,0,44,RENTA,POSGRADO,1
2.01408e+16,101,APROBADA,CLASICA,APROBADO,BUENO,2999.0,,1,3239.0,-8.0,21305.0,DECLARACION ANUAL,MEDIO_A,CLIENTE_BANCO,34000,BAJO,1.08,0,255,733,754,372,0,29,FAMILIARES,LICENCIATURA,1
2.01408e+16,105,APROBADA,CLASICA,APROBADO,BUENO,2999.0,,1,3509.0,-17.0,7385.0,RECIBO DE NOMINA,MEDIO_B,NO_CLIENTE,0,BAJO,1.17,0,211,703,0,0,0,33,RENTA,PREPARATORIA,1
2.01408e+16,107,APROBADA,CLASICA,APROBADO,BUENO,2999.0,,1,3449.0,-15.0,11311.0,INVERSIONES,ALTO_B,CLIENTE_BANCO,0,BAJO,1.15,0,197,705,0,0,0,37,FAMILIARES,POSGRADO,1
2.01408e+16,107,APROBADA,CLASICA,APROBADO,BUENO,2999.0,,2,1559.0,48.0,23686.0,INVERSIONES,MEDIO_A,CLIENTE_BANCO,19300,BAJO,0.52,0,209,703,12106,760,0,43,PROPIA,POSGRADO,1
2.01408e+16,109,APROBADA,CLASICA,APROBADO,BUENO,2999.0,,1,3179.0,-6.0,6987.0,RECIBO DE NOMINA,MEDIO_A,CLIENTE_BANCO,6000,BAJO,1.06,0,233,744,2763,250,0,50,FAMILIARES,LICENCIATURA,1
2.01408e+16,116,APROBADA,CLASICA,APROBADO,BUENO,2999.0,,1,3509.0,-17.0,8232.0,RECIBO DE NOMINA,MEDIO_B,CLIENTE_BANCO,0,BAJO,1.17,0,217,703,0,0,0,45,FAMILIARES,LICENCIATURA,1
2.01408e+16,116,APROBADA,CLASICA,APROBADO,REGULAR,2999.0,,0,1110.0,63.0,13550.0,RECIBO DE NOMINA,ALTO_A,CLIENTE_BANCO,0,BAJO,0.37,0,221,773,0,0,0,47,RENTA,PREPARATORIA,1
2.01408e+16,117,APROBADA,CLASICA,APROBADO,BUENO,2999.0,,0,1500.0,50.0,13335.0,INVERSIONES,MEDIO_A,CLIENTE_BANCO,0,BAJO,0.5,0,216,760,0,0,0,60,PROPIA,PREPARATORIA,1
2.01407e+16,118,APROBADA,CLASICA,APROBADO,BUENO,2999.0,,1,2759.0,8.0,11145.0,RECIBO DE NOMINA,MEDIO_B,NO_CLIENTE,0,BAJO,0.92,0,219,728,0,0,0,51,FAMILIARES,PREPARATORIA,1
2.01408e+16,118,APROBADA,CLASICA,APROBADO,BUENO,2999.0,,1,1859.0,38.0,11237.0,RECIBO DE NOMINA,ALTO_B,NO_CLIENTE,0,BAJO,0.62,0,222,758,0,0,0,54,FAMILIARES,POSGRADO,1
2.01408e+16,119,APROBADA,CLASICA,APROBADO,REGULAR,2999.0,,3,3419.0,-14.0,29329.0,RECIBO DE NOMINA,ALTO_B,CLIENTE_BANCO,2999,ALTO,1.14,0,250,530,4235,0,0,38,FAMILIARES,PREPARATORIA,1
2.01408e+16,120,APROBADA,CLASICA,APROBADO,REGULAR,2999.0,,0,570.0,81.0,10564.0,INVERSIONES,ALTO_A,NO_CLIENTE,0,BAJO,0.19,0,211,791,0,0,0,40,PROPIA,LICENCIATURA,1
2.01408e+16,120,APROBADA,CLASICA,APROBADO,REGULAR,2999.0,,2,3239.0,-8.0,15817.0,RECIBO DE NOMINA,MEDIO_B,NO_CLIENTE,0,MEDIO,1.08,0,244,692,0,0,0,49,HIPOTECA,POSGRADO,1
2.01408e+16,121,APROBADA,CLASICA,APROBADO,REGULAR,2999.0,,1,450.0,85.0,9132.0,RECIBO DE NOMINA,ALTO_B,CLIENTE_BANCO,0,BAJO,0.15,0,238,805,0,0,0,25,RENTA,PREPARATORIA,1
2.01408e+16,121,APROBADA,CLASICA,APROBADO,BUENO,2999.0,,1,3149.0,-5.0,19237.0,INVERSIONES,MEDIO_B,NO_CLIENTE,0,BAJO,1.05,0,240,715,0,0,0,38,RENTA,POSGRADO,1
2.01408e+16,121,APROBADA,CLASICA,APROBADO,BUENO,2999.0,,1,3359.0,-12.0,11189.0,RECIBO DE NOMINA,MEDIO_A,CLIENTE_BANCO,0,BAJO,1.12,0,241,708,0,0,0,39,HIPOTECA,PREPARATORIA,1
2.01408e+16,121,APROBADA,CLASICA,APROBADO,BUENO,2999.0,,1,3479.0,-16.0,16677.0,RECIBO DE NOMINA,MEDIO_A,CLIENTE_BANCO,0,BAJO,1.16,0,287,704,0,0,0,49,PROPIA,PREPARATORIA,1
2.01408e+16,125,APROBADA,CLASICA,APROBADO,BUENO,2999.0,,2,1619.0,46.0,32207.0,INVERSIONES,ALTO_B,CLIENTE_BANCO,0,BAJO,0.54,0,232,746,0,0,0,34,PROPIA,LICENCIATURA,1
2.01408e+16,129,APROBADA,CLASICA,APROBADO,BUENO,2999.0,,1,3479.0,-16.0,10637.0,INVERSIONES,ALTO_B,CLIENTE_BANCO,0,BAJO,1.16,0,211,704,0,0,0,58,RENTA,LICENCIATURA,1
2.01408e+16,129,APROBADA,CLASICA,APROBADO,REGULAR,2999.0,,2,2969.0,1.0,66033.0,INVERSIONES,MEDIO_A,CLIENTE_BANCO,16500,MEDIO,0.99,0,230,686,13729,820,0,33,RENTA,PREPARATORIA,1
2.01408e+16,131,APROBADA,CLASICA,APROBADO,REGULAR,2999.0,,0,540.0,82.0,18184.0,RECIBO DE NOMINA,MEDIO_A,CLIENTE_BANCO,0,BAJO,0.18,0,208,792,0,0,0,26,RENTA,PREPARATORIA,1
2.01408e+16,132,APROBADA,CLASICA,APROBADO,REGULAR,2999.0,,1,960.0,68.0,7731.0,RECIBO DE NOMINA,MEDIO_A,CLIENTE_BANCO,0,BAJO,0.32,0,205,788,0,0,0,59,PROPIA,PREPARATORIA,1
2.01408e+16,133,APROBADA,CLASICA,APROBADO,BUENO,2999.0,,2,2039.0,32.0,7429.0,RECIBO DE NOMINA,ALTO_B,CLIENTE_BANCO,0,BAJO,0.68,0,210,732,0,0,0,51,RENTA,POSGRADO,1
2.01408e+16,133,APROBADA,CLASICA,APROBADO,BUENO,2999.0,,2,2609.0,13.0,10877.0,INVERSIONES,MEDIO_A,CLIENTE_BANCO,13400,BAJO,0.87,0,238,779,100,100,0,49,HIPOTECA,POSGRADO,1
2.01408e+16,136,APROBADA,CLASICA,APROBADO,REGULAR,2999.0,,0,720.0,76.0,12787.0,RECIBO DE NOMINA,MEDIO_A,CLIENTE_BANCO,0,BAJO,0.24,0,234,786,0,0,0,45,FAMILIARES,POSGRADO,1
2.01408e+16,137,APROBADA,CLASICA,APROBADO,REGULAR,2999.0,,1,2699.0,10.0,17476.0,INVERSIONES,MEDIO_A,CLIENTE_BANCO,3000,MEDIO,0.9,0,204,697,2619,250,0,40,PROPIA,PREPARATORIA,1
2.01408e+16,137,APROBADA,CLASICA,APROBADO,REGULAR,2999.0,,1,810.0,73.0,24927.0,INVERSIONES,MEDIO_A,CLIENTE_BANCO,20900,MEDIO,0.27,0,208,685,20847,1300,0,39,RENTA,PREPARATORIA,1
2.01408e+16,138,APROBADA,CLASICA,APROBADO,BUENO,2999.0,,1,1440.0,52.0,11805.0,INVERSIONES,MEDIO_A,CLIENTE_BANCO,10200,BAJO,0.48,0,230,734,698,250,0,43,HIPOTECA,POSGRADO,1
2.01408e+16,138,APROBADA,CLASICA,APROBADO,BUENO,2999.0,,2,2759.0,8.0,24709.0,RECIBO DE NOMINA,ALTO_B,CLIENTE_BANCO,0,BAJO,0.92,0,234,708,0,0,0,33,HIPOTECA,POSGRADO,1
2.01408e+16,140,APROBADA,CLASICA,APROBADO,BUENO,2999.0,,2,2849.0,5.0,9342.0,RECIBO DE NOMINA,ALTO_B,CLIENTE_BANCO,0,BAJO,0.95,0,211,705,0,0,0,31,HIPOTECA,LICENCIATURA,1
2.01408e+16,142,APROBADA,CLASICA,APROBADO,REGULAR,2999.0,,0,720.0,76.0,39343.0,DECLARACION ANUAL,ALTO_B,CLIENTE_BANCO,0,BAJO,0.24,0,215,786,0,0,0,35,HIPOTECA,POSGRADO,1
2.01407e+16,144,APROBADA,CLASICA,APROBADO,BUENO,2999.0,,2,2429.0,19.0,10404.0,RECIBO DE NOMINA,MEDIO_B,NO_CLIENTE,0,BAJO,0.81,0,217,720,0,0,0,55,PROPIA,LICENCIATURA,1
2.01407e+16,147,APROBADA,CLASICA,APROBADO,BUENO,2999.0,,0,2129.0,29.0,8340.0,RECIBO DE NOMINA,MEDIO_B,NO_CLIENTE,0,BAJO,0.71,0,209,739,0,0,0,47,RENTA,PREPARATORIA,1
2.01407e+16,149,APROBADA,CLASICA,APROBADO,BUENO,2999.0,,2,2069.0,31.0,8709.0,INVERSIONES,ALTO_B,CLIENTE_BANCO,15,BAJO,0.69,0,199,750,0,0,0,26,FAMILIARES,LICENCIATURA,1
2.01408e+16,153,APROBADA,CLASICA,APROBADO,REGULAR,2999.0,,0,600.0,80.0,0.0,INVERSIONES,ALTO_B,NO_CLIENTE,0,BAJO,0.2,0,220,790,0,0,0,53,HIPOTECA,PREPARATORIA,1
2.01408e+16,157,APROBADA,CLASICA,APROBADO,BUENO,2999.0,,0,2249.0,25.0,9662.0,INVERSIONES,ALTO_B,CLIENTE_BANCO,0,BAJO,0.75,0,211,735,0,0,0,40,HIPOTECA,PREPARATORIA,1
2.01408e+16,158,APROBADA,CLASICA,APROBADO,BUENO,2999.0,,0,2069.0,31.0,15802.0,RECIBO DE NOMINA,MEDIO_B,NO_CLIENTE,0,BAJO,0.69,0,229,741,0,0,0,47,FAMILIARES,POSGRADO,1
2.01408e+16,158,APROBADA,CLASICA,APROBADO,BUENO,2999.0,,1,3149.0,-5.0,17590.0,RECIBO DE NOMINA,MEDIO_A,CLIENTE_BANCO,8200,BAJO,1.05,0,232,710,5453,300,0,28,RENTA,LICENCIATURA,1
2.01408e+16,158,APROBADA,CLASICA,APROBADO,BUENO,2999.0,,2,2969.0,1.0,15152.0,RECIBO DE NOMINA,MEDIO_A,CLIENTE_BANCO,15000,BAJO,0.99,0,245,740,4610,280,0,34,FAMILIARES,PREPARATORIA,1
2.01408e+16,159,APROBADA,CLASICA,APROBADO,REGULAR,2999.0,,1,960.0,68.0,0.0,RECIBO DE NOMINA,ALTO_A,NO_CLIENTE,0,BAJO,0.32,0,207,788,0,0,0,54,HIPOTECA,POSGRADO,1
2.01408e+16,161,APROBADA,CLASICA,APROBADO,BUENO,2999.0,,1,1589.0,47.0,1879.0,RECIBO DE NOMINA,ALTO_B,CLIENTE_BANCO,0,BAJO,0.53,0,211,767,0,0,0,59,RENTA,POSGRADO,1
2.01408e+16,167,APROBADA,CLASICA,APROBADO,BUENO,2999.0,,1,3149.0,-5.0,15207.0,RECIBO DE NOMINA,MEDIO_A,CLIENTE_BANCO,11700,BAJO,1.05,0,228,740,10795,410,0,31,PROPIA,POSGRADO,1
2.01408e+16,176,APROBADA,CLASICA,APROBADO,BUENO,2999.0,,0,2219.0,26.0,9504.0,RECIBO DE NOMINA,ALTO_B,CLIENTE_BANCO,0,BAJO,0.74,0,229,736,0,0,0,54,HIPOTECA,POSGRADO,1
2.01408e+16,176,APROBADA,CLASICA,APROBADO,REGULAR,2999.0,,0,960.0,68.0,9694.0,RECIBO DE NOMINA,ALTO_B,CLIENTE_BANCO,0,BAJO,0.32,0,230,778,0,0,0,44,PROPIA,POSGRADO,1
2.01408e+16,178,APROBADA,CLASICA,APROBADO,BUENO,2999.0,,0,2819.0,6.0,25977.0,INVERSIONES,ALTO_B,NO_CLIENTE,0,BAJO,0.94,0,228,716,0,0,0,42,HIPOTECA,PREPARATORIA,1
2.01408e+16,178,APROBADA,CLASICA,APROBADO,BUENO,2999.0,,1,1769.0,41.0,12999.0,INVERSIONES,MEDIO_A,CLIENTE_BANCO,11000,BAJO,0.59,0,244,740,2519,0,0,50,PROPIA,PREPARATORIA,1
2.01408e+16,179,APROBADA,CLASICA,APROBADO,REGULAR,2999.0,,0,630.0,79.0,10904.0,RECIBO DE NOMINA,MEDIO_A,CLIENTE_BANCO,0,BAJO,0.21,0,221,789,0,0,0,36,FAMILIARES,LICENCIATURA,1
2.01408e+16,181,APROBADA,CLASICA,APROBADO,REGULAR,2999.0,,2,3479.0,-16.0,26997.0,RECIBO DE NOMINA,ALTO_B,CLIENTE_BANCO,0,MEDIO,1.16,0,206,684,0,0,0,33,PROPIA,PREPARATORIA,1
2.01408e+16,181,APROBADA,CLASICA,APROBADO,REGULAR,2999.0,,0,630.0,79.0,3384.0,INVERSIONES,MEDIO_A,CLIENTE_BANCO,5000,BAJO,0.21,0,228,737,602,0,0,48,RENTA,LICENCIATURA,1
2.01408e+16,187,APROBADA,CLASICA,APROBADO,REGULAR,2999.0,,2,3029.0,-1.0,6571.0,INVERSIONES,MEDIO_B,NO_CLIENTE,0,MEDIO,1.01,0,220,699,0,0,0,35,HIPOTECA,PREPARATORIA,1
2.01408e+16,197,APROBADA,CLASICA,APROBADO,BUENO,2999.0,,2,1559.0,48.0,12553.0,DECLARACION ANUAL,MEDIO_B,NO_CLIENTE,0,BAJO,0.52,0,215,748,0,0,0,37,PROPIA,PREPARATORIA,1
2.01408e+16,198,APROBADA,CLASICA,APROBADO,BUENO,2999.0,,0,1260.0,58.0,78510.0,RECIBO DE NOMINA,ALTO_B,NO_CLIENTE,0,BAJO,0.42,0,225,768,0,0,0,28,PROPIA,POSGRADO,1
2.01408e+16,198,APROBADA,CLASICA,APROBADO,REGULAR,2999.0,,3,3539.0,-18.0,16066.0,INVERSIONES,MEDIO_A,CLIENTE_BANCO,2999,ALTO,1.18,0,229,499,0,0,0,38,PROPIA,LICENCIATURA,1
2.01408e+16,198,APROBADA,CLASICA,APROBADO,BUENO,2999.0,,0,2909.0,3.0,4038.0,RECIBO DE NOMINA,ALTO_B,CLIENTE_BANCO,8400,BAJO,0.97,0,244,713,0,0,0,34,HIPOTECA,POSGRADO,1
2.01408e+16,151,APROBADA,CLASICA,APROBADO,BUENO,2999.0,,0,50.0,40.0,10577.0,RECIBO DE NOMINA,ALTO_B,CLIENTE_BANCO,0,BAJO,0.6,0,246,750,0,0,0,34,PROPIA,LICENCIATURA,1
2.01408e+16,203,APROBADA,CLASICA,APROBADO,BUENO,2900.0,,1,580.0,10.0,0.0,RECIBO DE NOMINA,MEDIO_A,NO_CLIENTE,0,BAJO,0.9,2,185,720,0,0,0,29,PROPIA,LICENCIATURA,1
2.01408e+16,244,APROBADA,CLASICA,APROBADO,BUENO,2800.0,,0,-560.0,8.0,6233.0,RECIBO DE NOMINA,ALTO_B,CLIENTE_BANCO,0,BAJO,0.92,0,206,718,0,0,0,60,PROPIA,LICENCIATURA,1
2.01406e+16,200,APROBADA,CLASICA,APROBADO,BUENO,2800.0,,0,-400.0,0.0,13230.0,INVERSIONES,ALTO_B,CLIENTE_BANCO,36000,BAJO,1.0,0,199,710,0,0,0,41,PROPIA,LICENCIATURA,1
2.01408e+16,154,APROBADA,CLASICA,APROBADO,BUENO,2799.0,,0,400.0,57.0,45136.0,INVERSIONES,MEDIO_A,CLIENTE_BANCO,21500,BAJO,0.43,0,240,727,2111,250,0,38,PROPIA,LICENCIATURA,1
2.01408e+16,221,APROBADA,CLASICA,APROBADO,BUENO,2499.0,,0,417.0,49.0,7438.0,RECIBO DE NOMINA,ALTO_A,CLIENTE_BANCO,0,BAJO,0.51,0,232,759,0,0,0,25,PROPIA,LICENCIATURA,1
2.01407e+16,240,APROBADA,CLASICA,APROBADO,BUENO,2400.0,,0,-480.0,48.0,0.0,INVERSIONES,MEDIO_B,NO_CLIENTE,0,BAJO,0.52,0,197,758,0,0,0,28,PROPIA,LICENCIATURA,1
2.01408e+16,160,APROBADA,CLASICA,APROBADO,BUENO,2399.0,,0,480.0,37.0,30361.0,INVERSIONES,MEDIO_A,CLIENTE_BANCO,16500,BAJO,0.63,0,241,706,6865,0,0,41,PROPIA,LICENCIATURA,1
2.01408e+16,221,APROBADA,CLASICA,APROBADO,BUENO,2200.0,,1,440.0,41.0,0.0,INVERSIONES,ALTO_B,NO_CLIENTE,0,BAJO,0.59,0,192,751,0,0,0,27,PROPIA,LICENCIATURA,1
2.01408e+16,219,APROBADA,CLASICA,APROBADO,BUENO,2199.0,,1,314.0,1.0,44731.0,INVERSIONES,MEDIO_A,CLIENTE_BANCO,117000,BAJO,0.99,0,229,740,9053,1470,0,25,PROPIA,LICENCIATURA,1
2.01408e+16,201,APROBADA,CLASICA,APROBADO,BUENO,2100.0,,1,300.0,10.0,0.0,RECIBO DE NOMINA,MEDIO_A,NO_CLIENTE,0,BAJO,0.9,2,185,720,0,0,0,29,PROPIA,LICENCIATURA,1
2.01408e+16,155,APROBADA,CLASICA,APROBADO,BUENO,2000.0,,0,-40.0,53.0,11276.0,RECIBO DE NOMINA,MEDIO_A,NO_CLIENTE,0,BAJO,0.47,0,209,763,0,0,0,60,PROPIA,LICENCIATURA,1
2.01407e+16,214,APROBADA,CLASICA,APROBADO,BUENO,2000.0,,1,-40.0,57.0,0.0,INVERSIONES,MEDIO_A,NO_CLIENTE,0,BAJO,0.43,0,215,767,0,0,0,37,PROPIA,LICENCIATURA,1
2.01406e+16,165,APROBADA,CLASICA,APROBADO,BUENO,2000.0,,1,400.0,24.0,19110.0,RECIBO DE NOMINA,ALTO_B,CLIENTE_BANCO,0,BAJO,0.76,0,182,734,0,0,0,38,PROPIA,LICENCIATURA,1
2.01408e+16,103,APROBADA,CLASICA,APROBADO,BUENO,1999.0,,1,1639.0,18.0,8585.0,RECIBO DE NOMINA,MEDIO_A,CLIENTE_BANCO,4600,BAJO,0.82,0,210,734,43,0,0,32,HIPOTECA,POSGRADO,1
2.01408e+16,103,APROBADA,CLASICA,APROBADO,REGULAR,1999.0,,0,300.0,85.0,24675.0,RECIBO DE NOMINA,MEDIO_A,CLIENTE_BANCO,0,BAJO,0.15,0,262,795,0,0,0,58,HIPOTECA,LICENCIATURA,1
2.01408e+16,105,APROBADA,CLASICA,APROBADO,BUENO,1999.0,,0,1499.0,25.0,6628.0,RECIBO DE NOMINA,ALTO_A,NO_CLIENTE,0,BAJO,0.75,0,216,735,0,0,0,42,HIPOTECA,LICENCIATURA,1
2.01408e+16,108,APROBADA,CLASICA,APROBADO,BUENO,1999.0,,2,1139.0,43.0,22617.0,INVERSIONES,ALTO_B,CLIENTE_BANCO,0,BAJO,0.57,0,228,743,0,0,0,29,HIPOTECA,LICENCIATURA,1
2.01408e+16,109,APROBADA,CLASICA,APROBADO,REGULAR,1999.0,,0,740.0,63.0,15380.0,RECIBO DE NOMINA,ALTO_A,CLIENTE_BANCO,0,BAJO,0.37,0,262,773,0,0,0,45,FAMILIARES,PREPARATORIA,1
2.01408e+16,111,APROBADA,CLASICA,APROBADO,BUENO,1999.0,,1,1159.0,42.0,14617.0,INVERSIONES,ALTO_B,CLIENTE_BANCO,0,BAJO,0.58,0,237,762,0,0,0,30,PROPIA,LICENCIATURA,1
2.01408e+16,111,APROBADA,CLASICA,APROBADO,REGULAR,1999.0,,0,400.0,80.0,14380.0,INVERSIONES,MEDIO_A,CLIENTE_BANCO,0,BAJO,0.2,0,241,790,0,0,0,58,RENTA,PREPARATORIA,1
2.01408e+16,113,APROBADA,CLASICA,APROBADO,REGULAR,1999.0,,1,500.0,75.0,29921.0,RECIBO DE NOMINA,MEDIO_A,NO_CLIENTE,0,BAJO,0.25,0,228,795,0,0,0,40,PROPIA,POSGRADO,1
2.01408e+16,113,APROBADA,CLASICA,APROBADO,BUENO,1999.0,,2,1039.0,48.0,9276.0,INVERSIONES,MEDIO_B,NO_CLIENTE,0,BAJO,0.52,0,232,748,0,0,0,60,RENTA,LICENCIATURA,1
2.01408e+16,118,APROBADA,CLASICA,APROBADO,REGULAR,1999.0,,0,380.0,81.0,6654.0,INVERSIONES,MEDIO_A,CLIENTE_BANCO,5800,BAJO,0.19,0,212,711,3091,0,0,60,HIPOTECA,POSGRADO,1
2.01408e+16,119,APROBADA,CLASICA,APROBADO,REGULAR,1999.0,,0,400.0,80.0,6237.0,RECIBO DE NOMINA,ALTO_B,NO_CLIENTE,0,BAJO,0.2,0,212,790,0,0,0,44,RENTA,POSGRADO,1
2.01408e+16,121,APROBADA,CLASICA,APROBADO,BUENO,1999.0,,1,1979.0,1.0,4346.0,RECIBO DE NOMINA,ALTO_B,CLIENTE_BANCO,0,BAJO,0.99,0,237,721,0,0,0,54,PROPIA,LICENCIATURA,1
2.01408e+16,124,APROBADA,CLASICA,APROBADO,REGULAR,1999.0,,2,2219.0,-11.0,9627.0,INVERSIONES,ALTO_B,CLIENTE_BANCO,0,MEDIO,1.11,0,227,689,0,0,0,27,FAMILIARES,LICENCIATURA,1
2.01408e+16,128,APROBADA,CLASICA,APROBADO,BUENO,1999.0,,1,1759.0,12.0,11414.0,RECIBO DE NOMINA,ALTO_A,CLIENTE_BANCO,0,BAJO,0.88,0,256,732,0,0,0,43,HIPOTECA,LICENCIATURA,1
2.01408e+16,129,APROBADA,CLASICA,APROBADO,REGULAR,1999.0,,2,2219.0,-11.0,79823.9599999994,RECIBO DE NOMINA,ALTO_A,CLIENTE_BANCO,0,MEDIO,1.11,0,247,689,0,0,0,33,HIPOTECA,POSGRADO,1
2.01408e+16,129,APROBADA,CLASICA,APROBADO,BUENO,1999.0,,2,1199.0,40.0,9495.0,RECIBO DE NOMINA,ALTO_A,CLIENTE_BANCO,0,BAJO,0.6,0,247,740,0,0,0,41,HIPOTECA,LICENCIATURA,1
2.01408e+16,130,APROBADA,CLASICA,APROBADO,BUENO,1999.0,,0,920.0,54.0,6978.0,INVERSIONES,ALTO_B,CLIENTE_BANCO,0,BAJO,0.46,0,232,764,0,0,0,60,PROPIA,PREPARATORIA,1
2.01408e+16,131,APROBADA,CLASICA,APROBADO,BUENO,1999.0,,1,1219.0,39.0,15329.0,INVERSIONES,ALTO_A,CLIENTE_BANCO,0,BAJO,0.61,0,228,759,0,0,0,41,HIPOTECA,PREPARATORIA,1
2.01408e+16,131,APROBADA,CLASICA,APROBADO,BUENO,1999.0,,0,860.0,57.0,10447.0,INVERSIONES,ALTO_A,CLIENTE_BANCO,13700,BAJO,0.43,0,270,703,151,0,0,36,RENTA,POSGRADO,1
2.01408e+16,132,APROBADA,CLASICA,APROBADO,BUENO,1999.0,,1,960.0,52.0,16190.0,RECIBO DE NOMINA,ALTO_A,CLIENTE_BANCO,0,BAJO,0.48,0,244,772,0,0,0,52,HIPOTECA,POSGRADO,1
2.01408e+16,133,APROBADA,CLASICA,APROBADO,REGULAR,1999.0,,2,1999.0,0.0,13892.0,RECIBO DE NOMINA,MEDIO_A,CLIENTE_BANCO,0,BAJO,1.0,0,262,700,0,0,0,38,RENTA,POSGRADO,1
2.01408e+16,134,APROBADA,CLASICA,APROBADO,BUENO,1999.0,,2,1959.0,2.0,8512.0,RECIBO DE NOMINA,ALTO_B,CLIENTE_BANCO,0,BAJO,0.98,0,236,702,0,0,0,42,FAMILIARES,POSGRADO,1
2.01408e+16,134,APROBADA,CLASICA,APROBADO,BUENO,1999.0,,0,1579.0,21.0,10439.0,RECIBO DE NOMINA,MEDIO_B,NO_CLIENTE,0,BAJO,0.79,0,236,731,0,0,0,54,RENTA,POSGRADO,1
2.01408e+16,138,APROBADA,CLASICA,APROBADO,REGULAR,1999.0,,0,540.0,73.0,39114.0,RECIBO DE NOMINA,MEDIO_A,CLIENTE_BANCO,0,BAJO,0.27,0,213,783,0,0,0,58,FAMILIARES,PREPARATORIA,1
2.01408e+16,138,APROBADA,CLASICA,APROBADO,BUENO,1999.0,,0,1399.0,30.0,13728.0,INVERSIONES,ALTO_B,CLIENTE_BANCO,0,BAJO,0.7,0,222,740,0,0,0,43,FAMILIARES,POSGRADO,1
2.01408e+16,138,APROBADA,CLASICA,APROBADO,REGULAR,1999.0,,0,460.0,77.0,6121.0,RECIBO DE NOMINA,ALTO_A,CLIENTE_BANCO,0,BAJO,0.23,0,233,787,0,0,0,27,PROPIA,LICENCIATURA,1
2.01408e+16,143,APROBADA,CLASICA,APROBADO,REGULAR,1999.0,,0,320.0,84.0,24915.0,RECIBO DE NOMINA,MEDIO_A,CLIENTE_BANCO,0,BAJO,0.16,0,247,794,0,0,0,56,RENTA,PREPARATORIA,1
2.01408e+16,144,APROBADA,CLASICA,APROBADO,BUENO,1999.0,,0,1359.0,32.0,10410.0,RECIBO DE NOMINA,MEDIO_B,NO_CLIENTE,0,BAJO,0.68,0,261,742,0,0,0,57,PROPIA,POSGRADO,1
2.01408e+16,145,APROBADA,CLASICA,APROBADO,REGULAR,1999.0,,0,780.0,61.0,14886.0,RECIBO DE NOMINA,MEDIO_A,CLIENTE_BANCO,0,BAJO,0.39,0,276,771,0,0,0,31,RENTA,PREPARATORIA,1
2.01408e+16,146,APROBADA,CLASICA,APROBADO,BUENO,1999.0,,2,1079.0,46.0,28123.0,INVERSIONES,MEDIO_B,CLIENTE_BANCO,0,BAJO,0.54,0,228,746,0,0,0,31,FAMILIARES,LICENCIATURA,1
2.01408e+16,151,APROBADA,CLASICA,APROBADO,BUENO,1999.0,,0,1219.0,39.0,15002.0,RECIBO DE NOMINA,ALTO_A,NO_CLIENTE,0,BAJO,0.61,0,226,749,0,0,0,56,HIPOTECA,LICENCIATURA,1
2.01408e+16,152,APROBADA,CLASICA,APROBADO,BUENO,1999.0,,0,1359.0,32.0,9779.0,RECIBO DE NOMINA,ALTO_B,CLIENTE_BANCO,0,BAJO,0.68,0,226,742,0,0,0,34,RENTA,PREPARATORIA,1
2.01408e+16,152,APROBADA,CLASICA,APROBADO,BUENO,1999.0,,1,2139.0,-7.0,10689.0,RECIBO DE NOMINA,MEDIO_B,CLIENTE_BANCO,4000,BAJO,1.07,0,229,713,260,0,0,36,FAMILIARES,POSGRADO,1
2.01408e+16,154,APROBADA,CLASICA,APROBADO,REGULAR,1999.0,,0,420.0,79.0,35018.0,INVERSIONES,MEDIO_A,CLIENTE_BANCO,15000,BAJO,0.21,0,195,740,4058,0,0,30,RENTA,LICENCIATURA,1
2.01408e+16,155,APROBADA,CLASICA,APROBADO,BUENO,1999.0,,0,1879.0,6.0,9507.0,RECIBO DE NOMINA,MEDIO_B,NO_CLIENTE,0,BAJO,0.94,0,227,716,0,0,0,49,HIPOTECA,POSGRADO,1
2.01408e+16,157,APROBADA,CLASICA,APROBADO,REGULAR,1999.0,,1,600.0,70.0,0.0,RECIBO DE NOMINA,ALTO_B,NO_CLIENTE,0,BAJO,0.3,0,224,790,0,0,0,55,RENTA,PREPARATORIA,1
2.01408e+16,160,APROBADA,CLASICA,APROBADO,BUENO,1999.0,,0,1819.0,9.0,7112.0,INVERSIONES,ALTO_B,CLIENTE_BANCO,0,BAJO,0.91,0,225,719,0,0,0,40,PROPIA,PREPARATORIA,1
2.01408e+16,161,APROBADA,CLASICA,APROBADO,BUENO,1999.0,,0,1839.0,8.0,14321.0,INVERSIONES,MEDIO_A,CLIENTE_BANCO,3999,BAJO,0.92,0,209,706,1847,250,0,53,FAMILIARES,PREPARATORIA,1
2.01408e+16,161,APROBADA,CLASICA,APROBADO,BUENO,1999.0,,1,2099.0,-5.0,16661.0,RECIBO DE NOMINA,MEDIO_B,CLIENTE_BANCO,0,BAJO,1.05,0,222,715,0,0,0,51,RENTA,POSGRADO,1
2.01408e+16,161,APROBADA,CLASICA,APROBADO,REGULAR,1999.0,,1,400.0,80.0,23902.0,RECIBO DE NOMINA,MEDIO_A,CLIENTE_BANCO,0,BAJO,0.2,0,239,800,0,0,0,32,FAMILIARES,POSGRADO,1
2.01408e+16,165,APROBADA,CLASICA,APROBADO,BUENO,1999.0,,2,1199.0,40.0,12466.0,RECIBO DE NOMINA,ALTO_B,CLIENTE_BANCO,3000,BAJO,0.6,0,209,740,0,0,0,57,PROPIA,PREPARATORIA,1
2.01408e+16,165,APROBADA,CLASICA,APROBADO,BUENO,1999.0,,1,2059.0,-3.0,8170.0,RECIBO DE NOMINA,ALTO_B,CLIENTE_BANCO,0,BAJO,1.03,0,234,717,0,0,0,41,PROPIA,LICENCIATURA,1
2.01408e+16,166,APROBADA,CLASICA,APROBADO,BUENO,1999.0,,2,1939.0,3.0,23672.0,RECIBO DE NOMINA,MEDIO_A,CLIENTE_BANCO,0,BAJO,0.97,0,252,703,0,0,0,30,RENTA,POSGRADO,1
2.01408e+16,167,APROBADA,CLASICA,APROBADO,REGULAR,1999.0,,0,680.0,66.0,12185.0,RECIBO DE NOMINA,ALTO_A,CLIENTE_BANCO,0,BAJO,0.34,0,238,776,0,0,0,54,FAMILIARES,POSGRADO,1
2.01408e+16,170,APROBADA,CLASICA,APROBADO,BUENO,1999.0,,0,1559.0,22.0,11089.0,RECIBO DE NOMINA,ALTO_B,CLIENTE_BANCO,0,BAJO,0.78,0,224,732,0,0,0,41,HIPOTECA,LICENCIATURA,1
2.01408e+16,175,APROBADA,CLASICA,APROBADO,BUENO,1999.0,,0,1839.0,8.0,2182.0,INVERSIONES,ALTO_B,CLIENTE_BANCO,0,BAJO,0.92,0,211,718,0,0,0,26,RENTA,PREPARATORIA,1
2.01408e+16,176,APROBADA,CLASICA,APROBADO,REGULAR,1999.0,,1,320.0,84.0,7379.0,RECIBO DE NOMINA,ALTO_A,CLIENTE_BANCO,0,BAJO,0.16,0,215,804,0,0,0,43,HIPOTECA,PREPARATORIA,1
2.01408e+16,177,APROBADA,CLASICA,APROBADO,BUENO,1999.0,,1,1459.0,27.0,9415.0,RECIBO DE NOMINA,MEDIO_B,NO_CLIENTE,0,BAJO,0.73,0,230,747,0,0,0,43,FAMILIARES,POSGRADO,1
2.01408e+16,177,APROBADA,CLASICA,APROBADO,BUENO,1999.0,,0,1239.0,38.0,17851.0,RECIBO DE NOMINA,MEDIO_A,CLIENTE_BANCO,0,BAJO,0.62,0,276,748,0,0,0,59,PROPIA,LICENCIATURA,1
2.01408e+16,179,APROBADA,CLASICA,APROBADO,REGULAR,1999.0,,0,500.0,75.0,38572.0,RECIBO DE NOMINA,MEDIO_A,CLIENTE_BANCO,15000,MEDIO,0.25,0,176,689,14649,0,0,60,RENTA,PREPARATORIA,1
2.01408e+16,179,APROBADA,CLASICA,APROBADO,REGULAR,1999.0,,0,380.0,81.0,12704.0,RECIBO DE NOMINA,MEDIO_A,NO_CLIENTE,0,BAJO,0.19,0,234,791,0,0,0,29,PROPIA,PREPARATORIA,1
2.01408e+16,181,APROBADA,CLASICA,APROBADO,REGULAR,1999.0,,2,2199.0,-10.0,9251.0,RECIBO DE NOMINA,ALTO_A,CLIENTE_BANCO,0,MEDIO,1.1,0,259,690,0,0,0,42,HIPOTECA,PREPARATORIA,1
2.01408e+16,184,APROBADA,CLASICA,APROBADO,BUENO,1999.0,,1,2399.0,-20.0,46846.0,RECIBO DE NOMINA,ALTO_B,CLIENTE_BANCO,9700,BAJO,1.2,0,210,757,626,250,0,39,RENTA,POSGRADO,1
2.01408e+16,185,APROBADA,CLASICA,APROBADO,BUENO,1999.0,,2,1899.0,5.0,8273.0,RECIBO DE NOMINA,MEDIO_A,CLIENTE_BANCO,0,BAJO,0.95,0,276,705,0,0,0,50,PROPIA,POSGRADO,1
2.01408e+16,186,APROBADA,CLASICA,APROBADO,BUENO,1999.0,,2,2119.0,-6.0,34567.0,INVERSIONES,MEDIO_A,CLIENTE_BANCO,5000,BAJO,1.06,0,218,723,1370,250,0,35,FAMILIARES,LICENCIATURA,1
2.01408e+16,186,APROBADA,CLASICA,APROBADO,BUENO,1999.0,,1,2079.0,-4.0,22564.0,RECIBO DE NOMINA,ALTO_A,CLIENTE_BANCO,0,BAJO,1.04,0,238,716,0,0,0,40,HIPOTECA,LICENCIATURA,1
2.01408e+16,186,APROBADA,CLASICA,APROBADO,BUENO,1999.0,,0,1299.0,35.0,15561.0,RECIBO DE NOMINA,MEDIO_A,CLIENTE_BANCO,0,BAJO,0.65,0,291,745,0,0,0,58,RENTA,PREPARATORIA,1
2.01408e+16,188,APROBADA,CLASICA,APROBADO,REGULAR,1999.0,,1,2079.0,-4.0,7886.0,INVERSIONES,MEDIO_A,CLIENTE_BANCO,8304,MEDIO,1.04,0,210,692,6198,360,0,31,PROPIA,PREPARATORIA,1
2.01408e+16,188,APROBADA,CLASICA,APROBADO,BUENO,1999.0,,1,840.0,58.0,13363.0,RECIBO DE NOMINA,MEDIO_A,CLIENTE_BANCO,0,BAJO,0.42,0,235,778,0,0,0,56,RENTA,LICENCIATURA,1
2.01408e+16,188,APROBADA,CLASICA,APROBADO,BUENO,1999.0,,1,1919.0,4.0,16837.0,RECIBO DE NOMINA,MEDIO_B,CLIENTE_BANCO,5000,BAJO,0.96,0,240,724,0,0,0,32,HIPOTECA,POSGRADO,1
2.01408e+16,189,APROBADA,CLASICA,APROBADO,REGULAR,1999.0,,0,360.0,82.0,7726.0,RECIBO DE NOMINA,MEDIO_A,CLIENTE_BANCO,0,BAJO,0.18,0,211,792,0,0,0,41,PROPIA,POSGRADO,1
2.01408e+16,198,APROBADA,CLASICA,APROBADO,BUENO,1999.0,,1,820.0,59.0,15854.0,INVERSIONES,MEDIO_A,CLIENTE_BANCO,23400,BAJO,0.41,0,242,703,406,0,0,27,PROPIA,PREPARATORIA,1
2.01408e+16,198,APROBADA,CLASICA,APROBADO,BUENO,1999.0,,2,1279.0,36.0,7259.0,RECIBO DE NOMINA,ALTO_B,CLIENTE_BANCO,0,BAJO,0.64,0,242,736,0,0,0,58,PROPIA,POSGRADO,1
2.01408e+16,182,APROBADA,CLASICA,APROBADO,BUENO,1999.0,,0,400.0,1.0,30469.0,INVERSIONES,ALTO_B,CLIENTE_BANCO,0,BAJO,0.99,0,228,711,0,0,0,39,PROPIA,LICENCIATURA,1
2.01408e+16,134,APROBADA,CLASICA,APROBADO,BUENO,1899.0,,1,317.0,37.0,30361.0,INVERSIONES,MEDIO_A,CLIENTE_BANCO,16500,BAJO,0.63,0,241,706,6865,0,0,41,PROPIA,LICENCIATURA,1
2.01408e+16,199,APROBADA,CLASICA,APROBADO,BUENO,1800.0,,0,225.0,47.0,0.0,INVERSIONES,ALTO_B,NO_CLIENTE,0,BAJO,0.53,1,162,757,0,0,0,59,PROPIA,LICENCIATURA,1
2.01407e+16,184,APROBADA,CLASICA,APROBADO,REGULAR,1400.0,,0,476.0,66.0,0.0,INVERSIONES,MEDIO_B,NO_CLIENTE,0,BAJO,0.34,0,196,776,0,0,0,37,RENTA,LICENCIATURA,1
2.01407e+16,207,APROBADA,CLASICA,APROBADO,BUENO,1400.0,,1,200.0,57.0,0.0,INVERSIONES,MEDIO_A,NO_CLIENTE,0,BAJO,0.43,0,215,767,0,0,0,37,PROPIA,LICENCIATURA,1
2.01408e+16,227,APROBADA,CLASICA,APROBADO,BUENO,800.0,,1,114.0,41.0,0.0,INVERSIONES,ALTO_B,NO_CLIENTE,0,BAJO,0.59,0,192,751,0,0,0,27,PROPIA,LICENCIATURA,1
2.01408e+16,230,APROBADA,CLASICA,APROBADO,BUENO,399.0,,1,67.0,14.0,79823.9599999994,RECIBO DE NOMINA,ALTO_B,CLIENTE_BANCO,0,BAJO,0.86,0,252,724,0,0,0,29,PROPIA,LICENCIATURA,1
2.01408e+16,160,PENDIENTE,CLASICA,PRE-APROBADO,MALO,1.0,,SIN_CUENTA,0.0,0.0,0.0,INVERSIONES,ALTO_A,NO_CLIENTE,0,ALTO,0.0,1,134,0,0,0,0,49,PROPIA,POSGRADO,0
2.01408e+16,160,PENDIENTE,CLASICA,PRE-APROBADO,MALO,1.0,,1,0.0,0.0,0.0,RECIBO DE NOMINA,MEDIO_B,NO_CLIENTE,5000,ALTO,0.0,0,136,0,4027,340,0,29,FAMILIARES,LICENCIATURA,0
2.01408e+16,161,PENDIENTE,CLASICA,PRE-APROBADO,MALO,1.0,,SIN_CUENTA,0.0,0.0,0.0,RECIBO DE NOMINA,MEDIO_B,NO_CLIENTE,0,ALTO,0.0,0,120,0,0,0,0,38,FAMILIARES,LICENCIATURA,0
2.01408e+16,162,PENDIENTE,CLASICA,PRE-APROBADO,MALO,1.0,,SIN_CUENTA,0.0,0.0,0.0,INVERSIONES,MEDIO_B,NO_CLIENTE,0,ALTO,0.0,2,145,0,0,0,0,38,RENTA,LICENCIATURA,0
2.01408e+16,163,PENDIENTE,CLASICA,PRE-APROBADO,MALO,1.0,,SIN_CUENTA,0.0,0.0,0.0,INVERSIONES,MEDIO_A,NO_CLIENTE,0,ALTO,0.0,1,122,0,0,0,0,51,HIPOTECA,PREPARATORIA,0
2.01408e+16,163,PENDIENTE,CLASICA,PRE-APROBADO,MALO,1.0,,SIN_CUENTA,0.0,0.0,0.0,INVERSIONES,MEDIO_B,NO_CLIENTE,0,ALTO,0.0,0,135,0,0,0,0,50,FAMILIARES,PREPARATORIA,0
2.01408e+16,164,PENDIENTE,CLASICA,PRE-APROBADO,MALO,1.0,,SIN_CUENTA,0.0,0.0,0.0,RECIBO DE NOMINA,MEDIO_B,NO_CLIENTE,0,ALTO,0.0,2,123,0,0,0,0,60,FAMILIARES,LICENCIATURA,0
2.01408e+16,165,PENDIENTE,CLASICA,PRE-APROBADO,MALO,1.0,,SIN_CUENTA,0.0,0.0,0.0,RECIBO DE NOMINA,ALTO_A,NO_CLIENTE,0,ALTO,0.0,3,134,0,0,0,0,47,PROPIA,POSGRADO,0
2.01408e+16,167,PENDIENTE,CLASICA,PRE-APROBADO,MALO,1.0,,SIN_CUENTA,0.0,0.0,0.0,INVERSIONES,MEDIO_B,NO_CLIENTE,0,ALTO,0.0,0,130,0,0,0,0,36,RENTA,PREPARATORIA,0
2.01408e+16,167,PENDIENTE,CLASICA,PRE-APROBADO,MALO,1.0,,SIN_CUENTA,0.0,0.0,0.0,RECIBO DE NOMINA,MEDIO_B,NO_CLIENTE,0,ALTO,0.0,2,156,0,0,0,0,41,RENTA,LICENCIATURA,0
2.01408e+16,169,PENDIENTE,CLASICA,PRE-APROBADO,MALO,1.0,,SIN_CUENTA,0.0,0.0,0.0,RECIBO DE NOMINA,MEDIO_B,NO_CLIENTE,0,ALTO,0.0,0,120,0,0,0,0,60,RENTA,PREPARATORIA,0
2.01408e+16,169,PENDIENTE,CLASICA,PRE-APROBADO,MALO,1.0,,SIN_CUENTA,0.0,0.0,0.0,RECIBO DE NOMINA,MEDIO_B,NO_CLIENTE,0,ALTO,0.0,0,134,0,0,0,0,29,RENTA,LICENCIATURA,0
2.01408e+16,170,PENDIENTE,CLASICA,PRE-APROBADO,MALO,1.0,,0,0.0,0.0,0.0,INVERSIONES,MEDIO_B,NO_CLIENTE,91500,ALTO,0.0,3,154,0,14778,0,0,26,FAMILIARES,LICENCIATURA,0
2.01408e+16,171,PENDIENTE,CLASICA,PRE-APROBADO,MALO,1.0,,SIN_CUENTA,0.0,0.0,0.0,RECIBO DE NOMINA,MEDIO_B,NO_CLIENTE,0,ALTO,0.0,3,145,0,0,0,0,26,FAMILIARES,LICENCIATURA,0
2.01408e+16,172,PENDIENTE,CLASICA,PRE-APROBADO,MALO,1.0,,SIN_CUENTA,0.0,0.0,0.0,INVERSIONES,MEDIO_B,NO_CLIENTE,0,ALTO,0.0,0,120,0,0,0,0,39,FAMILIARES,LICENCIATURA,0
2.01407e+16,172,PENDIENTE,CLASICA,PRE-APROBADO,MALO,1.0,,SIN_CUENTA,0.0,0.0,0.0,INVERSIONES,BAJO_B,NO_CLIENTE,0,ALTO,0.0,0,135,0,0,0,0,49,RENTA,SECUNDARIA,0
2.01408e+16,172,PENDIENTE,CLASICA,PRE-APROBADO,MALO,1.0,,SIN_CUENTA,0.0,0.0,0.0,INVERSIONES,MEDIO_B,NO_CLIENTE,0,ALTO,0.0,1,176,0,0,0,0,33,RENTA,LICENCIATURA,0
2.01408e+16,175,PENDIENTE,CLASICA,PRE-APROBADO,MALO,1.0,,SIN_CUENTA,0.0,0.0,0.0,INVERSIONES,ALTO_B,NO_CLIENTE,0,ALTO,0.0,3,156,0,0,0,0,29,RENTA,POSGRADO,0
2.01408e+16,176,PENDIENTE,CLASICA,PRE-APROBADO,MALO,1.0,,SIN_CUENTA,0.0,0.0,0.0,RECIBO DE NOMINA,MEDIO_A,NO_CLIENTE,0,ALTO,0.0,0,142,0,0,0,0,35,PROPIA,LICENCIATURA,0
2.01408e+16,177,PENDIENTE,CLASICA,PRE-APROBADO,MALO,1.0,,SIN_CUENTA,0.0,0.0,0.0,INVERSIONES,MEDIO_B,NO_CLIENTE,0,ALTO,0.0,0,124,0,0,0,0,56,FAMILIARES,PREPARATORIA,0
2.01408e+16,177,PENDIENTE,CLASICA,PRE-APROBADO,MALO,1.0,,SIN_CUENTA,0.0,0.0,0.0,RECIBO DE NOMINA,ALTO_B,NO_CLIENTE,0,ALTO,0.0,1,125,0,0,0,0,56,FAMILIARES,POSGRADO,0
2.01408e+16,178,PENDIENTE,CLASICA,PRE-APROBADO,MALO,1.0,,SIN_CUENTA,0.0,0.0,0.0,RECIBO DE NOMINA,MEDIO_A,NO_CLIENTE,0,ALTO,0.0,0,120,0,0,0,0,34,HIPOTECA,PREPARATORIA,0
2.01408e+16,179,PENDIENTE,CLASICA,PRE-APROBADO,MALO,1.0,,SIN_CUENTA,0.0,0.0,0.0,RECIBO DE NOMINA,MEDIO_B,NO_CLIENTE,0,ALTO,0.0,1,120,0,0,0,0,59,FAMILIARES,PREPARATORIA,0
2.01408e+16,179,PENDIENTE,CLASICA,PRE-APROBADO,MALO,1.0,,SIN_CUENTA,0.0,0.0,0.0,INVERSIONES,MEDIO_B,NO_CLIENTE,0,ALTO,0.0,0,122,0,0,0,0,27,RENTA,PREPARATORIA,0
2.01408e+16,180,PENDIENTE,CLASICA,PRE-APROBADO,MALO,1.0,,SIN_CUENTA,0.0,0.0,0.0,INVERSIONES,MEDIO_B,NO_CLIENTE,0,ALTO,0.0,0,120,0,0,0,0,49,RENTA,LICENCIATURA,0
2.01408e+16,183,PENDIENTE,CLASICA,PRE-APROBADO,MALO,1.0,,SIN_CUENTA,0.0,0.0,0.0,INVERSIONES,MEDIO_A,NO_CLIENTE,0,ALTO,0.0,1,120,0,0,0,0,59,HIPOTECA,PREPARATORIA,0
2.01408e+16,184,PENDIENTE,CLASICA,PRE-APROBADO,MALO,1.0,,SIN_CUENTA,0.0,0.0,0.0,RECIBO DE NOMINA,ALTO_B,NO_CLIENTE,0,ALTO,0.0,0,121,0,0,0,0,46,RENTA,POSGRADO,0
2.01408e+16,185,PENDIENTE,CLASICA,PRE-APROBADO,MALO,1.0,,SIN_CUENTA,0.0,0.0,0.0,RECIBO DE NOMINA,MEDIO_A,NO_CLIENTE,0,ALTO,0.0,0,132,0,0,0,1,51,HIPOTECA,PREPARATORIA,0
2.01408e+16,187,PENDIENTE,CLASICA,PRE-APROBADO,MALO,1.0,,SIN_CUENTA,0.0,0.0,0.0,INVERSIONES,MEDIO_B,NO_CLIENTE,0,ALTO,0.0,0,120,0,0,0,0,41,FAMILIARES,PREPARATORIA,0
2.01408e+16,187,PENDIENTE,CLASICA,PRE-APROBADO,MALO,1.0,,SIN_CUENTA,0.0,0.0,0.0,INVERSIONES,MEDIO_B,NO_CLIENTE,0,ALTO,0.0,1,143,0,0,0,0,59,FAMILIARES,PREPARATORIA,0
2.01408e+16,189,PENDIENTE,CLASICA,PRE-APROBADO,MALO,1.0,,SIN_CUENTA,0.0,0.0,0.0,RECIBO DE NOMINA,ALTO_B,NO_CLIENTE,0,ALTO,0.0,0,136,0,0,0,0,39,RENTA,POSGRADO,0
2.01408e+16,190,PENDIENTE,CLASICA,PRE-APROBADO,MALO,1.0,,SIN_CUENTA,0.0,0.0,0.0,RECIBO DE NOMINA,MEDIO_A,NO_CLIENTE,0,ALTO,0.0,0,110,0,0,0,0,48,HIPOTECA,LICENCIATURA,0
2.01408e+16,190,PENDIENTE,CLASICA,PRE-APROBADO,MALO,1.0,,SIN_CUENTA,0.0,0.0,0.0,RECIBO DE NOMINA,MEDIO_A,NO_CLIENTE,0,ALTO,0.0,2,124,0,0,0,0,45,HIPOTECA,LICENCIATURA,0
2.01408e+16,190,PENDIENTE,CLASICA,PRE-APROBADO,MALO,1.0,,SIN_CUENTA,0.0,0.0,0.0,RECIBO DE NOMINA,MEDIO_A,NO_CLIENTE,0,ALTO,0.0,0,134,0,0,0,0,37,HIPOTECA,PREPARATORIA,0
2.01408e+16,192,PENDIENTE,CLASICA,PRE-APROBADO,MALO,1.0,,SIN_CUENTA,0.0,0.0,0.0,INVERSIONES,ALTO_B,NO_CLIENTE,0,ALTO,0.0,1,133,0,0,0,0,56,RENTA,POSGRADO,0
2.01408e+16,193,PENDIENTE,CLASICA,PRE-APROBADO,MALO,1.0,,SIN_CUENTA,0.0,0.0,0.0,INVERSIONES,ALTO_A,NO_CLIENTE,0,ALTO,0.0,2,124,0,0,0,0,45,PROPIA,POSGRADO,0
2.01408e+16,194,PENDIENTE,CLASICA,PRE-APROBADO,MALO,1.0,,SIN_CUENTA,0.0,0.0,0.0,RECIBO DE NOMINA,ALTO_B,NO_CLIENTE,0,ALTO,0.0,0,136,0,0,0,0,50,HIPOTECA,POSGRADO,0
2.01408e+16,197,PENDIENTE,CLASICA,PRE-APROBADO,MALO,1.0,,SIN_CUENTA,0.0,0.0,0.0,INVERSIONES,BAJO_B,NO_CLIENTE,0,ALTO,0.0,3,153,0,0,0,0,46,FAMILIARES,SECUNDARIA,0
2.01408e+16,198,PENDIENTE,CLASICA,PRE-APROBADO,MALO,1.0,,SIN_CUENTA,0.0,0.0,0.0,RECIBO DE NOMINA,MEDIO_A,NO_CLIENTE,0,ALTO,0.0,0,120,0,0,0,0,51,HIPOTECA,PREPARATORIA,0
2.01408e+16,199,PENDIENTE,CLASICA,PRE-APROBADO,MALO,1.0,,SIN_CUENTA,0.0,0.0,0.0,RECIBO DE NOMINA,ALTO_B,NO_CLIENTE,0,ALTO,0.0,0,120,0,0,0,0,41,HIPOTECA,POSGRADO,0
2.01408e+16,199,PENDIENTE,CLASICA,PRE-APROBADO,MALO,1.0,,SIN_CUENTA,0.0,0.0,0.0,INVERSIONES,MEDIO_A,NO_CLIENTE,0,ALTO,0.0,0,134,0,0,0,0,55,HIPOTECA,PREPARATORIA,0
2.01408e+16,101,PENDIENTE,CLASICA,PRE-APROBADO,MALO,1.0,,SIN_CUENTA,0.0,0.0,0.0,INVERSIONES,MEDIO_B,NO_CLIENTE,0,ALTO,0.0,1,120,0,0,0,0,32,RENTA,LICENCIATURA,0
2.01407e+16,101,PENDIENTE,CLASICA,PRE-APROBADO,MALO,1.0,,SIN_CUENTA,0.0,0.0,0.0,RECIBO DE NOMINA,MEDIO_A,NO_CLIENTE,0,ALTO,0.0,3,144,0,0,0,0,57,HIPOTECA,LICENCIATURA,0
2.01408e+16,102,PENDIENTE,CLASICA,PRE-APROBADO,MALO,1.0,,SIN_CUENTA,0.0,0.0,0.0,INVERSIONES,MEDIO_A,NO_CLIENTE,0,ALTO,0.0,3,163,0,0,0,0,28,HIPOTECA,LICENCIATURA,0
2.01408e+16,103,PENDIENTE,CLASICA,PRE-APROBADO,MALO,1.0,,SIN_CUENTA,0.0,0.0,0.0,RECIBO DE NOMINA,MEDIO_B,NO_CLIENTE,0,ALTO,0.0,0,122,0,0,0,0,54,FAMILIARES,LICENCIATURA,0
2.01408e+16,104,PENDIENTE,CLASICA,PRE-APROBADO,MALO,1.0,,SIN_CUENTA,0.0,0.0,0.0,RECIBO DE NOMINA,MEDIO_A,NO_CLIENTE,0,ALTO,0.0,0,121,0,0,0,0,55,HIPOTECA,PREPARATORIA,0
2.01408e+16,104,PENDIENTE,CLASICA,PRE-APROBADO,MALO,1.0,,SIN_CUENTA,0.0,0.0,0.0,INVERSIONES,MEDIO_A,NO_CLIENTE,0,ALTO,0.0,0,132,0,0,0,0,34,HIPOTECA,PREPARATORIA,0
2.01408e+16,105,PENDIENTE,CLASICA,PRE-APROBADO,MALO,1.0,,SIN_CUENTA,0.0,0.0,0.0,RECIBO DE NOMINA,MEDIO_A,NO_CLIENTE,0,ALTO,0.0,0,120,0,0,0,0,58,HIPOTECA,PREPARATORIA,0
2.01408e+16,109,PENDIENTE,CLASICA,PRE-APROBADO,MALO,1.0,,SIN_CUENTA,0.0,0.0,0.0,INVERSIONES,ALTO_B,NO_CLIENTE,0,ALTO,0.0,1,124,0,0,0,0,45,HIPOTECA,POSGRADO,0
2.01408e+16,110,PENDIENTE,CLASICA,PRE-APROBADO,MALO,1.0,,SIN_CUENTA,0.0,0.0,0.0,RECIBO DE NOMINA,MEDIO_A,NO_CLIENTE,0,ALTO,0.0,0,132,0,0,0,0,56,HIPOTECA,PREPARATORIA,0
2.01407e+16,112,PENDIENTE,CLASICA,PRE-APROBADO,MALO,1.0,,SIN_CUENTA,0.0,0.0,0.0,RECIBO DE NOMINA,MEDIO_A,NO_CLIENTE,0,ALTO,0.0,4,124,0,0,0,0,57,HIPOTECA,PREPARATORIA,0
2.01408e+16,115,PENDIENTE,CLASICA,PRE-APROBADO,MALO,1.0,,SIN_CUENTA,0.0,0.0,0.0,INVERSIONES,MEDIO_B,NO_CLIENTE,0,ALTO,0.0,0,125,0,0,0,0,54,FAMILIARES,LICENCIATURA,0
2.01408e+16,117,PENDIENTE,CLASICA,PRE-APROBADO,MALO,1.0,,SIN_CUENTA,0.0,0.0,0.0,INVERSIONES,ALTO_A,NO_CLIENTE,0,ALTO,0.0,0,121,0,0,0,0,53,PROPIA,POSGRADO,0
2.01408e+16,117,PENDIENTE,CLASICA,PRE-APROBADO,MALO,1.0,,SIN_CUENTA,0.0,0.0,0.0,INVERSIONES,MEDIO_A,NO_CLIENTE,0,ALTO,0.0,2,124,0,0,0,0,30,HIPOTECA,PREPARATORIA,0
2.01408e+16,118,PENDIENTE,CLASICA,PRE-APROBADO,MALO,1.0,,SIN_CUENTA,0.0,0.0,0.0,RECIBO DE NOMINA,MEDIO_A,NO_CLIENTE,0,ALTO,0.0,0,121,0,0,0,0,29,HIPOTECA,PREPARATORIA,0
2.01408e+16,118,PENDIENTE,CLASICA,PRE-APROBADO,MALO,1.0,,SIN_CUENTA,0.0,0.0,0.0,RECIBO DE NOMINA,MEDIO_A,NO_CLIENTE,0,ALTO,0.0,0,142,0,0,0,0,50,HIPOTECA,PREPARATORIA,0
2.01408e+16,119,PENDIENTE,CLASICA,PRE-APROBADO,MALO,1.0,,SIN_CUENTA,0.0,0.0,0.0,RECIBO DE NOMINA,MEDIO_A,NO_CLIENTE,0,ALTO,0.0,2,130,0,0,0,0,31,HIPOTECA,PREPARATORIA,0
2.01408e+16,121,PENDIENTE,CLASICA,PRE-APROBADO,MALO,1.0,,1,0.0,0.0,0.0,INVERSIONES,MEDIO_A,NO_CLIENTE,24200,ALTO,0.0,1,132,0,2078,0,0,55,PROPIA,LICENCIATURA,0
2.01408e+16,122,PENDIENTE,CLASICA,PRE-APROBADO,MALO,1.0,,SIN_CUENTA,0.0,0.0,0.0,RECIBO DE NOMINA,MEDIO_A,NO_CLIENTE,0,ALTO,0.0,3,124,0,0,0,0,48,HIPOTECA,PREPARATORIA,0
2.01408e+16,123,PENDIENTE,CLASICA,PRE-APROBADO,MALO,1.0,,SIN_CUENTA,0.0,0.0,0.0,RECIBO DE NOMINA,ALTO_B,NO_CLIENTE,0,ALTO,0.0,1,120,0,0,0,0,56,HIPOTECA,POSGRADO,0
2.01408e+16,123,PENDIENTE,CLASICA,PRE-APROBADO,MALO,1.0,,SIN_CUENTA,0.0,0.0,0.0,INVERSIONES,MEDIO_A,NO_CLIENTE,0,ALTO,0.0,2,124,0,0,0,0,42,HIPOTECA,PREPARATORIA,0
2.01408e+16,125,PENDIENTE,CLASICA,PRE-APROBADO,MALO,1.0,,SIN_CUENTA,0.0,0.0,0.0,INVERSIONES,MEDIO_A,NO_CLIENTE,0,ALTO,0.0,0,121,0,0,0,0,33,PROPIA,LICENCIATURA,0
2.01408e+16,126,PENDIENTE,CLASICA,PRE-APROBADO,MALO,1.0,,SIN_CUENTA,0.0,0.0,0.0,RECIBO DE NOMINA,MEDIO_A,NO_CLIENTE,0,ALTO,0.0,2,135,0,0,0,0,60,HIPOTECA,LICENCIATURA,0
2.01408e+16,132,PENDIENTE,CLASICA,PRE-APROBADO,MALO,1.0,,1,0.0,0.0,0.0,RECIBO DE NOMINA,ALTO_A,NO_CLIENTE,6000,ALTO,0.0,0,120,0,3439,250,0,40,PROPIA,POSGRADO,0
2.01407e+16,132,PENDIENTE,CLASICA,PRE-APROBADO,MALO,1.0,,SIN_CUENTA,0.0,0.0,0.0,RECIBO DE NOMINA,MEDIO_B,NO_CLIENTE,0,ALTO,0.0,0,125,0,0,0,0,32,FAMILIARES,LICENCIATURA,0
2.01408e+16,132,PENDIENTE,CLASICA,PRE-APROBADO,MALO,1.0,,SIN_CUENTA,0.0,0.0,0.0,RECIBO DE NOMINA,MEDIO_A,NO_CLIENTE,0,ALTO,0.0,0,134,0,0,0,0,29,HIPOTECA,PREPARATORIA,0
2.01408e+16,134,PENDIENTE,CLASICA,PRE-APROBADO,MALO,1.0,,SIN_CUENTA,0.0,0.0,0.0,RECIBO DE NOMINA,BAJO_B,NO_CLIENTE,0,ALTO,0.0,0,133,0,0,0,0,41,FAMILIARES,SECUNDARIA,0
2.01408e+16,136,PENDIENTE,CLASICA,PRE-APROBADO,MALO,1.0,,SIN_CUENTA,0.0,0.0,0.0,RECIBO DE NOMINA,MEDIO_A,NO_CLIENTE,0,ALTO,0.0,0,123,0,0,0,0,27,PROPIA,LICENCIATURA,0
2.01408e+16,137,PENDIENTE,CLASICA,PRE-APROBADO,MALO,1.0,,2,0.0,0.0,0.0,RECIBO DE NOMINA,MEDIO_A,NO_CLIENTE,7000,ALTO,0.0,0,165,0,5610,30,0,30,HIPOTECA,PREPARATORIA,0
2.01408e+16,138,PENDIENTE,CLASICA,PRE-APROBADO,MALO,1.0,,SIN_CUENTA,0.0,0.0,0.0,RECIBO DE NOMINA,MEDIO_A,NO_CLIENTE,0,ALTO,0.0,2,134,0,0,0,0,58,PROPIA,LICENCIATURA,0
2.01408e+16,138,PENDIENTE,CLASICA,PRE-APROBADO,MALO,1.0,,SIN_CUENTA,0.0,0.0,0.0,RECIBO DE NOMINA,MEDIO_B,NO_CLIENTE,0,ALTO,0.0,4,143,0,0,0,0,25,FAMILIARES,LICENCIATURA,0
2.01408e+16,139,PENDIENTE,CLASICA,PRE-APROBADO,MALO,1.0,,SIN_CUENTA,0.0,0.0,0.0,INVERSIONES,MEDIO_B,NO_CLIENTE,0,ALTO,0.0,0,111,0,0,0,0,29,RENTA,LICENCIATURA,0
2.01408e+16,140,PENDIENTE,CLASICA,PRE-APROBADO,MALO,1.0,,SIN_CUENTA,0.0,0.0,0.0,RECIBO DE NOMINA,MEDIO_B,NO_CLIENTE,0,ALTO,0.0,0,120,0,0,0,0,35,FAMILIARES,LICENCIATURA,0
2.01408e+16,140,PENDIENTE,CLASICA,PRE-APROBADO,MALO,1.0,,SIN_CUENTA,0.0,0.0,0.0,INVERSIONES,ALTO_B,NO_CLIENTE,0,ALTO,0.0,1,141,0,0,0,0,41,HIPOTECA,POSGRADO,0
2.01408e+16,141,PENDIENTE,CLASICA,PRE-APROBADO,MALO,1.0,,0,0.0,0.0,0.0,INVERSIONES,ALTO_B,NO_CLIENTE,9000,ALTO,0.0,1,145,0,1531,108,0,55,RENTA,POSGRADO,0
2.01408e+16,142,PENDIENTE,CLASICA,PRE-APROBADO,MALO,1.0,,SIN_CUENTA,0.0,0.0,0.0,RECIBO DE NOMINA,MEDIO_A,NO_CLIENTE,0,ALTO,0.0,4,124,0,0,0,0,39,HIPOTECA,PREPARATORIA,0
2.01408e+16,143,PENDIENTE,CLASICA,PRE-APROBADO,MALO,1.0,,SIN_CUENTA,0.0,0.0,0.0,INVERSIONES,MEDIO_A,NO_CLIENTE,0,ALTO,0.0,0,134,0,0,0,0,58,HIPOTECA,PREPARATORIA,0
2.01408e+16,143,PENDIENTE,CLASICA,PRE-APROBADO,MALO,1.0,,SIN_CUENTA,0.0,0.0,0.0,RECIBO DE NOMINA,MEDIO_A,NO_CLIENTE,0,ALTO,0.0,3,143,0,0,0,0,31,PROPIA,LICENCIATURA,0
2.01408e+16,144,PENDIENTE,CLASICA,PRE-APROBADO,MALO,1.0,,SIN_CUENTA,0.0,0.0,0.0,INVERSIONES,ALTO_B,NO_CLIENTE,0,ALTO,0.0,0,134,0,0,0,0,35,HIPOTECA,POSGRADO,0
2.01408e+16,146,PENDIENTE,CLASICA,PRE-APROBADO,MALO,1.0,,SIN_CUENTA,0.0,0.0,0.0,INVERSIONES,MEDIO_B,NO_CLIENTE,0,ALTO,0.0,0,130,0,0,0,0,59,RENTA,PREPARATORIA,0
2.01408e+16,147,PENDIENTE,CLASICA,PRE-APROBADO,MALO,1.0,,SIN_CUENTA,0.0,0.0,0.0,RECIBO DE NOMINA,ALTO_B,NO_CLIENTE,0,ALTO,0.0,0,125,0,0,0,0,57,FAMILIARES,POSGRADO,0
2.01408e+16,149,PENDIENTE,CLASICA,PRE-APROBADO,MALO,1.0,,0,0.0,0.0,0.0,RECIBO DE NOMINA,MEDIO_A,NO_CLIENTE,4000,ALTO,0.0,1,124,0,2667,250,0,51,HIPOTECA,PREPARATORIA,0
2.01408e+16,150,PENDIENTE,CLASICA,PRE-APROBADO,MALO,1.0,,SIN_CUENTA,0.0,0.0,0.0,RECIBO DE NOMINA,ALTO_A,NO_CLIENTE,0,ALTO,0.0,0,125,0,0,0,0,31,PROPIA,POSGRADO,0
2.01408e+16,153,PENDIENTE,CLASICA,PRE-APROBADO,MALO,1.0,,SIN_CUENTA,0.0,0.0,0.0,INVERSIONES,MEDIO_A,NO_CLIENTE,0,ALTO,0.0,0,122,0,0,0,0,30,HIPOTECA,LICENCIATURA,0
2.01408e+16,153,PENDIENTE,CLASICA,PRE-APROBADO,MALO,1.0,,SIN_CUENTA,0.0,0.0,0.0,INVERSIONES,MEDIO_A,NO_CLIENTE,0,ALTO,0.0,3,123,0,0,0,0,60,PROPIA,LICENCIATURA,0
2.01408e+16,154,PENDIENTE,CLASICA,PRE-APROBADO,MALO,1.0,,SIN_CUENTA,0.0,0.0,0.0,RECIBO DE NOMINA,ALTO_B,NO_CLIENTE,0,ALTO,0.0,0,123,0,0,0,0,38,HIPOTECA,POSGRADO,0
2.01408e+16,154,PENDIENTE,CLASICA,PRE-APROBADO,MALO,1.0,,1,0.0,0.0,0.0,INVERSIONES,MEDIO_B,NO_CLIENTE,17000,ALTO,0.0,2,123,0,4908,0,0,33,RENTA,PREPARATORIA,0
2.01407e+16,155,PENDIENTE,CLASICA,PRE-APROBADO,MALO,1.0,,SIN_CUENTA,0.0,0.0,0.0,RECIBO DE NOMINA,ALTO_B,NO_CLIENTE,0,ALTO,0.0,0,167,0,0,0,0,48,HIPOTECA,POSGRADO,0
2.01408e+16,156,PENDIENTE,CLASICA,PRE-APROBADO,MALO,1.0,,SIN_CUENTA,0.0,0.0,0.0,RECIBO DE NOMINA,MEDIO_A,NO_CLIENTE,0,ALTO,0.0,4,154,0,0,0,0,42,HIPOTECA,LICENCIATURA,0
2.01408e+16,160,PENDIENTE,CLASICA,PRE-APROBADO,MALO,1.0,,SIN_CUENTA,0.0,0.0,0.0,RECIBO DE NOMINA,MEDIO_B,NO_CLIENTE,0,ALTO,0.0,0,132,0,0,0,0,45,FAMILIARES,PREPARATORIA,0
2.01408e+16,160,PENDIENTE,CLASICA,PRE-APROBADO,MALO,1.0,,SIN_CUENTA,0.0,0.0,0.0,INVERSIONES,MEDIO_B,NO_CLIENTE,0,ALTO,0.0,0,176,0,0,0,0,44,FAMILIARES,LICENCIATURA,0
2.01408e+16,161,PENDIENTE,CLASICA,PRE-APROBADO,MALO,1.0,,SIN_CUENTA,0.0,0.0,0.0,RECIBO DE NOMINA,ALTO_B,NO_CLIENTE,0,ALTO,0.0,2,123,0,0,0,0,43,HIPOTECA,POSGRADO,0
2.01408e+16,161,PENDIENTE,CLASICA,PRE-APROBADO,MALO,1.0,,SIN_CUENTA,0.0,0.0,0.0,RECIBO DE NOMINA,MEDIO_A,NO_CLIENTE,0,ALTO,0.0,0,141,0,0,0,0,52,HIPOTECA,LICENCIATURA,0
2.01408e+16,162,PENDIENTE,CLASICA,PRE-APROBADO,MALO,1.0,,SIN_CUENTA,0.0,0.0,0.0,RECIBO DE NOMINA,ALTO_B,NO_CLIENTE,0,ALTO,0.0,0,134,0,0,0,0,50,HIPOTECA,POSGRADO,0
2.01408e+16,164,PENDIENTE,CLASICA,PRE-APROBADO,MALO,1.0,,SIN_CUENTA,0.0,0.0,0.0,RECIBO DE NOMINA,MEDIO_A,NO_CLIENTE,0,ALTO,0.0,0,120,0,0,0,0,52,HIPOTECA,LICENCIATURA,0
2.01408e+16,164,PENDIENTE,CLASICA,PRE-APROBADO,MALO,1.0,,SIN_CUENTA,0.0,0.0,0.0,RECIBO DE NOMINA,MEDIO_B,NO_CLIENTE,0,ALTO,0.0,0,135,0,0,0,0,42,FAMILIARES,PREPARATORIA,0
2.01408e+16,164,PENDIENTE,CLASICA,PRE-APROBADO,MALO,1.0,,0,0.0,0.0,0.0,DECLARACION ANUAL,MEDIO_B,NO_CLIENTE,54000,ALTO,0.0,0,143,0,0,0,0,43,RENTA,LICENCIATURA,0
2.01407e+16,164,PENDIENTE,CLASICA,PRE-APROBADO,MALO,1.0,,SIN_CUENTA,0.0,0.0,0.0,RECIBO DE NOMINA,ALTO_A,NO_CLIENTE,0,ALTO,0.0,4,150,0,0,0,0,29,PROPIA,POSGRADO,0
2.01408e+16,165,PENDIENTE,CLASICA,PRE-APROBADO,MALO,1.0,,1,0.0,0.0,0.0,INVERSIONES,MEDIO_A,NO_CLIENTE,40004,ALTO,0.0,2,124,0,23287,620,0,27,HIPOTECA,LICENCIATURA,0
2.01408e+16,165,PENDIENTE,CLASICA,PRE-APROBADO,MALO,1.0,,SIN_CUENTA,0.0,0.0,0.0,RECIBO DE NOMINA,MEDIO_A,NO_CLIENTE,0,ALTO,0.0,1,135,0,0,0,0,32,HIPOTECA,PREPARATORIA,0
2.01408e+16,170,PENDIENTE,CLASICA,PRE-APROBADO,MALO,1.0,,SIN_CUENTA,0.0,0.0,0.0,RECIBO DE NOMINA,MEDIO_B,NO_CLIENTE,0,ALTO,0.0,0,120,0,0,0,0,26,FAMILIARES,LICENCIATURA,0
2.01408e+16,170,PENDIENTE,CLASICA,PRE-APROBADO,MALO,1.0,,SIN_CUENTA,0.0,0.0,0.0,INVERSIONES,ALTO_B,NO_CLIENTE,0,ALTO,0.0,2,145,0,0,0,0,42,FAMILIARES,POSGRADO,0
2.01408e+16,171,PENDIENTE,CLASICA,PRE-APROBADO,MALO,1.0,,SIN_CUENTA,0.0,0.0,0.0,INVERSIONES,MEDIO_A,NO_CLIENTE,0,ALTO,0.0,3,123,0,0,0,0,51,HIPOTECA,PREPARATORIA,0
2.01407e+16,171,PENDIENTE,CLASICA,PRE-APROBADO,MALO,1.0,,SIN_CUENTA,0.0,0.0,0.0,RECIBO DE NOMINA,ALTO_B,NO_CLIENTE,0,ALTO,0.0,2,156,0,0,0,0,42,RENTA,POSGRADO,0
2.01408e+16,172,PENDIENTE,CLASICA,PRE-APROBADO,MALO,1.0,,SIN_CUENTA,0.0,0.0,0.0,INVERSIONES,MEDIO_B,NO_CLIENTE,0,ALTO,0.0,3,124,0,0,0,0,50,FAMILIARES,LICENCIATURA,0
2.01408e+16,172,PENDIENTE,CLASICA,PRE-APROBADO,MALO,1.0,,SIN_CUENTA,0.0,0.0,0.0,INVERSIONES,MEDIO_B,NO_CLIENTE,0,ALTO,0.0,1,132,0,0,0,0,33,RENTA,PREPARATORIA,0
2.01408e+16,173,PENDIENTE,CLASICA,PRE-APROBADO,MALO,1.0,,SIN_CUENTA,0.0,0.0,0.0,RECIBO DE NOMINA,MEDIO_B,NO_CLIENTE,0,ALTO,0.0,0,120,0,0,0,0,43,RENTA,PREPARATORIA,0
2.01408e+16,177,PENDIENTE,CLASICA,PRE-APROBADO,MALO,1.0,,SIN_CUENTA,0.0,0.0,0.0,INVERSIONES,MEDIO_B,NO_CLIENTE,0,ALTO,0.0,3,154,0,0,0,0,39,RENTA,PREPARATORIA,0
2.01408e+16,178,PENDIENTE,CLASICA,PRE-APROBADO,MALO,1.0,,SIN_CUENTA,0.0,0.0,0.0,RECIBO DE NOMINA,ALTO_A,NO_CLIENTE,0,ALTO,0.0,0,134,0,0,0,0,31,PROPIA,POSGRADO,0
2.01407e+16,181,PENDIENTE,CLASICA,PRE-APROBADO,MALO,1.0,,SIN_CUENTA,0.0,0.0,0.0,INVERSIONES,MEDIO_B,NO_CLIENTE,0,ALTO,0.0,2,125,0,0,0,0,56,FAMILIARES,PREPARATORIA,0
2.01408e+16,184,PENDIENTE,CLASICA,PRE-APROBADO,MALO,1.0,,SIN_CUENTA,0.0,0.0,0.0,RECIBO DE NOMINA,ALTO_B,NO_CLIENTE,0,ALTO,0.0,1,142,0,0,0,0,25,RENTA,POSGRADO,0
2.01408e+16,186,PENDIENTE,CLASICA,PRE-APROBADO,MALO,1.0,,SIN_CUENTA,0.0,0.0,0.0,DECLARACION ANUAL,MEDIO_A,NO_CLIENTE,0,ALTO,0.0,2,143,0,0,0,0,41,HIPOTECA,PREPARATORIA,0
2.01408e+16,188,PENDIENTE,CLASICA,PRE-APROBADO,MALO,1.0,,SIN_CUENTA,0.0,0.0,0.0,RECIBO DE NOMINA,ALTO_B,NO_CLIENTE,0,ALTO,0.0,1,123,0,0,0,0,55,RENTA,POSGRADO,0
2.01408e+16,189,PENDIENTE,CLASICA,PRE-APROBADO,MALO,1.0,,1,0.0,0.0,0.0,INVERSIONES,MEDIO_B,NO_CLIENTE,183500,ALTO,0.0,1,124,0,7768,0,0,44,RENTA,LICENCIATURA,0
2.01408e+16,191,PENDIENTE,CLASICA,PRE-APROBADO,MALO,1.0,,SIN_CUENTA,0.0,0.0,0.0,INVERSIONES,ALTO_A,NO_CLIENTE,0,ALTO,0.0,0,142,0,0,0,0,38,PROPIA,POSGRADO,0
2.01408e+16,194,PENDIENTE,CLASICA,PRE-APROBADO,MALO,1.0,,SIN_CUENTA,0.0,0.0,0.0,INVERSIONES,MEDIO_B,NO_CLIENTE,0,ALTO,0.0,0,120,0,0,0,0,57,FAMILIARES,LICENCIATURA,0
2.01408e+16,196,PENDIENTE,CLASICA,PRE-APROBADO,MALO,1.0,,2,0.0,0.0,0.0,INVERSIONES,MEDIO_B,NO_CLIENTE,0,ALTO,0.0,1,134,0,8433,8433,0,46,FAMILIARES,PREPARATORIA,0
2.01408e+16,196,PENDIENTE,CLASICA,PRE-APROBADO,MALO,1.0,,SIN_CUENTA,0.0,0.0,0.0,RECIBO DE NOMINA,MEDIO_A,NO_CLIENTE,0,ALTO,0.0,0,134,0,0,0,0,26,HIPOTECA,LICENCIATURA,0
2.01408e+16,198,PENDIENTE,CLASICA,PRE-APROBADO,MALO,1.0,,SIN_CUENTA,0.0,0.0,0.0,INVERSIONES,MEDIO_A,NO_CLIENTE,0,ALTO,0.0,0,110,0,0,0,0,45,HIPOTECA,PREPARATORIA,0
2.01408e+16,198,PENDIENTE,CLASICA,PRE-APROBADO,MALO,1.0,,SIN_CUENTA,0.0,0.0,0.0,RECIBO DE NOMINA,MEDIO_A,NO_CLIENTE,0,ALTO,0.0,3,124,0,0,0,0,53,PROPIA,LICENCIATURA,0
2.01408e+16,201,PENDIENTE,CLASICA,PRE-APROBADO,MALO,1.0,,SIN_CUENTA,0.0,0.0,0.0,INVERSIONES,MEDIO_B,NO_CLIENTE,0,ALTO,0.0,0,111,0,0,0,0,51,RENTA,LICENCIATURA,0
2.01408e+16,201,PENDIENTE,CLASICA,PRE-APROBADO,MALO,1.0,,SIN_CUENTA,0.0,0.0,0.0,RECIBO DE NOMINA,MEDIO_B,NO_CLIENTE,0,ALTO,0.0,0,133,0,0,0,0,60,FAMILIARES,PREPARATORIA,0
2.01408e+16,202,PENDIENTE,CLASICA,PRE-APROBADO,MALO,1.0,,SIN_CUENTA,0.0,0.0,0.0,RECIBO DE NOMINA,ALTO_B,NO_CLIENTE,0,ALTO,0.0,1,130,0,0,0,0,34,HIPOTECA,POSGRADO,0
2.01407e+16,203,PENDIENTE,CLASICA,PRE-APROBADO,MALO,1.0,,SIN_CUENTA,0.0,0.0,0.0,INVERSIONES,MEDIO_A,NO_CLIENTE,0,ALTO,0.0,1,134,0,0,0,0,54,HIPOTECA,PREPARATORIA,0
2.01407e+16,205,PENDIENTE,CLASICA,PRE-APROBADO,MALO,1.0,,SIN_CUENTA,0.0,0.0,0.0,INVERSIONES,MEDIO_B,NO_CLIENTE,0,ALTO,0.0,3,124,0,0,0,0,52,FAMILIARES,PREPARATORIA,0
2.01408e+16,206,PENDIENTE,CLASICA,PRE-APROBADO,MALO,1.0,,SIN_CUENTA,0.0,0.0,0.0,RECIBO DE NOMINA,MEDIO_B,NO_CLIENTE,0,ALTO,0.0,0,121,0,0,0,0,42,RENTA,LICENCIATURA,0
2.01408e+16,207,PENDIENTE,CLASICA,PRE-APROBADO,MALO,1.0,,SIN_CUENTA,0.0,0.0,0.0,RECIBO DE NOMINA,MEDIO_A,NO_CLIENTE,0,ALTO,0.0,0,133,0,0,0,0,36,HIPOTECA,LICENCIATURA,0
2.01408e+16,207,PENDIENTE,CLASICA,PRE-APROBADO,MALO,1.0,,SIN_CUENTA,0.0,0.0,0.0,INVERSIONES,MEDIO_A,NO_CLIENTE,0,ALTO,0.0,0,142,0,0,0,0,55,HIPOTECA,LICENCIATURA,0
2.01408e+16,207,PENDIENTE,CLASICA,PRE-APROBADO,MALO,1.0,,1,0.0,0.0,0.0,RECIBO DE NOMINA,MEDIO_A,NO_CLIENTE,96000,ALTO,0.0,2,144,0,0,0,0,29,HIPOTECA,PREPARATORIA,0
2.01408e+16,210,PENDIENTE,CLASICA,PRE-APROBADO,MALO,1.0,,SIN_CUENTA,0.0,0.0,0.0,INVERSIONES,MEDIO_B,NO_CLIENTE,0,ALTO,0.0,3,123,0,0,0,0,57,RENTA,PREPARATORIA,0
2.01408e+16,211,PENDIENTE,CLASICA,PRE-APROBADO,MALO,1.0,,SIN_CUENTA,0.0,0.0,0.0,RECIBO DE NOMINA,MEDIO_B,NO_CLIENTE,0,ALTO,0.0,1,132,0,0,0,0,45,FAMILIARES,LICENCIATURA,0
2.01408e+16,211,PENDIENTE,CLASICA,PRE-APROBADO,MALO,1.0,,SIN_CUENTA,0.0,0.0,0.0,RECIBO DE NOMINA,ALTO_B,NO_CLIENTE,0,ALTO,0.0,0,187,0,0,0,0,56,FAMILIARES,POSGRADO,0
2.01408e+16,213,PENDIENTE,CLASICA,PRE-APROBADO,MALO,1.0,,SIN_CUENTA,0.0,0.0,0.0,INVERSIONES,ALTO_B,NO_CLIENTE,0,ALTO,0.0,2,120,0,0,0,0,30,RENTA,POSGRADO,0
2.01407e+16,213,PENDIENTE,CLASICA,PRE-APROBADO,MALO,1.0,,SIN_CUENTA,0.0,0.0,0.0,RECIBO DE NOMINA,MEDIO_B,NO_CLIENTE,0,ALTO,0.0,1,136,0,0,0,0,34,RENTA,PREPARATORIA,0
2.01408e+16,215,PENDIENTE,CLASICA,PRE-APROBADO,MALO,1.0,,SIN_CUENTA,0.0,0.0,0.0,RECIBO DE NOMINA,MEDIO_B,NO_CLIENTE,0,ALTO,0.0,0,120,0,0,0,0,45,FAMILIARES,LICENCIATURA,0
2.01408e+16,216,PENDIENTE,CLASICA,PRE-APROBADO,MALO,1.0,,SIN_CUENTA,0.0,0.0,0.0,INVERSIONES,MEDIO_B,NO_CLIENTE,0,ALTO,0.0,1,147,0,0,0,0,27,RENTA,PREPARATORIA,0
2.01408e+16,217,PENDIENTE,CLASICA,PRE-APROBADO,MALO,1.0,,SIN_CUENTA,0.0,0.0,0.0,RECIBO DE NOMINA,MEDIO_A,NO_CLIENTE,0,ALTO,0.0,2,154,0,0,0,0,57,HIPOTECA,PREPARATORIA,0
2.01408e+16,220,PENDIENTE,CLASICA,PRE-APROBADO,MALO,1.0,,SIN_CUENTA,0.0,0.0,0.0,INVERSIONES,ALTO_B,NO_CLIENTE,0,ALTO,0.0,1,125,0,0,0,0,35,HIPOTECA,POSGRADO,0
2.01408e+16,222,PENDIENTE,CLASICA,PRE-APROBADO,MALO,1.0,,SIN_CUENTA,0.0,0.0,0.0,RECIBO DE NOMINA,MEDIO_A,NO_CLIENTE,0,ALTO,0.0,0,111,0,0,0,0,48,HIPOTECA,PREPARATORIA,0
2.01408e+16,222,PENDIENTE,CLASICA,PRE-APROBADO,MALO,1.0,,SIN_CUENTA,0.0,0.0,0.0,RECIBO DE NOMINA,MEDIO_B,NO_CLIENTE,0,ALTO,0.0,2,163,0,0,0,0,58,RENTA,LICENCIATURA,0
2.01408e+16,227,PENDIENTE,CLASICA,PRE-APROBADO,MALO,1.0,,SIN_CUENTA,0.0,0.0,0.0,RECIBO DE NOMINA,MEDIO_A,NO_CLIENTE,0,ALTO,0.0,1,121,0,0,0,0,48,HIPOTECA,PREPARATORIA,0
2.01408e+16,227,PENDIENTE,CLASICA,PRE-APROBADO,MALO,1.0,,SIN_CUENTA,0.0,0.0,0.0,INVERSIONES,MEDIO_B,NO_CLIENTE,0,ALTO,0.0,0,125,0,0,0,0,60,FAMILIARES,PREPARATORIA,0
2.01408e+16,227,PENDIENTE,CLASICA,PRE-APROBADO,MALO,1.0,,SIN_CUENTA,0.0,0.0,0.0,RECIBO DE NOMINA,MEDIO_B,NO_CLIENTE,0,ALTO,0.0,0,130,0,0,0,0,28,FAMILIARES,LICENCIATURA,0
2.01408e+16,229,PENDIENTE,CLASICA,PRE-APROBADO,MALO,1.0,,SIN_CUENTA,0.0,0.0,0.0,RECIBO DE NOMINA,MEDIO_A,NO_CLIENTE,0,ALTO,0.0,1,156,0,0,0,0,49,PROPIA,LICENCIATURA,0
2.01408e+16,231,PENDIENTE,CLASICA,PRE-APROBADO,MALO,1.0,,SIN_CUENTA,0.0,0.0,0.0,RECIBO DE NOMINA,MEDIO_A,NO_CLIENTE,0,ALTO,0.0,1,167,0,0,0,0,34,HIPOTECA,LICENCIATURA,0
2.01408e+16,232,PENDIENTE,CLASICA,PRE-APROBADO,MALO,1.0,,SIN_CUENTA,0.0,0.0,0.0,RECIBO DE NOMINA,MEDIO_A,NO_CLIENTE,0,ALTO,0.0,2,124,0,0,0,0,39,PROPIA,LICENCIATURA,0
2.01408e+16,233,PENDIENTE,CLASICA,PRE-APROBADO,MALO,1.0,,SIN_CUENTA,0.0,0.0,0.0,INVERSIONES,MEDIO_B,NO_CLIENTE,0,ALTO,0.0,1,133,0,0,0,0,26,FAMILIARES,LICENCIATURA,0
2.01408e+16,235,PENDIENTE,CLASICA,PRE-APROBADO,MALO,1.0,,SIN_CUENTA,0.0,0.0,0.0,INVERSIONES,ALTO_A,NO_CLIENTE,0,ALTO,0.0,0,121,0,0,0,0,51,PROPIA,POSGRADO,0
2.01408e+16,236,PENDIENTE,CLASICA,PRE-APROBADO,MALO,1.0,,SIN_CUENTA,0.0,0.0,0.0,INVERSIONES,MEDIO_A,NO_CLIENTE,0,ALTO,0.0,1,120,0,0,0,0,29,HIPOTECA,LICENCIATURA,0
2.01408e+16,237,PENDIENTE,CLASICA,PRE-APROBADO,MALO,1.0,,SIN_CUENTA,0.0,0.0,0.0,RECIBO DE NOMINA,MEDIO_B,NO_CLIENTE,0,ALTO,0.0,0,120,0,0,0,0,27,RENTA,PREPARATORIA,0
2.01408e+16,238,PENDIENTE,CLASICA,PRE-APROBADO,MALO,1.0,,SIN_CUENTA,0.0,0.0,0.0,RECIBO DE NOMINA,ALTO_B,NO_CLIENTE,0,ALTO,0.0,4,123,0,0,0,0,42,FAMILIARES,POSGRADO,0
2.01408e+16,239,PENDIENTE,CLASICA,PRE-APROBADO,MALO,1.0,,SIN_CUENTA,0.0,0.0,0.0,RECIBO DE NOMINA,MEDIO_A,NO_CLIENTE,0,ALTO,0.0,1,124,0,0,0,0,29,HIPOTECA,LICENCIATURA,0
2.01408e+16,239,PENDIENTE,CLASICA,PRE-APROBADO,MALO,1.0,,SIN_CUENTA,0.0,0.0,0.0,RECIBO DE NOMINA,MEDIO_B,NO_CLIENTE,0,ALTO,0.0,0,141,0,0,0,0,58,RENTA,LICENCIATURA,0
2.01408e+16,240,PENDIENTE,CLASICA,PRE-APROBADO,MALO,1.0,,SIN_CUENTA,0.0,0.0,0.0,RECIBO DE NOMINA,MEDIO_A,NO_CLIENTE,0,ALTO,0.0,0,125,0,0,0,0,30,HIPOTECA,PREPARATORIA,0
2.01408e+16,241,PENDIENTE,CLASICA,PRE-APROBADO,MALO,1.0,,SIN_CUENTA,0.0,0.0,0.0,INVERSIONES,MEDIO_A,NO_CLIENTE,0,ALTO,0.0,0,125,0,0,0,0,29,HIPOTECA,PREPARATORIA,0
2.01408e+16,241,PENDIENTE,CLASICA,PRE-APROBADO,MALO,1.0,,SIN_CUENTA,0.0,0.0,0.0,INVERSIONES,MEDIO_B,NO_CLIENTE,0,ALTO,0.0,0,132,0,0,0,0,54,RENTA,PREPARATORIA,0
2.01408e+16,242,PENDIENTE,CLASICA,PRE-APROBADO,MALO,1.0,,SIN_CUENTA,0.0,0.0,0.0,RECIBO DE NOMINA,MEDIO_B,NO_CLIENTE,0,ALTO,0.0,1,110,0,0,0,0,57,RENTA,PREPARATORIA,0
2.01408e+16,245,PENDIENTE,CLASICA,PRE-APROBADO,MALO,1.0,,SIN_CUENTA,0.0,0.0,0.0,RECIBO DE NOMINA,MEDIO_A,NO_CLIENTE,0,ALTO,0.0,3,124,0,0,0,0,60,HIPOTECA,PREPARATORIA,0
2.01408e+16,247,PENDIENTE,CLASICA,PRE-APROBADO,MALO,1.0,,SIN_CUENTA,0.0,0.0,0.0,INVERSIONES,MEDIO_B,NO_CLIENTE,0,ALTO,0.0,0,132,0,0,0,0,38,RENTA,PREPARATORIA,0
2.01408e+16,248,PENDIENTE,CLASICA,PRE-APROBADO,MALO,1.0,,0,0.0,0.0,0.0,INVERSIONES,ALTO_B,NO_CLIENTE,198204,ALTO,0.0,0,143,0,31701,1930,0,52,HIPOTECA,POSGRADO,0
2.01408e+16,250,PENDIENTE,CLASICA,PRE-APROBADO,MALO,1.0,,1,0.0,0.0,0.0,INVERSIONES,ALTO_B,NO_CLIENTE,10000,ALTO,0.0,0,120,0,0,0,0,27,HIPOTECA,POSGRADO,0
2.01408e+16,250,PENDIENTE,CLASICA,PRE-APROBADO,MALO,1.0,,SIN_CUENTA,0.0,0.0,0.0,INVERSIONES,ALTO_B,NO_CLIENTE,0,ALTO,0.0,1,120,0,0,0,0,34,HIPOTECA,POSGRADO,0
2.01408e+16,250,PENDIENTE,CLASICA,PRE-APROBADO,MALO,1.0,,SIN_CUENTA,0.0,0.0,0.0,RECIBO DE NOMINA,ALTO_B,NO_CLIENTE,0,ALTO,0.0,0,123,0,0,0,0,33,RENTA,POSGRADO,0
2.01408e+16,250,PENDIENTE,CLASICA,PRE-APROBADO,MALO,1.0,,3,0.0,0.0,0.0,RECIBO DE NOMINA,ALTO_B,NO_CLIENTE,24500,ALTO,0.0,0,176,0,766,310,0,51,HIPOTECA,POSGRADO,0
2.01408e+16,255,PENDIENTE,CLASICA,PRE-APROBADO,MALO,1.0,,SIN_CUENTA,0.0,0.0,0.0,RECIBO DE NOMINA,ALTO_A,NO_CLIENTE,0,ALTO,0.0,2,156,0,0,0,0,25,PROPIA,POSGRADO,0
2.01408e+16,256,PENDIENTE,CLASICA,PRE-APROBADO,MALO,1.0,,SIN_CUENTA,0.0,0.0,0.0,RECIBO DE NOMINA,ALTO_B,NO_CLIENTE,0,ALTO,0.0,0,123,0,0,0,0,54,RENTA,POSGRADO,0
2.01408e+16,256,PENDIENTE,CLASICA,PRE-APROBADO,MALO,1.0,,SIN_CUENTA,0.0,0.0,0.0,INVERSIONES,MEDIO_A,NO_CLIENTE,0,ALTO,0.0,0,142,0,0,0,0,34,PROPIA,LICENCIATURA,0
2.01408e+16,258,PENDIENTE,CLASICA,PRE-APROBADO,MALO,1.0,,SIN_CUENTA,0.0,0.0,0.0,RECIBO DE NOMINA,ALTO_A,NO_CLIENTE,0,ALTO,0.0,0,134,0,0,0,0,26,PROPIA,POSGRADO,0
2.01408e+16,258,PENDIENTE,CLASICA,PRE-APROBADO,MALO,1.0,,SIN_CUENTA,0.0,0.0,0.0,INVERSIONES,MEDIO_A,NO_CLIENTE,0,ALTO,0.0,0,134,0,0,0,0,44,PROPIA,LICENCIATURA,0
2.01408e+16,258,PENDIENTE,CLASICA,PRE-APROBADO,MALO,1.0,,SIN_CUENTA,0.0,0.0,0.0,RECIBO DE NOMINA,ALTO_B,NO_CLIENTE,0,ALTO,0.0,1,176,0,0,0,0,29,HIPOTECA,POSGRADO,0
2.01408e+16,260,PENDIENTE,CLASICA,PRE-APROBADO,MALO,1.0,,SIN_CUENTA,0.0,0.0,0.0,INVERSIONES,MEDIO_A,NO_CLIENTE,0,ALTO,0.0,0,120,0,0,0,0,40,HIPOTECA,LICENCIATURA,0
2.01408e+16,260,PENDIENTE,CLASICA,PRE-APROBADO,MALO,1.0,,SIN_CUENTA,0.0,0.0,0.0,RECIBO DE NOMINA,ALTO_B,NO_CLIENTE,0,ALTO,0.0,1,123,0,0,0,0,40,HIPOTECA,POSGRADO,0
2.01408e+16,261,PENDIENTE,CLASICA,PRE-APROBADO,MALO,1.0,,SIN_CUENTA,0.0,0.0,0.0,INVERSIONES,MEDIO_A,NO_CLIENTE,0,ALTO,0.0,1,111,0,0,0,0,47,PROPIA,LICENCIATURA,0
2.01408e+16,261,PENDIENTE,CLASICA,PRE-APROBADO,MALO,1.0,,SIN_CUENTA,0.0,0.0,0.0,INVERSIONES,MEDIO_A,NO_CLIENTE,0,ALTO,0.0,3,124,0,0,0,0,31,PROPIA,LICENCIATURA,0
2.01408e+16,262,PENDIENTE,CLASICA,PRE-APROBADO,MALO,1.0,,SIN_CUENTA,0.0,0.0,0.0,RECIBO DE NOMINA,MEDIO_A,NO_CLIENTE,0,ALTO,0.0,3,124,0,0,0,0,48,HIPOTECA,PREPARATORIA,0
2.01408e+16,265,PENDIENTE,CLASICA,PRE-APROBADO,MALO,1.0,,SIN_CUENTA,0.0,0.0,0.0,RECIBO DE NOMINA,MEDIO_A,NO_CLIENTE,0,ALTO,0.0,0,135,0,0,0,0,60,HIPOTECA,PREPARATORIA,0
2.01408e+16,267,PENDIENTE,CLASICA,PRE-APROBADO,MALO,1.0,,SIN_CUENTA,0.0,0.0,0.0,RECIBO DE NOMINA,ALTO_B,NO_CLIENTE,0,ALTO,0.0,0,120,0,0,0,0,50,FAMILIARES,POSGRADO,0
2.01408e+16,268,PENDIENTE,CLASICA,PRE-APROBADO,MALO,1.0,,SIN_CUENTA,0.0,0.0,0.0,RECIBO DE NOMINA,MEDIO_B,NO_CLIENTE,0,ALTO,0.0,4,124,0,0,0,0,58,FAMILIARES,LICENCIATURA,0
2.01408e+16,269,PENDIENTE,CLASICA,PRE-APROBADO,MALO,1.0,,SIN_CUENTA,0.0,0.0,0.0,RECIBO DE NOMINA,ALTO_B,NO_CLIENTE,0,ALTO,0.0,0,134,0,0,0,0,25,FAMILIARES,POSGRADO,0
2.01408e+16,270,PENDIENTE,CLASICA,PRE-APROBADO,MALO,1.0,,1,0.0,0.0,0.0,RECIBO DE NOMINA,ALTO_B,NO_CLIENTE,5000,ALTO,0.0,1,110,0,0,0,0,36,RENTA,POSGRADO,0
2.01408e+16,273,PENDIENTE,CLASICA,PRE-APROBADO,MALO,1.0,,SIN_CUENTA,0.0,0.0,0.0,RECIBO DE NOMINA,MEDIO_A,NO_CLIENTE,0,ALTO,0.0,0,123,0,0,0,0,60,HIPOTECA,LICENCIATURA,0
2.01408e+16,273,PENDIENTE,CLASICA,PRE-APROBADO,MALO,1.0,,SIN_CUENTA,0.0,0.0,0.0,RECIBO DE NOMINA,MEDIO_A,NO_CLIENTE,0,ALTO,0.0,0,135,0,0,0,0,42,HIPOTECA,LICENCIATURA,0
2.01408e+16,273,PENDIENTE,CLASICA,PRE-APROBADO,MALO,1.0,,SIN_CUENTA,0.0,0.0,0.0,RECIBO DE NOMINA,MEDIO_B,NO_CLIENTE,0,ALTO,0.0,3,154,0,0,0,0,53,FAMILIARES,LICENCIATURA,0
2.01408e+16,275,PENDIENTE,CLASICA,PRE-APROBADO,MALO,1.0,,SIN_CUENTA,0.0,0.0,0.0,RECIBO DE NOMINA,MEDIO_A,NO_CLIENTE,0,ALTO,0.0,1,134,0,0,0,0,54,PROPIA,LICENCIATURA,0
2.01408e+16,275,PENDIENTE,CLASICA,PRE-APROBADO,MALO,1.0,,SIN_CUENTA,0.0,0.0,0.0,INVERSIONES,MEDIO_A,NO_CLIENTE,0,ALTO,0.0,0,141,0,0,0,0,58,HIPOTECA,PREPARATORIA,0
2.01408e+16,276,PENDIENTE,CLASICA,PRE-APROBADO,MALO,1.0,,3,0.0,0.0,0.0,INVERSIONES,ALTO_A,NO_CLIENTE,7000,ALTO,0.0,1,120,0,2507,250,0,32,PROPIA,POSGRADO,0
2.01408e+16,276,PENDIENTE,CLASICA,PRE-APROBADO,MALO,1.0,,SIN_CUENTA,0.0,0.0,0.0,RECIBO DE NOMINA,MEDIO_B,NO_CLIENTE,0,ALTO,0.0,3,120,0,0,0,0,32,RENTA,PREPARATORIA,0
2.01408e+16,276,PENDIENTE,CLASICA,PRE-APROBADO,MALO,1.0,,SIN_CUENTA,0.0,0.0,0.0,RECIBO DE NOMINA,ALTO_B,NO_CLIENTE,0,ALTO,0.0,0,120,0,0,0,0,28,RENTA,POSGRADO,0
2.01408e+16,276,PENDIENTE,CLASICA,PRE-APROBADO,MALO,1.0,,SIN_CUENTA,0.0,0.0,0.0,INVERSIONES,MEDIO_B,NO_CLIENTE,0,ALTO,0.0,0,135,0,0,0,0,60,FAMILIARES,PREPARATORIA,0
2.01408e+16,277,PENDIENTE,CLASICA,PRE-APROBADO,MALO,1.0,,SIN_CUENTA,0.0,0.0,0.0,INVERSIONES,ALTO_B,NO_CLIENTE,0,ALTO,0.0,0,120,0,0,0,0,38,RENTA,POSGRADO,0
2.01408e+16,282,PENDIENTE,CLASICA,PRE-APROBADO,MALO,1.0,,SIN_CUENTA,0.0,0.0,0.0,RECIBO DE NOMINA,ALTO_B,NO_CLIENTE,0,ALTO,0.0,4,163,0,0,0,0,49,FAMILIARES,POSGRADO,0
2.01408e+16,284,PENDIENTE,CLASICA,PRE-APROBADO,MALO,1.0,,SIN_CUENTA,0.0,0.0,0.0,INVERSIONES,MEDIO_A,NO_CLIENTE,0,ALTO,0.0,0,143,0,0,0,0,40,HIPOTECA,PREPARATORIA,0
2.01408e+16,285,PENDIENTE,CLASICA,PRE-APROBADO,MALO,1.0,,SIN_CUENTA,0.0,0.0,0.0,RECIBO DE NOMINA,MEDIO_B,NO_CLIENTE,0,ALTO,0.0,0,123,0,0,0,0,38,RENTA,PREPARATORIA,0
2.01408e+16,286,PENDIENTE,CLASICA,PRE-APROBADO,MALO,1.0,,SIN_CUENTA,0.0,0.0,0.0,RECIBO DE NOMINA,MEDIO_B,NO_CLIENTE,0,ALTO,0.0,0,142,0,0,0,0,28,FAMILIARES,LICENCIATURA,0
2.01408e+16,287,PENDIENTE,CLASICA,PRE-APROBADO,MALO,1.0,,SIN_CUENTA,0.0,0.0,0.0,RECIBO DE NOMINA,MEDIO_B,NO_CLIENTE,0,ALTO,0.0,0,120,0,0,0,0,52,RENTA,PREPARATORIA,0
2.01408e+16,287,PENDIENTE,CLASICA,PRE-APROBADO,MALO,1.0,,SIN_CUENTA,0.0,0.0,0.0,RECIBO DE NOMINA,ALTO_B,NO_CLIENTE,0,ALTO,0.0,0,134,0,0,0,0,32,HIPOTECA,POSGRADO,0
2.01408e+16,289,PENDIENTE,CLASICA,PRE-APROBADO,MALO,1.0,,SIN_CUENTA,0.0,0.0,0.0,RECIBO DE NOMINA,MEDIO_A,NO_CLIENTE,0,ALTO,0.0,2,120,0,0,0,0,46,PROPIA,LICENCIATURA,0
2.01408e+16,289,PENDIENTE,CLASICA,PRE-APROBADO,MALO,1.0,,SIN_CUENTA,0.0,0.0,0.0,RECIBO DE NOMINA,MEDIO_B,NO_CLIENTE,0,ALTO,0.0,0,120,0,0,0,0,36,RENTA,LICENCIATURA,0
2.01408e+16,289,PENDIENTE,CLASICA,PRE-APROBADO,MALO,1.0,,SIN_CUENTA,0.0,0.0,0.0,RECIBO DE NOMINA,MEDIO_B,NO_CLIENTE,0,ALTO,0.0,3,124,0,0,0,0,47,RENTA,PREPARATORIA,0
2.01408e+16,291,PENDIENTE,CLASICA,PRE-APROBADO,MALO,1.0,,SIN_CUENTA,0.0,0.0,0.0,RECIBO DE NOMINA,ALTO_B,NO_CLIENTE,0,ALTO,0.0,0,120,0,0,0,0,57,FAMILIARES,POSGRADO,0
2.01408e+16,292,PENDIENTE,CLASICA,PRE-APROBADO,MALO,1.0,,SIN_CUENTA,0.0,0.0,0.0,RECIBO DE NOMINA,ALTO_A,NO_CLIENTE,0,ALTO,0.0,2,124,0,0,0,0,25,PROPIA,POSGRADO,0
2.01408e+16,293,PENDIENTE,CLASICA,PRE-APROBADO,MALO,1.0,,SIN_CUENTA,0.0,0.0,0.0,RECIBO DE NOMINA,MEDIO_A,NO_CLIENTE,0,ALTO,0.0,0,132,0,0,0,0,38,HIPOTECA,PREPARATORIA,0
2.01408e+16,293,PENDIENTE,CLASICA,PRE-APROBADO,MALO,1.0,,SIN_CUENTA,0.0,0.0,0.0,RECIBO DE NOMINA,MEDIO_A,NO_CLIENTE,0,ALTO,0.0,0,142,0,0,0,0,49,PROPIA,LICENCIATURA,0
2.01408e+16,294,PENDIENTE,CLASICA,PRE-APROBADO,MALO,1.0,,SIN_CUENTA,0.0,0.0,0.0,RECIBO DE NOMINA,MEDIO_A,NO_CLIENTE,0,ALTO,0.0,0,143,0,0,0,0,41,PROPIA,LICENCIATURA,0
2.01408e+16,295,PENDIENTE,CLASICA,PRE-APROBADO,MALO,1.0,,1,0.0,0.0,0.0,RECIBO DE NOMINA,MEDIO_B,NO_CLIENTE,47000,ALTO,0.0,2,123,0,37877,1880,0,48,FAMILIARES,PREPARATORIA,0
2.01408e+16,295,PENDIENTE,CLASICA,PRE-APROBADO,MALO,1.0,,SIN_CUENTA,0.0,0.0,0.0,RECIBO DE NOMINA,MEDIO_B,NO_CLIENTE,0,ALTO,0.0,3,145,0,0,0,0,39,FAMILIARES,PREPARATORIA,0
2.01408e+16,297,PENDIENTE,CLASICA,PRE-APROBADO,MALO,1.0,,SIN_CUENTA,0.0,0.0,0.0,INVERSIONES,ALTO_B,NO_CLIENTE,0,ALTO,0.0,1,120,0,0,0,0,50,FAMILIARES,POSGRADO,0
2.01408e+16,114,EN_PROCESO,PENDIENTE,RECHAZADO,MALO,0.0,,SIN_CUENTA,0.0,0.0,0.0,INVERSIONES,MEDIO_A,NO_CLIENTE,0,ALTO,0.0,3,99,0,0,0,0,59,PROPIA,LICENCIATURA,0
2.01407e+16,118,EN_PROCESO,PENDIENTE,RECHAZADO,MALO,0.0,,SIN_CUENTA,0.0,0.0,0.0,INVERSIONES,MEDIO_B,NO_CLIENTE,0,ALTO,0.0,4,93,0,0,0,0,33,HIPOTECA,LICENCIATURA,0
2.01407e+16,126,EN_PROCESO,PENDIENTE,RECHAZADO,MALO,0.0,,0,0.0,0.0,0.0,RECIBO DE NOMINA,MEDIO_A,NO_CLIENTE,0,ALTO,0.0,2,98,0,306,0,0,58,PROPIA,LICENCIATURA,0
2.01407e+16,128,EN_PROCESO,PENDIENTE,RECHAZADO,MALO,0.0,,SIN_CUENTA,0.0,0.0,0.0,RECIBO DE NOMINA,BAJO_B,NO_CLIENTE,0,ALTO,0.0,5,96,0,0,0,0,29,PROPIA,POSGRADO,0
2.01408e+16,128,EN_PROCESO,PENDIENTE,RECHAZADO,MALO,0.0,,SIN_CUENTA,0.0,0.0,0.0,RECIBO DE NOMINA,ALTO_B,NO_CLIENTE,0,ALTO,0.0,0,101,0,0,0,0,29,FAMILIARES,POSGRADO,0
2.01407e+16,133,EN_PROCESO,PENDIENTE,RECHAZADO,MALO,0.0,,SIN_CUENTA,0.0,0.0,0.0,INVERSIONES,MEDIO_A,NO_CLIENTE,0,ALTO,0.0,4,89,0,0,0,0,57,HIPOTECA,PREPARATORIA,0
2.01408e+16,151,EN_PROCESO,PENDIENTE,RECHAZADO,MALO,0.0,,SIN_CUENTA,0.0,0.0,0.0,RECIBO DE NOMINA,MEDIO_B,NO_CLIENTE,0,ALTO,0.0,5,97,0,0,0,0,39,FAMILIARES,PREPARATORIA,0
2.01408e+16,159,EN_PROCESO,PENDIENTE,RECHAZADO,MALO,0.0,,SIN_CUENTA,0.0,0.0,0.0,INVERSIONES,MEDIO_A,NO_CLIENTE,0,ALTO,0.0,4,94,0,0,0,0,26,HIPOTECA,LICENCIATURA,0
2.01407e+16,160,EN_PROCESO,PENDIENTE,RECHAZADO,MALO,0.0,,SIN_CUENTA,0.0,0.0,0.0,INVERSIONES,MEDIO_B,NO_CLIENTE,0,ALTO,0.0,0,101,0,0,0,0,53,RENTA,PREPARATORIA,0
2.01407e+16,165,CANCELADA,PENDIENTE,RECHAZADO,MALO,0.0,,SIN_CUENTA,0.0,0.0,0.0,RECIBO DE NOMINA,ALTO_B,NO_CLIENTE,0,ALTO,0.0,3,99,0,0,0,0,44,RENTA,POSGRADO,0
2.01408e+16,179,EN_PROCESO,PENDIENTE,RECHAZADO,MALO,0.0,,SIN_CUENTA,0.0,0.0,0.0,INVERSIONES,MEDIO_A,NO_CLIENTE,0,ALTO,0.0,3,99,0,0,0,0,49,HIPOTECA,PREPARATORIA,0
2.01407e+16,183,CANCELADA,PENDIENTE,RECHAZADO,MALO,0.0,,SIN_CUENTA,0.0,0.0,0.0,SIN COMPROBANTE,ALTO_B,NO_CLIENTE,0,ALTO,0.0,4,91,0,0,0,0,53,FAMILIARES,POSGRADO,0
2.01408e+16,185,EN_PROCESO,PENDIENTE,RECHAZADO,MALO,0.0,,2,0.0,0.0,0.0,INVERSIONES,MEDIO_A,NO_CLIENTE,7000,ALTO,0.0,4,96,0,0,0,0,30,FAMILIARES,POSGRADO,0
2.01407e+16,186,EN_PROCESO,PENDIENTE,RECHAZADO,MALO,0.0,,SIN_CUENTA,0.0,0.0,0.0,RECIBO DE NOMINA,BAJO_B,NO_CLIENTE,0,ALTO,0.0,3,95,0,0,0,0,45,HIPOTECA,LICENCIATURA,0
2.01407e+16,189,CANCELADA,PENDIENTE,RECHAZADO,MALO,0.0,,SIN_CUENTA,0.0,0.0,0.0,RECIBO DE NOMINA,ALTO_B,NO_CLIENTE,0,ALTO,0.0,2,93,0,0,0,0,57,FAMILIARES,POSGRADO,0
2.01407e+16,196,CANCELADA,PENDIENTE,RECHAZADO,MALO,0.0,,SIN_CUENTA,0.0,0.0,0.0,SIN COMPROBANTE,MEDIO_B,NO_CLIENTE,0,ALTO,0.0,3,94,0,0,0,0,29,RENTA,LICENCIATURA,0
2.01407e+16,198,CANCELADA,PENDIENTE,RECHAZADO,MALO,0.0,,SIN_CUENTA,0.0,0.0,0.0,SIN COMPROBANTE,ALTO_B,NO_CLIENTE,0,ALTO,0.0,3,99,0,0,0,0,53,HIPOTECA,POSGRADO,0
2.01408e+16,198,EN_PROCESO,PENDIENTE,RECHAZADO,MALO,0.0,,SIN_CUENTA,0.0,0.0,0.0,INVERSIONES,BAJO_B,NO_CLIENTE,0,ALTO,0.0,3,100,0,0,0,0,36,RENTA,PREPARATORIA,0
2.01408e+16,199,EN_PROCESO,PENDIENTE,RECHAZADO,MALO,0.0,,SIN_CUENTA,0.0,0.0,0.0,RECIBO DE NOMINA,BAJO_B,NO_CLIENTE,0,ALTO,0.0,5,97,0,0,0,0,57,HIPOTECA,PREPARATORIA,0
2.01407e+16,199,CANCELADA,PENDIENTE,RECHAZADO,MALO,0.0,,SIN_CUENTA,0.0,0.0,0.0,INVERSIONES,ALTO_A,NO_CLIENTE,0,ALTO,0.0,2,100,0,0,0,0,37,PROPIA,POSGRADO,0
2.01406e+16,100,RECHAZADA,PENDIENTE,RECHAZADO,MALO,0.0,,SIN_CUENTA,0.0,0.0,0.0,RECIBO DE NOMINA,ALTO_A,NO_CLIENTE,0,ALTO,0.0,2,93,0,0,0,0,34,PROPIA,POSGRADO,0
2.01408e+16,100,RECHAZADA,PENDIENTE,RECHAZADO,MALO,0.0,,SIN_CUENTA,0.0,0.0,0.0,RECIBO DE NOMINA,ALTO_B,NO_CLIENTE,0,ALTO,0.0,4,96,0,0,0,0,25,FAMILIARES,POSGRADO,0
2.01408e+16,100,RECHAZADA,PENDIENTE,RECHAZADO,MALO,0.0,,1,0.0,0.0,0.0,INVERSIONES,ALTO_A,NO_CLIENTE,29300,ALTO,0.0,2,98,0,6197,380,0,48,PROPIA,POSGRADO,0
2.01408e+16,100,RECHAZADA,PENDIENTE,RECHAZADO,MALO,0.0,,SIN_CUENTA,0.0,0.0,0.0,RECIBO DE NOMINA,MEDIO_A,NO_CLIENTE,0,ALTO,0.0,2,99,0,0,0,0,36,PROPIA,LICENCIATURA,0
2.01406e+16,100,RECHAZADA,PENDIENTE,RECHAZADO,MALO,0.0,,SIN_CUENTA,0.0,0.0,5091.0,RECIBO DE NOMINA,ALTO_B,CLIENTE_BANCO,0,ALTO,0.0,3,99,0,0,0,0,38,RENTA,LICENCIATURA,0
2.01407e+16,101,RECHAZADA,PENDIENTE,RECHAZADO,MALO,0.0,,1,0.0,0.0,0.0,INVERSIONES,MEDIO_B,NO_CLIENTE,360500,ALTO,0.0,2,90,0,39106,1350,0,57,RENTA,PREPARATORIA,0
2.01406e+16,101,RECHAZADA,PENDIENTE,RECHAZADO,MALO,0.0,,0,0.0,0.0,6250.0,INVERSIONES,MEDIO_A,CLIENTE_BANCO,5004,ALTO,0.0,5,94,0,4366,0,0,35,FAMILIARES,POSGRADO,0
2.01408e+16,101,RECHAZADA,PENDIENTE,RECHAZADO,MALO,0.0,,SIN_CUENTA,0.0,0.0,0.0,INVERSIONES,MEDIO_B,NO_CLIENTE,0,ALTO,0.0,4,95,0,0,0,0,32,RENTA,LICENCIATURA,0
2.01408e+16,101,RECHAZADA,PENDIENTE,RECHAZADO,MALO,0.0,,SIN_CUENTA,0.0,0.0,0.0,RECIBO DE NOMINA,ALTO_B,NO_CLIENTE,0,ALTO,0.0,4,96,0,0,0,0,53,HIPOTECA,POSGRADO,0
2.01408e+16,101,RECHAZADA,PENDIENTE,RECHAZADO,MALO,0.0,,SIN_CUENTA,0.0,0.0,0.0,RECIBO DE NOMINA,MEDIO_B,NO_CLIENTE,0,ALTO,0.0,1,97,0,0,0,0,43,RENTA,PREPARATORIA,0
2.01407e+16,101,CANCELADA,PENDIENTE,RECHAZADO,MALO,0.0,,2,0.0,0.0,0.0,INVERSIONES,MEDIO_A,NO_CLIENTE,29999,ALTO,0.0,3,100,0,29441,3390,0,48,HIPOTECA,LICENCIATURA,0
2.01408e+16,101,RECHAZADA,PENDIENTE,RECHAZADO,MALO,0.0,,1,0.0,0.0,0.0,INVERSIONES,ALTO_A,NO_CLIENTE,10501,ALTO,0.0,2,100,0,9031,610,0,48,PROPIA,POSGRADO,0
2.01407e+16,101,RECHAZADA,PENDIENTE,RECHAZADO,MALO,0.0,,0,0.0,0.0,0.0,INVERSIONES,MEDIO_A,NO_CLIENTE,0,ALTO,0.0,1,101,0,32585,0,0,53,HIPOTECA,LICENCIATURA,0
2.01408e+16,101,RECHAZADA,PENDIENTE,RECHAZADO,MALO,0.0,,SIN_CUENTA,0.0,0.0,0.0,RECIBO DE NOMINA,MEDIO_A,NO_CLIENTE,0,ALTO,0.0,4,101,0,0,0,0,39,HIPOTECA,PREPARATORIA,0
2.01407e+16,102,RECHAZADA,PENDIENTE,RECHAZADO,MALO,0.0,,0,0.0,0.0,0.0,RECIBO DE NOMINA,ALTO_B,NO_CLIENTE,0,ALTO,0.0,5,89,0,7882,0,0,39,FAMILIARES,POSGRADO,0
2.01408e+16,102,RECHAZADA,PENDIENTE,RECHAZADO,MALO,0.0,,0,0.0,0.0,0.0,RECIBO DE NOMINA,MEDIO_B,NO_CLIENTE,10000,ALTO,0.0,3,90,0,5346,460,0,31,RENTA,LICENCIATURA,0
2.01407e+16,102,RECHAZADA,PENDIENTE,RECHAZADO,MALO,0.0,,SIN_CUENTA,0.0,0.0,0.0,RECIBO DE NOMINA,MEDIO_B,NO_CLIENTE,0,ALTO,0.0,1,94,0,0,0,0,49,FAMILIARES,LICENCIATURA,0
2.01408e+16,102,RECHAZADA,PENDIENTE,RECHAZADO,MALO,0.0,,SIN_CUENTA,0.0,0.0,0.0,RECIBO DE NOMINA,ALTO_B,NO_CLIENTE,0,ALTO,0.0,3,94,0,0,0,0,38,HIPOTECA,POSGRADO,0
2.01407e+16,102,RECHAZADA,PENDIENTE,RECHAZADO,MALO,0.0,,SIN_CUENTA,0.0,0.0,0.0,RECIBO DE NOMINA,MEDIO_A,NO_CLIENTE,0,ALTO,0.0,3,97,0,0,0,0,27,HIPOTECA,PREPARATORIA,0
2.01408e+16,102,RECHAZADA,PENDIENTE,RECHAZADO,MALO,0.0,,SIN_CUENTA,0.0,0.0,0.0,RECIBO DE NOMINA,MEDIO_A,NO_CLIENTE,0,ALTO,0.0,4,99,0,0,0,0,57,HIPOTECA,PREPARATORIA,0
2.01407e+16,103,RECHAZADA,PENDIENTE,RECHAZADO,MALO,0.0,,1,0.0,0.0,0.0,INVERSIONES,MEDIO_B,NO_CLIENTE,0,ALTO,0.0,5,89,0,1613,500,0,55,RENTA,PREPARATORIA,0
2.01408e+16,103,RECHAZADA,PENDIENTE,RECHAZADO,MALO,0.0,,SIN_CUENTA,0.0,0.0,0.0,RECIBO DE NOMINA,MEDIO_B,NO_CLIENTE,0,ALTO,0.0,1,91,0,0,0,0,52,RENTA,PREPARATORIA,0
2.01408e+16,103,RECHAZADA,PENDIENTE,RECHAZADO,MALO,0.0,,SIN_CUENTA,0.0,0.0,0.0,RECIBO DE NOMINA,ALTO_A,NO_CLIENTE,0,ALTO,0.0,5,92,0,0,0,0,56,PROPIA,POSGRADO,0
2.01408e+16,103,RECHAZADA,PENDIENTE,RECHAZADO,MALO,0.0,,SIN_CUENTA,0.0,0.0,0.0,RECIBO DE NOMINA,ALTO_B,NO_CLIENTE,0,ALTO,0.0,2,92,0,0,0,0,35,RENTA,POSGRADO,0
2.01408e+16,103,RECHAZADA,PENDIENTE,RECHAZADO,MALO,0.0,,1,0.0,0.0,0.0,RECIBO DE NOMINA,ALTO_A,NO_CLIENTE,18800,ALTO,0.0,2,93,0,0,0,0,25,PROPIA,POSGRADO,0
2.01408e+16,103,RECHAZADA,PENDIENTE,RECHAZADO,MALO,0.0,,SIN_CUENTA,0.0,0.0,0.0,RECIBO DE NOMINA,MEDIO_B,NO_CLIENTE,0,ALTO,0.0,2,98,0,0,0,0,50,FAMILIARES,LICENCIATURA,0
2.01408e+16,103,RECHAZADA,PENDIENTE,RECHAZADO,MALO,0.0,,0,0.0,0.0,0.0,RECIBO DE NOMINA,ALTO_B,NO_CLIENTE,50000,ALTO,0.0,1,99,0,0,0,0,30,FAMILIARES,POSGRADO,0
2.01408e+16,103,RECHAZADA,PENDIENTE,RECHAZADO,MALO,0.0,,SIN_CUENTA,0.0,0.0,0.0,RECIBO DE NOMINA,ALTO_B,NO_CLIENTE,0,ALTO,0.0,4,100,0,0,0,0,34,HIPOTECA,POSGRADO,0
2.01407e+16,104,RECHAZADA,PENDIENTE,RECHAZADO,MALO,0.0,,SIN_CUENTA,0.0,0.0,0.0,RECIBO DE NOMINA,ALTO_B,NO_CLIENTE,0,ALTO,0.0,3,90,0,0,0,0,47,HIPOTECA,POSGRADO,0
2.01408e+16,104,RECHAZADA,PENDIENTE,RECHAZADO,MALO,0.0,,SIN_CUENTA,0.0,0.0,0.0,DECLARACION ANUAL,ALTO_B,NO_CLIENTE,0,ALTO,0.0,3,90,0,0,0,0,45,RENTA,POSGRADO,0
2.01407e+16,104,RECHAZADA,PENDIENTE,RECHAZADO,MALO,0.0,,SIN_CUENTA,0.0,0.0,0.0,RECIBO DE NOMINA,MEDIO_B,NO_CLIENTE,0,ALTO,0.0,3,92,0,0,0,0,40,FAMILIARES,PREPARATORIA,0
2.01407e+16,104,RECHAZADA,PENDIENTE,RECHAZADO,MALO,0.0,,SIN_CUENTA,0.0,0.0,0.0,INVERSIONES,MEDIO_A,NO_CLIENTE,0,ALTO,0.0,3,93,0,0,0,0,32,HIPOTECA,PREPARATORIA,0
2.01407e+16,104,RECHAZADA,PENDIENTE,RECHAZADO,MALO,0.0,,SIN_CUENTA,0.0,0.0,0.0,DECLARACION ANUAL,MEDIO_A,NO_CLIENTE,0,ALTO,0.0,5,93,0,0,0,0,44,HIPOTECA,PREPARATORIA,0
2.01408e+16,104,RECHAZADA,PENDIENTE,RECHAZADO,MALO,0.0,,3,0.0,0.0,0.0,RECIBO DE NOMINA,MEDIO_B,NO_CLIENTE,5800,ALTO,0.0,2,97,0,4398,0,0,26,FAMILIARES,PREPARATORIA,0
2.01408e+16,104,RECHAZADA,PENDIENTE,RECHAZADO,MALO,0.0,,SIN_CUENTA,0.0,0.0,0.0,RECIBO DE NOMINA,MEDIO_B,NO_CLIENTE,0,ALTO,0.0,2,97,0,0,0,0,45,RENTA,PREPARATORIA,0
2.01408e+16,104,RECHAZADA,PENDIENTE,RECHAZADO,MALO,0.0,,SIN_CUENTA,0.0,0.0,0.0,RECIBO DE NOMINA,MEDIO_A,NO_CLIENTE,0,ALTO,0.0,2,101,0,0,0,0,41,HIPOTECA,PREPARATORIA,0
2.01408e+16,105,RECHAZADA,PENDIENTE,RECHAZADO,MALO,0.0,,SIN_CUENTA,0.0,0.0,0.0,INVERSIONES,ALTO_B,NO_CLIENTE,0,ALTO,0.0,5,89,0,0,0,0,26,RENTA,POSGRADO,0
2.01407e+16,105,RECHAZADA,PENDIENTE,RECHAZADO,MALO,0.0,,0,0.0,0.0,0.0,INVERSIONES,ALTO_B,NO_CLIENTE,0,ALTO,0.0,5,90,0,3128,320,0,59,HIPOTECA,POSGRADO,0
2.01408e+16,105,RECHAZADA,PENDIENTE,RECHAZADO,MALO,0.0,,0,0.0,0.0,0.0,RECIBO DE NOMINA,MEDIO_B,NO_CLIENTE,7900,ALTO,0.0,3,94,0,2477,250,0,57,RENTA,LICENCIATURA,0
2.01407e+16,105,RECHAZADA,PENDIENTE,RECHAZADO,MALO,0.0,,SIN_CUENTA,0.0,0.0,0.0,RECIBO DE NOMINA,MEDIO_A,NO_CLIENTE,0,ALTO,0.0,4,95,0,0,0,0,42,HIPOTECA,PREPARATORIA,0
2.01407e+16,105,RECHAZADA,PENDIENTE,RECHAZADO,MALO,0.0,,SIN_CUENTA,0.0,0.0,0.0,RECIBO DE NOMINA,MEDIO_B,NO_CLIENTE,0,ALTO,0.0,3,97,0,0,0,0,31,FAMILIARES,PREPARATORIA,0
2.01408e+16,105,RECHAZADA,PENDIENTE,RECHAZADO,MALO,0.0,,SIN_CUENTA,0.0,0.0,0.0,RECIBO DE NOMINA,MEDIO_B,NO_CLIENTE,0,ALTO,0.0,2,97,0,0,0,0,59,RENTA,PREPARATORIA,0
2.01408e+16,105,RECHAZADA,PENDIENTE,RECHAZADO,MALO,0.0,,0,0.0,0.0,0.0,INVERSIONES,ALTO_A,NO_CLIENTE,11000,ALTO,0.0,5,99,0,4212,500,0,43,PROPIA,POSGRADO,0
2.01408e+16,105,RECHAZADA,PENDIENTE,RECHAZADO,MALO,0.0,,SIN_CUENTA,0.0,0.0,0.0,RECIBO DE NOMINA,MEDIO_A,NO_CLIENTE,0,ALTO,0.0,1,101,0,0,0,0,30,PROPIA,LICENCIATURA,0
2.01312e+16,106,CANCELADA,PENDIENTE,RECHAZADO,MALO,0.0,,SIN_CUENTA,0.0,0.0,0.0,RECIBO DE NOMINA,MEDIO_B,NO_CLIENTE,0,ALTO,0.0,5,90,0,0,0,0,49,RENTA,LICENCIATURA,0
2.01407e+16,106,RECHAZADA,PENDIENTE,RECHAZADO,MALO,0.0,,SIN_CUENTA,0.0,0.0,0.0,RECIBO DE NOMINA,ALTO_A,NO_CLIENTE,0,ALTO,0.0,2,92,0,0,0,0,54,PROPIA,POSGRADO,0
2.01408e+16,106,RECHAZADA,PENDIENTE,RECHAZADO,MALO,0.0,,SIN_CUENTA,0.0,0.0,0.0,INVERSIONES,ALTO_B,NO_CLIENTE,0,ALTO,0.0,3,93,0,0,0,0,38,HIPOTECA,POSGRADO,0
2.01407e+16,106,RECHAZADA,PENDIENTE,RECHAZADO,MALO,0.0,,SIN_CUENTA,0.0,0.0,0.0,INVERSIONES,MEDIO_B,NO_CLIENTE,0,ALTO,0.0,5,94,0,0,0,0,30,RENTA,LICENCIATURA,0
2.01408e+16,106,RECHAZADA,PENDIENTE,RECHAZADO,MALO,0.0,,0,0.0,0.0,0.0,INVERSIONES,ALTO_A,NO_CLIENTE,37000,ALTO,0.0,3,96,0,14571,0,0,26,PROPIA,POSGRADO,0
2.01408e+16,106,RECHAZADA,PENDIENTE,RECHAZADO,MALO,0.0,,1,0.0,0.0,0.0,RECIBO DE NOMINA,MEDIO_B,NO_CLIENTE,17500,ALTO,0.0,4,97,0,14376,0,0,40,RENTA,LICENCIATURA,0
2.01408e+16,106,RECHAZADA,PENDIENTE,RECHAZADO,MALO,0.0,,SIN_CUENTA,0.0,0.0,0.0,RECIBO DE NOMINA,ALTO_B,NO_CLIENTE,0,ALTO,0.0,2,98,0,0,0,0,52,HIPOTECA,POSGRADO,0
2.01407e+16,107,RECHAZADA,PENDIENTE,RECHAZADO,MALO,0.0,,SIN_CUENTA,0.0,0.0,0.0,RECIBO DE NOMINA,MEDIO_B,NO_CLIENTE,0,ALTO,0.0,5,89,0,0,0,0,25,FAMILIARES,PREPARATORIA,0
2.01407e+16,107,RECHAZADA,PENDIENTE,RECHAZADO,MALO,0.0,,0,0.0,0.0,0.0,INVERSIONES,MEDIO_B,NO_CLIENTE,0,ALTO,0.0,5,89,0,19976,840,0,40,RENTA,LICENCIATURA,0
2.01408e+16,107,RECHAZADA,PENDIENTE,RECHAZADO,MALO,0.0,,SIN_CUENTA,0.0,0.0,0.0,INVERSIONES,MEDIO_A,NO_CLIENTE,0,ALTO,0.0,3,90,0,0,0,0,42,HIPOTECA,LICENCIATURA,0
2.01408e+16,107,RECHAZADA,PENDIENTE,RECHAZADO,MALO,0.0,,SIN_CUENTA,0.0,0.0,0.0,INVERSIONES,MEDIO_A,NO_CLIENTE,0,ALTO,0.0,4,91,0,0,0,0,60,HIPOTECA,PREPARATORIA,0
2.01408e+16,107,RECHAZADA,PENDIENTE,RECHAZADO,MALO,0.0,,SIN_CUENTA,0.0,0.0,0.0,INVERSIONES,ALTO_B,NO_CLIENTE,0,ALTO,0.0,4,92,0,0,0,0,50,RENTA,POSGRADO,0
2.01408e+16,107,RECHAZADA,PENDIENTE,RECHAZADO,MALO,0.0,,SIN_CUENTA,0.0,0.0,0.0,RECIBO DE NOMINA,MEDIO_A,NO_CLIENTE,0,ALTO,0.0,2,94,0,0,0,0,58,HIPOTECA,PREPARATORIA,0
2.01407e+16,107,RECHAZADA,PENDIENTE,RECHAZADO,MALO,0.0,,SIN_CUENTA,0.0,0.0,0.0,RECIBO DE NOMINA,ALTO_B,NO_CLIENTE,0,ALTO,0.0,3,95,0,0,0,0,44,FAMILIARES,POSGRADO,0
2.01407e+16,108,RECHAZADA,PENDIENTE,RECHAZADO,MALO,0.0,,SIN_CUENTA,0.0,0.0,0.0,RECIBO DE NOMINA,ALTO_B,NO_CLIENTE,0,ALTO,0.0,2,91,0,0,0,0,28,HIPOTECA,POSGRADO,0
2.01408e+16,108,RECHAZADA,PENDIENTE,RECHAZADO,MALO,0.0,,SIN_CUENTA,0.0,0.0,0.0,INVERSIONES,ALTO_B,NO_CLIENTE,0,ALTO,0.0,5,96,0,0,0,0,56,HIPOTECA,POSGRADO,0
2.01408e+16,108,RECHAZADA,PENDIENTE,RECHAZADO,MALO,0.0,,SIN_CUENTA,0.0,0.0,0.0,RECIBO DE NOMINA,MEDIO_A,NO_CLIENTE,0,ALTO,0.0,4,96,0,0,0,0,29,HIPOTECA,PREPARATORIA,0
2.01408e+16,108,RECHAZADA,PENDIENTE,RECHAZADO,MALO,0.0,,SIN_CUENTA,0.0,0.0,0.0,RECIBO DE NOMINA,MEDIO_B,NO_CLIENTE,0,ALTO,0.0,4,97,0,0,0,0,59,FAMILIARES,LICENCIATURA,0
2.01408e+16,108,RECHAZADA,PENDIENTE,RECHAZADO,MALO,0.0,,SIN_CUENTA,0.0,0.0,0.0,RECIBO DE NOMINA,ALTO_B,NO_CLIENTE,0,ALTO,0.0,2,98,0,0,0,0,44,HIPOTECA,POSGRADO,0
2.01407e+16,109,RECHAZADA,PENDIENTE,RECHAZADO,MALO,0.0,,SIN_CUENTA,0.0,0.0,0.0,RECIBO DE NOMINA,ALTO_B,NO_CLIENTE,0,ALTO,0.0,5,91,0,0,0,0,44,RENTA,POSGRADO,0
2.01407e+16,109,CANCELADA,PENDIENTE,RECHAZADO,MALO,0.0,,SIN_CUENTA,0.0,0.0,0.0,SIN COMPROBANTE,MEDIO_A,NO_CLIENTE,0,ALTO,0.0,3,92,0,0,0,0,48,HIPOTECA,PREPARATORIA,0
2.01408e+16,109,RECHAZADA,PENDIENTE,RECHAZADO,MALO,0.0,,1,0.0,0.0,0.0,INVERSIONES,MEDIO_A,NO_CLIENTE,100,ALTO,0.0,5,96,0,0,0,0,27,HIPOTECA,PREPARATORIA,0
2.01407e+16,109,RECHAZADA,PENDIENTE,RECHAZADO,MALO,0.0,,0,0.0,0.0,0.0,INVERSIONES,ALTO_B,NO_CLIENTE,0,ALTO,0.0,4,97,0,4512,410,0,31,FAMILIARES,POSGRADO,0
2.01406e+16,109,RECHAZADA,PENDIENTE,RECHAZADO,MALO,0.0,,SIN_CUENTA,0.0,0.0,0.0,INVERSIONES,BAJO_B,NO_CLIENTE,0,ALTO,0.0,5,98,0,0,0,0,32,RENTA,SECUNDARIA,0
2.01407e+16,109,CANCELADA,PENDIENTE,RECHAZADO,MALO,0.0,,SIN_CUENTA,0.0,0.0,0.0,RECIBO DE NOMINA,MEDIO_A,NO_CLIENTE,0,ALTO,0.0,3,99,0,0,0,0,52,HIPOTECA,LICENCIATURA,0
2.01408e+16,109,RECHAZADA,PENDIENTE,RECHAZADO,MALO,0.0,,1,0.0,0.0,0.0,INVERSIONES,BAJO_B,NO_CLIENTE,7200,ALTO,0.0,3,99,0,6809,370,0,28,FAMILIARES,SECUNDARIA,0
2.01406e+16,109,RECHAZADA,PENDIENTE,RECHAZADO,MALO,0.0,,SIN_CUENTA,0.0,0.0,0.0,RECIBO DE NOMINA,MEDIO_A,NO_CLIENTE,0,ALTO,0.0,2,99,0,0,0,0,57,HIPOTECA,LICENCIATURA,0
2.01407e+16,109,RECHAZADA,PENDIENTE,RECHAZADO,MALO,0.0,,SIN_CUENTA,0.0,0.0,0.0,SIN COMPROBANTE,ALTO_B,NO_CLIENTE,0,ALTO,0.0,4,100,0,0,0,0,30,FAMILIARES,POSGRADO,0
2.01407e+16,110,EN_PROCESO,PENDIENTE,RECHAZADO,MALO,0.0,,SIN_CUENTA,0.0,0.0,0.0,INVERSIONES,MEDIO_A,NO_CLIENTE,0,ALTO,0.0,5,89,0,0,0,0,41,PROPIA,LICENCIATURA,0
2.01408e+16,110,RECHAZADA,PENDIENTE,RECHAZADO,MALO,0.0,,SIN_CUENTA,0.0,0.0,0.0,RECIBO DE NOMINA,MEDIO_B,NO_CLIENTE,0,ALTO,0.0,5,90,0,0,0,0,60,FAMILIARES,PREPARATORIA,0
2.01408e+16,110,RECHAZADA,PENDIENTE,RECHAZADO,MALO,0.0,,SIN_CUENTA,0.0,0.0,0.0,RECIBO DE NOMINA,MEDIO_B,NO_CLIENTE,0,ALTO,0.0,3,91,0,0,0,0,31,FAMILIARES,PREPARATORIA,0
2.01407e+16,110,RECHAZADA,PENDIENTE,RECHAZADO,MALO,0.0,,SIN_CUENTA,0.0,0.0,0.0,RECIBO DE NOMINA,MEDIO_B,NO_CLIENTE,0,ALTO,0.0,4,94,0,0,0,0,46,RENTA,PREPARATORIA,0
2.01407e+16,110,RECHAZADA,PENDIENTE,RECHAZADO,MALO,0.0,,SIN_CUENTA,0.0,0.0,0.0,INVERSIONES,ALTO_B,NO_CLIENTE,0,ALTO,0.0,1,96,0,0,0,0,40,FAMILIARES,POSGRADO,0
2.01408e+16,110,RECHAZADA,PENDIENTE,RECHAZADO,MALO,0.0,,0,0.0,0.0,0.0,INVERSIONES,MEDIO_B,NO_CLIENTE,10000,ALTO,0.0,5,96,0,0,0,0,25,FAMILIARES,PREPARATORIA,0
2.01407e+16,110,RECHAZADA,PENDIENTE,RECHAZADO,MALO,0.0,,SIN_CUENTA,0.0,0.0,0.0,INVERSIONES,ALTO_A,NO_CLIENTE,0,ALTO,0.0,2,97,0,0,0,0,32,PROPIA,POSGRADO,0
2.01407e+16,110,RECHAZADA,PENDIENTE,RECHAZADO,MALO,0.0,,SIN_CUENTA,0.0,0.0,0.0,RECIBO DE NOMINA,MEDIO_A,NO_CLIENTE,0,ALTO,0.0,5,98,0,0,0,0,34,HIPOTECA,PREPARATORIA,0
2.01408e+16,110,RECHAZADA,PENDIENTE,RECHAZADO,MALO,0.0,,SIN_CUENTA,0.0,0.0,0.0,RECIBO DE NOMINA,MEDIO_A,NO_CLIENTE,0,ALTO,0.0,3,99,0,0,0,0,39,HIPOTECA,LICENCIATURA,0
2.01407e+16,110,RECHAZADA,PENDIENTE,RECHAZADO,MALO,0.0,,SIN_CUENTA,0.0,0.0,0.0,RECIBO DE NOMINA,ALTO_B,NO_CLIENTE,0,ALTO,0.0,1,100,0,0,0,0,57,RENTA,POSGRADO,0
2.01408e+16,110,RECHAZADA,PENDIENTE,RECHAZADO,MALO,0.0,,SIN_CUENTA,0.0,0.0,0.0,RECIBO DE NOMINA,MEDIO_B,NO_CLIENTE,0,ALTO,0.0,0,100,0,0,0,0,40,RENTA,PREPARATORIA,0
2.01408e+16,111,RECHAZADA,PENDIENTE,RECHAZADO,MALO,0.0,,SIN_CUENTA,0.0,0.0,0.0,RECIBO DE NOMINA,ALTO_B,NO_CLIENTE,0,ALTO,0.0,4,89,0,0,0,0,27,FAMILIARES,POSGRADO,0
2.01408e+16,111,RECHAZADA,PENDIENTE,RECHAZADO,MALO,0.0,,SIN_CUENTA,0.0,0.0,0.0,RECIBO DE NOMINA,MEDIO_A,NO_CLIENTE,0,ALTO,0.0,5,90,0,0,0,0,29,HIPOTECA,PREPARATORIA,0
2.01407e+16,111,RECHAZADA,PENDIENTE,RECHAZADO,MALO,0.0,,SIN_CUENTA,0.0,0.0,0.0,INVERSIONES,ALTO_B,NO_CLIENTE,0,ALTO,0.0,3,91,0,0,0,0,37,HIPOTECA,POSGRADO,0
2.01407e+16,111,RECHAZADA,PENDIENTE,RECHAZADO,MALO,0.0,,SIN_CUENTA,0.0,0.0,0.0,RECIBO DE NOMINA,ALTO_A,NO_CLIENTE,0,ALTO,0.0,4,93,0,0,0,0,53,PROPIA,POSGRADO,0
2.01407e+16,111,CANCELADA,PENDIENTE,RECHAZADO,MALO,0.0,,SIN_CUENTA,0.0,0.0,0.0,SIN COMPROBANTE,ALTO_B,NO_CLIENTE,0,ALTO,0.0,2,95,0,0,0,0,38,FAMILIARES,POSGRADO,0
2.01407e+16,111,RECHAZADA,PENDIENTE,RECHAZADO,MALO,0.0,,SIN_CUENTA,0.0,0.0,0.0,INVERSIONES,MEDIO_B,NO_CLIENTE,0,ALTO,0.0,2,96,0,0,0,0,26,FAMILIARES,PREPARATORIA,0
2.01408e+16,111,RECHAZADA,PENDIENTE,RECHAZADO,MALO,0.0,,SIN_CUENTA,0.0,0.0,0.0,RECIBO DE NOMINA,MEDIO_A,NO_CLIENTE,0,ALTO,0.0,2,98,0,0,0,0,48,HIPOTECA,PREPARATORIA,0
2.01406e+16,111,RECHAZADA,PENDIENTE,RECHAZADO,MALO,0.0,,0,0.0,0.0,0.0,INVERSIONES,BAJO_B,NO_CLIENTE,0,ALTO,0.0,2,100,0,17032,1090,0,34,FAMILIARES,SECUNDARIA,0
2.01408e+16,111,RECHAZADA,PENDIENTE,RECHAZADO,MALO,0.0,,SIN_CUENTA,0.0,0.0,0.0,INVERSIONES,ALTO_B,NO_CLIENTE,0,ALTO,0.0,3,100,0,0,0,0,58,HIPOTECA,POSGRADO,0
2.01407e+16,112,RECHAZADA,PENDIENTE,RECHAZADO,MALO,0.0,,SIN_CUENTA,0.0,0.0,0.0,RECIBO DE NOMINA,MEDIO_A,NO_CLIENTE,0,ALTO,0.0,3,90,0,0,0,0,31,HIPOTECA,PREPARATORIA,0
2.01407e+16,112,RECHAZADA,PENDIENTE,RECHAZADO,MALO,0.0,,SIN_CUENTA,0.0,0.0,0.0,INVERSIONES,MEDIO_B,NO_CLIENTE,0,ALTO,0.0,2,92,0,0,0,0,34,FAMILIARES,PREPARATORIA,0
2.01408e+16,112,RECHAZADA,PENDIENTE,RECHAZADO,MALO,0.0,,SIN_CUENTA,0.0,0.0,0.0,RECIBO DE NOMINA,MEDIO_A,NO_CLIENTE,0,ALTO,0.0,4,95,0,0,0,0,27,HIPOTECA,PREPARATORIA,0
2.01408e+16,112,EN_PROCESO,PENDIENTE,RECHAZADO,MALO,0.0,,SIN_CUENTA,0.0,0.0,0.0,INVERSIONES,MEDIO_B,NO_CLIENTE,0,ALTO,0.0,5,95,0,0,0,0,59,RENTA,PREPARATORIA,0
2.01408e+16,112,RECHAZADA,PENDIENTE,RECHAZADO,MALO,0.0,,SIN_CUENTA,0.0,0.0,0.0,RECIBO DE NOMINA,MEDIO_B,NO_CLIENTE,0,ALTO,0.0,0,101,0,0,0,0,45,FAMILIARES,LICENCIATURA,0
2.01408e+16,113,RECHAZADA,PENDIENTE,RECHAZADO,MALO,0.0,,SIN_CUENTA,0.0,0.0,0.0,INVERSIONES,MEDIO_B,NO_CLIENTE,0,ALTO,0.0,5,89,0,0,0,0,54,FAMILIARES,LICENCIATURA,0
2.01407e+16,113,RECHAZADA,PENDIENTE,RECHAZADO,MALO,0.0,,0,0.0,0.0,0.0,RECIBO DE NOMINA,ALTO_B,NO_CLIENTE,0,ALTO,0.0,2,90,0,7836,38,0,60,RENTA,POSGRADO,0
2.01408e+16,113,RECHAZADA,PENDIENTE,RECHAZADO,MALO,0.0,,0,0.0,0.0,0.0,INVERSIONES,ALTO_B,NO_CLIENTE,0,ALTO,0.0,2,91,0,1099,250,0,48,FAMILIARES,POSGRADO,0
2.01407e+16,113,RECHAZADA,PENDIENTE,RECHAZADO,MALO,0.0,,SIN_CUENTA,0.0,0.0,0.0,INVERSIONES,ALTO_B,NO_CLIENTE,0,ALTO,0.0,5,94,0,0,0,0,52,HIPOTECA,POSGRADO,0
2.01408e+16,113,RECHAZADA,PENDIENTE,RECHAZADO,MALO,0.0,,SIN_CUENTA,0.0,0.0,0.0,RECIBO DE NOMINA,MEDIO_A,NO_CLIENTE,0,ALTO,0.0,2,96,0,0,0,0,42,HIPOTECA,PREPARATORIA,0
2.01407e+16,113,RECHAZADA,PENDIENTE,RECHAZADO,MALO,0.0,,2,0.0,0.0,0.0,INVERSIONES,MEDIO_A,NO_CLIENTE,0,ALTO,0.0,2,99,0,1176,440,0,50,HIPOTECA,PREPARATORIA,0
2.01408e+16,113,RECHAZADA,PENDIENTE,RECHAZADO,MALO,0.0,,SIN_CUENTA,0.0,0.0,0.0,RECIBO DE NOMINA,ALTO_A,NO_CLIENTE,0,ALTO,0.0,4,99,0,0,0,0,47,PROPIA,POSGRADO,0
2.01407e+16,113,CANCELADA,PENDIENTE,RECHAZADO,MALO,0.0,,SIN_CUENTA,0.0,0.0,0.0,RECIBO DE NOMINA,MEDIO_B,NO_CLIENTE,0,ALTO,0.0,3,101,0,0,0,0,40,RENTA,LICENCIATURA,0
2.01408e+16,113,RECHAZADA,PENDIENTE,RECHAZADO,MALO,0.0,,SIN_CUENTA,0.0,0.0,0.0,RECIBO DE NOMINA,MEDIO_A,NO_CLIENTE,0,ALTO,0.0,0,101,0,0,0,0,50,HIPOTECA,PREPARATORIA,0
2.01408e+16,114,RECHAZADA,PENDIENTE,RECHAZADO,MALO,0.0,,SIN_CUENTA,0.0,0.0,0.0,RECIBO DE NOMINA,ALTO_B,NO_CLIENTE,0,ALTO,0.0,5,89,0,0,0,0,53,FAMILIARES,POSGRADO,0
2.01408e+16,114,RECHAZADA,PENDIENTE,RECHAZADO,MALO,0.0,,SIN_CUENTA,0.0,0.0,0.0,RECIBO DE NOMINA,MEDIO_B,NO_CLIENTE,0,ALTO,0.0,1,91,0,0,0,0,47,RENTA,PREPARATORIA,0
2.01408e+16,114,RECHAZADA,PENDIENTE,RECHAZADO,MALO,0.0,,SIN_CUENTA,0.0,0.0,0.0,RECIBO DE NOMINA,MEDIO_B,NO_CLIENTE,0,ALTO,0.0,2,92,0,0,0,0,25,FAMILIARES,LICENCIATURA,0
2.01408e+16,114,EN_PROCESO,PENDIENTE,RECHAZADO,MALO,0.0,,SIN_CUENTA,0.0,0.0,0.0,INVERSIONES,BAJO_B,NO_CLIENTE,0,ALTO,0.0,1,92,0,0,0,0,44,HIPOTECA,PREPARATORIA,0
2.01408e+16,114,RECHAZADA,PENDIENTE,RECHAZADO,MALO,0.0,,SIN_CUENTA,0.0,0.0,0.0,RECIBO DE NOMINA,MEDIO_B,NO_CLIENTE,0,ALTO,0.0,2,93,0,0,0,0,27,FAMILIARES,PREPARATORIA,0
2.01407e+16,114,RECHAZADA,PENDIENTE,RECHAZADO,MALO,0.0,,SIN_CUENTA,0.0,0.0,0.0,INVERSIONES,ALTO_A,NO_CLIENTE,0,ALTO,0.0,3,98,0,0,0,0,36,PROPIA,POSGRADO,0
2.01407e+16,114,RECHAZADA,PENDIENTE,RECHAZADO,MALO,0.0,,2,0.0,0.0,0.0,INVERSIONES,MEDIO_B,NO_CLIENTE,0,ALTO,0.0,2,98,0,45106,2380,0,40,RENTA,PREPARATORIA,0
2.01408e+16,114,RECHAZADA,PENDIENTE,RECHAZADO,MALO,0.0,,SIN_CUENTA,0.0,0.0,0.0,RECIBO DE NOMINA,MEDIO_B,NO_CLIENTE,0,ALTO,0.0,1,98,0,0,0,0,45,RENTA,PREPARATORIA,0
2.01407e+16,114,RECHAZADA,PENDIENTE,RECHAZADO,MALO,0.0,,SIN_CUENTA,0.0,0.0,0.0,RECIBO DE NOMINA,ALTO_B,NO_CLIENTE,0,ALTO,0.0,4,99,0,0,0,0,29,RENTA,POSGRADO,0
2.01408e+16,114,RECHAZADA,PENDIENTE,RECHAZADO,MALO,0.0,,SIN_CUENTA,0.0,0.0,0.0,RECIBO DE NOMINA,MEDIO_A,NO_CLIENTE,0,ALTO,0.0,3,99,0,0,0,0,52,HIPOTECA,PREPARATORIA,0
2.01407e+16,115,RECHAZADA,PENDIENTE,RECHAZADO,MALO,0.0,,SIN_CUENTA,0.0,0.0,0.0,RECIBO DE NOMINA,MEDIO_A,NO_CLIENTE,0,ALTO,0.0,4,89,0,0,0,0,60,HIPOTECA,PREPARATORIA,0
2.01408e+16,115,RECHAZADA,PENDIENTE,RECHAZADO,MALO,0.0,,SIN_CUENTA,0.0,0.0,0.0,RECIBO DE NOMINA,ALTO_B,NO_CLIENTE,0,ALTO,0.0,5,89,0,0,0,0,47,RENTA,POSGRADO,0
2.01408e+16,115,RECHAZADA,PENDIENTE,RECHAZADO,MALO,0.0,,0,0.0,0.0,0.0,RECIBO DE NOMINA,MEDIO_A,NO_CLIENTE,93000,ALTO,0.0,5,89,0,10935,0,0,30,HIPOTECA,LICENCIATURA,0
2.01408e+16,115,RECHAZADA,PENDIENTE,RECHAZADO,MALO,0.0,,SIN_CUENTA,0.0,0.0,0.0,RECIBO DE NOMINA,MEDIO_A,NO_CLIENTE,0,ALTO,0.0,4,92,0,0,0,0,30,HIPOTECA,PREPARATORIA,0
2.01407e+16,115,RECHAZADA,PENDIENTE,RECHAZADO,MALO,0.0,,SIN_CUENTA,0.0,0.0,0.0,INVERSIONES,ALTO_B,NO_CLIENTE,0,ALTO,0.0,3,94,0,0,0,0,43,HIPOTECA,POSGRADO,0
2.01406e+16,115,RECHAZADA,PENDIENTE,RECHAZADO,MALO,0.0,,SIN_CUENTA,0.0,0.0,0.0,INVERSIONES,MEDIO_B,NO_CLIENTE,0,ALTO,0.0,5,95,0,0,0,0,33,FAMILIARES,PREPARATORIA,0
2.01407e+16,115,RECHAZADA,PENDIENTE,RECHAZADO,MALO,0.0,,SIN_CUENTA,0.0,0.0,0.0,RECIBO DE NOMINA,MEDIO_A,NO_CLIENTE,0,ALTO,0.0,2,97,0,0,0,0,52,PROPIA,LICENCIATURA,0
2.01407e+16,115,RECHAZADA,PENDIENTE,RECHAZADO,MALO,0.0,,SIN_CUENTA,0.0,0.0,0.0,INVERSIONES,MEDIO_B,NO_CLIENTE,0,ALTO,0.0,2,98,0,0,0,0,25,RENTA,PREPARATORIA,0
2.01408e+16,116,RECHAZADA,PENDIENTE,RECHAZADO,MALO,0.0,,SIN_CUENTA,0.0,0.0,0.0,RECIBO DE NOMINA,MEDIO_A,NO_CLIENTE,0,ALTO,0.0,2,91,0,0,0,0,45,HIPOTECA,LICENCIATURA,0
2.01408e+16,116,RECHAZADA,PENDIENTE,RECHAZADO,MALO,0.0,,SIN_CUENTA,0.0,0.0,0.0,RECIBO DE NOMINA,MEDIO_A,NO_CLIENTE,0,ALTO,0.0,4,95,0,0,0,0,55,HIPOTECA,PREPARATORIA,0
2.01408e+16,116,RECHAZADA,PENDIENTE,RECHAZADO,MALO,0.0,,SIN_CUENTA,0.0,0.0,0.0,INVERSIONES,MEDIO_A,NO_CLIENTE,0,ALTO,0.0,3,96,0,0,0,0,27,HIPOTECA,LICENCIATURA,0
2.01406e+16,116,RECHAZADA,PENDIENTE,RECHAZADO,MALO,0.0,,SIN_CUENTA,0.0,0.0,0.0,RECIBO DE NOMINA,ALTO_B,NO_CLIENTE,0,ALTO,0.0,4,98,0,0,0,0,48,RENTA,POSGRADO,0
2.01408e+16,116,RECHAZADA,PENDIENTE,RECHAZADO,MALO,0.0,,SIN_CUENTA,0.0,0.0,0.0,RECIBO DE NOMINA,MEDIO_A,NO_CLIENTE,0,ALTO,0.0,3,98,0,0,0,0,42,HIPOTECA,PREPARATORIA,0
2.01406e+16,116,RECHAZADA,PENDIENTE,RECHAZADO,MALO,0.0,,1,0.0,0.0,0.0,RECIBO DE NOMINA,MEDIO_B,NO_CLIENTE,0,ALTO,0.0,4,99,0,1692,0,0,38,FAMILIARES,PREPARATORIA,0
2.01408e+16,116,RECHAZADA,PENDIENTE,RECHAZADO,MALO,0.0,,1,0.0,0.0,0.0,INVERSIONES,MEDIO_B,NO_CLIENTE,58300,ALTO,0.0,0,101,0,38521,2000,0,47,FAMILIARES,LICENCIATURA,0
2.01407e+16,117,CANCELADA,PENDIENTE,RECHAZADO,MALO,0.0,,SIN_CUENTA,0.0,0.0,0.0,SIN COMPROBANTE,MEDIO_B,NO_CLIENTE,0,ALTO,0.0,4,89,0,0,0,0,52,FAMILIARES,LICENCIATURA,0
2.01406e+16,117,RECHAZADA,PENDIENTE,RECHAZADO,MALO,0.0,,SIN_CUENTA,0.0,0.0,0.0,INVERSIONES,ALTO_B,NO_CLIENTE,0,ALTO,0.0,4,92,0,0,0,0,34,FAMILIARES,POSGRADO,0
2.01408e+16,117,RECHAZADA,PENDIENTE,RECHAZADO,MALO,0.0,,SIN_CUENTA,0.0,0.0,0.0,RECIBO DE NOMINA,MEDIO_A,NO_CLIENTE,0,ALTO,0.0,3,95,0,0,0,0,60,HIPOTECA,LICENCIATURA,0
2.01407e+16,117,CANCELADA,PENDIENTE,RECHAZADO,MALO,0.0,,2,0.0,0.0,0.0,INVERSIONES,MEDIO_B,NO_CLIENTE,0,ALTO,0.0,3,101,0,3671,0,0,59,RENTA,PREPARATORIA,0
2.01408e+16,118,RECHAZADA,PENDIENTE,RECHAZADO,MALO,0.0,,SIN_CUENTA,0.0,0.0,0.0,RECIBO DE NOMINA,ALTO_B,NO_CLIENTE,0,ALTO,0.0,4,89,0,0,0,0,41,HIPOTECA,POSGRADO,0
2.01407e+16,118,RECHAZADA,PENDIENTE,RECHAZADO,MALO,0.0,,SIN_CUENTA,0.0,0.0,0.0,INVERSIONES,MEDIO_B,NO_CLIENTE,0,ALTO,0.0,2,94,0,0,0,0,43,RENTA,PREPARATORIA,0
2.01408e+16,118,RECHAZADA,PENDIENTE,RECHAZADO,MALO,0.0,,SIN_CUENTA,0.0,0.0,0.0,RECIBO DE NOMINA,MEDIO_B,NO_CLIENTE,0,ALTO,0.0,5,94,0,0,0,0,55,RENTA,PREPARATORIA,0
2.01407e+16,118,RECHAZADA,PENDIENTE,RECHAZADO,MALO,0.0,,SIN_CUENTA,0.0,0.0,0.0,RECIBO DE NOMINA,MEDIO_A,NO_CLIENTE,0,ALTO,0.0,3,97,0,0,0,0,60,HIPOTECA,PREPARATORIA,0
2.01407e+16,118,RECHAZADA,PENDIENTE,RECHAZADO,MALO,0.0,,SIN_CUENTA,0.0,0.0,0.0,RECIBO DE NOMINA,MEDIO_A,NO_CLIENTE,0,ALTO,0.0,2,98,0,0,0,0,43,PROPIA,LICENCIATURA,0
2.01407e+16,118,RECHAZADA,PENDIENTE,RECHAZADO,MALO,0.0,,SIN_CUENTA,0.0,0.0,0.0,RECIBO DE NOMINA,MEDIO_A,NO_CLIENTE,0,ALTO,0.0,2,100,0,0,0,0,49,HIPOTECA,PREPARATORIA,0
2.01408e+16,119,RECHAZADA,PENDIENTE,RECHAZADO,MALO,0.0,,SIN_CUENTA,0.0,0.0,0.0,RECIBO DE NOMINA,MEDIO_A,NO_CLIENTE,0,ALTO,0.0,5,89,0,0,0,0,59,HIPOTECA,LICENCIATURA,0
2.01407e+16,119,RECHAZADA,PENDIENTE,RECHAZADO,MALO,0.0,,SIN_CUENTA,0.0,0.0,0.0,INVERSIONES,MEDIO_B,NO_CLIENTE,0,ALTO,0.0,2,90,0,0,0,0,27,RENTA,LICENCIATURA,0
2.01407e+16,119,RECHAZADA,PENDIENTE,RECHAZADO,MALO,0.0,,SIN_CUENTA,0.0,0.0,0.0,RECIBO DE NOMINA,MEDIO_A,NO_CLIENTE,0,ALTO,0.0,4,91,0,0,0,0,51,HIPOTECA,LICENCIATURA,0
2.01407e+16,119,RECHAZADA,PENDIENTE,RECHAZADO,MALO,0.0,,SIN_CUENTA,0.0,0.0,0.0,RECIBO DE NOMINA,ALTO_B,NO_CLIENTE,0,ALTO,0.0,4,93,0,0,0,0,43,FAMILIARES,POSGRADO,0
2.01408e+16,119,RECHAZADA,PENDIENTE,RECHAZADO,MALO,0.0,,SIN_CUENTA,0.0,0.0,0.0,INVERSIONES,MEDIO_B,NO_CLIENTE,0,ALTO,0.0,3,93,0,0,0,0,30,RENTA,LICENCIATURA,0
2.01407e+16,119,EN_PROCESO,PENDIENTE,RECHAZADO,MALO,0.0,,SIN_CUENTA,0.0,0.0,0.0,RECIBO DE NOMINA,MEDIO_A,NO_CLIENTE,0,ALTO,0.0,3,95,0,0,0,0,56,HIPOTECA,POSGRADO,0
2.01407e+16,119,RECHAZADA,PENDIENTE,RECHAZADO,MALO,0.0,,SIN_CUENTA,0.0,0.0,0.0,SIN COMPROBANTE,MEDIO_A,NO_CLIENTE,0,ALTO,0.0,2,96,0,0,0,0,34,PROPIA,LICENCIATURA,0
2.01408e+16,119,RECHAZADA,PENDIENTE,RECHAZADO,MALO,0.0,,SIN_CUENTA,0.0,0.0,0.0,INVERSIONES,ALTO_A,NO_CLIENTE,0,ALTO,0.0,3,98,0,0,0,0,36,PROPIA,POSGRADO,0
2.01407e+16,120,RECHAZADA,PENDIENTE,RECHAZADO,MALO,0.0,,SIN_CUENTA,0.0,0.0,0.0,RECIBO DE NOMINA,MEDIO_A,NO_CLIENTE,0,ALTO,0.0,3,95,0,0,0,0,32,HIPOTECA,PREPARATORIA,0
2.01408e+16,120,RECHAZADA,PENDIENTE,RECHAZADO,MALO,0.0,,SIN_CUENTA,0.0,0.0,0.0,RECIBO DE NOMINA,ALTO_B,NO_CLIENTE,0,ALTO,0.0,4,96,0,0,0,0,51,HIPOTECA,POSGRADO,0
2.01407e+16,120,RECHAZADA,PENDIENTE,RECHAZADO,MALO,0.0,,SIN_CUENTA,0.0,0.0,0.0,RECIBO DE NOMINA,MEDIO_B,NO_CLIENTE,0,ALTO,0.0,1,101,0,0,0,0,44,FAMILIARES,LICENCIATURA,0
2.01408e+16,120,RECHAZADA,PENDIENTE,RECHAZADO,MALO,0.0,,SIN_CUENTA,0.0,0.0,0.0,RECIBO DE NOMINA,MEDIO_B,NO_CLIENTE,0,ALTO,0.0,0,101,0,0,0,0,53,FAMILIARES,PREPARATORIA,0
2.01408e+16,121,RECHAZADA,PENDIENTE,RECHAZADO,MALO,0.0,,SIN_CUENTA,0.0,0.0,0.0,RECIBO DE NOMINA,MEDIO_A,NO_CLIENTE,0,ALTO,0.0,4,89,0,0,0,0,47,HIPOTECA,PREPARATORIA,0
2.01408e+16,121,RECHAZADA,PENDIENTE,RECHAZADO,MALO,0.0,,SIN_CUENTA,0.0,0.0,0.0,RECIBO DE NOMINA,ALTO_B,NO_CLIENTE,0,ALTO,0.0,3,90,0,0,0,0,26,RENTA,POSGRADO,0
2.01407e+16,121,RECHAZADA,PENDIENTE,RECHAZADO,MALO,0.0,,SIN_CUENTA,0.0,0.0,0.0,RECIBO DE NOMINA,MEDIO_B,NO_CLIENTE,0,ALTO,0.0,2,91,0,0,0,0,30,RENTA,LICENCIATURA,0
2.01408e+16,121,RECHAZADA,PENDIENTE,RECHAZADO,MALO,0.0,,SIN_CUENTA,0.0,0.0,0.0,INVERSIONES,MEDIO_A,NO_CLIENTE,0,ALTO,0.0,4,91,0,0,0,0,43,HIPOTECA,PREPARATORIA,0
2.01408e+16,121,RECHAZADA,PENDIENTE,RECHAZADO,MALO,0.0,,SIN_CUENTA,0.0,0.0,0.0,RECIBO DE NOMINA,MEDIO_B,NO_CLIENTE,0,ALTO,0.0,5,92,0,0,0,0,48,FAMILIARES,LICENCIATURA,0
2.01408e+16,121,RECHAZADA,PENDIENTE,RECHAZADO,MALO,0.0,,SIN_CUENTA,0.0,0.0,0.0,INVERSIONES,MEDIO_B,NO_CLIENTE,0,ALTO,0.0,3,94,0,0,0,0,50,FAMILIARES,PREPARATORIA,0
2.01407e+16,121,RECHAZADA,PENDIENTE,RECHAZADO,MALO,0.0,,SIN_CUENTA,0.0,0.0,0.0,INVERSIONES,BAJO_B,NO_CLIENTE,0,ALTO,0.0,2,96,0,0,0,0,31,FAMILIARES,SECUNDARIA,0
2.01407e+16,121,RECHAZADA,PENDIENTE,RECHAZADO,MALO,0.0,,SIN_CUENTA,0.0,0.0,0.0,RECIBO DE NOMINA,MEDIO_A,NO_CLIENTE,0,ALTO,0.0,3,97,0,0,0,0,37,HIPOTECA,PREPARATORIA,0
2.01407e+16,121,RECHAZADA,PENDIENTE,RECHAZADO,MALO,0.0,,SIN_CUENTA,0.0,0.0,0.0,INVERSIONES,MEDIO_B,NO_CLIENTE,0,ALTO,0.0,1,98,0,0,0,0,33,RENTA,LICENCIATURA,0
2.01407e+16,122,RECHAZADA,PENDIENTE,RECHAZADO,MALO,0.0,,SIN_CUENTA,0.0,0.0,0.0,RECIBO DE NOMINA,ALTO_B,NO_CLIENTE,0,ALTO,0.0,2,95,0,0,0,0,55,FAMILIARES,POSGRADO,0
2.01407e+16,122,RECHAZADA,PENDIENTE,RECHAZADO,MALO,0.0,,SIN_CUENTA,0.0,0.0,0.0,RECIBO DE NOMINA,MEDIO_A,NO_CLIENTE,0,ALTO,0.0,4,99,0,0,0,0,46,HIPOTECA,LICENCIATURA,0
2.01407e+16,122,RECHAZADA,PENDIENTE,RECHAZADO,MALO,0.0,,SIN_CUENTA,0.0,0.0,0.0,RECIBO DE NOMINA,MEDIO_B,NO_CLIENTE,0,ALTO,0.0,1,100,0,0,0,0,47,RENTA,LICENCIATURA,0
2.01408e+16,122,RECHAZADA,PENDIENTE,RECHAZADO,MALO,0.0,,SIN_CUENTA,0.0,0.0,0.0,RECIBO DE NOMINA,MEDIO_B,NO_CLIENTE,0,ALTO,0.0,1,101,0,0,0,0,49,FAMILIARES,LICENCIATURA,0
2.01407e+16,123,RECHAZADA,PENDIENTE,RECHAZADO,MALO,0.0,,SIN_CUENTA,0.0,0.0,0.0,RECIBO DE NOMINA,MEDIO_B,NO_CLIENTE,0,ALTO,0.0,4,93,0,0,0,0,34,RENTA,PREPARATORIA,0
2.01408e+16,123,RECHAZADA,PENDIENTE,RECHAZADO,MALO,0.0,,SIN_CUENTA,0.0,0.0,0.0,RECIBO DE NOMINA,MEDIO_A,NO_CLIENTE,0,ALTO,0.0,2,95,0,0,0,0,58,PROPIA,LICENCIATURA,0
2.01408e+16,123,RECHAZADA,PENDIENTE,RECHAZADO,MALO,0.0,,SIN_CUENTA,0.0,0.0,0.0,INVERSIONES,MEDIO_A,NO_CLIENTE,0,ALTO,0.0,3,95,0,0,0,0,44,HIPOTECA,LICENCIATURA,0
2.01408e+16,123,RECHAZADA,PENDIENTE,RECHAZADO,MALO,0.0,,SIN_CUENTA,0.0,0.0,0.0,RECIBO DE NOMINA,ALTO_A,NO_CLIENTE,0,ALTO,0.0,4,95,0,0,0,0,45,PROPIA,POSGRADO,0
2.01407e+16,123,RECHAZADA,PENDIENTE,RECHAZADO,MALO,0.0,,SIN_CUENTA,0.0,0.0,0.0,RECIBO DE NOMINA,MEDIO_A,NO_CLIENTE,0,ALTO,0.0,3,96,0,0,0,0,52,HIPOTECA,PREPARATORIA,0
2.01407e+16,123,RECHAZADA,PENDIENTE,RECHAZADO,MALO,0.0,,SIN_CUENTA,0.0,0.0,0.0,INVERSIONES,MEDIO_A,NO_CLIENTE,0,ALTO,0.0,2,100,0,0,0,0,43,HIPOTECA,PREPARATORIA,0
2.01408e+16,124,RECHAZADA,PENDIENTE,RECHAZADO,MALO,0.0,,SIN_CUENTA,0.0,0.0,0.0,RECIBO DE NOMINA,MEDIO_B,NO_CLIENTE,0,ALTO,0.0,4,89,0,0,0,0,51,FAMILIARES,LICENCIATURA,0
2.01407e+16,124,RECHAZADA,PENDIENTE,RECHAZADO,MALO,0.0,,SIN_CUENTA,0.0,0.0,0.0,INVERSIONES,MEDIO_B,NO_CLIENTE,0,ALTO,0.0,3,90,0,0,0,0,29,FAMILIARES,PREPARATORIA,0
2.01408e+16,124,RECHAZADA,PENDIENTE,RECHAZADO,MALO,0.0,,SIN_CUENTA,0.0,0.0,0.0,INVERSIONES,MEDIO_B,NO_CLIENTE,0,ALTO,0.0,5,91,0,0,0,0,28,FAMILIARES,PREPARATORIA,0
2.01407e+16,124,RECHAZADA,PENDIENTE,RECHAZADO,MALO,0.0,,SIN_CUENTA,0.0,0.0,0.0,RECIBO DE NOMINA,MEDIO_B,NO_CLIENTE,0,ALTO,0.0,5,93,0,0,0,0,47,RENTA,PREPARATORIA,0
2.01408e+16,124,RECHAZADA,PENDIENTE,RECHAZADO,MALO,0.0,,SIN_CUENTA,0.0,0.0,0.0,INVERSIONES,ALTO_B,NO_CLIENTE,0,ALTO,0.0,4,93,0,0,0,0,50,FAMILIARES,POSGRADO,0
2.01408e+16,124,RECHAZADA,PENDIENTE,RECHAZADO,MALO,0.0,,SIN_CUENTA,0.0,0.0,0.0,INVERSIONES,MEDIO_A,NO_CLIENTE,0,ALTO,0.0,4,95,0,0,0,0,35,HIPOTECA,PREPARATORIA,0
2.01408e+16,124,RECHAZADA,PENDIENTE,RECHAZADO,MALO,0.0,,1,0.0,0.0,0.0,INVERSIONES,MEDIO_A,NO_CLIENTE,11000,ALTO,0.0,4,96,0,6440,0,0,26,HIPOTECA,LICENCIATURA,0
2.01407e+16,124,RECHAZADA,PENDIENTE,RECHAZADO,MALO,0.0,,SIN_CUENTA,0.0,0.0,0.0,RECIBO DE NOMINA,MEDIO_A,NO_CLIENTE,0,ALTO,0.0,3,98,0,0,0,0,49,HIPOTECA,PREPARATORIA,0
2.01408e+16,124,RECHAZADA,PENDIENTE,RECHAZADO,MALO,0.0,,SIN_CUENTA,0.0,0.0,0.0,RECIBO DE NOMINA,MEDIO_B,NO_CLIENTE,0,ALTO,0.0,1,98,0,0,0,0,36,RENTA,PREPARATORIA,0
2.01407e+16,125,RECHAZADA,PENDIENTE,RECHAZADO,MALO,0.0,,SIN_CUENTA,0.0,0.0,0.0,INVERSIONES,MEDIO_A,NO_CLIENTE,0,ALTO,0.0,3,91,0,0,0,0,48,HIPOTECA,PREPARATORIA,0
2.01408e+16,125,RECHAZADA,PENDIENTE,RECHAZADO,MALO,0.0,,SIN_CUENTA,0.0,0.0,0.0,RECIBO DE NOMINA,ALTO_B,NO_CLIENTE,0,ALTO,0.0,5,92,0,0,0,0,29,RENTA,POSGRADO,0
2.01407e+16,125,RECHAZADA,PENDIENTE,RECHAZADO,MALO,0.0,,SIN_CUENTA,0.0,0.0,0.0,RECIBO DE NOMINA,ALTO_B,NO_CLIENTE,0,ALTO,0.0,2,95,0,0,0,0,48,FAMILIARES,POSGRADO,0
2.01408e+16,125,RECHAZADA,PENDIENTE,RECHAZADO,MALO,0.0,,1,0.0,0.0,0.0,INVERSIONES,ALTO_B,NO_CLIENTE,21500,ALTO,0.0,5,98,0,21101,1210,0,25,FAMILIARES,POSGRADO,0
2.01407e+16,125,RECHAZADA,PENDIENTE,RECHAZADO,MALO,0.0,,SIN_CUENTA,0.0,0.0,0.0,RECIBO DE NOMINA,MEDIO_A,NO_CLIENTE,0,ALTO,0.0,5,99,0,0,0,0,43,HIPOTECA,PREPARATORIA,0
2.01407e+16,125,RECHAZADA,PENDIENTE,RECHAZADO,MALO,0.0,,SIN_CUENTA,0.0,0.0,0.0,INVERSIONES,ALTO_B,NO_CLIENTE,0,ALTO,0.0,5,99,0,0,0,0,43,FAMILIARES,POSGRADO,0
2.01407e+16,125,RECHAZADA,PENDIENTE,RECHAZADO,MALO,0.0,,SIN_CUENTA,0.0,0.0,0.0,RECIBO DE NOMINA,MEDIO_B,NO_CLIENTE,0,ALTO,0.0,2,100,0,0,0,0,27,RENTA,PREPARATORIA,0
2.01407e+16,126,RECHAZADA,PENDIENTE,RECHAZADO,MALO,0.0,,0,0.0,0.0,0.0,INVERSIONES,MEDIO_B,NO_CLIENTE,0,ALTO,0.0,5,93,0,9951,510,0,33,FAMILIARES,LICENCIATURA,0
2.01408e+16,126,RECHAZADA,PENDIENTE,RECHAZADO,MALO,0.0,,1,0.0,0.0,0.0,RECIBO DE NOMINA,MEDIO_B,NO_CLIENTE,0,ALTO,0.0,3,97,0,3451,3451,0,32,FAMILIARES,PREPARATORIA,0
2.01408e+16,126,RECHAZADA,PENDIENTE,RECHAZADO,MALO,0.0,,SIN_CUENTA,0.0,0.0,0.0,DECLARACION ANUAL,MEDIO_A,NO_CLIENTE,0,ALTO,0.0,1,97,0,0,0,0,52,HIPOTECA,PREPARATORIA,0
2.01408e+16,126,RECHAZADA,PENDIENTE,RECHAZADO,MALO,0.0,,SIN_CUENTA,0.0,0.0,0.0,RECIBO DE NOMINA,MEDIO_A,NO_CLIENTE,0,ALTO,0.0,4,99,0,0,0,0,54,HIPOTECA,PREPARATORIA,0
2.01406e+16,127,RECHAZADA,PENDIENTE,RECHAZADO,MALO,0.0,,SIN_CUENTA,0.0,0.0,0.0,RECIBO DE NOMINA,MEDIO_A,NO_CLIENTE,0,ALTO,0.0,5,92,0,0,0,0,51,PROPIA,LICENCIATURA,0
2.01408e+16,127,RECHAZADA,PENDIENTE,RECHAZADO,MALO,0.0,,SIN_CUENTA,0.0,0.0,0.0,RECIBO DE NOMINA,ALTO_A,NO_CLIENTE,0,ALTO,0.0,3,93,0,0,0,0,58,PROPIA,POSGRADO,0
2.01407e+16,128,RECHAZADA,PENDIENTE,RECHAZADO,MALO,0.0,,SIN_CUENTA,0.0,0.0,0.0,DECLARACION ANUAL,ALTO_B,NO_CLIENTE,0,ALTO,0.0,5,89,0,0,0,0,47,HIPOTECA,POSGRADO,0
2.01408e+16,128,RECHAZADA,PENDIENTE,RECHAZADO,MALO,0.0,,SIN_CUENTA,0.0,0.0,0.0,RECIBO DE NOMINA,ALTO_B,NO_CLIENTE,0,ALTO,0.0,2,90,0,0,0,0,49,HIPOTECA,POSGRADO,0
2.01408e+16,128,EN_PROCESO,PENDIENTE,RECHAZADO,MALO,0.0,,SIN_CUENTA,0.0,0.0,0.0,INVERSIONES,ALTO_B,NO_CLIENTE,0,ALTO,0.0,5,92,0,0,0,0,49,FAMILIARES,POSGRADO,0
2.01408e+16,128,RECHAZADA,PENDIENTE,RECHAZADO,MALO,0.0,,SIN_CUENTA,0.0,0.0,0.0,RECIBO DE NOMINA,MEDIO_A,NO_CLIENTE,0,ALTO,0.0,2,93,0,0,0,0,42,HIPOTECA,LICENCIATURA,0
2.01408e+16,128,RECHAZADA,PENDIENTE,RECHAZADO,MALO,0.0,,SIN_CUENTA,0.0,0.0,0.0,RECIBO DE NOMINA,MEDIO_B,NO_CLIENTE,0,ALTO,0.0,3,95,0,0,0,0,48,RENTA,PREPARATORIA,0
2.01408e+16,128,RECHAZADA,PENDIENTE,RECHAZADO,MALO,0.0,,SIN_CUENTA,0.0,0.0,0.0,INVERSIONES,MEDIO_A,NO_CLIENTE,0,ALTO,0.0,5,95,0,0,0,0,28,HIPOTECA,PREPARATORIA,0
2.01408e+16,128,RECHAZADA,PENDIENTE,RECHAZADO,MALO,0.0,,SIN_CUENTA,0.0,0.0,0.0,RECIBO DE NOMINA,MEDIO_B,NO_CLIENTE,0,ALTO,0.0,5,95,0,0,0,0,48,FAMILIARES,PREPARATORIA,0
2.01406e+16,128,RECHAZADA,PENDIENTE,RECHAZADO,MALO,0.0,,SIN_CUENTA,0.0,0.0,0.0,INVERSIONES,MEDIO_B,NO_CLIENTE,0,ALTO,0.0,2,96,0,0,0,0,49,RENTA,LICENCIATURA,0
2.01406e+16,128,RECHAZADA,PENDIENTE,RECHAZADO,MALO,0.0,,0,0.0,0.0,0.0,RECIBO DE NOMINA,ALTO_B,NO_CLIENTE,0,ALTO,0.0,5,98,0,17562,680,0,41,HIPOTECA,POSGRADO,0
2.01407e+16,128,RECHAZADA,PENDIENTE,RECHAZADO,MALO,0.0,,SIN_CUENTA,0.0,0.0,0.0,RECIBO DE NOMINA,MEDIO_A,NO_CLIENTE,0,ALTO,0.0,4,98,0,0,0,0,41,HIPOTECA,PREPARATORIA,0
2.01407e+16,128,RECHAZADA,PENDIENTE,RECHAZADO,MALO,0.0,,SIN_CUENTA,0.0,0.0,0.0,RECIBO DE NOMINA,MEDIO_A,NO_CLIENTE,0,ALTO,0.0,5,99,0,0,0,0,32,HIPOTECA,PREPARATORIA,0
2.01408e+16,129,RECHAZADA,PENDIENTE,RECHAZADO,MALO,0.0,,0,0.0,0.0,0.0,INVERSIONES,MEDIO_B,NO_CLIENTE,52500,ALTO,0.0,4,89,0,38411,0,0,31,RENTA,PREPARATORIA,0
2.01408e+16,129,RECHAZADA,PENDIENTE,RECHAZADO,MALO,0.0,,SIN_CUENTA,0.0,0.0,0.0,RECIBO DE NOMINA,MEDIO_B,NO_CLIENTE,0,ALTO,0.0,3,90,0,0,0,0,59,RENTA,PREPARATORIA,0
2.01406e+16,129,RECHAZADA,PENDIENTE,RECHAZADO,MALO,0.0,,SIN_CUENTA,0.0,0.0,0.0,INVERSIONES,ALTO_B,NO_CLIENTE,0,ALTO,0.0,5,91,0,0,0,0,56,HIPOTECA,POSGRADO,0
2.01408e+16,129,RECHAZADA,PENDIENTE,RECHAZADO,MALO,0.0,,SIN_CUENTA,0.0,0.0,0.0,RECIBO DE NOMINA,MEDIO_A,NO_CLIENTE,0,ALTO,0.0,3,93,0,0,0,0,33,PROPIA,LICENCIATURA,0
2.01408e+16,129,RECHAZADA,PENDIENTE,RECHAZADO,MALO,0.0,,SIN_CUENTA,0.0,0.0,0.0,INVERSIONES,BAJO_B,NO_CLIENTE,0,ALTO,0.0,5,94,0,0,0,0,48,FAMILIARES,SECUNDARIA,0
2.01406e+16,129,RECHAZADA,PENDIENTE,RECHAZADO,MALO,0.0,,SIN_CUENTA,0.0,0.0,15955.0,RECIBO DE NOMINA,MEDIO_B,NO_CLIENTE,0,ALTO,0.0,4,94,0,0,0,0,51,FAMILIARES,PREPARATORIA,0
2.01407e+16,129,RECHAZADA,PENDIENTE,RECHAZADO,MALO,0.0,,SIN_CUENTA,0.0,0.0,0.0,RECIBO DE NOMINA,MEDIO_B,NO_CLIENTE,0,ALTO,0.0,2,98,0,0,0,0,34,RENTA,LICENCIATURA,0
2.01408e+16,129,RECHAZADA,PENDIENTE,RECHAZADO,MALO,0.0,,SIN_CUENTA,0.0,0.0,0.0,RECIBO DE NOMINA,MEDIO_A,NO_CLIENTE,0,ALTO,0.0,5,99,0,0,0,0,37,HIPOTECA,LICENCIATURA,0
2.01408e+16,129,RECHAZADA,PENDIENTE,RECHAZADO,MALO,0.0,,SIN_CUENTA,0.0,0.0,0.0,INVERSIONES,MEDIO_B,NO_CLIENTE,0,ALTO,0.0,0,100,0,0,0,0,32,RENTA,PREPARATORIA,0
2.01406e+16,130,RECHAZADA,PENDIENTE,RECHAZADO,MALO,0.0,,0,0.0,0.0,0.0,INVERSIONES,MEDIO_A,CLIENTE_BANCO,0,ALTO,0.0,4,89,0,11336,20,0,31,HIPOTECA,POSGRADO,0
2.01408e+16,130,RECHAZADA,PENDIENTE,RECHAZADO,MALO,0.0,,SIN_CUENTA,0.0,0.0,0.0,RECIBO DE NOMINA,MEDIO_B,NO_CLIENTE,0,ALTO,0.0,2,90,0,0,0,0,29,RENTA,PREPARATORIA,0
2.01407e+16,130,RECHAZADA,PENDIENTE,RECHAZADO,MALO,0.0,,SIN_CUENTA,0.0,0.0,0.0,RECIBO DE NOMINA,MEDIO_A,NO_CLIENTE,0,ALTO,0.0,4,94,0,0,0,0,50,HIPOTECA,PREPARATORIA,0
2.01407e+16,130,RECHAZADA,PENDIENTE,RECHAZADO,MALO,0.0,,SIN_CUENTA,0.0,0.0,0.0,INVERSIONES,MEDIO_B,NO_CLIENTE,0,ALTO,0.0,3,94,0,0,0,0,52,FAMILIARES,PREPARATORIA,0
2.01408e+16,130,RECHAZADA,PENDIENTE,RECHAZADO,MALO,0.0,,SIN_CUENTA,0.0,0.0,0.0,INVERSIONES,ALTO_B,NO_CLIENTE,0,ALTO,0.0,3,99,0,0,0,0,52,RENTA,POSGRADO,0
2.01408e+16,130,RECHAZADA,PENDIENTE,RECHAZADO,MALO,0.0,,SIN_CUENTA,0.0,0.0,0.0,RECIBO DE NOMINA,MEDIO_B,NO_CLIENTE,0,ALTO,0.0,0,101,0,0,0,0,52,RENTA,PREPARATORIA,0
2.01407e+16,131,RECHAZADA,PENDIENTE,RECHAZADO,MALO,0.0,,SIN_CUENTA,0.0,0.0,0.0,INVERSIONES,MEDIO_B,NO_CLIENTE,0,ALTO,0.0,2,92,0,0,0,0,48,RENTA,LICENCIATURA,0
2.01408e+16,131,RECHAZADA,PENDIENTE,RECHAZADO,MALO,0.0,,SIN_CUENTA,0.0,0.0,0.0,INVERSIONES,ALTO_B,NO_CLIENTE,0,ALTO,0.0,3,92,0,0,0,0,51,FAMILIARES,POSGRADO,0
2.01407e+16,131,RECHAZADA,PENDIENTE,RECHAZADO,MALO,0.0,,SIN_CUENTA,0.0,0.0,0.0,RECIBO DE NOMINA,ALTO_B,NO_CLIENTE,0,ALTO,0.0,5,93,0,0,0,0,36,HIPOTECA,POSGRADO,0
2.01407e+16,131,RECHAZADA,PENDIENTE,RECHAZADO,MALO,0.0,,SIN_CUENTA,0.0,0.0,0.0,RECIBO DE NOMINA,MEDIO_B,NO_CLIENTE,0,ALTO,0.0,3,94,0,0,0,0,45,RENTA,LICENCIATURA,0
2.01407e+16,131,RECHAZADA,PENDIENTE,RECHAZADO,MALO,0.0,,0,0.0,0.0,0.0,INVERSIONES,ALTO_B,NO_CLIENTE,0,ALTO,0.0,2,96,0,13371,940,0,38,FAMILIARES,POSGRADO,0
2.01408e+16,131,RECHAZADA,PENDIENTE,RECHAZADO,MALO,0.0,,SIN_CUENTA,0.0,0.0,0.0,INVERSIONES,ALTO_A,NO_CLIENTE,0,ALTO,0.0,3,96,0,0,0,0,33,PROPIA,POSGRADO,0
2.01407e+16,131,RECHAZADA,PENDIENTE,RECHAZADO,MALO,0.0,,SIN_CUENTA,0.0,0.0,0.0,RECIBO DE NOMINA,ALTO_B,NO_CLIENTE,0,ALTO,0.0,3,98,0,0,0,0,26,HIPOTECA,POSGRADO,0
2.01408e+16,131,RECHAZADA,PENDIENTE,RECHAZADO,MALO,0.0,,0,0.0,0.0,0.0,INVERSIONES,MEDIO_B,NO_CLIENTE,303800,ALTO,0.0,5,99,0,11192,4400,0,44,RENTA,PREPARATORIA,0
2.01407e+16,131,RECHAZADA,PENDIENTE,RECHAZADO,MALO,0.0,,SIN_CUENTA,0.0,0.0,0.0,RECIBO DE NOMINA,MEDIO_B,NO_CLIENTE,0,ALTO,0.0,2,100,0,0,0,0,35,RENTA,LICENCIATURA,0
2.01408e+16,131,RECHAZADA,PENDIENTE,RECHAZADO,MALO,0.0,,0,0.0,0.0,0.0,INVERSIONES,MEDIO_B,NO_CLIENTE,0,ALTO,0.0,2,100,0,5093,300,0,52,FAMILIARES,LICENCIATURA,0
2.01408e+16,132,RECHAZADA,PENDIENTE,RECHAZADO,MALO,0.0,,SIN_CUENTA,0.0,0.0,0.0,INVERSIONES,ALTO_B,NO_CLIENTE,0,ALTO,0.0,5,89,0,0,0,0,49,FAMILIARES,POSGRADO,0
2.01407e+16,132,RECHAZADA,PENDIENTE,RECHAZADO,MALO,0.0,,SIN_CUENTA,0.0,0.0,0.0,RECIBO DE NOMINA,MEDIO_A,NO_CLIENTE,0,ALTO,0.0,3,96,0,0,0,0,58,HIPOTECA,PREPARATORIA,0
2.01408e+16,133,RECHAZADA,PENDIENTE,RECHAZADO,MALO,0.0,,SIN_CUENTA,0.0,0.0,0.0,RECIBO DE NOMINA,MEDIO_A,NO_CLIENTE,0,ALTO,0.0,5,89,0,0,0,0,34,HIPOTECA,PREPARATORIA,0
2.01407e+16,133,RECHAZADA,PENDIENTE,RECHAZADO,MALO,0.0,,SIN_CUENTA,0.0,0.0,0.0,RECIBO DE NOMINA,MEDIO_B,NO_CLIENTE,0,ALTO,0.0,1,90,0,0,0,0,36,FAMILIARES,PREPARATORIA,0
2.01408e+16,133,RECHAZADA,PENDIENTE,RECHAZADO,MALO,0.0,,SIN_CUENTA,0.0,0.0,0.0,RECIBO DE NOMINA,MEDIO_B,NO_CLIENTE,0,ALTO,0.0,5,97,0,0,0,0,26,FAMILIARES,LICENCIATURA,0
2.01408e+16,133,RECHAZADA,PENDIENTE,RECHAZADO,MALO,0.0,,SIN_CUENTA,0.0,0.0,0.0,RECIBO DE NOMINA,ALTO_B,NO_CLIENTE,0,ALTO,0.0,3,99,0,0,0,0,37,HIPOTECA,POSGRADO,0
2.01407e+16,133,RECHAZADA,PENDIENTE,RECHAZADO,MALO,0.0,,SIN_CUENTA,0.0,0.0,0.0,RECIBO DE NOMINA,MEDIO_B,NO_CLIENTE,0,ALTO,0.0,3,101,0,0,0,0,45,FAMILIARES,PREPARATORIA,0
2.01408e+16,134,RECHAZADA,PENDIENTE,RECHAZADO,MALO,0.0,,SIN_CUENTA,0.0,0.0,0.0,RECIBO DE NOMINA,MEDIO_B,NO_CLIENTE,0,ALTO,0.0,4,97,0,0,0,0,43,FAMILIARES,PREPARATORIA,0
2.01407e+16,135,RECHAZADA,PENDIENTE,RECHAZADO,MALO,0.0,,SIN_CUENTA,0.0,0.0,0.0,INVERSIONES,ALTO_B,NO_CLIENTE,0,ALTO,0.0,4,89,0,0,0,0,31,RENTA,POSGRADO,0
2.01406e+16,135,RECHAZADA,PENDIENTE,RECHAZADO,MALO,0.0,,SIN_CUENTA,0.0,0.0,0.0,RECIBO DE NOMINA,MEDIO_B,NO_CLIENTE,0,ALTO,0.0,5,90,0,0,0,0,48,RENTA,PREPARATORIA,0
2.01408e+16,135,RECHAZADA,PENDIENTE,RECHAZADO,MALO,0.0,,SIN_CUENTA,0.0,0.0,0.0,RECIBO DE NOMINA,MEDIO_B,NO_CLIENTE,0,ALTO,0.0,4,91,0,0,0,0,32,RENTA,LICENCIATURA,0
2.01408e+16,135,RECHAZADA,PENDIENTE,RECHAZADO,MALO,0.0,,SIN_CUENTA,0.0,0.0,0.0,RECIBO DE NOMINA,MEDIO_A,NO_CLIENTE,0,ALTO,0.0,3,93,0,0,0,0,32,HIPOTECA,PREPARATORIA,0
2.01408e+16,135,RECHAZADA,PENDIENTE,RECHAZADO,MALO,0.0,,SIN_CUENTA,0.0,0.0,0.0,RECIBO DE NOMINA,MEDIO_A,NO_CLIENTE,0,ALTO,0.0,4,93,0,0,0,0,48,HIPOTECA,PREPARATORIA,0
2.01407e+16,135,RECHAZADA,PENDIENTE,RECHAZADO,MALO,0.0,,SIN_CUENTA,0.0,0.0,0.0,INVERSIONES,MEDIO_A,NO_CLIENTE,0,ALTO,0.0,3,98,0,0,0,0,57,HIPOTECA,PREPARATORIA,0
2.01408e+16,136,RECHAZADA,PENDIENTE,RECHAZADO,MALO,0.0,,0,0.0,0.0,0.0,INVERSIONES,MEDIO_B,NO_CLIENTE,33200,ALTO,0.0,5,89,0,19259,1250,0,33,FAMILIARES,PREPARATORIA,0
2.01407e+16,136,CANCELADA,PENDIENTE,RECHAZADO,MALO,0.0,,SIN_CUENTA,0.0,0.0,0.0,RECIBO DE NOMINA,ALTO_A,NO_CLIENTE,0,ALTO,0.0,2,91,0,0,0,0,35,PROPIA,POSGRADO,0
2.01406e+16,136,RECHAZADA,PENDIENTE,RECHAZADO,MALO,0.0,,SIN_CUENTA,0.0,0.0,0.0,RECIBO DE NOMINA,MEDIO_B,NO_CLIENTE,0,ALTO,0.0,2,96,0,0,0,0,50,FAMILIARES,PREPARATORIA,0
2.01408e+16,136,RECHAZADA,PENDIENTE,RECHAZADO,MALO,0.0,,SIN_CUENTA,0.0,0.0,0.0,INVERSIONES,MEDIO_A,NO_CLIENTE,0,ALTO,0.0,2,96,0,0,0,0,42,HIPOTECA,PREPARATORIA,0
2.01407e+16,136,RECHAZADA,PENDIENTE,RECHAZADO,MALO,0.0,,SIN_CUENTA,0.0,0.0,0.0,INVERSIONES,MEDIO_A,NO_CLIENTE,0,ALTO,0.0,1,98,0,0,0,0,39,HIPOTECA,PREPARATORIA,0
2.01407e+16,136,RECHAZADA,PENDIENTE,RECHAZADO,MALO,0.0,,SIN_CUENTA,0.0,0.0,0.0,RECIBO DE NOMINA,MEDIO_A,NO_CLIENTE,0,ALTO,0.0,3,101,0,0,0,0,36,HIPOTECA,PREPARATORIA,0
2.01407e+16,137,RECHAZADA,PENDIENTE,RECHAZADO,MALO,0.0,,SIN_CUENTA,0.0,0.0,0.0,RECIBO DE NOMINA,ALTO_A,NO_CLIENTE,0,ALTO,0.0,3,91,0,0,0,0,37,PROPIA,POSGRADO,0
2.01407e+16,137,RECHAZADA,PENDIENTE,RECHAZADO,MALO,0.0,,SIN_CUENTA,0.0,0.0,0.0,DECLARACION ANUAL,MEDIO_B,NO_CLIENTE,0,ALTO,0.0,2,97,0,0,0,0,46,FAMILIARES,LICENCIATURA,0
2.01407e+16,137,RECHAZADA,PENDIENTE,RECHAZADO,MALO,0.0,,SIN_CUENTA,0.0,0.0,0.0,RECIBO DE NOMINA,ALTO_B,NO_CLIENTE,0,ALTO,0.0,2,98,0,0,0,0,35,RENTA,POSGRADO,0
2.01408e+16,138,RECHAZADA,PENDIENTE,RECHAZADO,MALO,0.0,,0,0.0,0.0,0.0,INVERSIONES,ALTO_B,NO_CLIENTE,0,ALTO,0.0,5,89,0,13097,1940,0,59,FAMILIARES,POSGRADO,0
2.01408e+16,138,RECHAZADA,PENDIENTE,RECHAZADO,MALO,0.0,,SIN_CUENTA,0.0,0.0,0.0,RECIBO DE NOMINA,MEDIO_B,NO_CLIENTE,0,ALTO,0.0,2,96,0,0,0,0,40,FAMILIARES,PREPARATORIA,0
2.01407e+16,138,RECHAZADA,PENDIENTE,RECHAZADO,MALO,0.0,,SIN_CUENTA,0.0,0.0,0.0,RECIBO DE NOMINA,MEDIO_A,NO_CLIENTE,0,ALTO,0.0,1,99,0,0,0,0,55,HIPOTECA,LICENCIATURA,0
2.01408e+16,139,RECHAZADA,PENDIENTE,RECHAZADO,MALO,0.0,,SIN_CUENTA,0.0,0.0,0.0,INVERSIONES,ALTO_B,NO_CLIENTE,0,ALTO,0.0,3,91,0,0,0,0,41,FAMILIARES,POSGRADO,0
2.01407e+16,139,RECHAZADA,PENDIENTE,RECHAZADO,MALO,0.0,,0,0.0,0.0,0.0,INVERSIONES,MEDIO_A,NO_CLIENTE,0,ALTO,0.0,3,92,0,50378,50378,0,51,PROPIA,LICENCIATURA,0
2.01408e+16,139,RECHAZADA,PENDIENTE,RECHAZADO,MALO,0.0,,SIN_CUENTA,0.0,0.0,0.0,RECIBO DE NOMINA,MEDIO_A,NO_CLIENTE,0,ALTO,0.0,4,92,0,0,0,0,54,HIPOTECA,PREPARATORIA,0
2.01406e+16,139,RECHAZADA,PENDIENTE,RECHAZADO,MALO,0.0,,1,0.0,0.0,0.0,RECIBO DE NOMINA,MEDIO_B,NO_CLIENTE,0,ALTO,0.0,3,97,0,3016,250,0,50,FAMILIARES,PREPARATORIA,0
2.01408e+16,139,RECHAZADA,PENDIENTE,RECHAZADO,MALO,0.0,,SIN_CUENTA,0.0,0.0,0.0,INVERSIONES,MEDIO_B,NO_CLIENTE,0,ALTO,0.0,4,99,0,0,0,0,30,RENTA,LICENCIATURA,0
2.01408e+16,139,RECHAZADA,PENDIENTE,RECHAZADO,MALO,0.0,,SIN_CUENTA,0.0,0.0,0.0,RECIBO DE NOMINA,ALTO_B,NO_CLIENTE,0,ALTO,0.0,3,100,0,0,0,0,27,FAMILIARES,POSGRADO,0
2.01408e+16,140,RECHAZADA,PENDIENTE,RECHAZADO,MALO,0.0,,SIN_CUENTA,0.0,0.0,0.0,RECIBO DE NOMINA,ALTO_A,NO_CLIENTE,0,ALTO,0.0,4,89,0,0,0,0,34,PROPIA,POSGRADO,0
2.01407e+16,140,RECHAZADA,PENDIENTE,RECHAZADO,MALO,0.0,,SIN_CUENTA,0.0,0.0,0.0,DECLARACION ANUAL,MEDIO_B,NO_CLIENTE,0,ALTO,0.0,3,90,0,0,0,0,27,RENTA,PREPARATORIA,0
2.01408e+16,140,RECHAZADA,PENDIENTE,RECHAZADO,MALO,0.0,,SIN_CUENTA,0.0,0.0,0.0,INVERSIONES,MEDIO_A,NO_CLIENTE,0,ALTO,0.0,4,94,0,0,0,0,35,HIPOTECA,PREPARATORIA,0
2.01408e+16,141,RECHAZADA,PENDIENTE,RECHAZADO,MALO,0.0,,SIN_CUENTA,0.0,0.0,0.0,SIN COMPROBANTE,MEDIO_B,NO_CLIENTE,0,ALTO,0.0,5,89,0,0,0,0,38,FAMILIARES,PREPARATORIA,0
2.01408e+16,141,RECHAZADA,PENDIENTE,RECHAZADO,MALO,0.0,,SIN_CUENTA,0.0,0.0,0.0,RECIBO DE NOMINA,ALTO_B,NO_CLIENTE,0,ALTO,0.0,4,89,0,0,0,0,46,FAMILIARES,POSGRADO,0
2.01407e+16,141,RECHAZADA,PENDIENTE,RECHAZADO,MALO,0.0,,SIN_CUENTA,0.0,0.0,0.0,RECIBO DE NOMINA,ALTO_B,NO_CLIENTE,0,ALTO,0.0,2,91,0,0,0,0,28,FAMILIARES,POSGRADO,0
2.01408e+16,141,RECHAZADA,PENDIENTE,RECHAZADO,MALO,0.0,,SIN_CUENTA,0.0,0.0,0.0,RECIBO DE NOMINA,MEDIO_B,NO_CLIENTE,0,ALTO,0.0,3,91,0,0,0,0,29,FAMILIARES,LICENCIATURA,0
2.01407e+16,141,RECHAZADA,PENDIENTE,RECHAZADO,MALO,0.0,,SIN_CUENTA,0.0,0.0,0.0,RECIBO DE NOMINA,ALTO_A,NO_CLIENTE,0,ALTO,0.0,3,95,0,0,0,0,26,PROPIA,POSGRADO,0
2.01407e+16,141,RECHAZADA,PENDIENTE,RECHAZADO,MALO,0.0,,SIN_CUENTA,0.0,0.0,0.0,RECIBO DE NOMINA,MEDIO_B,NO_CLIENTE,0,ALTO,0.0,1,96,0,0,0,0,27,RENTA,LICENCIATURA,0
2.01407e+16,142,RECHAZADA,PENDIENTE,RECHAZADO,MALO,0.0,,2,0.0,0.0,0.0,INVERSIONES,MEDIO_B,NO_CLIENTE,0,ALTO,0.0,4,89,0,2139,250,0,54,RENTA,PREPARATORIA,0
2.01407e+16,142,CANCELADA,PENDIENTE,RECHAZADO,MALO,0.0,,SIN_CUENTA,0.0,0.0,0.0,SIN COMPROBANTE,ALTO_B,NO_CLIENTE,0,ALTO,0.0,5,89,0,0,0,0,57,RENTA,POSGRADO,0
2.01407e+16,142,RECHAZADA,PENDIENTE,RECHAZADO,MALO,0.0,,0,0.0,0.0,0.0,INVERSIONES,ALTO_A,NO_CLIENTE,5000,ALTO,0.0,3,90,0,5114,390,0,28,PROPIA,POSGRADO,0
2.01407e+16,142,RECHAZADA,PENDIENTE,RECHAZADO,MALO,0.0,,2,0.0,0.0,0.0,INVERSIONES,MEDIO_A,NO_CLIENTE,0,ALTO,0.0,2,92,0,139987,8310,0,44,HIPOTECA,PREPARATORIA,0
2.01407e+16,142,RECHAZADA,PENDIENTE,RECHAZADO,MALO,0.0,,SIN_CUENTA,0.0,0.0,0.0,RECIBO DE NOMINA,ALTO_A,NO_CLIENTE,0,ALTO,0.0,4,93,0,0,0,0,38,PROPIA,POSGRADO,0
2.01408e+16,142,RECHAZADA,PENDIENTE,RECHAZADO,MALO,0.0,,SIN_CUENTA,0.0,0.0,0.0,RECIBO DE NOMINA,MEDIO_B,NO_CLIENTE,0,ALTO,0.0,2,93,0,0,0,0,49,RENTA,PREPARATORIA,0
2.01407e+16,142,RECHAZADA,PENDIENTE,RECHAZADO,MALO,0.0,,SIN_CUENTA,0.0,0.0,0.0,RECIBO DE NOMINA,MEDIO_A,NO_CLIENTE,0,ALTO,0.0,2,96,0,0,0,0,49,HIPOTECA,LICENCIATURA,0
2.01407e+16,142,RECHAZADA,PENDIENTE,RECHAZADO,MALO,0.0,,SIN_CUENTA,0.0,0.0,0.0,RECIBO DE NOMINA,MEDIO_A,NO_CLIENTE,0,ALTO,0.0,4,99,0,0,0,0,34,HIPOTECA,LICENCIATURA,0
2.01407e+16,143,CANCELADA,PENDIENTE,RECHAZADO,MALO,0.0,,SIN_CUENTA,0.0,0.0,0.0,INVERSIONES,MEDIO_B,NO_CLIENTE,0,ALTO,0.0,2,92,0,0,0,0,40,FAMILIARES,PREPARATORIA,0
2.01408e+16,143,RECHAZADA,PENDIENTE,RECHAZADO,MALO,0.0,,0,0.0,0.0,0.0,INVERSIONES,MEDIO_A,NO_CLIENTE,28000,ALTO,0.0,3,93,0,18934,1860,0,27,PROPIA,LICENCIATURA,0
2.01408e+16,143,RECHAZADA,PENDIENTE,RECHAZADO,MALO,0.0,,SIN_CUENTA,0.0,0.0,0.0,RECIBO DE NOMINA,ALTO_A,NO_CLIENTE,0,ALTO,0.0,4,95,0,0,0,0,28,PROPIA,POSGRADO,0
2.01408e+16,143,RECHAZADA,PENDIENTE,RECHAZADO,MALO,0.0,,0,0.0,0.0,0.0,INVERSIONES,MEDIO_B,NO_CLIENTE,0,ALTO,0.0,2,98,0,17114,330,0,34,RENTA,LICENCIATURA,0
2.01408e+16,143,RECHAZADA,PENDIENTE,RECHAZADO,MALO,0.0,,SIN_CUENTA,0.0,0.0,0.0,RECIBO DE NOMINA,MEDIO_A,NO_CLIENTE,0,ALTO,0.0,4,98,0,0,0,0,58,HIPOTECA,LICENCIATURA,0
2.01407e+16,143,RECHAZADA,PENDIENTE,RECHAZADO,MALO,0.0,,SIN_CUENTA,0.0,0.0,0.0,RECIBO DE NOMINA,MEDIO_B,NO_CLIENTE,0,ALTO,0.0,5,99,0,0,0,0,42,RENTA,PREPARATORIA,0
2.01407e+16,143,RECHAZADA,PENDIENTE,RECHAZADO,MALO,0.0,,1,0.0,0.0,0.0,INVERSIONES,MEDIO_B,NO_CLIENTE,0,ALTO,0.0,1,99,0,218,0,0,29,FAMILIARES,PREPARATORIA,0
2.01408e+16,143,RECHAZADA,PENDIENTE,RECHAZADO,MALO,0.0,,SIN_CUENTA,0.0,0.0,0.0,RECIBO DE NOMINA,MEDIO_B,NO_CLIENTE,0,ALTO,0.0,3,99,0,0,0,0,55,RENTA,LICENCIATURA,0
2.01408e+16,143,RECHAZADA,PENDIENTE,RECHAZADO,MALO,0.0,,SIN_CUENTA,0.0,0.0,0.0,RECIBO DE NOMINA,MEDIO_A,NO_CLIENTE,0,ALTO,0.0,4,99,0,0,0,0,32,PROPIA,LICENCIATURA,0
2.01407e+16,144,RECHAZADA,PENDIENTE,RECHAZADO,MALO,0.0,,SIN_CUENTA,0.0,0.0,0.0,RECIBO DE NOMINA,ALTO_B,NO_CLIENTE,0,ALTO,0.0,2,94,0,0,0,0,56,HIPOTECA,POSGRADO,0
2.01408e+16,144,RECHAZADA,PENDIENTE,RECHAZADO,MALO,0.0,,SIN_CUENTA,0.0,0.0,0.0,RECIBO DE NOMINA,ALTO_B,NO_CLIENTE,0,ALTO,0.0,1,94,0,0,0,0,37,HIPOTECA,POSGRADO,0
2.01408e+16,144,RECHAZADA,PENDIENTE,RECHAZADO,MALO,0.0,,SIN_CUENTA,0.0,0.0,0.0,RECIBO DE NOMINA,MEDIO_A,NO_CLIENTE,0,ALTO,0.0,4,95,0,0,0,0,47,HIPOTECA,LICENCIATURA,0
2.01408e+16,144,RECHAZADA,PENDIENTE,RECHAZADO,MALO,0.0,,SIN_CUENTA,0.0,0.0,0.0,RECIBO DE NOMINA,MEDIO_B,NO_CLIENTE,0,ALTO,0.0,5,95,0,0,0,0,60,RENTA,LICENCIATURA,0
2.01408e+16,144,RECHAZADA,PENDIENTE,RECHAZADO,MALO,0.0,,SIN_CUENTA,0.0,0.0,0.0,RECIBO DE NOMINA,MEDIO_A,NO_CLIENTE,0,ALTO,0.0,3,99,0,0,0,0,34,HIPOTECA,PREPARATORIA,0
2.01407e+16,144,RECHAZADA,PENDIENTE,RECHAZADO,MALO,0.0,,SIN_CUENTA,0.0,0.0,0.0,RECIBO DE NOMINA,ALTO_A,NO_CLIENTE,0,ALTO,0.0,3,100,0,0,0,0,26,PROPIA,POSGRADO,0
2.01408e+16,144,RECHAZADA,PENDIENTE,RECHAZADO,MALO,0.0,,1,0.0,0.0,0.0,INVERSIONES,MEDIO_B,NO_CLIENTE,30000,ALTO,0.0,2,100,0,4714,0,0,29,FAMILIARES,LICENCIATURA,0
2.01408e+16,144,RECHAZADA,PENDIENTE,RECHAZADO,MALO,0.0,,SIN_CUENTA,0.0,0.0,0.0,RECIBO DE NOMINA,MEDIO_A,NO_CLIENTE,0,ALTO,0.0,1,101,0,0,0,0,36,HIPOTECA,LICENCIATURA,0
2.01408e+16,144,RECHAZADA,PENDIENTE,RECHAZADO,MALO,0.0,,SIN_CUENTA,0.0,0.0,0.0,INVERSIONES,ALTO_B,NO_CLIENTE,0,ALTO,0.0,1,101,0,0,0,0,47,FAMILIARES,POSGRADO,0
2.01407e+16,145,RECHAZADA,PENDIENTE,RECHAZADO,MALO,0.0,,0,0.0,0.0,0.0,RECIBO DE NOMINA,MEDIO_A,NO_CLIENTE,0,ALTO,0.0,3,90,0,8170,560,0,40,PROPIA,LICENCIATURA,0
2.01407e+16,145,CANCELADA,PENDIENTE,RECHAZADO,MALO,0.0,,SIN_CUENTA,0.0,0.0,0.0,SIN COMPROBANTE,MEDIO_B,NO_CLIENTE,0,ALTO,0.0,2,92,0,0,0,0,44,RENTA,PREPARATORIA,0
2.01408e+16,145,RECHAZADA,PENDIENTE,RECHAZADO,MALO,0.0,,SIN_CUENTA,0.0,0.0,0.0,RECIBO DE NOMINA,MEDIO_B,NO_CLIENTE,0,ALTO,0.0,3,93,0,0,0,0,50,FAMILIARES,LICENCIATURA,0
2.01408e+16,145,RECHAZADA,PENDIENTE,RECHAZADO,MALO,0.0,,SIN_CUENTA,0.0,0.0,0.0,RECIBO DE NOMINA,ALTO_A,NO_CLIENTE,0,ALTO,0.0,3,95,0,0,0,0,42,PROPIA,POSGRADO,0
2.01408e+16,145,RECHAZADA,PENDIENTE,RECHAZADO,MALO,0.0,,SIN_CUENTA,0.0,0.0,0.0,RECIBO DE NOMINA,ALTO_B,NO_CLIENTE,0,ALTO,0.0,1,98,0,0,0,0,44,RENTA,POSGRADO,0
2.01407e+16,145,RECHAZADA,PENDIENTE,RECHAZADO,MALO,0.0,,SIN_CUENTA,0.0,0.0,0.0,RECIBO DE NOMINA,MEDIO_A,NO_CLIENTE,0,ALTO,0.0,3,99,0,0,0,0,27,HIPOTECA,LICENCIATURA,0
2.01408e+16,145,RECHAZADA,PENDIENTE,RECHAZADO,MALO,0.0,,SIN_CUENTA,0.0,0.0,0.0,RECIBO DE NOMINA,MEDIO_A,NO_CLIENTE,0,ALTO,0.0,0,100,0,0,0,0,50,HIPOTECA,PREPARATORIA,0
2.01408e+16,146,RECHAZADA,PENDIENTE,RECHAZADO,MALO,0.0,,SIN_CUENTA,0.0,0.0,0.0,RECIBO DE NOMINA,MEDIO_B,NO_CLIENTE,0,ALTO,0.0,4,89,0,0,0,0,29,RENTA,LICENCIATURA,0
2.01407e+16,146,RECHAZADA,PENDIENTE,RECHAZADO,MALO,0.0,,SIN_CUENTA,0.0,0.0,0.0,INVERSIONES,ALTO_B,NO_CLIENTE,0,ALTO,0.0,5,90,0,0,0,0,43,RENTA,POSGRADO,0
2.01407e+16,146,RECHAZADA,PENDIENTE,RECHAZADO,MALO,0.0,,SIN_CUENTA,0.0,0.0,0.0,RECIBO DE NOMINA,ALTO_B,NO_CLIENTE,0,ALTO,0.0,2,90,0,0,0,0,31,HIPOTECA,POSGRADO,0
2.01408e+16,146,RECHAZADA,PENDIENTE,RECHAZADO,MALO,0.0,,SIN_CUENTA,0.0,0.0,0.0,RECIBO DE NOMINA,MEDIO_A,NO_CLIENTE,0,ALTO,0.0,5,92,0,0,0,0,42,HIPOTECA,LICENCIATURA,0
2.01407e+16,146,RECHAZADA,PENDIENTE,RECHAZADO,MALO,0.0,,SIN_CUENTA,0.0,0.0,0.0,RECIBO DE NOMINA,MEDIO_A,NO_CLIENTE,0,ALTO,0.0,5,93,0,0,0,0,59,HIPOTECA,PREPARATORIA,0
2.01407e+16,146,RECHAZADA,PENDIENTE,RECHAZADO,MALO,0.0,,SIN_CUENTA,0.0,0.0,0.0,RECIBO DE NOMINA,MEDIO_B,NO_CLIENTE,0,ALTO,0.0,4,94,0,0,0,0,51,RENTA,LICENCIATURA,0
2.01408e+16,146,RECHAZADA,PENDIENTE,RECHAZADO,MALO,0.0,,SIN_CUENTA,0.0,0.0,0.0,RECIBO DE NOMINA,ALTO_B,NO_CLIENTE,0,ALTO,0.0,2,94,0,0,0,0,27,HIPOTECA,POSGRADO,0
2.01407e+16,146,RECHAZADA,PENDIENTE,RECHAZADO,MALO,0.0,,SIN_CUENTA,0.0,0.0,0.0,RECIBO DE NOMINA,ALTO_A,NO_CLIENTE,0,ALTO,0.0,3,95,0,0,0,0,34,PROPIA,POSGRADO,0
2.01408e+16,146,RECHAZADA,PENDIENTE,RECHAZADO,MALO,0.0,,SIN_CUENTA,0.0,0.0,0.0,INVERSIONES,MEDIO_B,NO_CLIENTE,0,ALTO,0.0,3,95,0,0,0,0,37,RENTA,PREPARATORIA,0
2.01407e+16,146,RECHAZADA,PENDIENTE,RECHAZADO,MALO,0.0,,SIN_CUENTA,0.0,0.0,0.0,RECIBO DE NOMINA,MEDIO_A,NO_CLIENTE,0,ALTO,0.0,1,96,0,0,0,0,57,HIPOTECA,PREPARATORIA,0
2.01408e+16,146,RECHAZADA,PENDIENTE,RECHAZADO,MALO,0.0,,SIN_CUENTA,0.0,0.0,0.0,RECIBO DE NOMINA,ALTO_A,NO_CLIENTE,0,ALTO,0.0,3,99,0,0,0,0,32,PROPIA,POSGRADO,0
2.01407e+16,147,RECHAZADA,PENDIENTE,RECHAZADO,MALO,0.0,,0,0.0,0.0,0.0,INVERSIONES,MEDIO_A,NO_CLIENTE,0,ALTO,0.0,3,91,0,857,348,0,31,PROPIA,LICENCIATURA,0
2.01407e+16,147,RECHAZADA,PENDIENTE,RECHAZADO,MALO,0.0,,SIN_CUENTA,0.0,0.0,0.0,INVERSIONES,MEDIO_A,NO_CLIENTE,0,ALTO,0.0,2,94,0,0,0,0,48,HIPOTECA,LICENCIATURA,0
2.01407e+16,147,RECHAZADA,PENDIENTE,RECHAZADO,MALO,0.0,,SIN_CUENTA,0.0,0.0,0.0,RECIBO DE NOMINA,ALTO_A,NO_CLIENTE,0,ALTO,0.0,4,95,0,0,0,0,40,PROPIA,POSGRADO,0
2.01408e+16,147,RECHAZADA,PENDIENTE,RECHAZADO,MALO,0.0,,1,0.0,0.0,0.0,INVERSIONES,MEDIO_A,NO_CLIENTE,7000,ALTO,0.0,4,95,0,5627,420,0,47,HIPOTECA,PREPARATORIA,0
2.01408e+16,147,RECHAZADA,PENDIENTE,RECHAZADO,MALO,0.0,,SIN_CUENTA,0.0,0.0,0.0,RECIBO DE NOMINA,MEDIO_A,NO_CLIENTE,0,ALTO,0.0,4,96,0,0,0,0,52,PROPIA,LICENCIATURA,0
2.01407e+16,147,RECHAZADA,PENDIENTE,RECHAZADO,MALO,0.0,,SIN_CUENTA,0.0,0.0,0.0,RECIBO DE NOMINA,MEDIO_A,NO_CLIENTE,0,ALTO,0.0,2,101,0,0,0,0,38,HIPOTECA,LICENCIATURA,0
2.01408e+16,148,RECHAZADA,PENDIENTE,RECHAZADO,MALO,0.0,,SIN_CUENTA,0.0,0.0,0.0,RECIBO DE NOMINA,ALTO_B,NO_CLIENTE,0,ALTO,0.0,4,90,0,0,0,0,37,RENTA,POSGRADO,0
2.01408e+16,148,RECHAZADA,PENDIENTE,RECHAZADO,MALO,0.0,,SIN_CUENTA,0.0,0.0,0.0,INVERSIONES,ALTO_B,NO_CLIENTE,0,ALTO,0.0,4,95,0,0,0,0,60,FAMILIARES,POSGRADO,0
2.01407e+16,148,RECHAZADA,PENDIENTE,RECHAZADO,MALO,0.0,,SIN_CUENTA,0.0,0.0,0.0,RECIBO DE NOMINA,MEDIO_B,NO_CLIENTE,0,ALTO,0.0,2,98,0,0,0,0,51,RENTA,PREPARATORIA,0
2.01407e+16,148,RECHAZADA,PENDIENTE,RECHAZADO,MALO,0.0,,SIN_CUENTA,0.0,0.0,0.0,RECIBO DE NOMINA,ALTO_B,NO_CLIENTE,0,ALTO,0.0,2,99,0,0,0,0,47,FAMILIARES,POSGRADO,0
2.01408e+16,148,RECHAZADA,PENDIENTE,RECHAZADO,MALO,0.0,,1,0.0,0.0,0.0,INVERSIONES,MEDIO_B,NO_CLIENTE,27500,ALTO,0.0,2,100,0,0,0,0,41,RENTA,PREPARATORIA,0
2.01407e+16,148,RECHAZADA,PENDIENTE,RECHAZADO,MALO,0.0,,SIN_CUENTA,0.0,0.0,0.0,INVERSIONES,ALTO_A,NO_CLIENTE,0,ALTO,0.0,3,101,0,0,0,0,51,PROPIA,POSGRADO,0
2.01408e+16,148,RECHAZADA,PENDIENTE,RECHAZADO,MALO,0.0,,SIN_CUENTA,0.0,0.0,0.0,RECIBO DE NOMINA,ALTO_B,NO_CLIENTE,0,ALTO,0.0,0,101,0,0,0,0,47,RENTA,POSGRADO,0
2.01407e+16,149,RECHAZADA,PENDIENTE,RECHAZADO,MALO,0.0,,SIN_CUENTA,0.0,0.0,0.0,DECLARACION ANUAL,ALTO_B,NO_CLIENTE,0,ALTO,0.0,2,90,0,0,0,0,53,FAMILIARES,POSGRADO,0
2.01407e+16,149,RECHAZADA,PENDIENTE,RECHAZADO,MALO,0.0,,SIN_CUENTA,0.0,0.0,0.0,RECIBO DE NOMINA,MEDIO_A,NO_CLIENTE,0,ALTO,0.0,3,91,0,0,0,0,53,HIPOTECA,PREPARATORIA,0
2.01408e+16,149,RECHAZADA,PENDIENTE,RECHAZADO,MALO,0.0,,SIN_CUENTA,0.0,0.0,0.0,RECIBO DE NOMINA,MEDIO_A,NO_CLIENTE,0,ALTO,0.0,1,91,0,0,0,0,25,PROPIA,LICENCIATURA,0
2.01407e+16,149,RECHAZADA,PENDIENTE,RECHAZADO,MALO,0.0,,0,0.0,0.0,0.0,INVERSIONES,ALTO_A,NO_CLIENTE,0,ALTO,0.0,2,92,0,54689,2220,0,27,PROPIA,POSGRADO,0
2.01407e+16,149,RECHAZADA,PENDIENTE,RECHAZADO,MALO,0.0,,SIN_CUENTA,0.0,0.0,0.0,RECIBO DE NOMINA,MEDIO_A,NO_CLIENTE,0,ALTO,0.0,2,99,0,0,0,0,58,HIPOTECA,PREPARATORIA,0
2.01407e+16,150,RECHAZADA,PENDIENTE,RECHAZADO,MALO,0.0,,SIN_CUENTA,0.0,0.0,0.0,RECIBO DE NOMINA,ALTO_B,NO_CLIENTE,0,ALTO,0.0,5,89,0,0,0,0,59,HIPOTECA,POSGRADO,0
2.01408e+16,150,RECHAZADA,PENDIENTE,RECHAZADO,MALO,0.0,,SIN_CUENTA,0.0,0.0,0.0,RECIBO DE NOMINA,MEDIO_B,NO_CLIENTE,0,ALTO,0.0,3,93,0,0,0,0,45,RENTA,LICENCIATURA,0
2.01407e+16,150,RECHAZADA,PENDIENTE,RECHAZADO,MALO,0.0,,SIN_CUENTA,0.0,0.0,0.0,RECIBO DE NOMINA,MEDIO_B,NO_CLIENTE,0,ALTO,0.0,2,97,0,0,0,0,57,FAMILIARES,LICENCIATURA,0
2.01407e+16,150,RECHAZADA,PENDIENTE,RECHAZADO,MALO,0.0,,SIN_CUENTA,0.0,0.0,0.0,INVERSIONES,ALTO_B,NO_CLIENTE,0,ALTO,0.0,1,98,0,0,0,0,46,RENTA,POSGRADO,0
2.01408e+16,150,RECHAZADA,PENDIENTE,RECHAZADO,MALO,0.0,,SIN_CUENTA,0.0,0.0,0.0,INVERSIONES,MEDIO_B,NO_CLIENTE,0,ALTO,0.0,1,101,0,0,0,0,35,FAMILIARES,LICENCIATURA,0
2.01408e+16,151,RECHAZADA,PENDIENTE,RECHAZADO,MALO,0.0,,SIN_CUENTA,0.0,0.0,0.0,RECIBO DE NOMINA,ALTO_B,NO_CLIENTE,0,ALTO,0.0,2,91,0,0,0,0,36,FAMILIARES,POSGRADO,0
2.01408e+16,151,RECHAZADA,PENDIENTE,RECHAZADO,MALO,0.0,,SIN_CUENTA,0.0,0.0,0.0,RECIBO DE NOMINA,MEDIO_B,NO_CLIENTE,0,ALTO,0.0,2,92,0,0,0,0,48,RENTA,LICENCIATURA,0
2.01408e+16,151,RECHAZADA,PENDIENTE,RECHAZADO,MALO,0.0,,SIN_CUENTA,0.0,0.0,0.0,RECIBO DE NOMINA,MEDIO_B,NO_CLIENTE,0,ALTO,0.0,3,93,0,0,0,0,56,RENTA,LICENCIATURA,0
2.01407e+16,151,RECHAZADA,PENDIENTE,RECHAZADO,MALO,0.0,,SIN_CUENTA,0.0,0.0,0.0,RECIBO DE NOMINA,MEDIO_A,NO_CLIENTE,0,ALTO,0.0,1,94,0,0,0,0,54,HIPOTECA,LICENCIATURA,0
2.01407e+16,151,CANCELADA,PENDIENTE,RECHAZADO,MALO,0.0,,SIN_CUENTA,0.0,0.0,0.0,RECIBO DE NOMINA,MEDIO_B,NO_CLIENTE,0,ALTO,0.0,2,98,0,0,0,0,46,RENTA,PREPARATORIA,0
2.01407e+16,151,CANCELADA,PENDIENTE,RECHAZADO,MALO,0.0,,0,0.0,0.0,0.0,INVERSIONES,ALTO_B,NO_CLIENTE,0,ALTO,0.0,2,99,0,12131,340,0,43,FAMILIARES,POSGRADO,0
2.01407e+16,151,RECHAZADA,PENDIENTE,RECHAZADO,MALO,0.0,,0,0.0,0.0,0.0,INVERSIONES,ALTO_B,NO_CLIENTE,0,ALTO,0.0,3,99,0,14198,890,0,45,RENTA,POSGRADO,0
2.01408e+16,151,EN_PROCESO,PENDIENTE,RECHAZADO,MALO,0.0,,1,0.0,0.0,0.0,INVERSIONES,MEDIO_B,NO_CLIENTE,94500,ALTO,0.0,1,101,0,22807,1190,0,39,FAMILIARES,PREPARATORIA,0
2.01407e+16,152,RECHAZADA,PENDIENTE,RECHAZADO,MALO,0.0,,SIN_CUENTA,0.0,0.0,0.0,RECIBO DE NOMINA,ALTO_B,NO_CLIENTE,0,ALTO,0.0,5,89,0,0,0,0,60,RENTA,POSGRADO,0
2.01408e+16,152,RECHAZADA,PENDIENTE,RECHAZADO,MALO,0.0,,SIN_CUENTA,0.0,0.0,0.0,RECIBO DE NOMINA,MEDIO_A,NO_CLIENTE,0,ALTO,0.0,5,89,0,0,0,0,27,HIPOTECA,LICENCIATURA,0
2.01408e+16,152,RECHAZADA,PENDIENTE,RECHAZADO,MALO,0.0,,SIN_CUENTA,0.0,0.0,0.0,RECIBO DE NOMINA,MEDIO_A,NO_CLIENTE,0,ALTO,0.0,2,91,0,0,0,0,46,HIPOTECA,PREPARATORIA,0
2.01407e+16,152,CANCELADA,PENDIENTE,RECHAZADO,MALO,0.0,,SIN_CUENTA,0.0,0.0,0.0,INVERSIONES,MEDIO_B,NO_CLIENTE,0,ALTO,0.0,1,92,0,0,0,0,47,RENTA,LICENCIATURA,0
2.01408e+16,152,RECHAZADA,PENDIENTE,RECHAZADO,MALO,0.0,,SIN_CUENTA,0.0,0.0,0.0,INVERSIONES,ALTO_A,NO_CLIENTE,0,ALTO,0.0,4,92,0,0,0,0,53,PROPIA,POSGRADO,0
2.01407e+16,152,RECHAZADA,PENDIENTE,RECHAZADO,MALO,0.0,,SIN_CUENTA,0.0,0.0,0.0,RECIBO DE NOMINA,ALTO_B,NO_CLIENTE,0,ALTO,0.0,4,93,0,0,0,0,26,RENTA,POSGRADO,0
2.01408e+16,152,RECHAZADA,PENDIENTE,RECHAZADO,MALO,0.0,,SIN_CUENTA,0.0,0.0,0.0,INVERSIONES,MEDIO_A,NO_CLIENTE,0,ALTO,0.0,3,97,0,0,0,0,59,PROPIA,LICENCIATURA,0
2.01407e+16,152,RECHAZADA,PENDIENTE,RECHAZADO,MALO,0.0,,1,0.0,0.0,0.0,INVERSIONES,MEDIO_B,NO_CLIENTE,0,ALTO,0.0,5,99,0,6003,0,0,34,FAMILIARES,PREPARATORIA,0
2.01407e+16,152,RECHAZADA,PENDIENTE,RECHAZADO,MALO,0.0,,0,0.0,0.0,0.0,INVERSIONES,MEDIO_A,NO_CLIENTE,0,ALTO,0.0,3,99,0,1947,250,0,39,PROPIA,LICENCIATURA,0
2.01408e+16,152,RECHAZADA,PENDIENTE,RECHAZADO,MALO,0.0,,SIN_CUENTA,0.0,0.0,0.0,RECIBO DE NOMINA,BAJO_B,NO_CLIENTE,0,ALTO,0.0,3,99,0,0,0,0,47,FAMILIARES,SECUNDARIA,0
2.01408e+16,152,RECHAZADA,PENDIENTE,RECHAZADO,MALO,0.0,,SIN_CUENTA,0.0,0.0,0.0,RECIBO DE NOMINA,ALTO_A,NO_CLIENTE,0,ALTO,0.0,0,101,0,0,0,0,32,PROPIA,POSGRADO,0
2.01407e+16,153,RECHAZADA,PENDIENTE,RECHAZADO,MALO,0.0,,SIN_CUENTA,0.0,0.0,0.0,RECIBO DE NOMINA,MEDIO_A,NO_CLIENTE,0,ALTO,0.0,4,91,0,0,0,0,36,HIPOTECA,PREPARATORIA,0
2.01407e+16,153,RECHAZADA,PENDIENTE,RECHAZADO,MALO,0.0,,SIN_CUENTA,0.0,0.0,0.0,INVERSIONES,ALTO_A,NO_CLIENTE,0,ALTO,0.0,3,94,0,0,0,0,41,PROPIA,POSGRADO,0
2.01408e+16,153,RECHAZADA,PENDIENTE,RECHAZADO,MALO,0.0,,SIN_CUENTA,0.0,0.0,0.0,RECIBO DE NOMINA,ALTO_B,NO_CLIENTE,0,ALTO,0.0,2,94,0,0,0,0,44,RENTA,POSGRADO,0
2.01408e+16,153,RECHAZADA,PENDIENTE,RECHAZADO,MALO,0.0,,SIN_CUENTA,0.0,0.0,0.0,INVERSIONES,MEDIO_B,NO_CLIENTE,0,ALTO,0.0,1,95,0,0,0,0,58,FAMILIARES,LICENCIATURA,0
2.01408e+16,153,RECHAZADA,PENDIENTE,RECHAZADO,MALO,0.0,,SIN_CUENTA,0.0,0.0,0.0,RECIBO DE NOMINA,MEDIO_A,NO_CLIENTE,0,ALTO,0.0,1,99,0,0,0,0,59,PROPIA,LICENCIATURA,0
2.01407e+16,153,RECHAZADA,PENDIENTE,RECHAZADO,MALO,0.0,,2,0.0,0.0,0.0,INVERSIONES,MEDIO_B,NO_CLIENTE,0,ALTO,0.0,4,101,0,5345,500,0,29,FAMILIARES,PREPARATORIA,0
2.01408e+16,154,RECHAZADA,PENDIENTE,RECHAZADO,MALO,0.0,,SIN_CUENTA,0.0,0.0,0.0,INVERSIONES,ALTO_A,NO_CLIENTE,0,ALTO,0.0,5,89,0,0,0,0,46,PROPIA,POSGRADO,0
2.01407e+16,154,RECHAZADA,PENDIENTE,RECHAZADO,MALO,0.0,,SIN_CUENTA,0.0,0.0,0.0,INVERSIONES,ALTO_B,NO_CLIENTE,0,ALTO,0.0,2,93,0,0,0,0,54,RENTA,POSGRADO,0
2.01407e+16,154,RECHAZADA,PENDIENTE,RECHAZADO,MALO,0.0,,SIN_CUENTA,0.0,0.0,0.0,INVERSIONES,MEDIO_B,NO_CLIENTE,0,ALTO,0.0,5,93,0,0,0,0,58,FAMILIARES,LICENCIATURA,0
2.01408e+16,154,RECHAZADA,PENDIENTE,RECHAZADO,MALO,0.0,,SIN_CUENTA,0.0,0.0,0.0,RECIBO DE NOMINA,MEDIO_A,NO_CLIENTE,0,ALTO,0.0,1,93,0,0,0,0,40,HIPOTECA,LICENCIATURA,0
2.01407e+16,154,RECHAZADA,PENDIENTE,RECHAZADO,MALO,0.0,,SIN_CUENTA,0.0,0.0,0.0,RECIBO DE NOMINA,MEDIO_B,NO_CLIENTE,0,ALTO,0.0,5,94,0,0,0,0,44,FAMILIARES,PREPARATORIA,0
2.01407e+16,154,RECHAZADA,PENDIENTE,RECHAZADO,MALO,0.0,,SIN_CUENTA,0.0,0.0,0.0,RECIBO DE NOMINA,MEDIO_B,NO_CLIENTE,0,ALTO,0.0,5,94,0,0,0,0,32,FAMILIARES,LICENCIATURA,0
2.01406e+16,154,RECHAZADA,PENDIENTE,RECHAZADO,MALO,0.0,,SIN_CUENTA,0.0,0.0,0.0,INVERSIONES,MEDIO_A,NO_CLIENTE,0,ALTO,0.0,3,96,0,0,0,0,34,PROPIA,LICENCIATURA,0
2.01408e+16,154,RECHAZADA,PENDIENTE,RECHAZADO,MALO,0.0,,SIN_CUENTA,0.0,0.0,0.0,RECIBO DE NOMINA,ALTO_B,NO_CLIENTE,0,ALTO,0.0,2,96,0,0,0,0,40,RENTA,POSGRADO,0
2.01408e+16,154,RECHAZADA,PENDIENTE,RECHAZADO,MALO,0.0,,SIN_CUENTA,0.0,0.0,0.0,INVERSIONES,BAJO_B,NO_CLIENTE,0,ALTO,0.0,3,96,0,0,0,0,51,FAMILIARES,SECUNDARIA,0
2.01408e+16,154,RECHAZADA,PENDIENTE,RECHAZADO,MALO,0.0,,SIN_CUENTA,0.0,0.0,0.0,INVERSIONES,MEDIO_B,NO_CLIENTE,0,ALTO,0.0,4,97,0,0,0,0,35,FAMILIARES,LICENCIATURA,0
2.01408e+16,155,RECHAZADA,PENDIENTE,RECHAZADO,MALO,0.0,,SIN_CUENTA,0.0,0.0,0.0,RECIBO DE NOMINA,MEDIO_B,NO_CLIENTE,0,ALTO,0.0,5,89,0,0,0,0,52,FAMILIARES,PREPARATORIA,0
2.01407e+16,155,RECHAZADA,PENDIENTE,RECHAZADO,MALO,0.0,,0,0.0,0.0,0.0,INVERSIONES,MEDIO_A,NO_CLIENTE,0,ALTO,0.0,2,92,0,25897,1790,0,46,PROPIA,LICENCIATURA,0
2.01408e+16,155,RECHAZADA,PENDIENTE,RECHAZADO,MALO,0.0,,SIN_CUENTA,0.0,0.0,0.0,SIN COMPROBANTE,MEDIO_A,NO_CLIENTE,0,ALTO,0.0,5,92,0,0,0,0,60,PROPIA,LICENCIATURA,0
2.01408e+16,155,RECHAZADA,PENDIENTE,RECHAZADO,MALO,0.0,,SIN_CUENTA,0.0,0.0,0.0,INVERSIONES,MEDIO_A,NO_CLIENTE,0,ALTO,0.0,1,94,0,0,0,0,25,HIPOTECA,PREPARATORIA,0
2.01406e+16,155,RECHAZADA,PENDIENTE,RECHAZADO,MALO,0.0,,SIN_CUENTA,0.0,0.0,0.0,RECIBO DE NOMINA,MEDIO_A,NO_CLIENTE,0,ALTO,0.0,5,96,0,0,0,0,54,HIPOTECA,PREPARATORIA,0
2.01408e+16,155,RECHAZADA,PENDIENTE,RECHAZADO,MALO,0.0,,SIN_CUENTA,0.0,0.0,0.0,RECIBO DE NOMINA,MEDIO_B,NO_CLIENTE,0,ALTO,0.0,2,99,0,0,0,0,38,RENTA,LICENCIATURA,0
2.01408e+16,155,RECHAZADA,PENDIENTE,RECHAZADO,MALO,0.0,,1,0.0,0.0,0.0,INVERSIONES,MEDIO_B,NO_CLIENTE,176500,ALTO,0.0,1,99,0,167320,6270,0,43,RENTA,LICENCIATURA,0
2.01407e+16,155,RECHAZADA,PENDIENTE,RECHAZADO,MALO,0.0,,1,0.0,0.0,0.0,INVERSIONES,MEDIO_A,NO_CLIENTE,0,ALTO,0.0,4,100,0,955,572,0,45,HIPOTECA,PREPARATORIA,0
2.01408e+16,155,RECHAZADA,PENDIENTE,RECHAZADO,MALO,0.0,,SIN_CUENTA,0.0,0.0,0.0,RECIBO DE NOMINA,MEDIO_B,NO_CLIENTE,0,ALTO,0.0,3,101,0,0,0,0,40,FAMILIARES,PREPARATORIA,0
2.01408e+16,156,RECHAZADA,PENDIENTE,RECHAZADO,MALO,0.0,,SIN_CUENTA,0.0,0.0,0.0,RECIBO DE NOMINA,MEDIO_B,NO_CLIENTE,0,ALTO,0.0,4,89,0,0,0,0,45,RENTA,PREPARATORIA,0
2.01408e+16,156,RECHAZADA,PENDIENTE,RECHAZADO,MALO,0.0,,SIN_CUENTA,0.0,0.0,0.0,RECIBO DE NOMINA,MEDIO_B,NO_CLIENTE,0,ALTO,0.0,5,90,0,0,0,0,26,RENTA,LICENCIATURA,0
2.01406e+16,156,RECHAZADA,PENDIENTE,RECHAZADO,MALO,0.0,,SIN_CUENTA,0.0,0.0,0.0,RECIBO DE NOMINA,BAJO_B,NO_CLIENTE,0,ALTO,0.0,5,91,0,0,0,0,47,FAMILIARES,SECUNDARIA,0
2.01407e+16,156,RECHAZADA,PENDIENTE,RECHAZADO,MALO,0.0,,SIN_CUENTA,0.0,0.0,0.0,RECIBO DE NOMINA,MEDIO_B,NO_CLIENTE,0,ALTO,0.0,1,91,0,0,0,0,31,RENTA,LICENCIATURA,0
2.01408e+16,156,RECHAZADA,PENDIENTE,RECHAZADO,MALO,0.0,,0,0.0,0.0,0.0,RECIBO DE NOMINA,MEDIO_B,NO_CLIENTE,76000,ALTO,0.0,3,91,0,0,0,0,25,RENTA,LICENCIATURA,0
2.01407e+16,156,RECHAZADA,PENDIENTE,RECHAZADO,MALO,0.0,,SIN_CUENTA,0.0,0.0,0.0,RECIBO DE NOMINA,ALTO_B,NO_CLIENTE,0,ALTO,0.0,3,93,0,0,0,0,47,RENTA,POSGRADO,0
2.01407e+16,156,RECHAZADA,PENDIENTE,RECHAZADO,MALO,0.0,,SIN_CUENTA,0.0,0.0,0.0,RECIBO DE NOMINA,ALTO_A,NO_CLIENTE,0,ALTO,0.0,3,96,0,0,0,0,40,PROPIA,POSGRADO,0
2.01407e+16,156,RECHAZADA,PENDIENTE,RECHAZADO,MALO,0.0,,SIN_CUENTA,0.0,0.0,0.0,INVERSIONES,MEDIO_A,NO_CLIENTE,0,ALTO,0.0,2,98,0,0,0,0,51,HIPOTECA,PREPARATORIA,0
2.01408e+16,157,RECHAZADA,PENDIENTE,RECHAZADO,MALO,0.0,,SIN_CUENTA,0.0,0.0,0.0,RECIBO DE NOMINA,ALTO_A,NO_CLIENTE,0,ALTO,0.0,4,94,0,0,0,0,47,PROPIA,POSGRADO,0
2.01407e+16,157,RECHAZADA,PENDIENTE,RECHAZADO,MALO,0.0,,SIN_CUENTA,0.0,0.0,0.0,RECIBO DE NOMINA,ALTO_B,NO_CLIENTE,0,ALTO,0.0,3,96,0,0,0,0,26,FAMILIARES,POSGRADO,0
2.01407e+16,157,RECHAZADA,PENDIENTE,RECHAZADO,MALO,0.0,,SIN_CUENTA,0.0,0.0,0.0,RECIBO DE NOMINA,ALTO_B,NO_CLIENTE,0,ALTO,0.0,3,97,0,0,0,0,55,FAMILIARES,POSGRADO,0
2.01407e+16,158,RECHAZADA,PENDIENTE,RECHAZADO,MALO,0.0,,SIN_CUENTA,0.0,0.0,0.0,RECIBO DE NOMINA,MEDIO_B,NO_CLIENTE,0,ALTO,0.0,5,93,0,0,0,0,32,FAMILIARES,PREPARATORIA,0
2.01408e+16,158,RECHAZADA,PENDIENTE,RECHAZADO,MALO,0.0,,SIN_CUENTA,0.0,0.0,0.0,INVERSIONES,ALTO_A,NO_CLIENTE,0,ALTO,0.0,2,93,0,0,0,0,36,PROPIA,POSGRADO,0
2.01408e+16,158,RECHAZADA,PENDIENTE,RECHAZADO,MALO,0.0,,SIN_CUENTA,0.0,0.0,0.0,RECIBO DE NOMINA,MEDIO_A,NO_CLIENTE,0,ALTO,0.0,3,98,0,0,0,0,60,PROPIA,LICENCIATURA,0
2.01407e+16,158,RECHAZADA,PENDIENTE,RECHAZADO,MALO,0.0,,SIN_CUENTA,0.0,0.0,0.0,RECIBO DE NOMINA,MEDIO_B,NO_CLIENTE,0,ALTO,0.0,2,99,0,0,0,0,31,FAMILIARES,LICENCIATURA,0
2.01407e+16,158,CANCELADA,PENDIENTE,RECHAZADO,MALO,0.0,,SIN_CUENTA,0.0,0.0,0.0,RECIBO DE NOMINA,MEDIO_A,NO_CLIENTE,0,ALTO,0.0,2,100,0,0,0,0,44,HIPOTECA,PREPARATORIA,0
2.01407e+16,158,CANCELADA,PENDIENTE,RECHAZADO,MALO,0.0,,SIN_CUENTA,0.0,0.0,0.0,SIN COMPROBANTE,MEDIO_A,NO_CLIENTE,0,ALTO,0.0,4,101,0,0,0,0,58,HIPOTECA,LICENCIATURA,0
2.01407e+16,159,RECHAZADA,PENDIENTE,RECHAZADO,MALO,0.0,,SIN_CUENTA,0.0,0.0,0.0,RECIBO DE NOMINA,MEDIO_B,NO_CLIENTE,0,ALTO,0.0,4,89,0,0,0,0,25,FAMILIARES,LICENCIATURA,0
2.01408e+16,159,RECHAZADA,PENDIENTE,RECHAZADO,MALO,0.0,,SIN_CUENTA,0.0,0.0,0.0,RECIBO DE NOMINA,MEDIO_B,NO_CLIENTE,0,ALTO,0.0,3,90,0,0,0,0,28,FAMILIARES,PREPARATORIA,0
2.01408e+16,159,RECHAZADA,PENDIENTE,RECHAZADO,MALO,0.0,,SIN_CUENTA,0.0,0.0,0.0,RECIBO DE NOMINA,ALTO_A,NO_CLIENTE,0,ALTO,0.0,5,93,0,0,0,0,34,PROPIA,POSGRADO,0
2.01408e+16,159,RECHAZADA,PENDIENTE,RECHAZADO,MALO,0.0,,SIN_CUENTA,0.0,0.0,0.0,RECIBO DE NOMINA,MEDIO_B,NO_CLIENTE,0,ALTO,0.0,1,96,0,0,0,0,51,FAMILIARES,LICENCIATURA,0
2.01408e+16,159,RECHAZADA,PENDIENTE,RECHAZADO,MALO,0.0,,SIN_CUENTA,0.0,0.0,0.0,INVERSIONES,MEDIO_A,NO_CLIENTE,0,ALTO,0.0,3,98,0,0,0,0,55,HIPOTECA,PREPARATORIA,0
2.01408e+16,160,RECHAZADA,PENDIENTE,RECHAZADO,MALO,0.0,,SIN_CUENTA,0.0,0.0,0.0,RECIBO DE NOMINA,ALTO_A,NO_CLIENTE,0,ALTO,0.0,1,93,0,0,0,0,31,PROPIA,POSGRADO,0
2.01407e+16,160,RECHAZADA,PENDIENTE,RECHAZADO,MALO,0.0,,0,0.0,0.0,0.0,INVERSIONES,MEDIO_A,NO_CLIENTE,0,ALTO,0.0,5,94,0,5001,2890,0,38,HIPOTECA,LICENCIATURA,0
2.01408e+16,160,RECHAZADA,PENDIENTE,RECHAZADO,MALO,0.0,,SIN_CUENTA,0.0,0.0,0.0,RECIBO DE NOMINA,MEDIO_A,NO_CLIENTE,0,ALTO,0.0,2,96,0,0,0,0,48,HIPOTECA,PREPARATORIA,0
2.01407e+16,160,RECHAZADA,PENDIENTE,RECHAZADO,MALO,0.0,,0,0.0,0.0,0.0,INVERSIONES,MEDIO_B,NO_CLIENTE,0,ALTO,0.0,1,97,0,47354,2760,0,39,FAMILIARES,LICENCIATURA,0
2.01408e+16,160,RECHAZADA,PENDIENTE,RECHAZADO,MALO,0.0,,SIN_CUENTA,0.0,0.0,0.0,RECIBO DE NOMINA,MEDIO_A,NO_CLIENTE,0,ALTO,0.0,2,99,0,0,0,0,49,PROPIA,LICENCIATURA,0
2.01407e+16,160,RECHAZADA,PENDIENTE,RECHAZADO,MALO,0.0,,2,0.0,0.0,0.0,RECIBO DE NOMINA,MEDIO_B,NO_CLIENTE,0,ALTO,0.0,3,100,0,7268,460,0,36,FAMILIARES,PREPARATORIA,0
2.01408e+16,161,RECHAZADA,PENDIENTE,RECHAZADO,MALO,0.0,,SIN_CUENTA,0.0,0.0,0.0,RECIBO DE NOMINA,ALTO_B,NO_CLIENTE,0,ALTO,0.0,3,90,0,0,0,0,49,HIPOTECA,POSGRADO,0
2.01407e+16,161,RECHAZADA,PENDIENTE,RECHAZADO,MALO,0.0,,SIN_CUENTA,0.0,0.0,0.0,RECIBO DE NOMINA,ALTO_B,NO_CLIENTE,0,ALTO,0.0,3,92,0,0,0,0,48,FAMILIARES,POSGRADO,0
2.01408e+16,161,RECHAZADA,PENDIENTE,RECHAZADO,MALO,0.0,,SIN_CUENTA,0.0,0.0,0.0,INVERSIONES,ALTO_B,NO_CLIENTE,0,ALTO,0.0,3,94,0,0,0,0,55,RENTA,POSGRADO,0
2.01408e+16,161,RECHAZADA,PENDIENTE,RECHAZADO,MALO,0.0,,SIN_CUENTA,0.0,0.0,0.0,RECIBO DE NOMINA,MEDIO_A,NO_CLIENTE,0,ALTO,0.0,2,95,0,0,0,0,42,PROPIA,LICENCIATURA,0
2.01408e+16,161,RECHAZADA,PENDIENTE,RECHAZADO,MALO,0.0,,SIN_CUENTA,0.0,0.0,0.0,RECIBO DE NOMINA,MEDIO_A,NO_CLIENTE,0,ALTO,0.0,2,99,0,0,0,0,52,PROPIA,LICENCIATURA,0
2.01407e+16,161,RECHAZADA,PENDIENTE,RECHAZADO,MALO,0.0,,SIN_CUENTA,0.0,0.0,0.0,INVERSIONES,MEDIO_B,NO_CLIENTE,0,ALTO,0.0,1,100,0,0,0,0,34,FAMILIARES,PREPARATORIA,0
2.01408e+16,161,RECHAZADA,PENDIENTE,RECHAZADO,MALO,0.0,,SIN_CUENTA,0.0,0.0,0.0,SIN COMPROBANTE,MEDIO_B,NO_CLIENTE,0,ALTO,0.0,2,100,0,0,0,0,56,RENTA,PREPARATORIA,0
2.01408e+16,161,RECHAZADA,PENDIENTE,RECHAZADO,MALO,0.0,,0,0.0,0.0,0.0,INVERSIONES,MEDIO_B,NO_CLIENTE,53600,ALTO,0.0,2,100,0,29045,1350,0,28,FAMILIARES,PREPARATORIA,0
2.01408e+16,161,RECHAZADA,PENDIENTE,RECHAZADO,MALO,0.0,,1,0.0,0.0,0.0,INVERSIONES,MEDIO_A,NO_CLIENTE,35000,ALTO,0.0,3,100,0,23519,860,0,29,PROPIA,LICENCIATURA,0
2.01407e+16,161,RECHAZADA,PENDIENTE,RECHAZADO,MALO,0.0,,SIN_CUENTA,0.0,0.0,0.0,RECIBO DE NOMINA,MEDIO_B,NO_CLIENTE,0,ALTO,0.0,3,101,0,0,0,0,40,FAMILIARES,LICENCIATURA,0
2.01408e+16,161,RECHAZADA,PENDIENTE,RECHAZADO,MALO,0.0,,SIN_CUENTA,0.0,0.0,0.0,INVERSIONES,MEDIO_B,NO_CLIENTE,0,ALTO,0.0,0,101,0,0,0,0,49,FAMILIARES,LICENCIATURA,0
2.01407e+16,162,RECHAZADA,PENDIENTE,RECHAZADO,MALO,0.0,,SIN_CUENTA,0.0,0.0,0.0,INVERSIONES,ALTO_B,NO_CLIENTE,0,ALTO,0.0,3,94,0,0,0,0,56,FAMILIARES,POSGRADO,0
2.01407e+16,162,RECHAZADA,PENDIENTE,RECHAZADO,MALO,0.0,,0,0.0,0.0,0.0,INVERSIONES,MEDIO_A,NO_CLIENTE,0,ALTO,0.0,4,97,0,496,250,0,35,HIPOTECA,LICENCIATURA,0
2.01408e+16,162,RECHAZADA,PENDIENTE,RECHAZADO,MALO,0.0,,SIN_CUENTA,0.0,0.0,0.0,INVERSIONES,MEDIO_B,NO_CLIENTE,0,ALTO,0.0,3,97,0,0,0,0,55,FAMILIARES,LICENCIATURA,0
2.01408e+16,162,RECHAZADA,PENDIENTE,RECHAZADO,MALO,0.0,,SIN_CUENTA,0.0,0.0,0.0,RECIBO DE NOMINA,MEDIO_A,NO_CLIENTE,0,ALTO,0.0,3,97,0,0,0,0,45,HIPOTECA,PREPARATORIA,0
2.01408e+16,162,RECHAZADA,PENDIENTE,RECHAZADO,MALO,0.0,,SIN_CUENTA,0.0,0.0,0.0,RECIBO DE NOMINA,ALTO_B,NO_CLIENTE,0,ALTO,0.0,1,97,0,0,0,0,41,HIPOTECA,POSGRADO,0
2.01407e+16,163,RECHAZADA,PENDIENTE,RECHAZADO,MALO,0.0,,SIN_CUENTA,0.0,0.0,0.0,INVERSIONES,MEDIO_A,NO_CLIENTE,0,ALTO,0.0,4,89,0,0,0,0,37,HIPOTECA,LICENCIATURA,0
2.01407e+16,163,RECHAZADA,PENDIENTE,RECHAZADO,MALO,0.0,,0,0.0,0.0,0.0,INVERSIONES,MEDIO_A,NO_CLIENTE,0,ALTO,0.0,4,89,0,44691,0,0,55,PROPIA,LICENCIATURA,0
2.01407e+16,163,RECHAZADA,PENDIENTE,RECHAZADO,MALO,0.0,,SIN_CUENTA,0.0,0.0,0.0,RECIBO DE NOMINA,MEDIO_A,NO_CLIENTE,0,ALTO,0.0,4,89,0,0,0,0,30,HIPOTECA,PREPARATORIA,0
2.01408e+16,163,RECHAZADA,PENDIENTE,RECHAZADO,MALO,0.0,,SIN_CUENTA,0.0,0.0,0.0,INVERSIONES,MEDIO_B,NO_CLIENTE,0,ALTO,0.0,5,89,0,0,0,0,42,RENTA,PREPARATORIA,0
2.01408e+16,163,RECHAZADA,PENDIENTE,RECHAZADO,MALO,0.0,,SIN_CUENTA,0.0,0.0,0.0,INVERSIONES,ALTO_B,NO_CLIENTE,0,ALTO,0.0,4,89,0,0,0,0,52,RENTA,POSGRADO,0
2.01408e+16,163,RECHAZADA,PENDIENTE,RECHAZADO,MALO,0.0,,0,0.0,0.0,0.0,RECIBO DE NOMINA,MEDIO_B,NO_CLIENTE,296000,ALTO,0.0,4,89,0,30397,1830,0,25,RENTA,LICENCIATURA,0
2.01407e+16,163,RECHAZADA,PENDIENTE,RECHAZADO,MALO,0.0,,SIN_CUENTA,0.0,0.0,0.0,INVERSIONES,MEDIO_A,NO_CLIENTE,0,ALTO,0.0,1,91,0,0,0,0,51,HIPOTECA,LICENCIATURA,0
2.01407e+16,163,RECHAZADA,PENDIENTE,RECHAZADO,MALO,0.0,,SIN_CUENTA,0.0,0.0,0.0,RECIBO DE NOMINA,MEDIO_B,NO_CLIENTE,0,ALTO,0.0,1,92,0,0,0,0,41,FAMILIARES,LICENCIATURA,0
2.01407e+16,163,RECHAZADA,PENDIENTE,RECHAZADO,MALO,0.0,,SIN_CUENTA,0.0,0.0,0.0,RECIBO DE NOMINA,MEDIO_B,NO_CLIENTE,0,ALTO,0.0,3,95,0,0,0,0,48,FAMILIARES,PREPARATORIA,0
2.01407e+16,163,RECHAZADA,PENDIENTE,RECHAZADO,MALO,0.0,,0,0.0,0.0,0.0,INVERSIONES,MEDIO_A,NO_CLIENTE,0,ALTO,0.0,3,97,0,227,227,0,49,PROPIA,LICENCIATURA,0
2.01408e+16,163,RECHAZADA,PENDIENTE,RECHAZADO,MALO,0.0,,SIN_CUENTA,0.0,0.0,0.0,RECIBO DE NOMINA,MEDIO_B,NO_CLIENTE,0,ALTO,0.0,0,101,0,0,0,0,58,FAMILIARES,LICENCIATURA,0
2.01407e+16,164,RECHAZADA,PENDIENTE,RECHAZADO,MALO,0.0,,SIN_CUENTA,0.0,0.0,0.0,RECIBO DE NOMINA,MEDIO_A,NO_CLIENTE,0,ALTO,0.0,1,92,0,0,0,0,43,HIPOTECA,LICENCIATURA,0
2.01407e+16,164,RECHAZADA,PENDIENTE,RECHAZADO,MALO,0.0,,SIN_CUENTA,0.0,0.0,0.0,RECIBO DE NOMINA,MEDIO_B,NO_CLIENTE,0,ALTO,0.0,4,92,0,0,0,0,57,FAMILIARES,PREPARATORIA,0
2.01407e+16,164,RECHAZADA,PENDIENTE,RECHAZADO,MALO,0.0,,SIN_CUENTA,0.0,0.0,0.0,RECIBO DE NOMINA,MEDIO_B,NO_CLIENTE,0,ALTO,0.0,3,93,0,0,0,0,36,FAMILIARES,LICENCIATURA,0
2.01407e+16,164,RECHAZADA,PENDIENTE,RECHAZADO,MALO,0.0,,SIN_CUENTA,0.0,0.0,0.0,INVERSIONES,MEDIO_A,NO_CLIENTE,0,ALTO,0.0,5,93,0,0,0,0,32,HIPOTECA,PREPARATORIA,0
2.01408e+16,165,RECHAZADA,PENDIENTE,RECHAZADO,MALO,0.0,,SIN_CUENTA,0.0,0.0,0.0,RECIBO DE NOMINA,MEDIO_A,NO_CLIENTE,0,ALTO,0.0,4,90,0,0,0,0,49,HIPOTECA,PREPARATORIA,0
2.01407e+16,165,RECHAZADA,PENDIENTE,RECHAZADO,MALO,0.0,,SIN_CUENTA,0.0,0.0,0.0,INVERSIONES,MEDIO_A,NO_CLIENTE,0,ALTO,0.0,2,91,0,0,0,0,25,PROPIA,LICENCIATURA,0
2.01408e+16,165,RECHAZADA,PENDIENTE,RECHAZADO,MALO,0.0,,SIN_CUENTA,0.0,0.0,0.0,RECIBO DE NOMINA,MEDIO_A,NO_CLIENTE,0,ALTO,0.0,5,91,0,0,0,0,40,PROPIA,LICENCIATURA,0
2.01407e+16,165,RECHAZADA,PENDIENTE,RECHAZADO,MALO,0.0,,SIN_CUENTA,0.0,0.0,0.0,RECIBO DE NOMINA,MEDIO_A,NO_CLIENTE,0,ALTO,0.0,1,92,0,0,0,0,55,HIPOTECA,PREPARATORIA,0
2.01408e+16,165,RECHAZADA,PENDIENTE,RECHAZADO,MALO,0.0,,SIN_CUENTA,0.0,0.0,0.0,RECIBO DE NOMINA,MEDIO_A,NO_CLIENTE,0,ALTO,0.0,5,92,0,0,0,0,27,HIPOTECA,PREPARATORIA,0
2.01408e+16,165,RECHAZADA,PENDIENTE,RECHAZADO,MALO,0.0,,SIN_CUENTA,0.0,0.0,0.0,RECIBO DE NOMINA,ALTO_B,NO_CLIENTE,0,ALTO,0.0,4,94,0,0,0,0,39,RENTA,POSGRADO,0
2.01408e+16,165,RECHAZADA,PENDIENTE,RECHAZADO,MALO,0.0,,SIN_CUENTA,0.0,0.0,0.0,RECIBO DE NOMINA,MEDIO_A,NO_CLIENTE,0,ALTO,0.0,2,95,0,0,0,0,33,HIPOTECA,PREPARATORIA,0
2.01408e+16,165,RECHAZADA,PENDIENTE,RECHAZADO,MALO,0.0,,SIN_CUENTA,0.0,0.0,0.0,INVERSIONES,ALTO_A,NO_CLIENTE,0,ALTO,0.0,5,99,0,0,0,0,44,PROPIA,POSGRADO,0
2.01408e+16,165,RECHAZADA,PENDIENTE,RECHAZADO,MALO,0.0,,1,0.0,0.0,0.0,INVERSIONES,MEDIO_B,NO_CLIENTE,5500,ALTO,0.0,0,101,0,0,0,0,43,RENTA,PREPARATORIA,0
2.01408e+16,166,RECHAZADA,PENDIENTE,RECHAZADO,MALO,0.0,,SIN_CUENTA,0.0,0.0,0.0,RECIBO DE NOMINA,MEDIO_A,NO_CLIENTE,0,ALTO,0.0,4,89,0,0,0,0,52,PROPIA,LICENCIATURA,0
2.01407e+16,166,RECHAZADA,PENDIENTE,RECHAZADO,MALO,0.0,,SIN_CUENTA,0.0,0.0,0.0,RECIBO DE NOMINA,MEDIO_B,NO_CLIENTE,0,ALTO,0.0,2,92,0,0,0,0,52,FAMILIARES,PREPARATORIA,0
2.01407e+16,166,RECHAZADA,PENDIENTE,RECHAZADO,MALO,0.0,,SIN_CUENTA,0.0,0.0,0.0,RECIBO DE NOMINA,ALTO_A,NO_CLIENTE,0,ALTO,0.0,4,94,0,0,0,0,45,PROPIA,POSGRADO,0
2.01408e+16,166,RECHAZADA,PENDIENTE,RECHAZADO,MALO,0.0,,SIN_CUENTA,0.0,0.0,0.0,RECIBO DE NOMINA,MEDIO_A,NO_CLIENTE,0,ALTO,0.0,4,100,0,0,0,0,50,HIPOTECA,LICENCIATURA,0
2.01408e+16,167,RECHAZADA,PENDIENTE,RECHAZADO,MALO,0.0,,SIN_CUENTA,0.0,0.0,0.0,RECIBO DE NOMINA,ALTO_B,NO_CLIENTE,0,ALTO,0.0,2,91,0,0,0,0,30,RENTA,POSGRADO,0
2.01408e+16,167,RECHAZADA,PENDIENTE,RECHAZADO,MALO,0.0,,SIN_CUENTA,0.0,0.0,0.0,RECIBO DE NOMINA,MEDIO_A,NO_CLIENTE,0,ALTO,0.0,4,94,0,0,0,0,41,PROPIA,LICENCIATURA,0
2.01408e+16,167,RECHAZADA,PENDIENTE,RECHAZADO,MALO,0.0,,SIN_CUENTA,0.0,0.0,0.0,RECIBO DE NOMINA,ALTO_A,NO_CLIENTE,0,ALTO,0.0,3,97,0,0,0,0,47,PROPIA,POSGRADO,0
2.01406e+16,167,RECHAZADA,PENDIENTE,RECHAZADO,MALO,0.0,,2,0.0,0.0,0.0,INVERSIONES,MEDIO_B,NO_CLIENTE,0,ALTO,0.0,5,99,0,2231,250,0,57,RENTA,PREPARATORIA,0
2.01408e+16,167,RECHAZADA,PENDIENTE,RECHAZADO,MALO,0.0,,SIN_CUENTA,0.0,0.0,0.0,RECIBO DE NOMINA,ALTO_B,NO_CLIENTE,0,ALTO,0.0,3,99,0,0,0,0,40,HIPOTECA,POSGRADO,0
2.01408e+16,168,RECHAZADA,PENDIENTE,RECHAZADO,MALO,0.0,,SIN_CUENTA,0.0,0.0,0.0,INVERSIONES,MEDIO_A,NO_CLIENTE,0,ALTO,0.0,4,89,0,0,0,0,48,HIPOTECA,PREPARATORIA,0
2.01407e+16,168,EN_PROCESO,PENDIENTE,RECHAZADO,MALO,0.0,,SIN_CUENTA,0.0,0.0,0.0,INVERSIONES,MEDIO_B,NO_CLIENTE,0,ALTO,0.0,2,92,0,0,0,0,43,HIPOTECA,POSGRADO,0
2.01407e+16,168,RECHAZADA,PENDIENTE,RECHAZADO,MALO,0.0,,0,0.0,0.0,0.0,RECIBO DE NOMINA,ALTO_A,NO_CLIENTE,0,ALTO,0.0,1,93,0,22202,960,0,34,PROPIA,POSGRADO,0
2.01408e+16,168,RECHAZADA,PENDIENTE,RECHAZADO,MALO,0.0,,0,0.0,0.0,0.0,RECIBO DE NOMINA,MEDIO_A,NO_CLIENTE,25500,ALTO,0.0,4,95,0,2652,0,0,37,PROPIA,LICENCIATURA,0
2.01408e+16,168,RECHAZADA,PENDIENTE,RECHAZADO,MALO,0.0,,SIN_CUENTA,0.0,0.0,0.0,RECIBO DE NOMINA,MEDIO_B,NO_CLIENTE,0,ALTO,0.0,5,97,0,0,0,0,43,RENTA,LICENCIATURA,0
2.01408e+16,168,RECHAZADA,PENDIENTE,RECHAZADO,MALO,0.0,,SIN_CUENTA,0.0,0.0,0.0,INVERSIONES,ALTO_B,NO_CLIENTE,0,ALTO,0.0,0,101,0,0,0,0,51,HIPOTECA,POSGRADO,0
2.01407e+16,169,RECHAZADA,PENDIENTE,RECHAZADO,MALO,0.0,,SIN_CUENTA,0.0,0.0,0.0,INVERSIONES,MEDIO_B,NO_CLIENTE,0,ALTO,0.0,5,89,0,0,0,0,28,RENTA,LICENCIATURA,0
2.01408e+16,169,RECHAZADA,PENDIENTE,RECHAZADO,MALO,0.0,,SIN_CUENTA,0.0,0.0,0.0,RECIBO DE NOMINA,ALTO_B,NO_CLIENTE,0,ALTO,0.0,3,90,0,0,0,0,56,HIPOTECA,POSGRADO,0
2.01408e+16,169,RECHAZADA,PENDIENTE,RECHAZADO,MALO,0.0,,0,0.0,0.0,0.0,RECIBO DE NOMINA,MEDIO_B,NO_CLIENTE,3000,ALTO,0.0,4,92,0,3423,250,0,60,RENTA,LICENCIATURA,0
2.01408e+16,169,RECHAZADA,PENDIENTE,RECHAZADO,MALO,0.0,,SIN_CUENTA,0.0,0.0,0.0,INVERSIONES,ALTO_B,NO_CLIENTE,0,ALTO,0.0,3,93,0,0,0,0,59,RENTA,POSGRADO,0
2.01408e+16,169,RECHAZADA,PENDIENTE,RECHAZADO,MALO,0.0,,SIN_CUENTA,0.0,0.0,0.0,RECIBO DE NOMINA,MEDIO_B,NO_CLIENTE,0,ALTO,0.0,3,100,0,0,0,0,31,RENTA,PREPARATORIA,0
2.01408e+16,169,RECHAZADA,PENDIENTE,RECHAZADO,MALO,0.0,,SIN_CUENTA,0.0,0.0,0.0,RECIBO DE NOMINA,MEDIO_A,NO_CLIENTE,0,ALTO,0.0,3,101,0,0,0,0,56,HIPOTECA,PREPARATORIA,0
2.01407e+16,170,RECHAZADA,PENDIENTE,RECHAZADO,MALO,0.0,,SIN_CUENTA,0.0,0.0,0.0,RECIBO DE NOMINA,MEDIO_A,NO_CLIENTE,0,ALTO,0.0,3,94,0,0,0,0,47,HIPOTECA,LICENCIATURA,0
2.01408e+16,170,RECHAZADA,PENDIENTE,RECHAZADO,MALO,0.0,,SIN_CUENTA,0.0,0.0,0.0,RECIBO DE NOMINA,MEDIO_B,NO_CLIENTE,0,ALTO,0.0,2,94,0,0,0,0,45,RENTA,PREPARATORIA,0
2.01408e+16,170,RECHAZADA,PENDIENTE,RECHAZADO,MALO,0.0,,SIN_CUENTA,0.0,0.0,0.0,INVERSIONES,MEDIO_B,NO_CLIENTE,0,ALTO,0.0,3,100,0,0,0,0,49,FAMILIARES,LICENCIATURA,0
2.01407e+16,171,EN_PROCESO,PENDIENTE,RECHAZADO,MALO,0.0,,SIN_CUENTA,0.0,0.0,0.0,INVERSIONES,BAJO_B,NO_CLIENTE,0,ALTO,0.0,5,91,0,0,0,0,35,RENTA,POSGRADO,0
2.01407e+16,171,RECHAZADA,PENDIENTE,RECHAZADO,MALO,0.0,,SIN_CUENTA,0.0,0.0,0.0,INVERSIONES,MEDIO_B,NO_CLIENTE,0,ALTO,0.0,2,95,0,0,0,0,30,RENTA,PREPARATORIA,0
2.01408e+16,171,RECHAZADA,PENDIENTE,RECHAZADO,MALO,0.0,,SIN_CUENTA,0.0,0.0,0.0,RECIBO DE NOMINA,MEDIO_A,NO_CLIENTE,0,ALTO,0.0,4,95,0,0,0,0,30,HIPOTECA,LICENCIATURA,0
2.01407e+16,171,RECHAZADA,PENDIENTE,RECHAZADO,MALO,0.0,,SIN_CUENTA,0.0,0.0,0.0,RECIBO DE NOMINA,MEDIO_B,NO_CLIENTE,0,ALTO,0.0,2,96,0,0,0,0,58,RENTA,PREPARATORIA,0
2.01407e+16,171,RECHAZADA,PENDIENTE,RECHAZADO,MALO,0.0,,0,0.0,0.0,0.0,INVERSIONES,ALTO_A,NO_CLIENTE,0,ALTO,0.0,3,97,0,2432,0,0,52,PROPIA,POSGRADO,0
2.01408e+16,171,RECHAZADA,PENDIENTE,RECHAZADO,MALO,0.0,,SIN_CUENTA,0.0,0.0,0.0,RECIBO DE NOMINA,ALTO_A,NO_CLIENTE,0,ALTO,0.0,2,97,0,0,0,0,54,PROPIA,POSGRADO,0
2.01408e+16,172,RECHAZADA,PENDIENTE,RECHAZADO,MALO,0.0,,SIN_CUENTA,0.0,0.0,0.0,RECIBO DE NOMINA,MEDIO_A,NO_CLIENTE,0,ALTO,0.0,5,89,0,0,0,0,41,HIPOTECA,PREPARATORIA,0
2.01407e+16,172,CANCELADA,PENDIENTE,RECHAZADO,MALO,0.0,,SIN_CUENTA,0.0,0.0,0.0,RECIBO DE NOMINA,ALTO_B,NO_CLIENTE,0,ALTO,0.0,2,90,0,0,0,0,28,FAMILIARES,POSGRADO,0
2.01408e+16,172,RECHAZADA,PENDIENTE,RECHAZADO,MALO,0.0,,SIN_CUENTA,0.0,0.0,0.0,RECIBO DE NOMINA,ALTO_B,NO_CLIENTE,0,ALTO,0.0,2,92,0,0,0,0,29,HIPOTECA,POSGRADO,0
2.01408e+16,172,RECHAZADA,PENDIENTE,RECHAZADO,MALO,0.0,,SIN_CUENTA,0.0,0.0,0.0,RECIBO DE NOMINA,MEDIO_B,NO_CLIENTE,0,ALTO,0.0,3,94,0,0,0,0,51,FAMILIARES,PREPARATORIA,0
2.01408e+16,172,RECHAZADA,PENDIENTE,RECHAZADO,MALO,0.0,,SIN_CUENTA,0.0,0.0,0.0,RECIBO DE NOMINA,MEDIO_A,NO_CLIENTE,0,ALTO,0.0,5,97,0,0,0,0,42,HIPOTECA,PREPARATORIA,0
2.01408e+16,172,RECHAZADA,PENDIENTE,RECHAZADO,MALO,0.0,,SIN_CUENTA,0.0,0.0,0.0,RECIBO DE NOMINA,MEDIO_A,NO_CLIENTE,0,ALTO,0.0,4,98,0,0,0,0,37,PROPIA,LICENCIATURA,0
2.01408e+16,172,RECHAZADA,PENDIENTE,RECHAZADO,MALO,0.0,,SIN_CUENTA,0.0,0.0,0.0,RECIBO DE NOMINA,MEDIO_B,NO_CLIENTE,0,ALTO,0.0,2,99,0,0,0,0,34,RENTA,LICENCIATURA,0
2.01408e+16,173,RECHAZADA,PENDIENTE,RECHAZADO,MALO,0.0,,0,0.0,0.0,0.0,RECIBO DE NOMINA,ALTO_A,NO_CLIENTE,20600,ALTO,0.0,4,90,0,14270,0,0,49,PROPIA,POSGRADO,0
2.01408e+16,173,RECHAZADA,PENDIENTE,RECHAZADO,MALO,0.0,,SIN_CUENTA,0.0,0.0,0.0,RECIBO DE NOMINA,MEDIO_A,NO_CLIENTE,0,ALTO,0.0,1,91,0,0,0,0,28,HIPOTECA,LICENCIATURA,0
2.01406e+16,173,RECHAZADA,PENDIENTE,RECHAZADO,MALO,0.0,,SIN_CUENTA,0.0,0.0,0.0,RECIBO DE NOMINA,ALTO_B,NO_CLIENTE,0,ALTO,0.0,3,93,0,0,0,0,48,HIPOTECA,POSGRADO,0
2.01408e+16,173,RECHAZADA,PENDIENTE,RECHAZADO,MALO,0.0,,1,0.0,0.0,0.0,RECIBO DE NOMINA,MEDIO_B,NO_CLIENTE,15000,ALTO,0.0,4,93,0,14942,1040,0,41,FAMILIARES,PREPARATORIA,0
2.01408e+16,173,RECHAZADA,PENDIENTE,RECHAZADO,MALO,0.0,,SIN_CUENTA,0.0,0.0,0.0,RECIBO DE NOMINA,ALTO_B,NO_CLIENTE,0,ALTO,0.0,2,93,0,0,0,0,28,HIPOTECA,POSGRADO,0
2.01408e+16,173,RECHAZADA,PENDIENTE,RECHAZADO,MALO,0.0,,2,0.0,0.0,0.0,RECIBO DE NOMINA,MEDIO_B,NO_CLIENTE,5000,ALTO,0.0,4,97,0,3539,0,0,35,RENTA,LICENCIATURA,0
2.01407e+16,173,RECHAZADA,PENDIENTE,RECHAZADO,MALO,0.0,,SIN_CUENTA,0.0,0.0,0.0,RECIBO DE NOMINA,ALTO_A,NO_CLIENTE,0,ALTO,0.0,4,99,0,0,0,0,44,PROPIA,POSGRADO,0
2.01407e+16,173,RECHAZADA,PENDIENTE,RECHAZADO,MALO,0.0,,SIN_CUENTA,0.0,0.0,0.0,RECIBO DE NOMINA,MEDIO_B,NO_CLIENTE,0,ALTO,0.0,3,99,0,0,0,0,40,FAMILIARES,LICENCIATURA,0
2.01408e+16,173,RECHAZADA,PENDIENTE,RECHAZADO,MALO,0.0,,0,0.0,0.0,0.0,RECIBO DE NOMINA,ALTO_B,NO_CLIENTE,0,ALTO,0.0,3,100,0,1000,250,0,57,FAMILIARES,POSGRADO,0
2.01408e+16,173,RECHAZADA,PENDIENTE,RECHAZADO,MALO,0.0,,SIN_CUENTA,0.0,0.0,0.0,RECIBO DE NOMINA,ALTO_A,NO_CLIENTE,0,ALTO,0.0,4,100,0,0,0,0,48,PROPIA,POSGRADO,0
2.01408e+16,173,RECHAZADA,PENDIENTE,RECHAZADO,MALO,0.0,,SIN_CUENTA,0.0,0.0,0.0,INVERSIONES,ALTO_B,NO_CLIENTE,0,ALTO,0.0,1,101,0,0,0,0,35,RENTA,POSGRADO,0
2.01407e+16,174,RECHAZADA,PENDIENTE,RECHAZADO,MALO,0.0,,SIN_CUENTA,0.0,0.0,0.0,RECIBO DE NOMINA,ALTO_B,NO_CLIENTE,0,ALTO,0.0,5,89,0,0,0,0,39,RENTA,POSGRADO,0
2.01408e+16,174,RECHAZADA,PENDIENTE,RECHAZADO,MALO,0.0,,SIN_CUENTA,0.0,0.0,0.0,RECIBO DE NOMINA,MEDIO_A,NO_CLIENTE,0,ALTO,0.0,3,91,0,0,0,0,41,PROPIA,LICENCIATURA,0
2.01408e+16,174,RECHAZADA,PENDIENTE,RECHAZADO,MALO,0.0,,SIN_CUENTA,0.0,0.0,0.0,INVERSIONES,MEDIO_A,NO_CLIENTE,0,ALTO,0.0,4,91,0,0,0,0,45,HIPOTECA,PREPARATORIA,0
2.01407e+16,174,CANCELADA,PENDIENTE,RECHAZADO,MALO,0.0,,SIN_CUENTA,0.0,0.0,0.0,RECIBO DE NOMINA,MEDIO_B,NO_CLIENTE,0,ALTO,0.0,3,95,0,0,0,0,25,FAMILIARES,PREPARATORIA,0
2.01408e+16,174,RECHAZADA,PENDIENTE,RECHAZADO,MALO,0.0,,SIN_CUENTA,0.0,0.0,0.0,INVERSIONES,ALTO_B,NO_CLIENTE,0,ALTO,0.0,5,95,0,0,0,0,49,RENTA,POSGRADO,0
2.01407e+16,174,RECHAZADA,PENDIENTE,RECHAZADO,MALO,0.0,,SIN_CUENTA,0.0,0.0,0.0,RECIBO DE NOMINA,MEDIO_B,NO_CLIENTE,0,ALTO,0.0,4,99,0,0,0,0,33,FAMILIARES,LICENCIATURA,0
2.01407e+16,174,RECHAZADA,PENDIENTE,RECHAZADO,MALO,0.0,,SIN_CUENTA,0.0,0.0,0.0,RECIBO DE NOMINA,ALTO_B,NO_CLIENTE,0,ALTO,0.0,3,99,0,0,0,0,29,HIPOTECA,POSGRADO,0
2.01408e+16,174,RECHAZADA,PENDIENTE,RECHAZADO,MALO,0.0,,SIN_CUENTA,0.0,0.0,0.0,RECIBO DE NOMINA,MEDIO_B,NO_CLIENTE,0,ALTO,0.0,0,101,0,0,0,0,57,RENTA,LICENCIATURA,0
2.01408e+16,175,RECHAZADA,PENDIENTE,RECHAZADO,MALO,0.0,,SIN_CUENTA,0.0,0.0,0.0,RECIBO DE NOMINA,ALTO_A,NO_CLIENTE,0,ALTO,0.0,2,90,0,0,0,0,50,PROPIA,POSGRADO,0
2.01408e+16,175,RECHAZADA,PENDIENTE,RECHAZADO,MALO,0.0,,SIN_CUENTA,0.0,0.0,0.0,RECIBO DE NOMINA,ALTO_B,NO_CLIENTE,0,ALTO,0.0,1,91,0,0,0,0,42,RENTA,POSGRADO,0
2.01408e+16,175,RECHAZADA,PENDIENTE,RECHAZADO,MALO,0.0,,SIN_CUENTA,0.0,0.0,0.0,INVERSIONES,ALTO_B,NO_CLIENTE,0,ALTO,0.0,3,93,0,0,0,0,39,RENTA,POSGRADO,0
2.01407e+16,175,RECHAZADA,PENDIENTE,RECHAZADO,MALO,0.0,,SIN_CUENTA,0.0,0.0,0.0,RECIBO DE NOMINA,MEDIO_B,NO_CLIENTE,0,ALTO,0.0,3,94,0,0,0,0,47,FAMILIARES,LICENCIATURA,0
2.01408e+16,175,RECHAZADA,PENDIENTE,RECHAZADO,MALO,0.0,,SIN_CUENTA,0.0,0.0,0.0,RECIBO DE NOMINA,MEDIO_A,NO_CLIENTE,0,ALTO,0.0,5,95,0,0,0,0,26,HIPOTECA,PREPARATORIA,0
2.01407e+16,175,RECHAZADA,PENDIENTE,RECHAZADO,MALO,0.0,,0,0.0,0.0,0.0,RECIBO DE NOMINA,MEDIO_A,NO_CLIENTE,0,ALTO,0.0,2,98,0,31297,31297,0,49,PROPIA,LICENCIATURA,0
2.01407e+16,175,RECHAZADA,PENDIENTE,RECHAZADO,MALO,0.0,,SIN_CUENTA,0.0,0.0,0.0,INVERSIONES,MEDIO_A,NO_CLIENTE,0,ALTO,0.0,3,98,0,0,0,0,38,HIPOTECA,PREPARATORIA,0
2.01407e+16,175,RECHAZADA,PENDIENTE,RECHAZADO,MALO,0.0,,0,0.0,0.0,0.0,INVERSIONES,MEDIO_B,NO_CLIENTE,0,ALTO,0.0,3,99,0,20339,0,0,48,RENTA,LICENCIATURA,0
2.01408e+16,175,RECHAZADA,PENDIENTE,RECHAZADO,MALO,0.0,,SIN_CUENTA,0.0,0.0,0.0,INVERSIONES,BAJO_B,NO_CLIENTE,0,ALTO,0.0,1,100,0,0,0,0,40,RENTA,SECUNDARIA,0
2.01408e+16,175,RECHAZADA,PENDIENTE,RECHAZADO,MALO,0.0,,SIN_CUENTA,0.0,0.0,0.0,RECIBO DE NOMINA,MEDIO_A,NO_CLIENTE,0,ALTO,0.0,0,100,0,0,0,0,28,HIPOTECA,PREPARATORIA,0
2.01407e+16,175,RECHAZADA,PENDIENTE,RECHAZADO,MALO,0.0,,SIN_CUENTA,0.0,0.0,0.0,RECIBO DE NOMINA,MEDIO_A,NO_CLIENTE,0,ALTO,0.0,2,101,0,0,0,0,59,HIPOTECA,PREPARATORIA,0
2.01408e+16,176,RECHAZADA,PENDIENTE,RECHAZADO,MALO,0.0,,SIN_CUENTA,0.0,0.0,0.0,INVERSIONES,MEDIO_A,NO_CLIENTE,0,ALTO,0.0,4,91,0,0,0,0,29,PROPIA,LICENCIATURA,0
2.01408e+16,176,RECHAZADA,PENDIENTE,RECHAZADO,MALO,0.0,,SIN_CUENTA,0.0,0.0,0.0,RECIBO DE NOMINA,MEDIO_A,NO_CLIENTE,0,ALTO,0.0,3,94,0,0,0,0,47,HIPOTECA,LICENCIATURA,0
2.01407e+16,176,EN_PROCESO,PENDIENTE,RECHAZADO,MALO,0.0,,SIN_CUENTA,0.0,0.0,0.0,RECIBO DE NOMINA,MEDIO_A,NO_CLIENTE,0,ALTO,0.0,5,94,0,0,0,0,51,PROPIA,LICENCIATURA,0
2.01406e+16,176,RECHAZADA,PENDIENTE,RECHAZADO,MALO,0.0,,0,0.0,0.0,0.0,INVERSIONES,MEDIO_A,CLIENTE_BANCO,0,ALTO,0.0,5,96,0,4546,570,0,47,FAMILIARES,POSGRADO,0
2.01407e+16,176,RECHAZADA,PENDIENTE,RECHAZADO,MALO,0.0,,SIN_CUENTA,0.0,0.0,0.0,RECIBO DE NOMINA,ALTO_A,NO_CLIENTE,0,ALTO,0.0,2,97,0,0,0,0,42,PROPIA,POSGRADO,0
2.01408e+16,176,RECHAZADA,PENDIENTE,RECHAZADO,MALO,0.0,,SIN_CUENTA,0.0,0.0,0.0,RECIBO DE NOMINA,MEDIO_A,NO_CLIENTE,0,ALTO,0.0,3,98,0,0,0,0,33,HIPOTECA,LICENCIATURA,0
2.01408e+16,176,RECHAZADA,PENDIENTE,RECHAZADO,MALO,0.0,,SIN_CUENTA,0.0,0.0,0.0,RECIBO DE NOMINA,BAJO_B,NO_CLIENTE,0,ALTO,0.0,5,99,0,0,0,0,26,RENTA,SECUNDARIA,0
2.01408e+16,176,RECHAZADA,PENDIENTE,RECHAZADO,MALO,0.0,,SIN_CUENTA,0.0,0.0,0.0,INVERSIONES,MEDIO_A,NO_CLIENTE,0,ALTO,0.0,0,101,0,0,0,0,26,HIPOTECA,LICENCIATURA,0
2.01408e+16,177,RECHAZADA,PENDIENTE,RECHAZADO,MALO,0.0,,2,0.0,0.0,0.0,RECIBO DE NOMINA,MEDIO_B,NO_CLIENTE,0,ALTO,0.0,5,89,0,15256,0,0,51,FAMILIARES,PREPARATORIA,0
2.01408e+16,177,RECHAZADA,PENDIENTE,RECHAZADO,MALO,0.0,,SIN_CUENTA,0.0,0.0,0.0,RECIBO DE NOMINA,ALTO_B,NO_CLIENTE,0,ALTO,0.0,5,89,0,0,0,0,30,RENTA,POSGRADO,0
2.01408e+16,177,RECHAZADA,PENDIENTE,RECHAZADO,MALO,0.0,,1,0.0,0.0,0.0,INVERSIONES,MEDIO_A,NO_CLIENTE,18800,ALTO,0.0,4,91,0,0,0,0,38,HIPOTECA,PREPARATORIA,0
2.01408e+16,177,RECHAZADA,PENDIENTE,RECHAZADO,MALO,0.0,,SIN_CUENTA,0.0,0.0,0.0,RECIBO DE NOMINA,MEDIO_B,NO_CLIENTE,0,ALTO,0.0,2,92,0,0,0,0,43,FAMILIARES,PREPARATORIA,0
2.01408e+16,177,RECHAZADA,PENDIENTE,RECHAZADO,MALO,0.0,,SIN_CUENTA,0.0,0.0,0.0,RECIBO DE NOMINA,ALTO_B,NO_CLIENTE,0,ALTO,0.0,3,92,0,0,0,0,30,FAMILIARES,POSGRADO,0
2.01408e+16,177,RECHAZADA,PENDIENTE,RECHAZADO,MALO,0.0,,SIN_CUENTA,0.0,0.0,0.0,RECIBO DE NOMINA,ALTO_B,NO_CLIENTE,0,ALTO,0.0,5,94,0,0,0,0,33,RENTA,POSGRADO,0
2.01408e+16,177,RECHAZADA,PENDIENTE,RECHAZADO,MALO,0.0,,SIN_CUENTA,0.0,0.0,0.0,RECIBO DE NOMINA,ALTO_B,NO_CLIENTE,0,ALTO,0.0,3,95,0,0,0,0,52,FAMILIARES,POSGRADO,0
2.01408e+16,177,RECHAZADA,PENDIENTE,RECHAZADO,MALO,0.0,,0,0.0,0.0,0.0,RECIBO DE NOMINA,ALTO_B,NO_CLIENTE,211000,ALTO,0.0,4,97,0,5377,0,0,36,HIPOTECA,POSGRADO,0
2.01408e+16,177,RECHAZADA,PENDIENTE,RECHAZADO,MALO,0.0,,2,0.0,0.0,0.0,INVERSIONES,MEDIO_A,NO_CLIENTE,9004,ALTO,0.0,4,100,0,8673,0,0,34,PROPIA,LICENCIATURA,0
2.01406e+16,177,RECHAZADA,PENDIENTE,RECHAZADO,MALO,0.0,,SIN_CUENTA,0.0,0.0,0.0,RECIBO DE NOMINA,ALTO_B,NO_CLIENTE,0,ALTO,0.0,4,101,0,0,0,0,25,RENTA,POSGRADO,0
2.01407e+16,178,RECHAZADA,PENDIENTE,RECHAZADO,MALO,0.0,,SIN_CUENTA,0.0,0.0,0.0,INVERSIONES,MEDIO_B,NO_CLIENTE,0,ALTO,0.0,5,93,0,0,0,0,41,FAMILIARES,PREPARATORIA,0
2.01407e+16,178,RECHAZADA,PENDIENTE,RECHAZADO,MALO,0.0,,SIN_CUENTA,0.0,0.0,0.0,RECIBO DE NOMINA,ALTO_B,NO_CLIENTE,0,ALTO,0.0,4,97,0,0,0,0,49,RENTA,POSGRADO,0
2.01407e+16,179,RECHAZADA,PENDIENTE,RECHAZADO,MALO,0.0,,SIN_CUENTA,0.0,0.0,0.0,RECIBO DE NOMINA,ALTO_B,NO_CLIENTE,0,ALTO,0.0,4,89,0,0,0,0,57,RENTA,POSGRADO,0
2.01407e+16,179,RECHAZADA,PENDIENTE,RECHAZADO,MALO,0.0,,0,0.0,0.0,0.0,RECIBO DE NOMINA,ALTO_B,NO_CLIENTE,0,ALTO,0.0,4,91,0,20898,20898,0,33,RENTA,POSGRADO,0
2.01408e+16,179,RECHAZADA,PENDIENTE,RECHAZADO,MALO,0.0,,1,0.0,0.0,0.0,RECIBO DE NOMINA,ALTO_B,NO_CLIENTE,68000,ALTO,0.0,3,94,0,42981,2580,0,48,HIPOTECA,POSGRADO,0
2.01407e+16,179,RECHAZADA,PENDIENTE,RECHAZADO,MALO,0.0,,SIN_CUENTA,0.0,0.0,0.0,RECIBO DE NOMINA,MEDIO_A,NO_CLIENTE,0,ALTO,0.0,4,96,0,0,0,0,34,PROPIA,LICENCIATURA,0
2.01408e+16,179,RECHAZADA,PENDIENTE,RECHAZADO,MALO,0.0,,SIN_CUENTA,0.0,0.0,0.0,RECIBO DE NOMINA,MEDIO_B,NO_CLIENTE,0,ALTO,0.0,3,96,0,0,0,0,35,RENTA,PREPARATORIA,0
2.01408e+16,179,RECHAZADA,PENDIENTE,RECHAZADO,MALO,0.0,,SIN_CUENTA,0.0,0.0,0.0,RECIBO DE NOMINA,ALTO_A,NO_CLIENTE,0,ALTO,0.0,4,96,0,0,0,0,34,PROPIA,POSGRADO,0
2.01408e+16,179,RECHAZADA,PENDIENTE,RECHAZADO,MALO,0.0,,SIN_CUENTA,0.0,0.0,0.0,INVERSIONES,MEDIO_B,NO_CLIENTE,0,ALTO,0.0,3,97,0,0,0,0,34,FAMILIARES,LICENCIATURA,0
2.01408e+16,179,RECHAZADA,PENDIENTE,RECHAZADO,MALO,0.0,,1,0.0,0.0,0.0,INVERSIONES,MEDIO_A,NO_CLIENTE,680500,ALTO,0.0,5,98,0,179966,9910,0,36,PROPIA,LICENCIATURA,0
2.01408e+16,179,RECHAZADA,PENDIENTE,RECHAZADO,MALO,0.0,,SIN_CUENTA,0.0,0.0,0.0,RECIBO DE NOMINA,ALTO_A,NO_CLIENTE,0,ALTO,0.0,4,100,0,0,0,0,32,PROPIA,POSGRADO,0
2.01406e+16,180,RECHAZADA,PENDIENTE,RECHAZADO,MALO,0.0,,SIN_CUENTA,0.0,0.0,0.0,INVERSIONES,MEDIO_A,CLIENTE_BANCO,0,ALTO,0.0,4,96,0,0,0,0,32,FAMILIARES,LICENCIATURA,0
2.01408e+16,180,RECHAZADA,PENDIENTE,RECHAZADO,MALO,0.0,,SIN_CUENTA,0.0,0.0,0.0,INVERSIONES,MEDIO_B,NO_CLIENTE,0,ALTO,0.0,4,97,0,0,0,0,32,RENTA,PREPARATORIA,0
2.01408e+16,180,RECHAZADA,PENDIENTE,RECHAZADO,MALO,0.0,,SIN_CUENTA,0.0,0.0,0.0,INVERSIONES,MEDIO_A,NO_CLIENTE,0,ALTO,0.0,3,98,0,0,0,0,40,HIPOTECA,PREPARATORIA,0
2.01408e+16,180,RECHAZADA,PENDIENTE,RECHAZADO,MALO,0.0,,SIN_CUENTA,0.0,0.0,0.0,RECIBO DE NOMINA,ALTO_B,NO_CLIENTE,0,ALTO,0.0,1,98,0,0,0,0,55,FAMILIARES,POSGRADO,0
2.01408e+16,180,RECHAZADA,PENDIENTE,RECHAZADO,MALO,0.0,,SIN_CUENTA,0.0,0.0,0.0,RECIBO DE NOMINA,MEDIO_B,NO_CLIENTE,0,ALTO,0.0,3,98,0,0,0,0,47,FAMILIARES,LICENCIATURA,0
2.01408e+16,180,RECHAZADA,PENDIENTE,RECHAZADO,MALO,0.0,,SIN_CUENTA,0.0,0.0,0.0,RECIBO DE NOMINA,ALTO_B,NO_CLIENTE,0,ALTO,0.0,0,101,0,0,0,0,55,HIPOTECA,POSGRADO,0
2.01408e+16,181,RECHAZADA,PENDIENTE,RECHAZADO,MALO,0.0,,SIN_CUENTA,0.0,0.0,0.0,RECIBO DE NOMINA,ALTO_B,NO_CLIENTE,0,ALTO,0.0,2,90,0,0,0,0,50,RENTA,POSGRADO,0
2.01408e+16,181,RECHAZADA,PENDIENTE,RECHAZADO,MALO,0.0,,SIN_CUENTA,0.0,0.0,0.0,INVERSIONES,MEDIO_B,NO_CLIENTE,0,ALTO,0.0,5,96,0,0,0,0,49,RENTA,PREPARATORIA,0
2.01407e+16,181,CANCELADA,PENDIENTE,RECHAZADO,MALO,0.0,,0,0.0,0.0,0.0,INVERSIONES,MEDIO_A,NO_CLIENTE,0,ALTO,0.0,3,97,0,969,440,0,60,PROPIA,LICENCIATURA,0
2.01407e+16,181,RECHAZADA,PENDIENTE,RECHAZADO,MALO,0.0,,SIN_CUENTA,0.0,0.0,0.0,RECIBO DE NOMINA,ALTO_B,NO_CLIENTE,0,ALTO,0.0,2,97,0,0,0,0,50,FAMILIARES,POSGRADO,0
2.01407e+16,181,CANCELADA,PENDIENTE,RECHAZADO,MALO,0.0,,SIN_CUENTA,0.0,0.0,0.0,RECIBO DE NOMINA,ALTO_B,NO_CLIENTE,0,ALTO,0.0,3,98,0,0,0,0,26,HIPOTECA,POSGRADO,0
2.01408e+16,181,RECHAZADA,PENDIENTE,RECHAZADO,MALO,0.0,,SIN_CUENTA,0.0,0.0,0.0,DECLARACION ANUAL,MEDIO_A,NO_CLIENTE,0,ALTO,0.0,5,98,0,0,0,0,56,PROPIA,LICENCIATURA,0
2.01408e+16,181,RECHAZADA,PENDIENTE,RECHAZADO,MALO,0.0,,0,0.0,0.0,0.0,RECIBO DE NOMINA,MEDIO_B,NO_CLIENTE,9800,ALTO,0.0,4,100,0,11572,740,0,55,RENTA,PREPARATORIA,0
2.01407e+16,181,RECHAZADA,PENDIENTE,RECHAZADO,MALO,0.0,,SIN_CUENTA,0.0,0.0,0.0,RECIBO DE NOMINA,MEDIO_A,NO_CLIENTE,0,ALTO,0.0,3,101,0,0,0,0,27,HIPOTECA,PREPARATORIA,0
2.01408e+16,181,RECHAZADA,PENDIENTE,RECHAZADO,MALO,0.0,,SIN_CUENTA,0.0,0.0,0.0,RECIBO DE NOMINA,MEDIO_A,NO_CLIENTE,0,ALTO,0.0,0,101,0,0,0,0,59,HIPOTECA,PREPARATORIA,0
2.01407e+16,182,RECHAZADA,PENDIENTE,RECHAZADO,MALO,0.0,,SIN_CUENTA,0.0,0.0,0.0,RECIBO DE NOMINA,MEDIO_A,NO_CLIENTE,0,ALTO,0.0,5,89,0,0,0,0,37,HIPOTECA,LICENCIATURA,0
2.01407e+16,182,RECHAZADA,PENDIENTE,RECHAZADO,MALO,0.0,,SIN_CUENTA,0.0,0.0,0.0,RECIBO DE NOMINA,ALTO_A,NO_CLIENTE,0,ALTO,0.0,3,90,0,0,0,0,58,PROPIA,POSGRADO,0
2.01407e+16,182,RECHAZADA,PENDIENTE,RECHAZADO,MALO,0.0,,SIN_CUENTA,0.0,0.0,0.0,INVERSIONES,MEDIO_A,NO_CLIENTE,0,ALTO,0.0,2,90,0,0,0,0,40,HIPOTECA,PREPARATORIA,0
2.01407e+16,182,RECHAZADA,PENDIENTE,RECHAZADO,MALO,0.0,,0,0.0,0.0,0.0,INVERSIONES,MEDIO_A,NO_CLIENTE,0,ALTO,0.0,1,93,0,26628,710,0,26,HIPOTECA,LICENCIATURA,0
2.01407e+16,182,RECHAZADA,PENDIENTE,RECHAZADO,MALO,0.0,,SIN_CUENTA,0.0,0.0,0.0,RECIBO DE NOMINA,MEDIO_B,NO_CLIENTE,0,ALTO,0.0,4,93,0,0,0,0,29,FAMILIARES,LICENCIATURA,0
2.01408e+16,182,RECHAZADA,PENDIENTE,RECHAZADO,MALO,0.0,,SIN_CUENTA,0.0,0.0,0.0,RECIBO DE NOMINA,MEDIO_B,NO_CLIENTE,0,ALTO,0.0,5,94,0,0,0,0,41,FAMILIARES,PREPARATORIA,0
2.01408e+16,182,RECHAZADA,PENDIENTE,RECHAZADO,MALO,0.0,,1,0.0,0.0,0.0,INVERSIONES,MEDIO_A,NO_CLIENTE,21400,ALTO,0.0,4,95,0,0,0,0,36,HIPOTECA,PREPARATORIA,0
2.01407e+16,182,RECHAZADA,PENDIENTE,RECHAZADO,MALO,0.0,,SIN_CUENTA,0.0,0.0,0.0,RECIBO DE NOMINA,ALTO_B,NO_CLIENTE,0,ALTO,0.0,4,98,0,0,0,0,38,HIPOTECA,POSGRADO,0
2.01407e+16,182,RECHAZADA,PENDIENTE,RECHAZADO,MALO,0.0,,1,0.0,0.0,0.0,INVERSIONES,MEDIO_B,NO_CLIENTE,0,ALTO,0.0,4,98,0,3399,350,0,46,RENTA,PREPARATORIA,0
2.01408e+16,182,RECHAZADA,PENDIENTE,RECHAZADO,MALO,0.0,,SIN_CUENTA,0.0,0.0,0.0,INVERSIONES,MEDIO_A,NO_CLIENTE,0,ALTO,0.0,2,100,0,0,0,0,41,HIPOTECA,PREPARATORIA,0
2.01408e+16,182,RECHAZADA,PENDIENTE,RECHAZADO,MALO,0.0,,1,0.0,0.0,0.0,INVERSIONES,MEDIO_A,NO_CLIENTE,47000,ALTO,0.0,3,100,0,0,0,0,52,HIPOTECA,LICENCIATURA,0
2.01407e+16,182,RECHAZADA,PENDIENTE,RECHAZADO,MALO,0.0,,SIN_CUENTA,0.0,0.0,0.0,INVERSIONES,ALTO_B,NO_CLIENTE,0,ALTO,0.0,3,101,0,0,0,0,31,HIPOTECA,POSGRADO,0
2.01408e+16,183,RECHAZADA,PENDIENTE,RECHAZADO,MALO,0.0,,SIN_CUENTA,0.0,0.0,0.0,INVERSIONES,ALTO_B,NO_CLIENTE,0,ALTO,0.0,4,89,0,0,0,0,54,RENTA,POSGRADO,0
2.01408e+16,183,RECHAZADA,PENDIENTE,RECHAZADO,MALO,0.0,,1,0.0,0.0,0.0,RECIBO DE NOMINA,ALTO_B,NO_CLIENTE,16000,ALTO,0.0,4,90,0,2815,250,0,36,FAMILIARES,POSGRADO,0
2.01407e+16,183,CANCELADA,PENDIENTE,RECHAZADO,MALO,0.0,,SIN_CUENTA,0.0,0.0,0.0,SIN COMPROBANTE,ALTO_B,NO_CLIENTE,0,ALTO,0.0,5,91,0,0,0,0,25,RENTA,POSGRADO,0
2.01408e+16,183,RECHAZADA,PENDIENTE,RECHAZADO,MALO,0.0,,SIN_CUENTA,0.0,0.0,0.0,RECIBO DE NOMINA,ALTO_B,NO_CLIENTE,0,ALTO,0.0,2,91,0,0,0,0,54,RENTA,POSGRADO,0
2.01408e+16,183,RECHAZADA,PENDIENTE,RECHAZADO,MALO,0.0,,SIN_CUENTA,0.0,0.0,0.0,RECIBO DE NOMINA,MEDIO_A,NO_CLIENTE,0,ALTO,0.0,2,91,0,0,0,0,37,HIPOTECA,PREPARATORIA,0
2.01407e+16,183,RECHAZADA,PENDIENTE,RECHAZADO,MALO,0.0,,SIN_CUENTA,0.0,0.0,0.0,RECIBO DE NOMINA,MEDIO_A,NO_CLIENTE,0,ALTO,0.0,4,94,0,0,0,0,55,PROPIA,LICENCIATURA,0
2.01408e+16,183,RECHAZADA,PENDIENTE,RECHAZADO,MALO,0.0,,SIN_CUENTA,0.0,0.0,0.0,INVERSIONES,MEDIO_B,NO_CLIENTE,0,ALTO,0.0,1,94,0,0,0,0,34,RENTA,LICENCIATURA,0
2.01408e+16,183,RECHAZADA,PENDIENTE,RECHAZADO,MALO,0.0,,1,0.0,0.0,0.0,RECIBO DE NOMINA,MEDIO_B,NO_CLIENTE,19500,ALTO,0.0,5,94,0,1483,300,0,38,FAMILIARES,PREPARATORIA,0
2.01408e+16,183,RECHAZADA,PENDIENTE,RECHAZADO,MALO,0.0,,SIN_CUENTA,0.0,0.0,0.0,RECIBO DE NOMINA,MEDIO_A,NO_CLIENTE,0,ALTO,0.0,0,100,0,0,0,0,58,HIPOTECA,LICENCIATURA,0
2.01408e+16,183,RECHAZADA,PENDIENTE,RECHAZADO,MALO,0.0,,1,0.0,0.0,0.0,INVERSIONES,MEDIO_A,NO_CLIENTE,68004,ALTO,0.0,3,101,0,32170,1730,0,52,HIPOTECA,LICENCIATURA,0
2.01408e+16,184,RECHAZADA,PENDIENTE,RECHAZADO,MALO,0.0,,SIN_CUENTA,0.0,0.0,0.0,RECIBO DE NOMINA,ALTO_B,NO_CLIENTE,0,ALTO,0.0,5,89,0,0,0,0,30,HIPOTECA,POSGRADO,0
2.01407e+16,184,RECHAZADA,PENDIENTE,RECHAZADO,MALO,0.0,,SIN_CUENTA,0.0,0.0,0.0,INVERSIONES,ALTO_B,NO_CLIENTE,0,ALTO,0.0,3,90,0,0,0,0,37,FAMILIARES,POSGRADO,0
2.01407e+16,184,RECHAZADA,PENDIENTE,RECHAZADO,MALO,0.0,,SIN_CUENTA,0.0,0.0,0.0,INVERSIONES,MEDIO_A,NO_CLIENTE,0,ALTO,0.0,3,92,0,0,0,0,50,HIPOTECA,PREPARATORIA,0
2.01407e+16,184,RECHAZADA,PENDIENTE,RECHAZADO,MALO,0.0,,SIN_CUENTA,0.0,0.0,0.0,INVERSIONES,ALTO_B,NO_CLIENTE,0,ALTO,0.0,3,93,0,0,0,0,59,FAMILIARES,POSGRADO,0
2.01408e+16,184,RECHAZADA,PENDIENTE,RECHAZADO,MALO,0.0,,SIN_CUENTA,0.0,0.0,0.0,RECIBO DE NOMINA,MEDIO_B,NO_CLIENTE,0,ALTO,0.0,4,94,0,0,0,0,52,FAMILIARES,LICENCIATURA,0
2.01407e+16,184,RECHAZADA,PENDIENTE,RECHAZADO,MALO,0.0,,SIN_CUENTA,0.0,0.0,0.0,DECLARACION ANUAL,MEDIO_A,NO_CLIENTE,0,ALTO,0.0,3,95,0,0,0,0,56,HIPOTECA,PREPARATORIA,0
2.01408e+16,184,RECHAZADA,PENDIENTE,RECHAZADO,MALO,0.0,,1,0.0,0.0,0.0,INVERSIONES,MEDIO_A,NO_CLIENTE,50000,ALTO,0.0,2,99,0,6848,720,0,33,HIPOTECA,PREPARATORIA,0
2.01408e+16,184,RECHAZADA,PENDIENTE,RECHAZADO,MALO,0.0,,3,0.0,0.0,0.0,RECIBO DE NOMINA,ALTO_B,NO_CLIENTE,5000,ALTO,0.0,1,101,0,3009,290,0,32,HIPOTECA,POSGRADO,0
2.01407e+16,185,RECHAZADA,PENDIENTE,RECHAZADO,MALO,0.0,,0,0.0,0.0,0.0,INVERSIONES,ALTO_B,NO_CLIENTE,0,ALTO,0.0,3,90,0,9924,500,0,53,HIPOTECA,POSGRADO,0
2.01408e+16,185,RECHAZADA,PENDIENTE,RECHAZADO,MALO,0.0,,SIN_CUENTA,0.0,0.0,0.0,INVERSIONES,MEDIO_A,NO_CLIENTE,0,ALTO,0.0,2,93,0,0,0,0,26,HIPOTECA,PREPARATORIA,0
2.01407e+16,185,RECHAZADA,PENDIENTE,RECHAZADO,MALO,0.0,,0,0.0,0.0,0.0,RECIBO DE NOMINA,ALTO_B,NO_CLIENTE,0,ALTO,0.0,3,94,0,869,250,0,51,HIPOTECA,POSGRADO,0
2.01408e+16,185,RECHAZADA,PENDIENTE,RECHAZADO,MALO,0.0,,0,0.0,0.0,0.0,RECIBO DE NOMINA,ALTO_B,NO_CLIENTE,24200,ALTO,0.0,4,94,0,26660,1700,0,33,RENTA,POSGRADO,0
2.01407e+16,185,RECHAZADA,PENDIENTE,RECHAZADO,MALO,0.0,,SIN_CUENTA,0.0,0.0,0.0,RECIBO DE NOMINA,ALTO_A,NO_CLIENTE,0,ALTO,0.0,3,95,0,0,0,0,59,PROPIA,POSGRADO,0
2.01407e+16,185,RECHAZADA,PENDIENTE,RECHAZADO,MALO,0.0,,SIN_CUENTA,0.0,0.0,0.0,RECIBO DE NOMINA,MEDIO_B,NO_CLIENTE,0,ALTO,0.0,2,96,0,0,0,0,38,RENTA,LICENCIATURA,0
2.01408e+16,186,RECHAZADA,PENDIENTE,RECHAZADO,MALO,0.0,,SIN_CUENTA,0.0,0.0,0.0,RECIBO DE NOMINA,MEDIO_B,NO_CLIENTE,0,ALTO,0.0,3,94,0,0,0,0,34,RENTA,PREPARATORIA,0
2.01407e+16,186,RECHAZADA,PENDIENTE,RECHAZADO,MALO,0.0,,SIN_CUENTA,0.0,0.0,0.0,RECIBO DE NOMINA,MEDIO_A,NO_CLIENTE,0,ALTO,0.0,3,98,0,0,0,0,59,HIPOTECA,PREPARATORIA,0
2.01408e+16,186,RECHAZADA,PENDIENTE,RECHAZADO,MALO,0.0,,SIN_CUENTA,0.0,0.0,0.0,RECIBO DE NOMINA,ALTO_B,NO_CLIENTE,0,ALTO,0.0,5,99,0,0,0,0,35,RENTA,POSGRADO,0
2.01408e+16,187,RECHAZADA,PENDIENTE,RECHAZADO,MALO,0.0,,SIN_CUENTA,0.0,0.0,0.0,RECIBO DE NOMINA,MEDIO_A,NO_CLIENTE,0,ALTO,0.0,3,91,0,0,0,0,57,PROPIA,LICENCIATURA,0
2.01407e+16,187,RECHAZADA,PENDIENTE,RECHAZADO,MALO,0.0,,SIN_CUENTA,0.0,0.0,0.0,RECIBO DE NOMINA,ALTO_B,NO_CLIENTE,0,ALTO,0.0,3,97,0,0,0,0,41,FAMILIARES,POSGRADO,0
2.01407e+16,187,RECHAZADA,PENDIENTE,RECHAZADO,MALO,0.0,,SIN_CUENTA,0.0,0.0,0.0,RECIBO DE NOMINA,BAJO_B,NO_CLIENTE,0,ALTO,0.0,3,98,0,0,0,0,46,FAMILIARES,SECUNDARIA,0
2.01408e+16,187,RECHAZADA,PENDIENTE,RECHAZADO,MALO,0.0,,SIN_CUENTA,0.0,0.0,0.0,INVERSIONES,ALTO_A,NO_CLIENTE,0,ALTO,0.0,3,98,0,0,0,0,34,PROPIA,POSGRADO,0
2.01407e+16,188,RECHAZADA,PENDIENTE,RECHAZADO,MALO,0.0,,SIN_CUENTA,0.0,0.0,0.0,RECIBO DE NOMINA,MEDIO_B,NO_CLIENTE,0,ALTO,0.0,1,92,0,0,0,0,34,RENTA,PREPARATORIA,0
2.01407e+16,188,RECHAZADA,PENDIENTE,RECHAZADO,MALO,0.0,,SIN_CUENTA,0.0,0.0,0.0,RECIBO DE NOMINA,MEDIO_B,NO_CLIENTE,0,ALTO,0.0,4,96,0,0,0,0,40,RENTA,LICENCIATURA,0
2.01408e+16,188,RECHAZADA,PENDIENTE,RECHAZADO,MALO,0.0,,SIN_CUENTA,0.0,0.0,0.0,RECIBO DE NOMINA,MEDIO_B,NO_CLIENTE,0,ALTO,0.0,4,96,0,0,0,0,54,FAMILIARES,LICENCIATURA,0
2.01407e+16,188,RECHAZADA,PENDIENTE,RECHAZADO,MALO,0.0,,0,0.0,0.0,0.0,RECIBO DE NOMINA,ALTO_B,NO_CLIENTE,0,ALTO,0.0,5,99,0,34249,34249,0,25,FAMILIARES,POSGRADO,0
2.01408e+16,189,RECHAZADA,PENDIENTE,RECHAZADO,MALO,0.0,,SIN_CUENTA,0.0,0.0,0.0,INVERSIONES,ALTO_B,NO_CLIENTE,0,ALTO,0.0,5,91,0,0,0,0,44,FAMILIARES,POSGRADO,0
2.01407e+16,189,RECHAZADA,PENDIENTE,RECHAZADO,MALO,0.0,,SIN_CUENTA,0.0,0.0,0.0,INVERSIONES,ALTO_A,NO_CLIENTE,0,ALTO,0.0,5,93,0,0,0,0,51,PROPIA,POSGRADO,0
2.01407e+16,189,RECHAZADA,PENDIENTE,RECHAZADO,MALO,0.0,,0,0.0,0.0,0.0,RECIBO DE NOMINA,MEDIO_B,NO_CLIENTE,0,ALTO,0.0,5,94,0,1411,0,0,54,RENTA,LICENCIATURA,0
2.01407e+16,189,RECHAZADA,PENDIENTE,RECHAZADO,MALO,0.0,,SIN_CUENTA,0.0,0.0,0.0,RECIBO DE NOMINA,ALTO_B,NO_CLIENTE,0,ALTO,0.0,5,94,0,0,0,0,48,FAMILIARES,POSGRADO,0
2.01408e+16,189,RECHAZADA,PENDIENTE,RECHAZADO,MALO,0.0,,SIN_CUENTA,0.0,0.0,0.0,DECLARACION ANUAL,MEDIO_B,NO_CLIENTE,0,ALTO,0.0,2,94,0,0,0,0,57,FAMILIARES,PREPARATORIA,0
2.01408e+16,189,RECHAZADA,PENDIENTE,RECHAZADO,MALO,0.0,,SIN_CUENTA,0.0,0.0,0.0,INVERSIONES,MEDIO_A,NO_CLIENTE,0,ALTO,0.0,3,97,0,0,0,0,39,PROPIA,LICENCIATURA,0
2.01408e+16,189,RECHAZADA,PENDIENTE,RECHAZADO,MALO,0.0,,SIN_CUENTA,0.0,0.0,0.0,RECIBO DE NOMINA,ALTO_A,NO_CLIENTE,0,ALTO,0.0,4,99,0,0,0,0,44,PROPIA,POSGRADO,0
2.01407e+16,189,RECHAZADA,PENDIENTE,RECHAZADO,MALO,0.0,,SIN_CUENTA,0.0,0.0,0.0,RECIBO DE NOMINA,MEDIO_A,NO_CLIENTE,0,ALTO,0.0,4,101,0,0,0,0,31,HIPOTECA,LICENCIATURA,0
2.01408e+16,190,RECHAZADA,PENDIENTE,RECHAZADO,MALO,0.0,,SIN_CUENTA,0.0,0.0,0.0,RECIBO DE NOMINA,MEDIO_B,NO_CLIENTE,0,ALTO,0.0,4,89,0,0,0,0,52,RENTA,PREPARATORIA,0
2.01408e+16,190,RECHAZADA,PENDIENTE,RECHAZADO,MALO,0.0,,SIN_CUENTA,0.0,0.0,0.0,RECIBO DE NOMINA,MEDIO_B,NO_CLIENTE,0,ALTO,0.0,1,93,0,0,0,0,47,RENTA,PREPARATORIA,0
2.01407e+16,190,RECHAZADA,PENDIENTE,RECHAZADO,MALO,0.0,,SIN_CUENTA,0.0,0.0,0.0,INVERSIONES,MEDIO_A,NO_CLIENTE,0,ALTO,0.0,3,95,0,0,0,0,26,HIPOTECA,PREPARATORIA,0
2.01407e+16,191,RECHAZADA,PENDIENTE,RECHAZADO,MALO,0.0,,1,0.0,0.0,0.0,INVERSIONES,MEDIO_B,NO_CLIENTE,0,ALTO,0.0,5,89,0,3041,630,0,39,RENTA,PREPARATORIA,0
2.01408e+16,191,RECHAZADA,PENDIENTE,RECHAZADO,MALO,0.0,,SIN_CUENTA,0.0,0.0,0.0,RECIBO DE NOMINA,MEDIO_B,NO_CLIENTE,0,ALTO,0.0,1,90,0,0,0,0,25,FAMILIARES,PREPARATORIA,0
2.01408e+16,191,RECHAZADA,PENDIENTE,RECHAZADO,MALO,0.0,,1,0.0,0.0,0.0,INVERSIONES,MEDIO_B,NO_CLIENTE,66000,ALTO,0.0,5,92,0,600,0,0,40,FAMILIARES,LICENCIATURA,0
2.01408e+16,191,RECHAZADA,PENDIENTE,RECHAZADO,MALO,0.0,,SIN_CUENTA,0.0,0.0,0.0,RECIBO DE NOMINA,MEDIO_B,NO_CLIENTE,0,ALTO,0.0,4,92,0,0,0,0,48,RENTA,PREPARATORIA,0
2.01407e+16,191,RECHAZADA,PENDIENTE,RECHAZADO,MALO,0.0,,1,0.0,0.0,0.0,INVERSIONES,MEDIO_A,NO_CLIENTE,0,ALTO,0.0,3,93,0,4391,250,0,50,HIPOTECA,PREPARATORIA,0
2.01407e+16,191,RECHAZADA,PENDIENTE,RECHAZADO,MALO,0.0,,SIN_CUENTA,0.0,0.0,0.0,INVERSIONES,MEDIO_B,NO_CLIENTE,0,ALTO,0.0,4,95,0,0,0,0,44,FAMILIARES,PREPARATORIA,0
2.01407e+16,191,RECHAZADA,PENDIENTE,RECHAZADO,MALO,0.0,,0,0.0,0.0,0.0,INVERSIONES,MEDIO_A,NO_CLIENTE,0,ALTO,0.0,3,95,0,12354,790,0,40,PROPIA,LICENCIATURA,0
2.01408e+16,191,RECHAZADA,PENDIENTE,RECHAZADO,MALO,0.0,,SIN_CUENTA,0.0,0.0,0.0,RECIBO DE NOMINA,MEDIO_A,NO_CLIENTE,0,ALTO,0.0,4,96,0,0,0,0,28,HIPOTECA,PREPARATORIA,0
2.01408e+16,191,RECHAZADA,PENDIENTE,RECHAZADO,MALO,0.0,,SIN_CUENTA,0.0,0.0,0.0,RECIBO DE NOMINA,MEDIO_A,NO_CLIENTE,0,ALTO,0.0,3,97,0,0,0,0,29,HIPOTECA,LICENCIATURA,0
2.01408e+16,191,RECHAZADA,PENDIENTE,RECHAZADO,MALO,0.0,,SIN_CUENTA,0.0,0.0,0.0,INVERSIONES,MEDIO_A,NO_CLIENTE,0,ALTO,0.0,0,101,0,0,0,0,41,HIPOTECA,LICENCIATURA,0
2.01408e+16,192,RECHAZADA,PENDIENTE,RECHAZADO,MALO,0.0,,1,0.0,0.0,0.0,RECIBO DE NOMINA,MEDIO_A,NO_CLIENTE,15000,ALTO,0.0,3,90,0,13068,820,0,34,HIPOTECA,PREPARATORIA,0
2.01408e+16,192,RECHAZADA,PENDIENTE,RECHAZADO,MALO,0.0,,SIN_CUENTA,0.0,0.0,0.0,RECIBO DE NOMINA,MEDIO_B,NO_CLIENTE,0,ALTO,0.0,4,93,0,0,0,0,41,RENTA,LICENCIATURA,0
2.01408e+16,192,RECHAZADA,PENDIENTE,RECHAZADO,MALO,0.0,,SIN_CUENTA,0.0,0.0,0.0,INVERSIONES,MEDIO_B,NO_CLIENTE,0,ALTO,0.0,4,99,0,0,0,0,47,FAMILIARES,LICENCIATURA,0
2.01407e+16,192,RECHAZADA,PENDIENTE,RECHAZADO,MALO,0.0,,0,0.0,0.0,0.0,INVERSIONES,MEDIO_B,NO_CLIENTE,0,ALTO,0.0,1,100,0,1586,250,0,47,FAMILIARES,LICENCIATURA,0
2.01408e+16,192,RECHAZADA,PENDIENTE,RECHAZADO,MALO,0.0,,SIN_CUENTA,0.0,0.0,0.0,INVERSIONES,MEDIO_B,NO_CLIENTE,0,ALTO,0.0,0,101,0,0,0,0,45,RENTA,LICENCIATURA,0
2.01407e+16,193,RECHAZADA,PENDIENTE,RECHAZADO,MALO,0.0,,SIN_CUENTA,0.0,0.0,0.0,RECIBO DE NOMINA,MEDIO_A,NO_CLIENTE,0,ALTO,0.0,2,92,0,0,0,0,32,HIPOTECA,LICENCIATURA,0
2.01408e+16,193,RECHAZADA,PENDIENTE,RECHAZADO,MALO,0.0,,SIN_CUENTA,0.0,0.0,0.0,INVERSIONES,ALTO_B,NO_CLIENTE,0,ALTO,0.0,3,94,0,0,0,0,42,FAMILIARES,POSGRADO,0
2.01408e+16,193,RECHAZADA,PENDIENTE,RECHAZADO,MALO,0.0,,SIN_CUENTA,0.0,0.0,0.0,RECIBO DE NOMINA,MEDIO_B,NO_CLIENTE,0,ALTO,0.0,2,94,0,0,0,0,42,FAMILIARES,LICENCIATURA,0
2.01407e+16,193,RECHAZADA,PENDIENTE,RECHAZADO,MALO,0.0,,SIN_CUENTA,0.0,0.0,0.0,RECIBO DE NOMINA,ALTO_B,NO_CLIENTE,0,ALTO,0.0,4,95,0,0,0,0,41,RENTA,POSGRADO,0
2.01408e+16,193,RECHAZADA,PENDIENTE,RECHAZADO,MALO,0.0,,SIN_CUENTA,0.0,0.0,0.0,INVERSIONES,MEDIO_A,NO_CLIENTE,0,ALTO,0.0,4,97,0,0,0,0,44,PROPIA,LICENCIATURA,0
2.01408e+16,193,RECHAZADA,PENDIENTE,RECHAZADO,MALO,0.0,,SIN_CUENTA,0.0,0.0,0.0,INVERSIONES,MEDIO_B,NO_CLIENTE,0,ALTO,0.0,0,100,0,0,0,0,37,RENTA,LICENCIATURA,0
2.01407e+16,194,RECHAZADA,PENDIENTE,RECHAZADO,MALO,0.0,,SIN_CUENTA,0.0,0.0,0.0,RECIBO DE NOMINA,MEDIO_A,NO_CLIENTE,0,ALTO,0.0,5,89,0,0,0,0,57,HIPOTECA,PREPARATORIA,0
2.01407e+16,194,RECHAZADA,PENDIENTE,RECHAZADO,MALO,0.0,,SIN_CUENTA,0.0,0.0,0.0,INVERSIONES,ALTO_B,NO_CLIENTE,0,ALTO,0.0,2,92,0,0,0,0,34,FAMILIARES,POSGRADO,0
2.01408e+16,194,RECHAZADA,PENDIENTE,RECHAZADO,MALO,0.0,,SIN_CUENTA,0.0,0.0,0.0,RECIBO DE NOMINA,MEDIO_A,NO_CLIENTE,0,ALTO,0.0,1,92,0,0,0,0,45,HIPOTECA,PREPARATORIA,0
2.01407e+16,194,RECHAZADA,PENDIENTE,RECHAZADO,MALO,0.0,,SIN_CUENTA,0.0,0.0,0.0,RECIBO DE NOMINA,MEDIO_A,NO_CLIENTE,0,ALTO,0.0,5,94,0,0,0,0,37,HIPOTECA,PREPARATORIA,0
2.01408e+16,195,RECHAZADA,PENDIENTE,RECHAZADO,MALO,0.0,,0,0.0,0.0,0.0,INVERSIONES,MEDIO_B,NO_CLIENTE,15000,ALTO,0.0,5,89,0,14853,890,0,56,FAMILIARES,LICENCIATURA,0
2.01407e+16,195,RECHAZADA,PENDIENTE,RECHAZADO,MALO,0.0,,SIN_CUENTA,0.0,0.0,0.0,RECIBO DE NOMINA,MEDIO_A,NO_CLIENTE,0,ALTO,0.0,4,91,0,0,0,0,29,HIPOTECA,PREPARATORIA,0
2.01408e+16,195,RECHAZADA,PENDIENTE,RECHAZADO,MALO,0.0,,SIN_CUENTA,0.0,0.0,0.0,INVERSIONES,ALTO_A,NO_CLIENTE,0,ALTO,0.0,2,91,0,0,0,0,39,PROPIA,POSGRADO,0
2.01407e+16,195,RECHAZADA,PENDIENTE,RECHAZADO,MALO,0.0,,0,0.0,0.0,0.0,INVERSIONES,MEDIO_A,NO_CLIENTE,96500,ALTO,0.0,5,93,0,18689,1210,0,60,HIPOTECA,PREPARATORIA,0
2.01407e+16,195,RECHAZADA,PENDIENTE,RECHAZADO,MALO,0.0,,SIN_CUENTA,0.0,0.0,0.0,RECIBO DE NOMINA,MEDIO_B,NO_CLIENTE,0,ALTO,0.0,3,98,0,0,0,0,48,FAMILIARES,LICENCIATURA,0
2.01408e+16,196,RECHAZADA,PENDIENTE,RECHAZADO,MALO,0.0,,SIN_CUENTA,0.0,0.0,0.0,RECIBO DE NOMINA,MEDIO_A,NO_CLIENTE,0,ALTO,0.0,3,91,0,0,0,0,44,HIPOTECA,LICENCIATURA,0
2.01408e+16,196,RECHAZADA,PENDIENTE,RECHAZADO,MALO,0.0,,SIN_CUENTA,0.0,0.0,0.0,RECIBO DE NOMINA,ALTO_A,NO_CLIENTE,0,ALTO,0.0,3,93,0,0,0,0,39,PROPIA,POSGRADO,0
2.01408e+16,196,RECHAZADA,PENDIENTE,RECHAZADO,MALO,0.0,,0,0.0,0.0,0.0,INVERSIONES,ALTO_B,NO_CLIENTE,37500,ALTO,0.0,4,94,0,10492,0,0,28,HIPOTECA,POSGRADO,0
2.01408e+16,196,RECHAZADA,PENDIENTE,RECHAZADO,MALO,0.0,,SIN_CUENTA,0.0,0.0,0.0,RECIBO DE NOMINA,ALTO_B,NO_CLIENTE,0,ALTO,0.0,4,99,0,0,0,0,53,RENTA,POSGRADO,0
2.01407e+16,197,RECHAZADA,PENDIENTE,RECHAZADO,MALO,0.0,,SIN_CUENTA,0.0,0.0,0.0,INVERSIONES,ALTO_B,NO_CLIENTE,0,ALTO,0.0,4,91,0,0,0,0,58,HIPOTECA,POSGRADO,0
2.01408e+16,197,RECHAZADA,PENDIENTE,RECHAZADO,MALO,0.0,,SIN_CUENTA,0.0,0.0,0.0,RECIBO DE NOMINA,MEDIO_A,NO_CLIENTE,0,ALTO,0.0,1,91,0,0,0,0,42,PROPIA,LICENCIATURA,0
2.01408e+16,197,RECHAZADA,PENDIENTE,RECHAZADO,MALO,0.0,,SIN_CUENTA,0.0,0.0,0.0,RECIBO DE NOMINA,ALTO_B,NO_CLIENTE,0,ALTO,0.0,4,92,0,0,0,0,26,RENTA,POSGRADO,0
2.01407e+16,197,RECHAZADA,PENDIENTE,RECHAZADO,MALO,0.0,,SIN_CUENTA,0.0,0.0,0.0,DECLARACION ANUAL,MEDIO_A,NO_CLIENTE,0,ALTO,0.0,2,93,0,0,0,0,25,HIPOTECA,PREPARATORIA,0
2.01407e+16,197,RECHAZADA,PENDIENTE,RECHAZADO,MALO,0.0,,SIN_CUENTA,0.0,0.0,0.0,RECIBO DE NOMINA,MEDIO_B,NO_CLIENTE,0,ALTO,0.0,3,97,0,0,0,0,49,RENTA,LICENCIATURA,0
2.01407e+16,197,RECHAZADA,PENDIENTE,RECHAZADO,MALO,0.0,,SIN_CUENTA,0.0,0.0,0.0,RECIBO DE NOMINA,MEDIO_A,NO_CLIENTE,0,ALTO,0.0,3,101,0,0,0,0,45,HIPOTECA,PREPARATORIA,0
2.01407e+16,198,RECHAZADA,PENDIENTE,RECHAZADO,MALO,0.0,,0,0.0,0.0,0.0,INVERSIONES,MEDIO_A,NO_CLIENTE,0,ALTO,0.0,3,90,0,8925,1920,0,54,PROPIA,LICENCIATURA,0
2.01408e+16,198,RECHAZADA,PENDIENTE,RECHAZADO,MALO,0.0,,SIN_CUENTA,0.0,0.0,0.0,INVERSIONES,ALTO_B,NO_CLIENTE,0,ALTO,0.0,4,94,0,0,0,0,41,FAMILIARES,POSGRADO,0
2.01408e+16,198,RECHAZADA,PENDIENTE,RECHAZADO,MALO,0.0,,0,0.0,0.0,0.0,INVERSIONES,MEDIO_B,NO_CLIENTE,11000,ALTO,0.0,3,97,0,10789,710,0,56,RENTA,LICENCIATURA,0
2.01408e+16,198,RECHAZADA,PENDIENTE,RECHAZADO,MALO,0.0,,SIN_CUENTA,0.0,0.0,0.0,INVERSIONES,MEDIO_B,NO_CLIENTE,0,ALTO,0.0,0,101,0,0,0,0,25,RENTA,PREPARATORIA,0
2.01408e+16,199,RECHAZADA,PENDIENTE,RECHAZADO,MALO,0.0,,SIN_CUENTA,0.0,0.0,0.0,RECIBO DE NOMINA,ALTO_A,NO_CLIENTE,0,ALTO,0.0,4,90,0,0,0,0,54,PROPIA,POSGRADO,0
2.01407e+16,199,RECHAZADA,PENDIENTE,RECHAZADO,MALO,0.0,,0,0.0,0.0,0.0,RECIBO DE NOMINA,MEDIO_A,NO_CLIENTE,0,ALTO,0.0,4,91,0,7613,7613,0,33,PROPIA,LICENCIATURA,0
2.01408e+16,199,RECHAZADA,PENDIENTE,RECHAZADO,MALO,0.0,,SIN_CUENTA,0.0,0.0,0.0,RECIBO DE NOMINA,MEDIO_A,NO_CLIENTE,0,ALTO,0.0,5,93,0,0,0,0,55,HIPOTECA,PREPARATORIA,0
2.01408e+16,199,RECHAZADA,PENDIENTE,RECHAZADO,MALO,0.0,,SIN_CUENTA,0.0,0.0,0.0,INVERSIONES,MEDIO_B,NO_CLIENTE,0,ALTO,0.0,4,94,0,0,0,0,31,RENTA,PREPARATORIA,0
2.01407e+16,199,RECHAZADA,PENDIENTE,RECHAZADO,MALO,0.0,,0,0.0,0.0,0.0,INVERSIONES,MEDIO_A,NO_CLIENTE,0,ALTO,0.0,2,95,0,2562,0,0,50,PROPIA,LICENCIATURA,0
2.01407e+16,199,RECHAZADA,PENDIENTE,RECHAZADO,MALO,0.0,,SIN_CUENTA,0.0,0.0,0.0,RECIBO DE NOMINA,ALTO_B,NO_CLIENTE,0,ALTO,0.0,3,96,0,0,0,0,34,FAMILIARES,POSGRADO,0
2.01408e+16,199,RECHAZADA,PENDIENTE,RECHAZADO,MALO,0.0,,SIN_CUENTA,0.0,0.0,0.0,RECIBO DE NOMINA,MEDIO_B,NO_CLIENTE,0,ALTO,0.0,4,96,0,0,0,0,38,FAMILIARES,LICENCIATURA,0
2.01407e+16,199,RECHAZADA,PENDIENTE,RECHAZADO,MALO,0.0,,SIN_CUENTA,0.0,0.0,0.0,RECIBO DE NOMINA,MEDIO_A,NO_CLIENTE,0,ALTO,0.0,3,97,0,0,0,0,57,HIPOTECA,PREPARATORIA,0
2.01406e+16,199,RECHAZADA,PENDIENTE,RECHAZADO,MALO,0.0,,0,0.0,0.0,0.0,INVERSIONES,MEDIO_B,NO_CLIENTE,0,ALTO,0.0,4,98,0,3512,0,0,30,FAMILIARES,LICENCIATURA,0
2.01408e+16,199,RECHAZADA,PENDIENTE,RECHAZADO,MALO,0.0,,SIN_CUENTA,0.0,0.0,0.0,RECIBO DE NOMINA,ALTO_B,NO_CLIENTE,0,ALTO,0.0,2,98,0,0,0,0,42,RENTA,POSGRADO,0
2.01408e+16,199,RECHAZADA,PENDIENTE,RECHAZADO,MALO,0.0,,SIN_CUENTA,0.0,0.0,0.0,RECIBO DE NOMINA,ALTO_A,NO_CLIENTE,0,ALTO,0.0,2,100,0,0,0,0,58,PROPIA,POSGRADO,0
2.01408e+16,199,RECHAZADA,PENDIENTE,RECHAZADO,MALO,0.0,,SIN_CUENTA,0.0,0.0,0.0,RECIBO DE NOMINA,MEDIO_A,NO_CLIENTE,0,ALTO,0.0,3,100,0,0,0,0,58,HIPOTECA,PREPARATORIA,0
2.01407e+16,200,RECHAZADA,PENDIENTE,RECHAZADO,MALO,0.0,,SIN_CUENTA,0.0,0.0,0.0,RECIBO DE NOMINA,ALTO_A,NO_CLIENTE,0,ALTO,0.0,3,91,0,0,0,0,49,PROPIA,POSGRADO,0
2.01407e+16,200,RECHAZADA,PENDIENTE,RECHAZADO,MALO,0.0,,0,0.0,0.0,0.0,INVERSIONES,ALTO_B,NO_CLIENTE,0,ALTO,0.0,3,91,0,14326,0,0,31,FAMILIARES,POSGRADO,0
2.01408e+16,200,RECHAZADA,PENDIENTE,RECHAZADO,MALO,0.0,,3,0.0,0.0,0.0,INVERSIONES,MEDIO_A,NO_CLIENTE,7000,ALTO,0.0,2,93,0,4874,820,0,50,PROPIA,LICENCIATURA,0
2.01407e+16,200,RECHAZADA,PENDIENTE,RECHAZADO,MALO,0.0,,SIN_CUENTA,0.0,0.0,0.0,RECIBO DE NOMINA,MEDIO_A,NO_CLIENTE,0,ALTO,0.0,1,95,0,0,0,0,46,HIPOTECA,PREPARATORIA,0
2.01407e+16,200,RECHAZADA,PENDIENTE,RECHAZADO,MALO,0.0,,SIN_CUENTA,0.0,0.0,0.0,RECIBO DE NOMINA,MEDIO_A,NO_CLIENTE,0,ALTO,0.0,1,97,0,0,0,0,36,PROPIA,LICENCIATURA,0
2.01407e+16,201,RECHAZADA,PENDIENTE,RECHAZADO,MALO,0.0,,0,0.0,0.0,0.0,RECIBO DE NOMINA,MEDIO_B,NO_CLIENTE,0,ALTO,0.0,4,89,0,3214,250,0,26,RENTA,LICENCIATURA,0
2.01408e+16,201,RECHAZADA,PENDIENTE,RECHAZADO,MALO,0.0,,SIN_CUENTA,0.0,0.0,0.0,DECLARACION ANUAL,MEDIO_A,NO_CLIENTE,0,ALTO,0.0,5,89,0,0,0,0,36,HIPOTECA,LICENCIATURA,0
2.01408e+16,201,RECHAZADA,PENDIENTE,RECHAZADO,MALO,0.0,,1,0.0,0.0,0.0,INVERSIONES,ALTO_A,NO_CLIENTE,130000,ALTO,0.0,4,91,0,52854,1630,0,48,PROPIA,POSGRADO,0
2.01407e+16,201,RECHAZADA,PENDIENTE,RECHAZADO,MALO,0.0,,SIN_CUENTA,0.0,0.0,0.0,RECIBO DE NOMINA,ALTO_B,NO_CLIENTE,0,ALTO,0.0,1,93,0,0,0,0,53,RENTA,POSGRADO,0
2.01407e+16,201,RECHAZADA,PENDIENTE,RECHAZADO,MALO,0.0,,SIN_CUENTA,0.0,0.0,0.0,RECIBO DE NOMINA,MEDIO_B,NO_CLIENTE,0,ALTO,0.0,2,93,0,0,0,0,44,RENTA,LICENCIATURA,0
2.01407e+16,201,RECHAZADA,PENDIENTE,RECHAZADO,MALO,0.0,,SIN_CUENTA,0.0,0.0,0.0,RECIBO DE NOMINA,MEDIO_B,NO_CLIENTE,0,ALTO,0.0,4,93,0,0,0,0,31,RENTA,LICENCIATURA,0
2.01408e+16,201,RECHAZADA,PENDIENTE,RECHAZADO,MALO,0.0,,1,0.0,0.0,0.0,INVERSIONES,MEDIO_A,NO_CLIENTE,3999,ALTO,0.0,3,93,0,0,0,0,48,HIPOTECA,PREPARATORIA,0
2.01408e+16,201,RECHAZADA,PENDIENTE,RECHAZADO,MALO,0.0,,1,0.0,0.0,0.0,INVERSIONES,ALTO_B,NO_CLIENTE,7000,ALTO,0.0,4,95,0,633,0,0,58,RENTA,POSGRADO,0
2.01408e+16,201,RECHAZADA,PENDIENTE,RECHAZADO,MALO,0.0,,SIN_CUENTA,0.0,0.0,0.0,RECIBO DE NOMINA,MEDIO_A,NO_CLIENTE,0,ALTO,0.0,4,96,0,0,0,0,32,PROPIA,LICENCIATURA,0
2.01408e+16,201,RECHAZADA,PENDIENTE,RECHAZADO,MALO,0.0,,0,0.0,0.0,0.0,INVERSIONES,MEDIO_A,NO_CLIENTE,200000,ALTO,0.0,4,99,0,174066,0,0,43,PROPIA,LICENCIATURA,0
2.01408e+16,201,RECHAZADA,PENDIENTE,RECHAZADO,MALO,0.0,,SIN_CUENTA,0.0,0.0,0.0,RECIBO DE NOMINA,MEDIO_A,NO_CLIENTE,0,ALTO,0.0,3,100,0,0,0,0,36,PROPIA,LICENCIATURA,0
2.01407e+16,201,RECHAZADA,PENDIENTE,RECHAZADO,MALO,0.0,,SIN_CUENTA,0.0,0.0,0.0,INVERSIONES,MEDIO_A,NO_CLIENTE,0,ALTO,0.0,2,100,0,0,0,0,54,HIPOTECA,PREPARATORIA,0
2.01408e+16,201,RECHAZADA,PENDIENTE,RECHAZADO,MALO,0.0,,SIN_CUENTA,0.0,0.0,0.0,INVERSIONES,MEDIO_A,NO_CLIENTE,0,ALTO,0.0,0,101,0,0,0,0,53,HIPOTECA,LICENCIATURA,0
2.01407e+16,201,EN_PROCESO,PENDIENTE,RECHAZADO,MALO,0.0,,SIN_CUENTA,0.0,0.0,0.0,INVERSIONES,BAJO_B,NO_CLIENTE,0,ALTO,0.0,0,101,0,0,0,0,57,RENTA,POSGRADO,0
2.01408e+16,202,RECHAZADA,PENDIENTE,RECHAZADO,MALO,0.0,,1,0.0,0.0,0.0,RECIBO DE NOMINA,MEDIO_A,NO_CLIENTE,37300,ALTO,0.0,3,90,0,28899,2140,0,52,HIPOTECA,LICENCIATURA,0
2.01408e+16,202,RECHAZADA,PENDIENTE,RECHAZADO,MALO,0.0,,0,0.0,0.0,0.0,INVERSIONES,ALTO_B,NO_CLIENTE,0,ALTO,0.0,3,93,0,7079,7079,0,54,FAMILIARES,POSGRADO,0
2.01408e+16,202,RECHAZADA,PENDIENTE,RECHAZADO,MALO,0.0,,0,0.0,0.0,0.0,RECIBO DE NOMINA,MEDIO_B,NO_CLIENTE,18000,ALTO,0.0,5,94,0,17366,1070,0,26,FAMILIARES,PREPARATORIA,0
2.01408e+16,202,RECHAZADA,PENDIENTE,RECHAZADO,MALO,0.0,,1,0.0,0.0,0.0,INVERSIONES,MEDIO_B,NO_CLIENTE,121000,ALTO,0.0,2,97,0,21541,0,0,38,FAMILIARES,LICENCIATURA,0
2.01408e+16,202,RECHAZADA,PENDIENTE,RECHAZADO,MALO,0.0,,1,0.0,0.0,0.0,RECIBO DE NOMINA,MEDIO_A,NO_CLIENTE,33500,ALTO,0.0,2,100,0,14695,1100,0,60,PROPIA,LICENCIATURA,0
2.01407e+16,203,RECHAZADA,PENDIENTE,RECHAZADO,MALO,0.0,,SIN_CUENTA,0.0,0.0,0.0,INVERSIONES,MEDIO_B,NO_CLIENTE,0,ALTO,0.0,5,89,0,0,0,0,33,FAMILIARES,LICENCIATURA,0
2.01408e+16,203,RECHAZADA,PENDIENTE,RECHAZADO,MALO,0.0,,SIN_CUENTA,0.0,0.0,0.0,RECIBO DE NOMINA,ALTO_B,NO_CLIENTE,0,ALTO,0.0,2,91,0,0,0,0,57,FAMILIARES,POSGRADO,0
2.01408e+16,203,RECHAZADA,PENDIENTE,RECHAZADO,MALO,0.0,,SIN_CUENTA,0.0,0.0,0.0,RECIBO DE NOMINA,MEDIO_A,NO_CLIENTE,0,ALTO,0.0,2,91,0,0,0,0,28,HIPOTECA,LICENCIATURA,0
2.01407e+16,203,RECHAZADA,PENDIENTE,RECHAZADO,MALO,0.0,,SIN_CUENTA,0.0,0.0,0.0,RECIBO DE NOMINA,ALTO_B,NO_CLIENTE,0,ALTO,0.0,5,93,0,0,0,0,34,RENTA,POSGRADO,0
2.01408e+16,203,RECHAZADA,PENDIENTE,RECHAZADO,MALO,0.0,,SIN_CUENTA,0.0,0.0,0.0,RECIBO DE NOMINA,MEDIO_B,NO_CLIENTE,0,ALTO,0.0,2,97,0,0,0,0,27,FAMILIARES,LICENCIATURA,0
2.01407e+16,203,RECHAZADA,PENDIENTE,RECHAZADO,MALO,0.0,,1,0.0,0.0,0.0,RECIBO DE NOMINA,MEDIO_A,NO_CLIENTE,0,ALTO,0.0,4,98,0,1540,250,0,44,HIPOTECA,PREPARATORIA,0
2.01407e+16,203,RECHAZADA,PENDIENTE,RECHAZADO,MALO,0.0,,SIN_CUENTA,0.0,0.0,0.0,INVERSIONES,MEDIO_B,NO_CLIENTE,0,ALTO,0.0,3,99,0,0,0,0,48,FAMILIARES,LICENCIATURA,0
2.01408e+16,203,RECHAZADA,PENDIENTE,RECHAZADO,MALO,0.0,,SIN_CUENTA,0.0,0.0,0.0,INVERSIONES,MEDIO_A,NO_CLIENTE,0,ALTO,0.0,2,99,0,0,0,0,28,PROPIA,LICENCIATURA,0
2.01407e+16,203,RECHAZADA,PENDIENTE,RECHAZADO,MALO,0.0,,SIN_CUENTA,0.0,0.0,0.0,RECIBO DE NOMINA,ALTO_B,NO_CLIENTE,0,ALTO,0.0,4,100,0,0,0,0,37,FAMILIARES,POSGRADO,0
2.01408e+16,203,RECHAZADA,PENDIENTE,RECHAZADO,MALO,0.0,,SIN_CUENTA,0.0,0.0,0.0,RECIBO DE NOMINA,MEDIO_A,NO_CLIENTE,0,ALTO,0.0,1,100,0,0,0,0,53,PROPIA,LICENCIATURA,0
2.01408e+16,204,RECHAZADA,PENDIENTE,RECHAZADO,MALO,0.0,,1,0.0,0.0,0.0,INVERSIONES,MEDIO_B,NO_CLIENTE,3000,ALTO,0.0,3,90,0,2317,0,0,48,FAMILIARES,LICENCIATURA,0
2.01407e+16,204,RECHAZADA,PENDIENTE,RECHAZADO,MALO,0.0,,0,0.0,0.0,0.0,RECIBO DE NOMINA,ALTO_A,NO_CLIENTE,0,ALTO,0.0,3,92,0,9244,0,0,32,PROPIA,POSGRADO,0
2.01408e+16,204,RECHAZADA,PENDIENTE,RECHAZADO,MALO,0.0,,SIN_CUENTA,0.0,0.0,0.0,INVERSIONES,MEDIO_B,NO_CLIENTE,0,ALTO,0.0,4,93,0,0,0,0,56,RENTA,LICENCIATURA,0
2.01407e+16,204,RECHAZADA,PENDIENTE,RECHAZADO,MALO,0.0,,SIN_CUENTA,0.0,0.0,0.0,RECIBO DE NOMINA,ALTO_B,NO_CLIENTE,0,ALTO,0.0,2,96,0,0,0,0,41,RENTA,POSGRADO,0
2.01406e+16,204,RECHAZADA,PENDIENTE,RECHAZADO,MALO,0.0,,SIN_CUENTA,0.0,0.0,0.0,INVERSIONES,MEDIO_B,NO_CLIENTE,0,ALTO,0.0,5,98,0,0,0,0,59,FAMILIARES,LICENCIATURA,0
2.01408e+16,204,RECHAZADA,PENDIENTE,RECHAZADO,MALO,0.0,,SIN_CUENTA,0.0,0.0,0.0,RECIBO DE NOMINA,MEDIO_B,NO_CLIENTE,0,ALTO,0.0,3,98,0,0,0,0,43,RENTA,PREPARATORIA,0
2.01408e+16,204,RECHAZADA,PENDIENTE,RECHAZADO,MALO,0.0,,SIN_CUENTA,0.0,0.0,0.0,INVERSIONES,ALTO_A,NO_CLIENTE,0,ALTO,0.0,3,98,0,0,0,0,50,PROPIA,POSGRADO,0
2.01408e+16,205,RECHAZADA,PENDIENTE,RECHAZADO,MALO,0.0,,2,0.0,0.0,0.0,INVERSIONES,ALTO_B,NO_CLIENTE,14000,ALTO,0.0,5,93,0,13511,0,0,45,FAMILIARES,POSGRADO,0
2.01408e+16,205,RECHAZADA,PENDIENTE,RECHAZADO,MALO,0.0,,SIN_CUENTA,0.0,0.0,0.0,RECIBO DE NOMINA,MEDIO_A,NO_CLIENTE,0,ALTO,0.0,3,97,0,0,0,0,31,PROPIA,LICENCIATURA,0
2.01407e+16,205,RECHAZADA,PENDIENTE,RECHAZADO,MALO,0.0,,SIN_CUENTA,0.0,0.0,0.0,INVERSIONES,MEDIO_B,NO_CLIENTE,0,ALTO,0.0,3,98,0,0,0,0,37,RENTA,LICENCIATURA,0
2.01408e+16,205,RECHAZADA,PENDIENTE,RECHAZADO,MALO,0.0,,SIN_CUENTA,0.0,0.0,0.0,RECIBO DE NOMINA,ALTO_B,NO_CLIENTE,0,ALTO,0.0,4,98,0,0,0,0,43,HIPOTECA,POSGRADO,0
2.01408e+16,205,RECHAZADA,PENDIENTE,RECHAZADO,MALO,0.0,,SIN_CUENTA,0.0,0.0,0.0,RECIBO DE NOMINA,MEDIO_B,NO_CLIENTE,0,ALTO,0.0,2,100,0,0,0,0,45,FAMILIARES,LICENCIATURA,0
2.01407e+16,205,RECHAZADA,PENDIENTE,RECHAZADO,MALO,0.0,,SIN_CUENTA,0.0,0.0,0.0,INVERSIONES,MEDIO_B,NO_CLIENTE,0,ALTO,0.0,0,101,0,0,0,0,37,FAMILIARES,LICENCIATURA,0
2.01408e+16,205,RECHAZADA,PENDIENTE,RECHAZADO,MALO,0.0,,SIN_CUENTA,0.0,0.0,0.0,INVERSIONES,MEDIO_B,NO_CLIENTE,0,ALTO,0.0,0,101,0,0,0,0,55,FAMILIARES,PREPARATORIA,0
2.01407e+16,206,RECHAZADA,PENDIENTE,RECHAZADO,MALO,0.0,,0,0.0,0.0,0.0,INVERSIONES,ALTO_B,NO_CLIENTE,0,ALTO,0.0,2,90,0,60125,2080,0,35,FAMILIARES,POSGRADO,0
2.01406e+16,206,RECHAZADA,PENDIENTE,RECHAZADO,MALO,0.0,,SIN_CUENTA,0.0,0.0,34932.0,RECIBO DE NOMINA,ALTO_B,CLIENTE_BANCO,0,ALTO,0.0,4,91,0,0,0,0,37,HIPOTECA,LICENCIATURA,0
2.01407e+16,206,RECHAZADA,PENDIENTE,RECHAZADO,MALO,0.0,,0,0.0,0.0,0.0,INVERSIONES,ALTO_B,NO_CLIENTE,0,ALTO,0.0,5,94,0,27450,1390,0,49,RENTA,POSGRADO,0
2.01406e+16,206,RECHAZADA,PENDIENTE,RECHAZADO,MALO,0.0,,SIN_CUENTA,0.0,0.0,0.0,INVERSIONES,MEDIO_B,NO_CLIENTE,0,ALTO,0.0,3,97,0,0,0,0,51,RENTA,PREPARATORIA,0
2.01408e+16,206,RECHAZADA,PENDIENTE,RECHAZADO,MALO,0.0,,SIN_CUENTA,0.0,0.0,0.0,INVERSIONES,ALTO_B,NO_CLIENTE,0,ALTO,0.0,2,98,0,0,0,0,54,FAMILIARES,POSGRADO,0
2.01408e+16,207,EN_PROCESO,PENDIENTE,RECHAZADO,MALO,0.0,,SIN_CUENTA,0.0,0.0,0.0,RECIBO DE NOMINA,BAJO_B,NO_CLIENTE,0,ALTO,0.0,5,91,0,0,0,0,53,HIPOTECA,PREPARATORIA,0
2.01408e+16,207,RECHAZADA,PENDIENTE,RECHAZADO,MALO,0.0,,SIN_CUENTA,0.0,0.0,0.0,INVERSIONES,ALTO_B,NO_CLIENTE,0,ALTO,0.0,3,95,0,0,0,0,56,RENTA,POSGRADO,0
2.01406e+16,207,RECHAZADA,PENDIENTE,RECHAZADO,MALO,0.0,,SIN_CUENTA,0.0,0.0,5436.0,RECIBO DE NOMINA,ALTO_B,CLIENTE_BANCO,0,ALTO,0.0,4,97,0,0,0,0,58,FAMILIARES,SECUNDARIA,0
2.01407e+16,207,CANCELADA,PENDIENTE,RECHAZADO,MALO,0.0,,SIN_CUENTA,0.0,0.0,0.0,SIN COMPROBANTE,ALTO_B,NO_CLIENTE,0,ALTO,0.0,3,100,0,0,0,0,51,HIPOTECA,POSGRADO,0
2.01406e+16,208,RECHAZADA,PENDIENTE,RECHAZADO,MALO,0.0,,SIN_CUENTA,0.0,0.0,0.0,RECIBO DE NOMINA,MEDIO_B,NO_CLIENTE,0,ALTO,0.0,5,90,0,0,0,0,34,FAMILIARES,LICENCIATURA,0
2.01408e+16,208,RECHAZADA,PENDIENTE,RECHAZADO,MALO,0.0,,1,0.0,0.0,0.0,INVERSIONES,MEDIO_B,NO_CLIENTE,18004,ALTO,0.0,3,94,0,16379,0,0,37,FAMILIARES,LICENCIATURA,0
2.01408e+16,208,RECHAZADA,PENDIENTE,RECHAZADO,MALO,0.0,,SIN_CUENTA,0.0,0.0,0.0,RECIBO DE NOMINA,MEDIO_A,NO_CLIENTE,0,ALTO,0.0,2,94,0,0,0,0,39,HIPOTECA,PREPARATORIA,0
2.01408e+16,208,RECHAZADA,PENDIENTE,RECHAZADO,MALO,0.0,,0,0.0,0.0,0.0,RECIBO DE NOMINA,ALTO_B,NO_CLIENTE,0,ALTO,0.0,2,96,0,14579,870,0,50,RENTA,POSGRADO,0
2.01407e+16,208,RECHAZADA,PENDIENTE,RECHAZADO,MALO,0.0,,SIN_CUENTA,0.0,0.0,0.0,RECIBO DE NOMINA,MEDIO_A,NO_CLIENTE,0,ALTO,0.0,3,97,0,0,0,0,30,PROPIA,LICENCIATURA,0
2.01408e+16,208,RECHAZADA,PENDIENTE,RECHAZADO,MALO,0.0,,SIN_CUENTA,0.0,0.0,0.0,RECIBO DE NOMINA,MEDIO_A,NO_CLIENTE,0,ALTO,0.0,5,98,0,0,0,0,32,HIPOTECA,LICENCIATURA,0
2.01408e+16,208,RECHAZADA,PENDIENTE,RECHAZADO,MALO,0.0,,SIN_CUENTA,0.0,0.0,0.0,RECIBO DE NOMINA,ALTO_B,NO_CLIENTE,0,ALTO,0.0,5,99,0,0,0,0,57,HIPOTECA,POSGRADO,0
2.01407e+16,208,RECHAZADA,PENDIENTE,RECHAZADO,MALO,0.0,,2,0.0,0.0,0.0,RECIBO DE NOMINA,MEDIO_B,NO_CLIENTE,0,ALTO,0.0,2,100,0,17736,2740,0,56,RENTA,PREPARATORIA,0
2.01408e+16,208,RECHAZADA,PENDIENTE,RECHAZADO,MALO,0.0,,0,0.0,0.0,0.0,RECIBO DE NOMINA,ALTO_B,NO_CLIENTE,0,ALTO,0.0,3,101,0,13760,13760,0,50,FAMILIARES,POSGRADO,0
2.01408e+16,209,RECHAZADA,PENDIENTE,RECHAZADO,MALO,0.0,,0,0.0,0.0,0.0,INVERSIONES,ALTO_A,NO_CLIENTE,0,ALTO,0.0,3,91,0,12393,0,0,50,PROPIA,POSGRADO,0
2.01408e+16,209,EN_PROCESO,PENDIENTE,RECHAZADO,MALO,0.0,,SIN_CUENTA,0.0,0.0,0.0,RECIBO DE NOMINA,MEDIO_B,NO_CLIENTE,0,ALTO,0.0,4,92,0,0,0,0,50,RENTA,LICENCIATURA,0
2.01407e+16,209,RECHAZADA,PENDIENTE,RECHAZADO,MALO,0.0,,SIN_CUENTA,0.0,0.0,0.0,INVERSIONES,MEDIO_A,NO_CLIENTE,0,ALTO,0.0,2,93,0,0,0,0,36,HIPOTECA,PREPARATORIA,0
2.01407e+16,209,RECHAZADA,PENDIENTE,RECHAZADO,MALO,0.0,,SIN_CUENTA,0.0,0.0,0.0,INVERSIONES,ALTO_B,NO_CLIENTE,0,ALTO,0.0,5,93,0,0,0,0,39,FAMILIARES,POSGRADO,0
2.01408e+16,209,RECHAZADA,PENDIENTE,RECHAZADO,MALO,0.0,,SIN_CUENTA,0.0,0.0,0.0,RECIBO DE NOMINA,MEDIO_B,NO_CLIENTE,0,ALTO,0.0,2,94,0,0,0,0,40,FAMILIARES,PREPARATORIA,0
2.01408e+16,209,RECHAZADA,PENDIENTE,RECHAZADO,MALO,0.0,,0,0.0,0.0,0.0,RECIBO DE NOMINA,ALTO_B,NO_CLIENTE,374500,ALTO,0.0,2,99,0,210437,7340,0,53,HIPOTECA,POSGRADO,0
2.01407e+16,210,RECHAZADA,PENDIENTE,RECHAZADO,MALO,0.0,,0,0.0,0.0,0.0,INVERSIONES,MEDIO_B,NO_CLIENTE,0,ALTO,0.0,2,90,0,7451,530,0,53,FAMILIARES,LICENCIATURA,0
2.01408e+16,210,RECHAZADA,PENDIENTE,RECHAZADO,MALO,0.0,,0,0.0,0.0,0.0,RECIBO DE NOMINA,MEDIO_B,NO_CLIENTE,5050,ALTO,0.0,3,92,0,0,0,0,29,RENTA,LICENCIATURA,0
2.01408e+16,210,RECHAZADA,PENDIENTE,RECHAZADO,MALO,0.0,,0,0.0,0.0,0.0,INVERSIONES,MEDIO_A,NO_CLIENTE,25000,ALTO,0.0,3,93,0,26490,1610,0,50,HIPOTECA,PREPARATORIA,0
2.01408e+16,210,RECHAZADA,PENDIENTE,RECHAZADO,MALO,0.0,,SIN_CUENTA,0.0,0.0,0.0,RECIBO DE NOMINA,MEDIO_B,NO_CLIENTE,0,ALTO,0.0,3,98,0,0,0,0,38,FAMILIARES,PREPARATORIA,0
2.01408e+16,210,RECHAZADA,PENDIENTE,RECHAZADO,MALO,0.0,,0,0.0,0.0,0.0,INVERSIONES,ALTO_B,NO_CLIENTE,40104,ALTO,0.0,2,98,0,38210,341,0,50,HIPOTECA,POSGRADO,0
2.01406e+16,210,RECHAZADA,PENDIENTE,RECHAZADO,MALO,0.0,,SIN_CUENTA,0.0,0.0,0.0,RECIBO DE NOMINA,MEDIO_A,NO_CLIENTE,0,ALTO,0.0,5,98,0,0,0,0,58,FAMILIARES,PREPARATORIA,0
2.01407e+16,210,RECHAZADA,PENDIENTE,RECHAZADO,MALO,0.0,,SIN_CUENTA,0.0,0.0,0.0,INVERSIONES,MEDIO_A,NO_CLIENTE,0,ALTO,0.0,4,101,0,0,0,0,44,HIPOTECA,PREPARATORIA,0
2.01407e+16,210,CANCELADA,PENDIENTE,RECHAZADO,MALO,0.0,,0,0.0,0.0,0.0,RECIBO DE NOMINA,MEDIO_B,NO_CLIENTE,0,ALTO,0.0,3,101,0,17992,1280,0,36,RENTA,LICENCIATURA,0
2.01408e+16,211,RECHAZADA,PENDIENTE,RECHAZADO,MALO,0.0,,SIN_CUENTA,0.0,0.0,0.0,INVERSIONES,MEDIO_B,NO_CLIENTE,0,ALTO,0.0,3,90,0,0,0,0,34,RENTA,PREPARATORIA,0
2.01407e+16,211,RECHAZADA,PENDIENTE,RECHAZADO,MALO,0.0,,SIN_CUENTA,0.0,0.0,0.0,RECIBO DE NOMINA,ALTO_B,NO_CLIENTE,0,ALTO,0.0,4,93,0,0,0,0,56,FAMILIARES,POSGRADO,0
2.01407e+16,211,CANCELADA,PENDIENTE,RECHAZADO,MALO,0.0,,SIN_CUENTA,0.0,0.0,0.0,INVERSIONES,ALTO_B,NO_CLIENTE,0,ALTO,0.0,4,94,0,0,0,0,28,FAMILIARES,POSGRADO,0
2.01406e+16,211,RECHAZADA,PENDIENTE,RECHAZADO,MALO,0.0,,SIN_CUENTA,0.0,0.0,0.0,DECLARACION ANUAL,MEDIO_B,NO_CLIENTE,0,ALTO,0.0,3,96,0,0,0,0,49,FAMILIARES,LICENCIATURA,0
2.01407e+16,211,RECHAZADA,PENDIENTE,RECHAZADO,MALO,0.0,,SIN_CUENTA,0.0,0.0,0.0,INVERSIONES,MEDIO_A,NO_CLIENTE,0,ALTO,0.0,2,96,0,0,0,0,42,HIPOTECA,PREPARATORIA,0
2.01408e+16,211,RECHAZADA,PENDIENTE,RECHAZADO,MALO,0.0,,SIN_CUENTA,0.0,0.0,0.0,RECIBO DE NOMINA,ALTO_B,NO_CLIENTE,0,ALTO,0.0,3,96,0,0,0,0,54,FAMILIARES,POSGRADO,0
2.01407e+16,211,RECHAZADA,PENDIENTE,RECHAZADO,MALO,0.0,,SIN_CUENTA,0.0,0.0,0.0,RECIBO DE NOMINA,MEDIO_B,NO_CLIENTE,0,ALTO,0.0,2,97,0,0,0,0,25,FAMILIARES,LICENCIATURA,0
2.01407e+16,211,RECHAZADA,PENDIENTE,RECHAZADO,MALO,0.0,,SIN_CUENTA,0.0,0.0,0.0,RECIBO DE NOMINA,MEDIO_A,NO_CLIENTE,0,ALTO,0.0,2,98,0,0,0,0,35,PROPIA,LICENCIATURA,0
2.01407e+16,211,RECHAZADA,PENDIENTE,RECHAZADO,MALO,0.0,,SIN_CUENTA,0.0,0.0,0.0,RECIBO DE NOMINA,ALTO_B,NO_CLIENTE,0,ALTO,0.0,3,98,0,0,0,0,39,HIPOTECA,POSGRADO,0
2.01407e+16,211,RECHAZADA,PENDIENTE,RECHAZADO,MALO,0.0,,SIN_CUENTA,0.0,0.0,0.0,RECIBO DE NOMINA,ALTO_B,NO_CLIENTE,0,ALTO,0.0,3,100,0,0,0,0,50,RENTA,POSGRADO,0
2.01408e+16,211,RECHAZADA,PENDIENTE,RECHAZADO,MALO,0.0,,SIN_CUENTA,0.0,0.0,0.0,RECIBO DE NOMINA,MEDIO_B,NO_CLIENTE,0,ALTO,0.0,1,100,0,0,0,0,43,FAMILIARES,LICENCIATURA,0
2.01407e+16,211,RECHAZADA,PENDIENTE,RECHAZADO,MALO,0.0,,SIN_CUENTA,0.0,0.0,0.0,RECIBO DE NOMINA,ALTO_B,NO_CLIENTE,0,ALTO,0.0,3,101,0,0,0,0,45,HIPOTECA,POSGRADO,0
2.01407e+16,212,CANCELADA,PENDIENTE,RECHAZADO,MALO,0.0,,SIN_CUENTA,0.0,0.0,0.0,SIN COMPROBANTE,MEDIO_A,NO_CLIENTE,0,ALTO,0.0,3,90,0,0,0,0,55,HIPOTECA,PREPARATORIA,0
2.01407e+16,212,RECHAZADA,PENDIENTE,RECHAZADO,MALO,0.0,,0,0.0,0.0,0.0,INVERSIONES,MEDIO_A,NO_CLIENTE,0,ALTO,0.0,2,94,0,4888,0,0,35,PROPIA,LICENCIATURA,0
2.01407e+16,213,RECHAZADA,PENDIENTE,RECHAZADO,MALO,0.0,,SIN_CUENTA,0.0,0.0,0.0,RECIBO DE NOMINA,ALTO_A,NO_CLIENTE,0,ALTO,0.0,5,91,0,0,0,0,57,PROPIA,POSGRADO,0
2.01407e+16,213,RECHAZADA,PENDIENTE,RECHAZADO,MALO,0.0,,0,0.0,0.0,0.0,INVERSIONES,ALTO_B,NO_CLIENTE,0,ALTO,0.0,3,92,0,2243,1550,0,45,RENTA,POSGRADO,0
2.01408e+16,213,RECHAZADA,PENDIENTE,RECHAZADO,MALO,0.0,,1,0.0,0.0,0.0,RECIBO DE NOMINA,MEDIO_B,NO_CLIENTE,38100,ALTO,0.0,2,100,0,26913,0,0,57,RENTA,PREPARATORIA,0
2.01407e+16,214,RECHAZADA,PENDIENTE,RECHAZADO,MALO,0.0,,SIN_CUENTA,0.0,0.0,0.0,RECIBO DE NOMINA,MEDIO_A,NO_CLIENTE,0,ALTO,0.0,5,89,0,0,0,0,27,PROPIA,LICENCIATURA,0
2.01407e+16,214,RECHAZADA,PENDIENTE,RECHAZADO,MALO,0.0,,SIN_CUENTA,0.0,0.0,0.0,RECIBO DE NOMINA,MEDIO_A,NO_CLIENTE,0,ALTO,0.0,1,95,0,0,0,0,54,HIPOTECA,PREPARATORIA,0
2.01408e+16,214,RECHAZADA,PENDIENTE,RECHAZADO,MALO,0.0,,SIN_CUENTA,0.0,0.0,0.0,INVERSIONES,ALTO_B,NO_CLIENTE,0,ALTO,0.0,3,95,0,0,0,0,39,FAMILIARES,POSGRADO,0
2.01407e+16,214,RECHAZADA,PENDIENTE,RECHAZADO,MALO,0.0,,SIN_CUENTA,0.0,0.0,0.0,RECIBO DE NOMINA,ALTO_A,NO_CLIENTE,0,ALTO,0.0,1,96,0,0,0,0,50,PROPIA,POSGRADO,0
2.01408e+16,214,RECHAZADA,PENDIENTE,RECHAZADO,MALO,0.0,,SIN_CUENTA,0.0,0.0,0.0,RECIBO DE NOMINA,MEDIO_A,NO_CLIENTE,0,ALTO,0.0,1,98,0,0,0,0,48,HIPOTECA,PREPARATORIA,0
2.01408e+16,214,RECHAZADA,PENDIENTE,RECHAZADO,MALO,0.0,,SIN_CUENTA,0.0,0.0,0.0,RECIBO DE NOMINA,ALTO_B,NO_CLIENTE,0,ALTO,0.0,2,98,0,0,0,0,59,HIPOTECA,POSGRADO,0
2.01408e+16,214,RECHAZADA,PENDIENTE,RECHAZADO,MALO,0.0,,SIN_CUENTA,0.0,0.0,0.0,RECIBO DE NOMINA,MEDIO_B,NO_CLIENTE,0,ALTO,0.0,4,100,0,0,0,0,53,RENTA,LICENCIATURA,0
2.01407e+16,215,RECHAZADA,PENDIENTE,RECHAZADO,MALO,0.0,,SIN_CUENTA,0.0,0.0,0.0,RECIBO DE NOMINA,MEDIO_B,NO_CLIENTE,0,ALTO,0.0,3,91,0,0,0,0,56,FAMILIARES,LICENCIATURA,0
2.01408e+16,215,RECHAZADA,PENDIENTE,RECHAZADO,MALO,0.0,,SIN_CUENTA,0.0,0.0,0.0,INVERSIONES,ALTO_B,NO_CLIENTE,0,ALTO,0.0,4,91,0,0,0,0,44,HIPOTECA,POSGRADO,0
2.01408e+16,215,RECHAZADA,PENDIENTE,RECHAZADO,MALO,0.0,,SIN_CUENTA,0.0,0.0,0.0,INVERSIONES,ALTO_B,NO_CLIENTE,0,ALTO,0.0,3,94,0,0,0,0,45,FAMILIARES,POSGRADO,0
2.01407e+16,215,RECHAZADA,PENDIENTE,RECHAZADO,MALO,0.0,,SIN_CUENTA,0.0,0.0,0.0,RECIBO DE NOMINA,MEDIO_A,NO_CLIENTE,0,ALTO,0.0,2,95,0,0,0,0,37,HIPOTECA,PREPARATORIA,0
2.01406e+16,215,RECHAZADA,PENDIENTE,RECHAZADO,MALO,0.0,,SIN_CUENTA,0.0,0.0,0.0,RECIBO DE NOMINA,MEDIO_B,NO_CLIENTE,0,ALTO,0.0,4,98,0,0,0,0,38,RENTA,LICENCIATURA,0
2.01408e+16,215,RECHAZADA,PENDIENTE,RECHAZADO,MALO,0.0,,SIN_CUENTA,0.0,0.0,0.0,RECIBO DE NOMINA,ALTO_B,NO_CLIENTE,0,ALTO,0.0,2,99,0,0,0,0,36,FAMILIARES,POSGRADO,0
2.01408e+16,215,RECHAZADA,PENDIENTE,RECHAZADO,MALO,0.0,,SIN_CUENTA,0.0,0.0,0.0,INVERSIONES,MEDIO_B,NO_CLIENTE,0,ALTO,0.0,2,101,0,0,0,0,51,RENTA,PREPARATORIA,0
2.01408e+16,216,RECHAZADA,PENDIENTE,RECHAZADO,MALO,0.0,,1,0.0,0.0,0.0,RECIBO DE NOMINA,MEDIO_A,NO_CLIENTE,10003,ALTO,0.0,4,90,0,6802,0,0,50,HIPOTECA,PREPARATORIA,0
2.01408e+16,216,RECHAZADA,PENDIENTE,RECHAZADO,MALO,0.0,,SIN_CUENTA,0.0,0.0,0.0,RECIBO DE NOMINA,MEDIO_A,NO_CLIENTE,0,ALTO,0.0,5,99,0,0,0,0,56,HIPOTECA,LICENCIATURA,0
2.01408e+16,216,RECHAZADA,PENDIENTE,RECHAZADO,MALO,0.0,,SIN_CUENTA,0.0,0.0,0.0,RECIBO DE NOMINA,ALTO_A,NO_CLIENTE,0,ALTO,0.0,3,100,0,0,0,0,52,PROPIA,POSGRADO,0
2.01407e+16,216,RECHAZADA,PENDIENTE,RECHAZADO,MALO,0.0,,SIN_CUENTA,0.0,0.0,0.0,INVERSIONES,ALTO_B,NO_CLIENTE,0,ALTO,0.0,1,101,0,0,0,0,27,FAMILIARES,POSGRADO,0
2.01408e+16,216,RECHAZADA,PENDIENTE,RECHAZADO,MALO,0.0,,SIN_CUENTA,0.0,0.0,0.0,RECIBO DE NOMINA,MEDIO_B,NO_CLIENTE,0,ALTO,0.0,3,101,0,0,0,0,44,RENTA,PREPARATORIA,0
2.01408e+16,216,RECHAZADA,PENDIENTE,RECHAZADO,MALO,0.0,,SIN_CUENTA,0.0,0.0,0.0,INVERSIONES,ALTO_B,NO_CLIENTE,0,ALTO,0.0,3,101,0,0,0,0,32,HIPOTECA,POSGRADO,0
2.01408e+16,217,RECHAZADA,PENDIENTE,RECHAZADO,MALO,0.0,,SIN_CUENTA,0.0,0.0,0.0,INVERSIONES,MEDIO_A,NO_CLIENTE,0,ALTO,0.0,4,89,0,0,0,0,50,HIPOTECA,PREPARATORIA,0
2.01407e+16,217,RECHAZADA,PENDIENTE,RECHAZADO,MALO,0.0,,SIN_CUENTA,0.0,0.0,0.0,DECLARACION ANUAL,ALTO_B,NO_CLIENTE,0,ALTO,0.0,3,100,0,0,0,0,34,RENTA,POSGRADO,0
2.01407e+16,217,RECHAZADA,PENDIENTE,RECHAZADO,MALO,0.0,,0,0.0,0.0,0.0,INVERSIONES,ALTO_A,NO_CLIENTE,0,ALTO,0.0,3,100,0,44884,0,0,50,PROPIA,POSGRADO,0
2.01406e+16,218,RECHAZADA,PENDIENTE,RECHAZADO,MALO,0.0,,SIN_CUENTA,0.0,0.0,0.0,RECIBO DE NOMINA,MEDIO_B,NO_CLIENTE,0,ALTO,0.0,4,90,0,0,0,0,32,RENTA,PREPARATORIA,0
2.01407e+16,218,RECHAZADA,PENDIENTE,RECHAZADO,MALO,0.0,,2,0.0,0.0,0.0,RECIBO DE NOMINA,MEDIO_B,NO_CLIENTE,0,ALTO,0.0,2,90,0,637,637,0,41,RENTA,PREPARATORIA,0
2.01312e+16,218,CANCELADA,PENDIENTE,RECHAZADO,MALO,0.0,,SIN_CUENTA,0.0,0.0,0.0,INVERSIONES,ALTO_B,NO_CLIENTE,0,ALTO,0.0,5,91,0,0,0,0,48,RENTA,POSGRADO,0
2.01407e+16,218,RECHAZADA,PENDIENTE,RECHAZADO,MALO,0.0,,SIN_CUENTA,0.0,0.0,0.0,RECIBO DE NOMINA,ALTO_B,NO_CLIENTE,0,ALTO,0.0,2,92,0,0,0,0,59,FAMILIARES,POSGRADO,0
2.01408e+16,218,RECHAZADA,PENDIENTE,RECHAZADO,MALO,0.0,,SIN_CUENTA,0.0,0.0,0.0,INVERSIONES,MEDIO_A,NO_CLIENTE,0,ALTO,0.0,2,93,0,0,0,0,52,HIPOTECA,PREPARATORIA,0
2.01408e+16,218,RECHAZADA,PENDIENTE,RECHAZADO,MALO,0.0,,SIN_CUENTA,0.0,0.0,0.0,RECIBO DE NOMINA,MEDIO_B,NO_CLIENTE,0,ALTO,0.0,2,93,0,0,0,0,38,FAMILIARES,LICENCIATURA,0
2.01408e+16,218,RECHAZADA,PENDIENTE,RECHAZADO,MALO,0.0,,SIN_CUENTA,0.0,0.0,0.0,INVERSIONES,MEDIO_B,NO_CLIENTE,0,ALTO,0.0,5,95,0,0,0,0,47,FAMILIARES,LICENCIATURA,0
2.01406e+16,218,RECHAZADA,PENDIENTE,RECHAZADO,MALO,0.0,,SIN_CUENTA,0.0,0.0,18183.0,RECIBO DE NOMINA,MEDIO_B,NO_CLIENTE,0,ALTO,0.0,1,95,0,0,0,0,59,FAMILIARES,PREPARATORIA,0
2.01408e+16,218,RECHAZADA,PENDIENTE,RECHAZADO,MALO,0.0,,SIN_CUENTA,0.0,0.0,0.0,INVERSIONES,MEDIO_A,NO_CLIENTE,0,ALTO,0.0,4,96,0,0,0,0,50,HIPOTECA,LICENCIATURA,0
2.01408e+16,218,RECHAZADA,PENDIENTE,RECHAZADO,MALO,0.0,,SIN_CUENTA,0.0,0.0,0.0,DECLARACION ANUAL,MEDIO_B,NO_CLIENTE,0,ALTO,0.0,3,98,0,0,0,0,53,FAMILIARES,PREPARATORIA,0
2.01407e+16,219,RECHAZADA,PENDIENTE,RECHAZADO,MALO,0.0,,2,0.0,0.0,0.0,INVERSIONES,MEDIO_A,NO_CLIENTE,0,ALTO,0.0,2,90,0,14198,890,0,56,HIPOTECA,PREPARATORIA,0
2.01407e+16,219,RECHAZADA,PENDIENTE,RECHAZADO,MALO,0.0,,1,0.0,0.0,0.0,INVERSIONES,ALTO_B,NO_CLIENTE,142500,ALTO,0.0,3,93,0,17451,1790,0,51,HIPOTECA,POSGRADO,0
2.01408e+16,219,RECHAZADA,PENDIENTE,RECHAZADO,MALO,0.0,,SIN_CUENTA,0.0,0.0,0.0,RECIBO DE NOMINA,ALTO_B,NO_CLIENTE,0,ALTO,0.0,4,93,0,0,0,0,38,FAMILIARES,POSGRADO,0
2.01408e+16,219,RECHAZADA,PENDIENTE,RECHAZADO,MALO,0.0,,SIN_CUENTA,0.0,0.0,0.0,RECIBO DE NOMINA,MEDIO_A,NO_CLIENTE,0,ALTO,0.0,1,93,0,0,0,0,41,PROPIA,LICENCIATURA,0
2.01407e+16,219,RECHAZADA,PENDIENTE,RECHAZADO,MALO,0.0,,SIN_CUENTA,0.0,0.0,0.0,INVERSIONES,MEDIO_A,NO_CLIENTE,0,ALTO,0.0,2,94,0,0,0,0,47,HIPOTECA,LICENCIATURA,0
2.01407e+16,219,RECHAZADA,PENDIENTE,RECHAZADO,MALO,0.0,,SIN_CUENTA,0.0,0.0,0.0,DECLARACION ANUAL,MEDIO_B,NO_CLIENTE,0,ALTO,0.0,2,95,0,0,0,0,52,FAMILIARES,PREPARATORIA,0
2.01407e+16,219,RECHAZADA,PENDIENTE,RECHAZADO,MALO,0.0,,SIN_CUENTA,0.0,0.0,0.0,INVERSIONES,MEDIO_A,NO_CLIENTE,0,ALTO,0.0,4,95,0,0,0,0,60,PROPIA,LICENCIATURA,0
2.01408e+16,219,RECHAZADA,PENDIENTE,RECHAZADO,MALO,0.0,,1,0.0,0.0,0.0,INVERSIONES,ALTO_B,NO_CLIENTE,30000,ALTO,0.0,5,95,0,0,0,0,48,HIPOTECA,POSGRADO,0
2.01407e+16,219,RECHAZADA,PENDIENTE,RECHAZADO,MALO,0.0,,SIN_CUENTA,0.0,0.0,0.0,RECIBO DE NOMINA,MEDIO_A,NO_CLIENTE,0,ALTO,0.0,2,100,0,0,0,0,48,HIPOTECA,LICENCIATURA,0
2.01407e+16,220,RECHAZADA,PENDIENTE,RECHAZADO,MALO,0.0,,SIN_CUENTA,0.0,0.0,0.0,RECIBO DE NOMINA,MEDIO_B,NO_CLIENTE,0,ALTO,0.0,2,90,0,0,0,0,41,RENTA,PREPARATORIA,0
2.01407e+16,220,RECHAZADA,PENDIENTE,RECHAZADO,MALO,0.0,,0,0.0,0.0,0.0,INVERSIONES,MEDIO_A,NO_CLIENTE,0,ALTO,0.0,4,91,0,22645,1080,0,60,HIPOTECA,LICENCIATURA,0
2.01407e+16,220,RECHAZADA,PENDIENTE,RECHAZADO,MALO,0.0,,SIN_CUENTA,0.0,0.0,0.0,RECIBO DE NOMINA,ALTO_B,NO_CLIENTE,0,ALTO,0.0,1,95,0,0,0,0,46,RENTA,POSGRADO,0
2.01407e+16,220,RECHAZADA,PENDIENTE,RECHAZADO,MALO,0.0,,0,0.0,0.0,0.0,INVERSIONES,ALTO_B,NO_CLIENTE,0,ALTO,0.0,4,97,0,15511,0,0,48,HIPOTECA,POSGRADO,0
2.01407e+16,220,RECHAZADA,PENDIENTE,RECHAZADO,MALO,0.0,,SIN_CUENTA,0.0,0.0,0.0,RECIBO DE NOMINA,ALTO_B,NO_CLIENTE,0,ALTO,0.0,2,99,0,0,0,0,32,HIPOTECA,POSGRADO,0
2.01407e+16,220,RECHAZADA,PENDIENTE,RECHAZADO,MALO,0.0,,SIN_CUENTA,0.0,0.0,0.0,RECIBO DE NOMINA,ALTO_B,NO_CLIENTE,0,ALTO,0.0,3,100,0,0,0,0,37,RENTA,POSGRADO,0
2.01407e+16,220,RECHAZADA,PENDIENTE,RECHAZADO,MALO,0.0,,SIN_CUENTA,0.0,0.0,0.0,RECIBO DE NOMINA,MEDIO_B,NO_CLIENTE,0,ALTO,0.0,2,100,0,0,0,0,26,RENTA,LICENCIATURA,0
2.01407e+16,221,RECHAZADA,PENDIENTE,RECHAZADO,MALO,0.0,,SIN_CUENTA,0.0,0.0,0.0,INVERSIONES,ALTO_B,NO_CLIENTE,0,ALTO,0.0,2,94,0,0,0,0,43,HIPOTECA,POSGRADO,0
2.01408e+16,221,RECHAZADA,PENDIENTE,RECHAZADO,MALO,0.0,,SIN_CUENTA,0.0,0.0,0.0,RECIBO DE NOMINA,ALTO_B,NO_CLIENTE,0,ALTO,0.0,0,100,0,0,0,0,45,HIPOTECA,POSGRADO,0
2.01407e+16,222,RECHAZADA,PENDIENTE,RECHAZADO,MALO,0.0,,SIN_CUENTA,0.0,0.0,0.0,INVERSIONES,ALTO_B,NO_CLIENTE,0,ALTO,0.0,4,89,0,0,0,0,47,FAMILIARES,POSGRADO,0
2.01408e+16,222,RECHAZADA,PENDIENTE,RECHAZADO,MALO,0.0,,SIN_CUENTA,0.0,0.0,0.0,RECIBO DE NOMINA,MEDIO_A,NO_CLIENTE,0,ALTO,0.0,3,90,0,0,0,0,35,HIPOTECA,PREPARATORIA,0
2.01408e+16,222,RECHAZADA,PENDIENTE,RECHAZADO,MALO,0.0,,1,0.0,0.0,0.0,INVERSIONES,MEDIO_A,NO_CLIENTE,50000,ALTO,0.0,3,92,0,34809,1880,0,47,HIPOTECA,PREPARATORIA,0
2.01408e+16,222,RECHAZADA,PENDIENTE,RECHAZADO,MALO,0.0,,SIN_CUENTA,0.0,0.0,0.0,RECIBO DE NOMINA,ALTO_B,NO_CLIENTE,0,ALTO,0.0,2,96,0,0,0,0,37,HIPOTECA,POSGRADO,0
2.01408e+16,222,RECHAZADA,PENDIENTE,RECHAZADO,MALO,0.0,,SIN_CUENTA,0.0,0.0,0.0,RECIBO DE NOMINA,MEDIO_A,NO_CLIENTE,0,ALTO,0.0,3,97,0,0,0,0,53,HIPOTECA,PREPARATORIA,0
2.01408e+16,222,RECHAZADA,PENDIENTE,RECHAZADO,MALO,0.0,,SIN_CUENTA,0.0,0.0,0.0,INVERSIONES,MEDIO_A,NO_CLIENTE,0,ALTO,0.0,5,97,0,0,0,0,52,HIPOTECA,LICENCIATURA,0
2.01407e+16,222,RECHAZADA,PENDIENTE,RECHAZADO,MALO,0.0,,SIN_CUENTA,0.0,0.0,0.0,INVERSIONES,MEDIO_B,NO_CLIENTE,0,ALTO,0.0,4,101,0,0,0,0,54,FAMILIARES,PREPARATORIA,0
2.01407e+16,222,RECHAZADA,PENDIENTE,RECHAZADO,MALO,0.0,,SIN_CUENTA,0.0,0.0,0.0,RECIBO DE NOMINA,BAJO_B,NO_CLIENTE,0,ALTO,0.0,0,101,0,0,0,0,37,FAMILIARES,SECUNDARIA,0
2.01407e+16,223,RECHAZADA,PENDIENTE,RECHAZADO,MALO,0.0,,SIN_CUENTA,0.0,0.0,0.0,RECIBO DE NOMINA,MEDIO_B,NO_CLIENTE,0,ALTO,0.0,4,91,0,0,0,0,50,RENTA,PREPARATORIA,0
2.01407e+16,223,RECHAZADA,PENDIENTE,RECHAZADO,MALO,0.0,,SIN_CUENTA,0.0,0.0,0.0,RECIBO DE NOMINA,ALTO_B,NO_CLIENTE,0,ALTO,0.0,3,91,0,0,0,0,34,RENTA,POSGRADO,0
2.01406e+16,223,RECHAZADA,PENDIENTE,RECHAZADO,MALO,0.0,,2,0.0,0.0,0.0,RECIBO DE NOMINA,MEDIO_A,NO_CLIENTE,0,ALTO,0.0,5,94,0,111,0,0,38,HIPOTECA,PREPARATORIA,0
2.01407e+16,223,RECHAZADA,PENDIENTE,RECHAZADO,MALO,0.0,,SIN_CUENTA,0.0,0.0,0.0,RECIBO DE NOMINA,MEDIO_B,NO_CLIENTE,0,ALTO,0.0,2,96,0,0,0,0,40,RENTA,PREPARATORIA,0
2.01407e+16,223,RECHAZADA,PENDIENTE,RECHAZADO,MALO,0.0,,SIN_CUENTA,0.0,0.0,0.0,RECIBO DE NOMINA,ALTO_A,NO_CLIENTE,0,ALTO,0.0,3,97,0,0,0,0,43,PROPIA,POSGRADO,0
2.01407e+16,223,RECHAZADA,PENDIENTE,RECHAZADO,MALO,0.0,,0,0.0,0.0,0.0,INVERSIONES,MEDIO_B,NO_CLIENTE,0,ALTO,0.0,4,99,0,3724,0,0,32,FAMILIARES,LICENCIATURA,0
2.01408e+16,223,RECHAZADA,PENDIENTE,RECHAZADO,MALO,0.0,,0,0.0,0.0,0.0,INVERSIONES,ALTO_B,NO_CLIENTE,23500,ALTO,0.0,3,99,0,5770,300,0,54,HIPOTECA,POSGRADO,0
2.01406e+16,224,RECHAZADA,PENDIENTE,RECHAZADO,MALO,0.0,,0,0.0,0.0,0.0,INVERSIONES,MEDIO_A,NO_CLIENTE,0,ALTO,0.0,4,98,0,19042,1230,0,38,HIPOTECA,LICENCIATURA,0
2.01408e+16,224,RECHAZADA,PENDIENTE,RECHAZADO,MALO,0.0,,SIN_CUENTA,0.0,0.0,0.0,RECIBO DE NOMINA,ALTO_B,NO_CLIENTE,0,ALTO,0.0,5,99,0,0,0,0,31,RENTA,POSGRADO,0
2.01407e+16,225,RECHAZADA,PENDIENTE,RECHAZADO,MALO,0.0,,SIN_CUENTA,0.0,0.0,0.0,INVERSIONES,MEDIO_B,NO_CLIENTE,0,ALTO,0.0,3,90,0,0,0,0,36,FAMILIARES,LICENCIATURA,0
2.01408e+16,225,RECHAZADA,PENDIENTE,RECHAZADO,MALO,0.0,,SIN_CUENTA,0.0,0.0,0.0,RECIBO DE NOMINA,MEDIO_B,NO_CLIENTE,0,ALTO,0.0,2,91,0,0,0,0,30,RENTA,PREPARATORIA,0
2.01408e+16,225,RECHAZADA,PENDIENTE,RECHAZADO,MALO,0.0,,SIN_CUENTA,0.0,0.0,0.0,RECIBO DE NOMINA,MEDIO_B,NO_CLIENTE,0,ALTO,0.0,5,92,0,0,0,0,53,FAMILIARES,LICENCIATURA,0
2.01407e+16,225,RECHAZADA,PENDIENTE,RECHAZADO,MALO,0.0,,SIN_CUENTA,0.0,0.0,0.0,RECIBO DE NOMINA,MEDIO_B,NO_CLIENTE,0,ALTO,0.0,4,93,0,0,0,0,59,RENTA,PREPARATORIA,0
2.01408e+16,225,RECHAZADA,PENDIENTE,RECHAZADO,MALO,0.0,,SIN_CUENTA,0.0,0.0,0.0,RECIBO DE NOMINA,ALTO_B,NO_CLIENTE,0,ALTO,0.0,5,96,0,0,0,0,56,HIPOTECA,POSGRADO,0
2.01407e+16,225,RECHAZADA,PENDIENTE,RECHAZADO,MALO,0.0,,SIN_CUENTA,0.0,0.0,0.0,RECIBO DE NOMINA,ALTO_B,NO_CLIENTE,0,ALTO,0.0,3,97,0,0,0,0,39,RENTA,POSGRADO,0
2.01408e+16,225,RECHAZADA,PENDIENTE,RECHAZADO,MALO,0.0,,SIN_CUENTA,0.0,0.0,0.0,INVERSIONES,MEDIO_A,NO_CLIENTE,0,ALTO,0.0,5,98,0,0,0,0,43,PROPIA,LICENCIATURA,0
2.01407e+16,225,RECHAZADA,PENDIENTE,RECHAZADO,MALO,0.0,,SIN_CUENTA,0.0,0.0,0.0,INVERSIONES,ALTO_B,NO_CLIENTE,0,ALTO,0.0,3,99,0,0,0,0,43,FAMILIARES,POSGRADO,0
2.01408e+16,225,RECHAZADA,PENDIENTE,RECHAZADO,MALO,0.0,,0,0.0,0.0,0.0,INVERSIONES,MEDIO_B,NO_CLIENTE,10500,ALTO,0.0,5,99,0,220,0,0,49,RENTA,PREPARATORIA,0
2.01408e+16,226,RECHAZADA,PENDIENTE,RECHAZADO,MALO,0.0,,SIN_CUENTA,0.0,0.0,0.0,INVERSIONES,MEDIO_A,NO_CLIENTE,0,ALTO,0.0,5,92,0,0,0,0,37,HIPOTECA,PREPARATORIA,0
2.01408e+16,226,RECHAZADA,PENDIENTE,RECHAZADO,MALO,0.0,,SIN_CUENTA,0.0,0.0,0.0,RECIBO DE NOMINA,MEDIO_A,NO_CLIENTE,0,ALTO,0.0,4,93,0,0,0,0,39,HIPOTECA,LICENCIATURA,0
2.01407e+16,226,RECHAZADA,PENDIENTE,RECHAZADO,MALO,0.0,,SIN_CUENTA,0.0,0.0,0.0,RECIBO DE NOMINA,MEDIO_A,NO_CLIENTE,0,ALTO,0.0,2,99,0,0,0,0,41,HIPOTECA,LICENCIATURA,0
2.01407e+16,227,RECHAZADA,PENDIENTE,RECHAZADO,MALO,0.0,,SIN_CUENTA,0.0,0.0,0.0,RECIBO DE NOMINA,ALTO_A,NO_CLIENTE,0,ALTO,0.0,3,92,0,0,0,0,54,PROPIA,POSGRADO,0
2.01407e+16,227,RECHAZADA,PENDIENTE,RECHAZADO,MALO,0.0,,SIN_CUENTA,0.0,0.0,0.0,RECIBO DE NOMINA,MEDIO_A,NO_CLIENTE,0,ALTO,0.0,3,92,0,0,0,0,46,HIPOTECA,PREPARATORIA,0
2.01408e+16,227,RECHAZADA,PENDIENTE,RECHAZADO,MALO,0.0,,SIN_CUENTA,0.0,0.0,0.0,INVERSIONES,MEDIO_B,NO_CLIENTE,0,ALTO,0.0,2,93,0,0,0,0,56,FAMILIARES,LICENCIATURA,0
2.01407e+16,227,RECHAZADA,PENDIENTE,RECHAZADO,MALO,0.0,,SIN_CUENTA,0.0,0.0,0.0,INVERSIONES,MEDIO_A,NO_CLIENTE,0,ALTO,0.0,2,96,0,0,0,0,60,PROPIA,LICENCIATURA,0
2.01407e+16,227,RECHAZADA,PENDIENTE,RECHAZADO,MALO,0.0,,SIN_CUENTA,0.0,0.0,0.0,RECIBO DE NOMINA,MEDIO_B,NO_CLIENTE,0,ALTO,0.0,2,99,0,0,0,0,33,FAMILIARES,LICENCIATURA,0
2.01407e+16,227,RECHAZADA,PENDIENTE,RECHAZADO,MALO,0.0,,SIN_CUENTA,0.0,0.0,0.0,RECIBO DE NOMINA,ALTO_B,NO_CLIENTE,0,ALTO,0.0,2,99,0,0,0,0,42,RENTA,POSGRADO,0
2.01408e+16,228,RECHAZADA,PENDIENTE,RECHAZADO,MALO,0.0,,SIN_CUENTA,0.0,0.0,0.0,RECIBO DE NOMINA,MEDIO_B,NO_CLIENTE,0,ALTO,0.0,2,90,0,0,0,0,53,RENTA,LICENCIATURA,0
2.01408e+16,228,RECHAZADA,PENDIENTE,RECHAZADO,MALO,0.0,,SIN_CUENTA,0.0,0.0,0.0,INVERSIONES,MEDIO_B,NO_CLIENTE,0,ALTO,0.0,3,90,0,0,0,0,33,RENTA,LICENCIATURA,0
2.01408e+16,228,RECHAZADA,PENDIENTE,RECHAZADO,MALO,0.0,,SIN_CUENTA,0.0,0.0,0.0,RECIBO DE NOMINA,MEDIO_A,NO_CLIENTE,0,ALTO,0.0,4,93,0,0,0,0,27,HIPOTECA,PREPARATORIA,0
2.01408e+16,228,RECHAZADA,PENDIENTE,RECHAZADO,MALO,0.0,,SIN_CUENTA,0.0,0.0,0.0,RECIBO DE NOMINA,ALTO_A,NO_CLIENTE,0,ALTO,0.0,3,96,0,0,0,0,25,PROPIA,POSGRADO,0
2.01408e+16,228,RECHAZADA,PENDIENTE,RECHAZADO,MALO,0.0,,SIN_CUENTA,0.0,0.0,0.0,RECIBO DE NOMINA,MEDIO_B,NO_CLIENTE,0,ALTO,0.0,2,98,0,0,0,0,30,RENTA,LICENCIATURA,0
2.01407e+16,228,RECHAZADA,PENDIENTE,RECHAZADO,MALO,0.0,,SIN_CUENTA,0.0,0.0,0.0,RECIBO DE NOMINA,MEDIO_A,NO_CLIENTE,0,ALTO,0.0,4,100,0,0,0,0,26,HIPOTECA,LICENCIATURA,0
2.01408e+16,228,RECHAZADA,PENDIENTE,RECHAZADO,MALO,0.0,,SIN_CUENTA,0.0,0.0,0.0,INVERSIONES,MEDIO_B,NO_CLIENTE,0,ALTO,0.0,0,100,0,0,0,0,34,RENTA,PREPARATORIA,0
2.01408e+16,229,RECHAZADA,PENDIENTE,RECHAZADO,MALO,0.0,,SIN_CUENTA,0.0,0.0,0.0,RECIBO DE NOMINA,MEDIO_B,NO_CLIENTE,0,ALTO,0.0,3,91,0,0,0,0,51,FAMILIARES,LICENCIATURA,0
2.01407e+16,229,EN_PROCESO,PENDIENTE,RECHAZADO,MALO,0.0,,SIN_CUENTA,0.0,0.0,0.0,RECIBO DE NOMINA,BAJO_B,NO_CLIENTE,0,ALTO,0.0,5,93,0,0,0,0,52,RENTA,LICENCIATURA,0
2.01407e+16,229,RECHAZADA,PENDIENTE,RECHAZADO,MALO,0.0,,SIN_CUENTA,0.0,0.0,0.0,RECIBO DE NOMINA,ALTO_A,NO_CLIENTE,0,ALTO,0.0,0,101,0,0,0,0,43,PROPIA,POSGRADO,0
2.01408e+16,230,RECHAZADA,PENDIENTE,RECHAZADO,MALO,0.0,,0,0.0,0.0,0.0,INVERSIONES,MEDIO_B,NO_CLIENTE,20500,ALTO,0.0,5,89,0,0,0,0,40,FAMILIARES,PREPARATORIA,0
2.01407e+16,230,RECHAZADA,PENDIENTE,RECHAZADO,MALO,0.0,,SIN_CUENTA,0.0,0.0,0.0,INVERSIONES,MEDIO_B,NO_CLIENTE,0,ALTO,0.0,4,90,0,0,0,0,48,FAMILIARES,LICENCIATURA,0
2.01408e+16,230,RECHAZADA,PENDIENTE,RECHAZADO,MALO,0.0,,SIN_CUENTA,0.0,0.0,0.0,RECIBO DE NOMINA,MEDIO_B,NO_CLIENTE,0,ALTO,0.0,3,90,0,0,0,0,57,FAMILIARES,LICENCIATURA,0
2.01408e+16,230,RECHAZADA,PENDIENTE,RECHAZADO,MALO,0.0,,SIN_CUENTA,0.0,0.0,0.0,RECIBO DE NOMINA,MEDIO_A,NO_CLIENTE,0,ALTO,0.0,2,91,0,0,0,0,51,HIPOTECA,PREPARATORIA,0
2.01408e+16,230,RECHAZADA,PENDIENTE,RECHAZADO,MALO,0.0,,1,0.0,0.0,0.0,INVERSIONES,MEDIO_A,NO_CLIENTE,1,ALTO,0.0,2,93,0,0,0,0,55,PROPIA,LICENCIATURA,0
2.01407e+16,230,RECHAZADA,PENDIENTE,RECHAZADO,MALO,0.0,,SIN_CUENTA,0.0,0.0,0.0,RECIBO DE NOMINA,ALTO_B,NO_CLIENTE,0,ALTO,0.0,4,98,0,0,0,0,36,FAMILIARES,POSGRADO,0
2.01408e+16,231,RECHAZADA,PENDIENTE,RECHAZADO,MALO,0.0,,SIN_CUENTA,0.0,0.0,0.0,RECIBO DE NOMINA,MEDIO_A,NO_CLIENTE,0,ALTO,0.0,5,89,0,0,0,0,43,PROPIA,LICENCIATURA,0
2.01408e+16,231,RECHAZADA,PENDIENTE,RECHAZADO,MALO,0.0,,SIN_CUENTA,0.0,0.0,0.0,RECIBO DE NOMINA,MEDIO_A,NO_CLIENTE,0,ALTO,0.0,2,90,0,0,0,0,55,HIPOTECA,PREPARATORIA,0
2.01408e+16,231,RECHAZADA,PENDIENTE,RECHAZADO,MALO,0.0,,SIN_CUENTA,0.0,0.0,0.0,RECIBO DE NOMINA,ALTO_B,NO_CLIENTE,0,ALTO,0.0,3,93,0,0,0,0,39,RENTA,POSGRADO,0
2.01408e+16,231,RECHAZADA,PENDIENTE,RECHAZADO,MALO,0.0,,SIN_CUENTA,0.0,0.0,0.0,INVERSIONES,ALTO_B,NO_CLIENTE,0,ALTO,0.0,2,93,0,0,0,0,30,HIPOTECA,POSGRADO,0
2.01408e+16,231,RECHAZADA,PENDIENTE,RECHAZADO,MALO,0.0,,1,0.0,0.0,0.0,INVERSIONES,MEDIO_A,NO_CLIENTE,31000,ALTO,0.0,4,93,0,15082,0,0,42,HIPOTECA,PREPARATORIA,0
2.01407e+16,231,RECHAZADA,PENDIENTE,RECHAZADO,MALO,0.0,,SIN_CUENTA,0.0,0.0,0.0,RECIBO DE NOMINA,MEDIO_B,NO_CLIENTE,0,ALTO,0.0,4,94,0,0,0,0,46,RENTA,LICENCIATURA,0
2.01407e+16,231,RECHAZADA,PENDIENTE,RECHAZADO,MALO,0.0,,SIN_CUENTA,0.0,0.0,0.0,RECIBO DE NOMINA,ALTO_B,NO_CLIENTE,0,ALTO,0.0,3,99,0,0,0,0,25,RENTA,POSGRADO,0
2.01407e+16,231,RECHAZADA,PENDIENTE,RECHAZADO,MALO,0.0,,SIN_CUENTA,0.0,0.0,0.0,RECIBO DE NOMINA,ALTO_B,NO_CLIENTE,0,ALTO,0.0,2,101,0,0,0,0,49,RENTA,POSGRADO,0
2.01407e+16,232,RECHAZADA,PENDIENTE,RECHAZADO,MALO,0.0,,SIN_CUENTA,0.0,0.0,0.0,INVERSIONES,MEDIO_A,NO_CLIENTE,0,ALTO,0.0,5,89,0,0,0,0,49,HIPOTECA,PREPARATORIA,0
2.01407e+16,232,RECHAZADA,PENDIENTE,RECHAZADO,MALO,0.0,,SIN_CUENTA,0.0,0.0,0.0,RECIBO DE NOMINA,MEDIO_A,NO_CLIENTE,0,ALTO,0.0,2,91,0,0,0,0,29,HIPOTECA,PREPARATORIA,0
2.01407e+16,232,RECHAZADA,PENDIENTE,RECHAZADO,MALO,0.0,,SIN_CUENTA,0.0,0.0,0.0,RECIBO DE NOMINA,MEDIO_A,NO_CLIENTE,0,ALTO,0.0,4,98,0,0,0,0,51,PROPIA,LICENCIATURA,0
2.01408e+16,232,RECHAZADA,PENDIENTE,RECHAZADO,MALO,0.0,,SIN_CUENTA,0.0,0.0,0.0,RECIBO DE NOMINA,MEDIO_A,NO_CLIENTE,0,ALTO,0.0,0,101,0,0,0,0,25,PROPIA,LICENCIATURA,0
2.01408e+16,233,RECHAZADA,PENDIENTE,RECHAZADO,MALO,0.0,,SIN_CUENTA,0.0,0.0,0.0,RECIBO DE NOMINA,ALTO_B,NO_CLIENTE,0,ALTO,0.0,2,90,0,0,0,0,32,HIPOTECA,POSGRADO,0
2.01407e+16,233,RECHAZADA,PENDIENTE,RECHAZADO,MALO,0.0,,0,0.0,0.0,0.0,INVERSIONES,MEDIO_B,NO_CLIENTE,0,ALTO,0.0,5,91,0,2496,480,0,54,FAMILIARES,LICENCIATURA,0
2.01408e+16,233,RECHAZADA,PENDIENTE,RECHAZADO,MALO,0.0,,SIN_CUENTA,0.0,0.0,0.0,INVERSIONES,MEDIO_B,NO_CLIENTE,0,ALTO,0.0,1,93,0,0,0,0,45,FAMILIARES,LICENCIATURA,0
2.01408e+16,233,RECHAZADA,PENDIENTE,RECHAZADO,MALO,0.0,,SIN_CUENTA,0.0,0.0,0.0,RECIBO DE NOMINA,MEDIO_B,NO_CLIENTE,0,ALTO,0.0,5,94,0,0,0,0,32,FAMILIARES,LICENCIATURA,0
2.01408e+16,233,RECHAZADA,PENDIENTE,RECHAZADO,MALO,0.0,,SIN_CUENTA,0.0,0.0,0.0,RECIBO DE NOMINA,ALTO_A,NO_CLIENTE,0,ALTO,0.0,5,95,0,0,0,0,57,PROPIA,POSGRADO,0
2.01407e+16,233,RECHAZADA,PENDIENTE,RECHAZADO,MALO,0.0,,SIN_CUENTA,0.0,0.0,0.0,INVERSIONES,ALTO_B,NO_CLIENTE,0,ALTO,0.0,1,96,0,0,0,0,35,FAMILIARES,POSGRADO,0
2.01403e+16,233,RECHAZADA,PENDIENTE,RECHAZADO,MALO,0.0,,1,0.0,0.0,15660.0,RECIBO DE NOMINA,MEDIO_A,CLIENTE_BANCO,0,ALTO,0.0,5,97,0,50546,0,0,60,FAMILIARES,PREPARATORIA,0
2.01407e+16,234,RECHAZADA,PENDIENTE,RECHAZADO,MALO,0.0,,SIN_CUENTA,0.0,0.0,0.0,INVERSIONES,ALTO_B,NO_CLIENTE,0,ALTO,0.0,4,89,0,0,0,0,36,HIPOTECA,POSGRADO,0
2.01407e+16,234,RECHAZADA,PENDIENTE,RECHAZADO,MALO,0.0,,SIN_CUENTA,0.0,0.0,0.0,RECIBO DE NOMINA,ALTO_B,NO_CLIENTE,0,ALTO,0.0,3,91,0,0,0,0,46,HIPOTECA,POSGRADO,0
2.01407e+16,234,RECHAZADA,PENDIENTE,RECHAZADO,MALO,0.0,,SIN_CUENTA,0.0,0.0,0.0,RECIBO DE NOMINA,ALTO_B,NO_CLIENTE,0,ALTO,0.0,3,95,0,0,0,0,51,FAMILIARES,POSGRADO,0
2.01407e+16,234,CANCELADA,PENDIENTE,RECHAZADO,MALO,0.0,,SIN_CUENTA,0.0,0.0,0.0,RECIBO DE NOMINA,MEDIO_B,NO_CLIENTE,0,ALTO,0.0,3,96,0,0,0,0,50,FAMILIARES,PREPARATORIA,0
2.01407e+16,234,RECHAZADA,PENDIENTE,RECHAZADO,MALO,0.0,,SIN_CUENTA,0.0,0.0,0.0,RECIBO DE NOMINA,ALTO_A,NO_CLIENTE,0,ALTO,0.0,1,97,0,0,0,0,45,PROPIA,POSGRADO,0
2.01408e+16,234,RECHAZADA,PENDIENTE,RECHAZADO,MALO,0.0,,SIN_CUENTA,0.0,0.0,0.0,DECLARACION ANUAL,MEDIO_A,NO_CLIENTE,0,ALTO,0.0,2,97,0,0,0,0,36,HIPOTECA,PREPARATORIA,0
2.01407e+16,234,RECHAZADA,PENDIENTE,RECHAZADO,MALO,0.0,,SIN_CUENTA,0.0,0.0,0.0,INVERSIONES,MEDIO_A,NO_CLIENTE,0,ALTO,0.0,4,98,0,0,0,0,38,HIPOTECA,PREPARATORIA,0
2.01408e+16,234,RECHAZADA,PENDIENTE,RECHAZADO,MALO,0.0,,SIN_CUENTA,0.0,0.0,0.0,INVERSIONES,MEDIO_A,NO_CLIENTE,0,ALTO,0.0,0,100,0,0,0,0,59,HIPOTECA,LICENCIATURA,0
2.01408e+16,234,RECHAZADA,PENDIENTE,RECHAZADO,MALO,0.0,,0,0.0,0.0,0.0,RECIBO DE NOMINA,MEDIO_A,NO_CLIENTE,15000,ALTO,0.0,1,100,0,10166,250,0,58,PROPIA,LICENCIATURA,0
2.01407e+16,235,RECHAZADA,PENDIENTE,RECHAZADO,MALO,0.0,,SIN_CUENTA,0.0,0.0,0.0,INVERSIONES,ALTO_B,NO_CLIENTE,0,ALTO,0.0,2,91,0,0,0,0,58,FAMILIARES,POSGRADO,0
2.01408e+16,235,RECHAZADA,PENDIENTE,RECHAZADO,MALO,0.0,,SIN_CUENTA,0.0,0.0,0.0,INVERSIONES,MEDIO_A,NO_CLIENTE,0,ALTO,0.0,3,91,0,0,0,0,56,HIPOTECA,LICENCIATURA,0
2.01408e+16,235,RECHAZADA,PENDIENTE,RECHAZADO,MALO,0.0,,SIN_CUENTA,0.0,0.0,0.0,INVERSIONES,ALTO_B,NO_CLIENTE,0,ALTO,0.0,5,92,0,0,0,0,50,FAMILIARES,POSGRADO,0
2.01408e+16,235,RECHAZADA,PENDIENTE,RECHAZADO,MALO,0.0,,0,0.0,0.0,0.0,INVERSIONES,MEDIO_B,NO_CLIENTE,43000,ALTO,0.0,1,98,0,27820,1600,0,51,FAMILIARES,LICENCIATURA,0
2.01408e+16,235,RECHAZADA,PENDIENTE,RECHAZADO,MALO,0.0,,SIN_CUENTA,0.0,0.0,0.0,RECIBO DE NOMINA,ALTO_A,NO_CLIENTE,0,ALTO,0.0,4,100,0,0,0,0,36,PROPIA,POSGRADO,0
2.01407e+16,236,RECHAZADA,PENDIENTE,RECHAZADO,MALO,0.0,,SIN_CUENTA,0.0,0.0,0.0,RECIBO DE NOMINA,MEDIO_A,NO_CLIENTE,0,ALTO,0.0,4,89,0,0,0,0,59,PROPIA,LICENCIATURA,0
2.01408e+16,236,EN_PROCESO,PENDIENTE,RECHAZADO,MALO,0.0,,SIN_CUENTA,0.0,0.0,0.0,INVERSIONES,MEDIO_B,NO_CLIENTE,0,ALTO,0.0,5,91,0,0,0,0,44,RENTA,LICENCIATURA,0
2.01408e+16,236,RECHAZADA,PENDIENTE,RECHAZADO,MALO,0.0,,0,0.0,0.0,0.0,RECIBO DE NOMINA,MEDIO_B,NO_CLIENTE,0,ALTO,0.0,5,93,0,518,0,0,46,RENTA,LICENCIATURA,0
2.01407e+16,236,RECHAZADA,PENDIENTE,RECHAZADO,MALO,0.0,,SIN_CUENTA,0.0,0.0,0.0,RECIBO DE NOMINA,ALTO_B,NO_CLIENTE,0,ALTO,0.0,1,101,0,0,0,0,32,RENTA,POSGRADO,0
2.01407e+16,237,RECHAZADA,PENDIENTE,RECHAZADO,MALO,0.0,,SIN_CUENTA,0.0,0.0,0.0,RECIBO DE NOMINA,MEDIO_A,NO_CLIENTE,0,ALTO,0.0,2,92,0,0,0,0,25,PROPIA,LICENCIATURA,0
2.01408e+16,237,RECHAZADA,PENDIENTE,RECHAZADO,MALO,0.0,,SIN_CUENTA,0.0,0.0,0.0,RECIBO DE NOMINA,MEDIO_B,NO_CLIENTE,0,ALTO,0.0,4,92,0,0,0,0,47,RENTA,LICENCIATURA,0
2.01408e+16,237,RECHAZADA,PENDIENTE,RECHAZADO,MALO,0.0,,SIN_CUENTA,0.0,0.0,0.0,DECLARACION ANUAL,ALTO_B,NO_CLIENTE,0,ALTO,0.0,4,92,0,0,0,0,34,RENTA,POSGRADO,0
2.01408e+16,237,RECHAZADA,PENDIENTE,RECHAZADO,MALO,0.0,,SIN_CUENTA,0.0,0.0,0.0,INVERSIONES,ALTO_B,NO_CLIENTE,0,ALTO,0.0,2,97,0,0,0,0,38,HIPOTECA,POSGRADO,0
2.01406e+16,237,RECHAZADA,PENDIENTE,RECHAZADO,MALO,0.0,,SIN_CUENTA,0.0,0.0,0.0,RECIBO DE NOMINA,MEDIO_A,NO_CLIENTE,0,ALTO,0.0,5,97,0,0,0,0,36,PROPIA,LICENCIATURA,0
2.01408e+16,237,RECHAZADA,PENDIENTE,RECHAZADO,MALO,0.0,,SIN_CUENTA,0.0,0.0,0.0,RECIBO DE NOMINA,ALTO_B,NO_CLIENTE,0,ALTO,0.0,3,99,0,0,0,0,60,FAMILIARES,POSGRADO,0
2.01408e+16,237,RECHAZADA,PENDIENTE,RECHAZADO,MALO,0.0,,SIN_CUENTA,0.0,0.0,0.0,INVERSIONES,ALTO_B,NO_CLIENTE,0,ALTO,0.0,3,100,0,0,0,0,57,FAMILIARES,POSGRADO,0
2.01407e+16,237,RECHAZADA,PENDIENTE,RECHAZADO,MALO,0.0,,SIN_CUENTA,0.0,0.0,0.0,RECIBO DE NOMINA,MEDIO_B,NO_CLIENTE,0,ALTO,0.0,2,101,0,0,0,0,28,FAMILIARES,LICENCIATURA,0
2.01408e+16,237,RECHAZADA,PENDIENTE,RECHAZADO,MALO,0.0,,SIN_CUENTA,0.0,0.0,0.0,RECIBO DE NOMINA,ALTO_B,NO_CLIENTE,0,ALTO,0.0,0,101,0,0,0,0,42,FAMILIARES,POSGRADO,0
2.01408e+16,238,RECHAZADA,PENDIENTE,RECHAZADO,MALO,0.0,,SIN_CUENTA,0.0,0.0,0.0,INVERSIONES,MEDIO_A,NO_CLIENTE,0,ALTO,0.0,2,91,0,0,0,0,30,HIPOTECA,PREPARATORIA,0
2.01408e+16,238,RECHAZADA,PENDIENTE,RECHAZADO,MALO,0.0,,SIN_CUENTA,0.0,0.0,0.0,INVERSIONES,MEDIO_B,NO_CLIENTE,0,ALTO,0.0,4,92,0,0,0,0,47,FAMILIARES,LICENCIATURA,0
2.01406e+16,238,RECHAZADA,PENDIENTE,RECHAZADO,MALO,0.0,,SIN_CUENTA,0.0,0.0,0.0,RECIBO DE NOMINA,MEDIO_A,NO_CLIENTE,0,ALTO,0.0,3,92,0,0,0,0,31,HIPOTECA,POSGRADO,0
2.01407e+16,238,RECHAZADA,PENDIENTE,RECHAZADO,MALO,0.0,,SIN_CUENTA,0.0,0.0,0.0,RECIBO DE NOMINA,MEDIO_B,NO_CLIENTE,0,ALTO,0.0,5,93,0,0,0,0,27,FAMILIARES,LICENCIATURA,0
2.01408e+16,238,RECHAZADA,PENDIENTE,RECHAZADO,MALO,0.0,,SIN_CUENTA,0.0,0.0,0.0,RECIBO DE NOMINA,ALTO_B,NO_CLIENTE,0,ALTO,0.0,1,94,0,0,0,0,38,HIPOTECA,POSGRADO,0
2.01408e+16,238,RECHAZADA,PENDIENTE,RECHAZADO,MALO,0.0,,SIN_CUENTA,0.0,0.0,0.0,RECIBO DE NOMINA,MEDIO_A,NO_CLIENTE,0,ALTO,0.0,3,94,0,0,0,0,39,HIPOTECA,PREPARATORIA,0
2.01407e+16,238,RECHAZADA,PENDIENTE,RECHAZADO,MALO,0.0,,SIN_CUENTA,0.0,0.0,0.0,RECIBO DE NOMINA,MEDIO_B,NO_CLIENTE,0,ALTO,0.0,4,95,0,0,0,0,54,RENTA,LICENCIATURA,0
2.01408e+16,238,RECHAZADA,PENDIENTE,RECHAZADO,MALO,0.0,,SIN_CUENTA,0.0,0.0,0.0,RECIBO DE NOMINA,MEDIO_B,NO_CLIENTE,0,ALTO,0.0,3,97,0,0,0,0,50,RENTA,LICENCIATURA,0
2.01407e+16,239,RECHAZADA,PENDIENTE,RECHAZADO,MALO,0.0,,SIN_CUENTA,0.0,0.0,0.0,RECIBO DE NOMINA,MEDIO_B,NO_CLIENTE,0,ALTO,0.0,1,90,0,0,0,0,59,RENTA,PREPARATORIA,0
2.01408e+16,239,RECHAZADA,PENDIENTE,RECHAZADO,MALO,0.0,,0,0.0,0.0,0.0,INVERSIONES,MEDIO_A,NO_CLIENTE,5000,ALTO,0.0,4,92,0,4663,0,0,47,HIPOTECA,PREPARATORIA,0
2.01408e+16,239,RECHAZADA,PENDIENTE,RECHAZADO,MALO,0.0,,SIN_CUENTA,0.0,0.0,0.0,INVERSIONES,MEDIO_A,NO_CLIENTE,0,ALTO,0.0,4,95,0,0,0,0,48,HIPOTECA,LICENCIATURA,0
2.01408e+16,239,RECHAZADA,PENDIENTE,RECHAZADO,MALO,0.0,,SIN_CUENTA,0.0,0.0,0.0,RECIBO DE NOMINA,ALTO_B,NO_CLIENTE,0,ALTO,0.0,3,98,0,0,0,0,60,HIPOTECA,POSGRADO,0
2.01407e+16,240,RECHAZADA,PENDIENTE,RECHAZADO,MALO,0.0,,SIN_CUENTA,0.0,0.0,0.0,INVERSIONES,MEDIO_A,NO_CLIENTE,0,ALTO,0.0,5,89,0,0,0,0,56,PROPIA,LICENCIATURA,0
2.01408e+16,240,RECHAZADA,PENDIENTE,RECHAZADO,MALO,0.0,,SIN_CUENTA,0.0,0.0,0.0,RECIBO DE NOMINA,MEDIO_A,NO_CLIENTE,0,ALTO,0.0,3,90,0,0,0,0,43,HIPOTECA,PREPARATORIA,0
2.01407e+16,240,RECHAZADA,PENDIENTE,RECHAZADO,MALO,0.0,,SIN_CUENTA,0.0,0.0,0.0,RECIBO DE NOMINA,ALTO_B,NO_CLIENTE,0,ALTO,0.0,4,92,0,0,0,0,33,FAMILIARES,POSGRADO,0
2.01407e+16,240,RECHAZADA,PENDIENTE,RECHAZADO,MALO,0.0,,SIN_CUENTA,0.0,0.0,0.0,RECIBO DE NOMINA,MEDIO_B,NO_CLIENTE,0,ALTO,0.0,4,92,0,0,0,0,45,RENTA,PREPARATORIA,0
2.01408e+16,240,RECHAZADA,PENDIENTE,RECHAZADO,MALO,0.0,,SIN_CUENTA,0.0,0.0,0.0,RECIBO DE NOMINA,ALTO_B,NO_CLIENTE,0,ALTO,0.0,4,92,0,0,0,0,59,RENTA,POSGRADO,0
2.01407e+16,240,CANCELADA,PENDIENTE,RECHAZADO,MALO,0.0,,SIN_CUENTA,0.0,0.0,0.0,RECIBO DE NOMINA,MEDIO_A,NO_CLIENTE,0,ALTO,0.0,2,95,0,0,0,0,34,HIPOTECA,PREPARATORIA,0
2.01408e+16,240,RECHAZADA,PENDIENTE,RECHAZADO,MALO,0.0,,SIN_CUENTA,0.0,0.0,0.0,RECIBO DE NOMINA,MEDIO_B,NO_CLIENTE,0,ALTO,0.0,3,96,0,0,0,0,55,FAMILIARES,LICENCIATURA,0
2.01408e+16,240,RECHAZADA,PENDIENTE,RECHAZADO,MALO,0.0,,SIN_CUENTA,0.0,0.0,0.0,RECIBO DE NOMINA,MEDIO_B,NO_CLIENTE,0,ALTO,0.0,3,97,0,0,0,0,57,FAMILIARES,LICENCIATURA,0
2.01407e+16,240,RECHAZADA,PENDIENTE,RECHAZADO,MALO,0.0,,0,0.0,0.0,0.0,INVERSIONES,ALTO_B,NO_CLIENTE,0,ALTO,0.0,3,99,0,12063,820,0,49,RENTA,POSGRADO,0
2.01407e+16,240,RECHAZADA,PENDIENTE,RECHAZADO,MALO,0.0,,SIN_CUENTA,0.0,0.0,0.0,RECIBO DE NOMINA,MEDIO_A,NO_CLIENTE,0,ALTO,0.0,3,100,0,0,0,0,49,PROPIA,LICENCIATURA,0
2.01408e+16,240,RECHAZADA,PENDIENTE,RECHAZADO,MALO,0.0,,SIN_CUENTA,0.0,0.0,0.0,INVERSIONES,MEDIO_A,NO_CLIENTE,0,ALTO,0.0,0,100,0,0,0,0,42,HIPOTECA,LICENCIATURA,0
2.01407e+16,241,RECHAZADA,PENDIENTE,RECHAZADO,MALO,0.0,,SIN_CUENTA,0.0,0.0,0.0,RECIBO DE NOMINA,MEDIO_A,NO_CLIENTE,0,ALTO,0.0,2,91,0,0,0,0,32,HIPOTECA,LICENCIATURA,0
2.01408e+16,241,RECHAZADA,PENDIENTE,RECHAZADO,MALO,0.0,,SIN_CUENTA,0.0,0.0,0.0,RECIBO DE NOMINA,MEDIO_B,NO_CLIENTE,0,ALTO,0.0,4,92,0,0,0,0,57,FAMILIARES,PREPARATORIA,0
2.01408e+16,241,RECHAZADA,PENDIENTE,RECHAZADO,MALO,0.0,,SIN_CUENTA,0.0,0.0,0.0,RECIBO DE NOMINA,MEDIO_B,NO_CLIENTE,0,ALTO,0.0,3,95,0,0,0,0,36,FAMILIARES,PREPARATORIA,0
2.01408e+16,241,RECHAZADA,PENDIENTE,RECHAZADO,MALO,0.0,,SIN_CUENTA,0.0,0.0,0.0,INVERSIONES,MEDIO_A,NO_CLIENTE,0,ALTO,0.0,1,97,0,0,0,0,36,HIPOTECA,PREPARATORIA,0
2.01407e+16,242,CANCELADA,PENDIENTE,RECHAZADO,MALO,0.0,,SIN_CUENTA,0.0,0.0,0.0,SIN COMPROBANTE,MEDIO_A,NO_CLIENTE,0,ALTO,0.0,2,90,0,0,0,0,46,HIPOTECA,LICENCIATURA,0
2.01408e+16,242,RECHAZADA,PENDIENTE,RECHAZADO,MALO,0.0,,SIN_CUENTA,0.0,0.0,0.0,RECIBO DE NOMINA,ALTO_B,NO_CLIENTE,0,ALTO,0.0,1,91,0,0,0,0,52,HIPOTECA,POSGRADO,0
2.01407e+16,242,RECHAZADA,PENDIENTE,RECHAZADO,MALO,0.0,,SIN_CUENTA,0.0,0.0,0.0,RECIBO DE NOMINA,MEDIO_A,NO_CLIENTE,0,ALTO,0.0,1,96,0,0,0,0,35,HIPOTECA,LICENCIATURA,0
2.01408e+16,242,RECHAZADA,PENDIENTE,RECHAZADO,MALO,0.0,,SIN_CUENTA,0.0,0.0,0.0,INVERSIONES,MEDIO_A,NO_CLIENTE,0,ALTO,0.0,5,96,0,0,0,0,43,HIPOTECA,PREPARATORIA,0
2.01408e+16,242,RECHAZADA,PENDIENTE,RECHAZADO,MALO,0.0,,SIN_CUENTA,0.0,0.0,0.0,INVERSIONES,MEDIO_A,NO_CLIENTE,0,ALTO,0.0,3,97,0,0,0,0,55,HIPOTECA,PREPARATORIA,0
2.01408e+16,242,RECHAZADA,PENDIENTE,RECHAZADO,MALO,0.0,,SIN_CUENTA,0.0,0.0,0.0,RECIBO DE NOMINA,ALTO_B,NO_CLIENTE,0,ALTO,0.0,3,98,0,0,0,0,31,RENTA,POSGRADO,0
2.01408e+16,242,RECHAZADA,PENDIENTE,RECHAZADO,MALO,0.0,,0,0.0,0.0,0.0,INVERSIONES,ALTO_A,NO_CLIENTE,3000,ALTO,0.0,2,98,0,4130,550,0,53,PROPIA,POSGRADO,0
2.01407e+16,242,RECHAZADA,PENDIENTE,RECHAZADO,MALO,0.0,,SIN_CUENTA,0.0,0.0,0.0,INVERSIONES,ALTO_A,NO_CLIENTE,0,ALTO,0.0,4,99,0,0,0,0,44,PROPIA,POSGRADO,0
2.01407e+16,242,RECHAZADA,PENDIENTE,RECHAZADO,MALO,0.0,,SIN_CUENTA,0.0,0.0,0.0,RECIBO DE NOMINA,ALTO_A,NO_CLIENTE,0,ALTO,0.0,1,101,0,0,0,0,30,PROPIA,POSGRADO,0
2.01408e+16,243,RECHAZADA,PENDIENTE,RECHAZADO,MALO,0.0,,SIN_CUENTA,0.0,0.0,0.0,RECIBO DE NOMINA,ALTO_B,NO_CLIENTE,0,ALTO,0.0,4,89,0,0,0,0,28,FAMILIARES,POSGRADO,0
2.01407e+16,243,RECHAZADA,PENDIENTE,RECHAZADO,MALO,0.0,,0,0.0,0.0,0.0,RECIBO DE NOMINA,ALTO_B,NO_CLIENTE,0,ALTO,0.0,4,92,0,95758,95758,0,49,HIPOTECA,POSGRADO,0
2.01408e+16,243,RECHAZADA,PENDIENTE,RECHAZADO,MALO,0.0,,SIN_CUENTA,0.0,0.0,0.0,RECIBO DE NOMINA,ALTO_B,NO_CLIENTE,0,ALTO,0.0,2,92,0,0,0,0,25,FAMILIARES,POSGRADO,0
2.01408e+16,243,RECHAZADA,PENDIENTE,RECHAZADO,MALO,0.0,,SIN_CUENTA,0.0,0.0,0.0,INVERSIONES,ALTO_B,NO_CLIENTE,0,ALTO,0.0,1,93,0,0,0,0,43,FAMILIARES,POSGRADO,0
2.01408e+16,243,RECHAZADA,PENDIENTE,RECHAZADO,MALO,0.0,,SIN_CUENTA,0.0,0.0,0.0,RECIBO DE NOMINA,MEDIO_A,NO_CLIENTE,0,ALTO,0.0,5,95,0,0,0,0,32,HIPOTECA,PREPARATORIA,0
2.01406e+16,243,RECHAZADA,PENDIENTE,RECHAZADO,MALO,0.0,,SIN_CUENTA,0.0,0.0,0.0,RECIBO DE NOMINA,MEDIO_A,NO_CLIENTE,0,ALTO,0.0,3,96,0,0,0,0,54,HIPOTECA,PREPARATORIA,0
2.01407e+16,243,RECHAZADA,PENDIENTE,RECHAZADO,MALO,0.0,,0,0.0,0.0,0.0,INVERSIONES,ALTO_A,NO_CLIENTE,0,ALTO,0.0,3,97,0,2072,1970,0,29,PROPIA,POSGRADO,0
2.01406e+16,243,RECHAZADA,PENDIENTE,RECHAZADO,MALO,0.0,,SIN_CUENTA,0.0,0.0,0.0,RECIBO DE NOMINA,MEDIO_A,NO_CLIENTE,0,ALTO,0.0,4,97,0,0,0,0,52,FAMILIARES,POSGRADO,0
2.01408e+16,243,RECHAZADA,PENDIENTE,RECHAZADO,MALO,0.0,,SIN_CUENTA,0.0,0.0,0.0,INVERSIONES,MEDIO_A,NO_CLIENTE,0,ALTO,0.0,5,99,0,0,0,0,36,HIPOTECA,PREPARATORIA,0
2.01408e+16,243,RECHAZADA,PENDIENTE,RECHAZADO,MALO,0.0,,SIN_CUENTA,0.0,0.0,0.0,RECIBO DE NOMINA,MEDIO_B,NO_CLIENTE,0,ALTO,0.0,0,101,0,0,0,0,45,RENTA,PREPARATORIA,0
2.01406e+16,243,RECHAZADA,PENDIENTE,RECHAZADO,MALO,0.0,,SIN_CUENTA,0.0,0.0,0.0,RECIBO DE NOMINA,MEDIO_B,NO_CLIENTE,0,ALTO,0.0,0,101,0,0,0,0,48,HIPOTECA,LICENCIATURA,0
2.01407e+16,244,RECHAZADA,PENDIENTE,RECHAZADO,MALO,0.0,,SIN_CUENTA,0.0,0.0,0.0,RECIBO DE NOMINA,ALTO_B,NO_CLIENTE,0,ALTO,0.0,2,92,0,0,0,0,36,RENTA,POSGRADO,0
2.01408e+16,244,RECHAZADA,PENDIENTE,RECHAZADO,MALO,0.0,,SIN_CUENTA,0.0,0.0,0.0,RECIBO DE NOMINA,MEDIO_B,NO_CLIENTE,0,ALTO,0.0,3,93,0,0,0,0,53,FAMILIARES,PREPARATORIA,0
2.01407e+16,245,RECHAZADA,PENDIENTE,RECHAZADO,MALO,0.0,,SIN_CUENTA,0.0,0.0,0.0,RECIBO DE NOMINA,ALTO_B,NO_CLIENTE,0,ALTO,0.0,5,89,0,0,0,0,34,FAMILIARES,POSGRADO,0
2.01408e+16,245,RECHAZADA,PENDIENTE,RECHAZADO,MALO,0.0,,SIN_CUENTA,0.0,0.0,0.0,RECIBO DE NOMINA,MEDIO_A,NO_CLIENTE,0,ALTO,0.0,4,89,0,0,0,0,44,HIPOTECA,LICENCIATURA,0
2.01407e+16,245,RECHAZADA,PENDIENTE,RECHAZADO,MALO,0.0,,SIN_CUENTA,0.0,0.0,0.0,RECIBO DE NOMINA,MEDIO_A,NO_CLIENTE,0,ALTO,0.0,4,92,0,0,0,0,35,HIPOTECA,LICENCIATURA,0
2.01408e+16,245,RECHAZADA,PENDIENTE,RECHAZADO,MALO,0.0,,SIN_CUENTA,0.0,0.0,0.0,INVERSIONES,MEDIO_A,NO_CLIENTE,0,ALTO,0.0,3,94,0,0,0,0,30,PROPIA,LICENCIATURA,0
2.01408e+16,245,RECHAZADA,PENDIENTE,RECHAZADO,MALO,0.0,,SIN_CUENTA,0.0,0.0,0.0,RECIBO DE NOMINA,BAJO_B,NO_CLIENTE,0,ALTO,0.0,2,96,0,0,0,0,36,RENTA,SECUNDARIA,0
2.01408e+16,246,RECHAZADA,PENDIENTE,RECHAZADO,MALO,0.0,,SIN_CUENTA,0.0,0.0,0.0,RECIBO DE NOMINA,MEDIO_B,NO_CLIENTE,0,ALTO,0.0,5,92,0,0,0,0,43,FAMILIARES,PREPARATORIA,0
2.01408e+16,246,RECHAZADA,PENDIENTE,RECHAZADO,MALO,0.0,,1,0.0,0.0,0.0,INVERSIONES,ALTO_B,NO_CLIENTE,39000,ALTO,0.0,1,94,0,34062,0,0,44,FAMILIARES,POSGRADO,0
2.01407e+16,246,RECHAZADA,PENDIENTE,RECHAZADO,MALO,0.0,,SIN_CUENTA,0.0,0.0,0.0,RECIBO DE NOMINA,ALTO_A,NO_CLIENTE,0,ALTO,0.0,2,95,0,0,0,0,51,PROPIA,POSGRADO,0
2.01408e+16,246,RECHAZADA,PENDIENTE,RECHAZADO,MALO,0.0,,SIN_CUENTA,0.0,0.0,0.0,RECIBO DE NOMINA,MEDIO_A,NO_CLIENTE,0,ALTO,0.0,4,95,0,0,0,0,31,HIPOTECA,PREPARATORIA,0
2.01408e+16,246,RECHAZADA,PENDIENTE,RECHAZADO,MALO,0.0,,SIN_CUENTA,0.0,0.0,0.0,INVERSIONES,MEDIO_A,NO_CLIENTE,0,ALTO,0.0,5,95,0,0,0,0,41,HIPOTECA,PREPARATORIA,0
2.01408e+16,246,RECHAZADA,PENDIENTE,RECHAZADO,MALO,0.0,,SIN_CUENTA,0.0,0.0,0.0,INVERSIONES,MEDIO_A,NO_CLIENTE,0,ALTO,0.0,3,96,0,0,0,0,26,HIPOTECA,PREPARATORIA,0
2.01408e+16,246,RECHAZADA,PENDIENTE,RECHAZADO,MALO,0.0,,SIN_CUENTA,0.0,0.0,0.0,RECIBO DE NOMINA,ALTO_B,NO_CLIENTE,0,ALTO,0.0,5,99,0,0,0,0,51,HIPOTECA,POSGRADO,0
2.01408e+16,246,RECHAZADA,PENDIENTE,RECHAZADO,MALO,0.0,,SIN_CUENTA,0.0,0.0,0.0,RECIBO DE NOMINA,MEDIO_A,NO_CLIENTE,0,ALTO,0.0,3,99,0,0,0,0,52,PROPIA,LICENCIATURA,0
2.01407e+16,246,RECHAZADA,PENDIENTE,RECHAZADO,MALO,0.0,,0,0.0,0.0,0.0,INVERSIONES,ALTO_B,NO_CLIENTE,0,ALTO,0.0,3,100,0,25276,1150,0,54,HIPOTECA,POSGRADO,0
2.01408e+16,246,RECHAZADA,PENDIENTE,RECHAZADO,MALO,0.0,,SIN_CUENTA,0.0,0.0,0.0,RECIBO DE NOMINA,ALTO_A,NO_CLIENTE,0,ALTO,0.0,1,100,0,0,0,0,46,PROPIA,POSGRADO,0
2.01408e+16,246,RECHAZADA,PENDIENTE,RECHAZADO,MALO,0.0,,SIN_CUENTA,0.0,0.0,0.0,RECIBO DE NOMINA,MEDIO_A,NO_CLIENTE,0,ALTO,0.0,1,101,0,0,0,0,43,HIPOTECA,LICENCIATURA,0
2.01408e+16,247,RECHAZADA,PENDIENTE,RECHAZADO,MALO,0.0,,SIN_CUENTA,0.0,0.0,0.0,INVERSIONES,MEDIO_A,NO_CLIENTE,0,ALTO,0.0,2,95,0,0,0,0,32,PROPIA,LICENCIATURA,0
2.01408e+16,247,RECHAZADA,PENDIENTE,RECHAZADO,MALO,0.0,,SIN_CUENTA,0.0,0.0,59194.0,INVERSIONES,ALTO_B,CLIENTE_BANCO,0,ALTO,0.0,5,96,0,0,0,0,53,FAMILIARES,PREPARATORIA,0
2.01407e+16,247,RECHAZADA,PENDIENTE,RECHAZADO,MALO,0.0,,SIN_CUENTA,0.0,0.0,0.0,INVERSIONES,MEDIO_B,NO_CLIENTE,0,ALTO,0.0,3,97,0,0,0,0,40,RENTA,PREPARATORIA,0
2.01407e+16,247,RECHAZADA,PENDIENTE,RECHAZADO,MALO,0.0,,SIN_CUENTA,0.0,0.0,0.0,RECIBO DE NOMINA,ALTO_B,NO_CLIENTE,0,ALTO,0.0,4,99,0,0,0,0,25,RENTA,POSGRADO,0
2.01408e+16,247,RECHAZADA,PENDIENTE,RECHAZADO,MALO,0.0,,SIN_CUENTA,0.0,0.0,0.0,INVERSIONES,MEDIO_B,NO_CLIENTE,0,ALTO,0.0,1,101,0,0,0,0,28,RENTA,PREPARATORIA,0
2.01407e+16,248,RECHAZADA,PENDIENTE,RECHAZADO,MALO,0.0,,SIN_CUENTA,0.0,0.0,0.0,RECIBO DE NOMINA,MEDIO_B,NO_CLIENTE,0,ALTO,0.0,5,89,0,0,0,0,45,RENTA,LICENCIATURA,0
2.01407e+16,248,RECHAZADA,PENDIENTE,RECHAZADO,MALO,0.0,,0,0.0,0.0,0.0,INVERSIONES,ALTO_A,NO_CLIENTE,0,ALTO,0.0,3,90,0,11774,530,0,27,PROPIA,POSGRADO,0
2.01408e+16,248,RECHAZADA,PENDIENTE,RECHAZADO,MALO,0.0,,SIN_CUENTA,0.0,0.0,0.0,RECIBO DE NOMINA,MEDIO_B,NO_CLIENTE,0,ALTO,0.0,3,90,0,0,0,0,59,RENTA,PREPARATORIA,0
2.01408e+16,248,RECHAZADA,PENDIENTE,RECHAZADO,MALO,0.0,,SIN_CUENTA,0.0,0.0,0.0,INVERSIONES,MEDIO_B,NO_CLIENTE,0,ALTO,0.0,3,91,0,0,0,0,31,RENTA,PREPARATORIA,0
2.01408e+16,248,RECHAZADA,PENDIENTE,RECHAZADO,MALO,0.0,,0,0.0,0.0,0.0,RECIBO DE NOMINA,MEDIO_B,NO_CLIENTE,31500,ALTO,0.0,4,92,0,31927,1840,0,28,FAMILIARES,LICENCIATURA,0
2.01408e+16,248,RECHAZADA,PENDIENTE,RECHAZADO,MALO,0.0,,SIN_CUENTA,0.0,0.0,0.0,RECIBO DE NOMINA,MEDIO_B,NO_CLIENTE,0,ALTO,0.0,1,100,0,0,0,0,36,FAMILIARES,PREPARATORIA,0
2.01408e+16,249,RECHAZADA,PENDIENTE,RECHAZADO,MALO,0.0,,SIN_CUENTA,0.0,0.0,0.0,RECIBO DE NOMINA,ALTO_A,NO_CLIENTE,0,ALTO,0.0,4,89,0,0,0,0,29,PROPIA,POSGRADO,0
2.01408e+16,249,RECHAZADA,PENDIENTE,RECHAZADO,MALO,0.0,,SIN_CUENTA,0.0,0.0,0.0,RECIBO DE NOMINA,ALTO_B,NO_CLIENTE,0,ALTO,0.0,3,91,0,0,0,0,60,RENTA,POSGRADO,0
2.01408e+16,249,RECHAZADA,PENDIENTE,RECHAZADO,MALO,0.0,,SIN_CUENTA,0.0,0.0,0.0,RECIBO DE NOMINA,MEDIO_A,NO_CLIENTE,0,ALTO,0.0,5,93,0,0,0,0,33,HIPOTECA,LICENCIATURA,0
2.01406e+16,249,CANCELADA,PENDIENTE,RECHAZADO,MALO,0.0,,1,0.0,0.0,0.0,RECIBO DE NOMINA,MEDIO_B,NO_CLIENTE,0,ALTO,0.0,5,95,0,51434,620,0,31,RENTA,PREPARATORIA,0
2.01407e+16,249,RECHAZADA,PENDIENTE,RECHAZADO,MALO,0.0,,SIN_CUENTA,0.0,0.0,0.0,INVERSIONES,MEDIO_A,NO_CLIENTE,0,ALTO,0.0,3,96,0,0,0,0,38,PROPIA,LICENCIATURA,0
2.01407e+16,249,RECHAZADA,PENDIENTE,RECHAZADO,MALO,0.0,,0,0.0,0.0,0.0,INVERSIONES,MEDIO_A,NO_CLIENTE,0,ALTO,0.0,3,96,0,13300,0,0,43,PROPIA,LICENCIATURA,0
2.01408e+16,249,RECHAZADA,PENDIENTE,RECHAZADO,MALO,0.0,,SIN_CUENTA,0.0,0.0,0.0,INVERSIONES,MEDIO_A,NO_CLIENTE,0,ALTO,0.0,3,98,0,0,0,0,25,HIPOTECA,PREPARATORIA,0
2.01407e+16,250,RECHAZADA,PENDIENTE,RECHAZADO,MALO,0.0,,SIN_CUENTA,0.0,0.0,0.0,INVERSIONES,MEDIO_A,NO_CLIENTE,0,ALTO,0.0,4,91,0,0,0,0,39,HIPOTECA,PREPARATORIA,0
2.01407e+16,250,RECHAZADA,PENDIENTE,RECHAZADO,MALO,0.0,,SIN_CUENTA,0.0,0.0,0.0,DECLARACION ANUAL,MEDIO_B,NO_CLIENTE,0,ALTO,0.0,4,93,0,0,0,0,28,FAMILIARES,LICENCIATURA,0
2.01407e+16,250,CANCELADA,PENDIENTE,RECHAZADO,MALO,0.0,,SIN_CUENTA,0.0,0.0,0.0,SIN COMPROBANTE,ALTO_B,NO_CLIENTE,0,ALTO,0.0,5,94,0,0,0,0,36,HIPOTECA,POSGRADO,0
2.01407e+16,250,RECHAZADA,PENDIENTE,RECHAZADO,MALO,0.0,,SIN_CUENTA,0.0,0.0,0.0,DECLARACION ANUAL,MEDIO_A,NO_CLIENTE,0,ALTO,0.0,2,96,0,0,0,0,30,PROPIA,LICENCIATURA,0
2.01408e+16,250,RECHAZADA,PENDIENTE,RECHAZADO,MALO,0.0,,0,0.0,0.0,0.0,RECIBO DE NOMINA,MEDIO_A,NO_CLIENTE,0,ALTO,0.0,2,96,0,2512,0,0,25,HIPOTECA,LICENCIATURA,0
2.01408e+16,250,RECHAZADA,PENDIENTE,RECHAZADO,MALO,0.0,,SIN_CUENTA,0.0,0.0,0.0,RECIBO DE NOMINA,ALTO_B,NO_CLIENTE,0,ALTO,0.0,5,96,0,0,0,0,28,FAMILIARES,POSGRADO,0
2.01408e+16,250,RECHAZADA,PENDIENTE,RECHAZADO,MALO,0.0,,SIN_CUENTA,0.0,0.0,0.0,RECIBO DE NOMINA,MEDIO_A,NO_CLIENTE,0,ALTO,0.0,4,96,0,0,0,0,52,HIPOTECA,LICENCIATURA,0
2.01407e+16,250,RECHAZADA,PENDIENTE,RECHAZADO,MALO,0.0,,SIN_CUENTA,0.0,0.0,0.0,INVERSIONES,ALTO_A,NO_CLIENTE,0,ALTO,0.0,3,97,0,0,0,0,49,PROPIA,POSGRADO,0
2.01406e+16,251,RECHAZADA,PENDIENTE,RECHAZADO,MALO,0.0,,SIN_CUENTA,0.0,0.0,0.0,INVERSIONES,MEDIO_B,NO_CLIENTE,0,ALTO,0.0,5,89,0,0,0,0,32,RENTA,LICENCIATURA,0
2.01408e+16,251,RECHAZADA,PENDIENTE,RECHAZADO,MALO,0.0,,0,0.0,0.0,0.0,RECIBO DE NOMINA,MEDIO_B,NO_CLIENTE,56000,ALTO,0.0,5,91,0,7481,710,0,33,RENTA,PREPARATORIA,0
2.01407e+16,251,RECHAZADA,PENDIENTE,RECHAZADO,MALO,0.0,,SIN_CUENTA,0.0,0.0,0.0,RECIBO DE NOMINA,ALTO_B,NO_CLIENTE,0,ALTO,0.0,1,92,0,0,0,0,53,RENTA,POSGRADO,0
2.01408e+16,251,RECHAZADA,PENDIENTE,RECHAZADO,MALO,0.0,,SIN_CUENTA,0.0,0.0,0.0,SIN COMPROBANTE,ALTO_B,NO_CLIENTE,0,ALTO,0.0,3,93,0,0,0,0,54,HIPOTECA,POSGRADO,0
2.01407e+16,251,RECHAZADA,PENDIENTE,RECHAZADO,MALO,0.0,,SIN_CUENTA,0.0,0.0,0.0,RECIBO DE NOMINA,MEDIO_A,NO_CLIENTE,0,ALTO,0.0,2,94,0,0,0,0,27,HIPOTECA,PREPARATORIA,0
2.01407e+16,251,RECHAZADA,PENDIENTE,RECHAZADO,MALO,0.0,,0,0.0,0.0,0.0,RECIBO DE NOMINA,MEDIO_B,NO_CLIENTE,0,ALTO,0.0,5,95,0,64773,2460,0,49,RENTA,LICENCIATURA,0
2.01408e+16,251,RECHAZADA,PENDIENTE,RECHAZADO,MALO,0.0,,SIN_CUENTA,0.0,0.0,0.0,INVERSIONES,MEDIO_B,NO_CLIENTE,0,ALTO,0.0,4,96,0,0,0,0,35,FAMILIARES,LICENCIATURA,0
2.01408e+16,251,RECHAZADA,PENDIENTE,RECHAZADO,MALO,0.0,,0,0.0,0.0,0.0,INVERSIONES,MEDIO_A,NO_CLIENTE,32000,ALTO,0.0,5,96,0,23335,0,0,45,HIPOTECA,PREPARATORIA,0
2.01408e+16,251,RECHAZADA,PENDIENTE,RECHAZADO,MALO,0.0,,SIN_CUENTA,0.0,0.0,0.0,RECIBO DE NOMINA,ALTO_A,NO_CLIENTE,0,ALTO,0.0,3,97,0,0,0,0,45,PROPIA,POSGRADO,0
2.01407e+16,251,RECHAZADA,PENDIENTE,RECHAZADO,MALO,0.0,,SIN_CUENTA,0.0,0.0,0.0,RECIBO DE NOMINA,ALTO_A,NO_CLIENTE,0,ALTO,0.0,5,99,0,0,0,0,58,PROPIA,POSGRADO,0
2.01408e+16,251,RECHAZADA,PENDIENTE,RECHAZADO,MALO,0.0,,0,0.0,0.0,0.0,RECIBO DE NOMINA,MEDIO_B,NO_CLIENTE,15000,ALTO,0.0,2,99,0,16671,1880,0,57,RENTA,LICENCIATURA,0
2.01408e+16,251,RECHAZADA,PENDIENTE,RECHAZADO,MALO,0.0,,SIN_CUENTA,0.0,0.0,0.0,RECIBO DE NOMINA,MEDIO_A,NO_CLIENTE,0,ALTO,0.0,3,100,0,0,0,0,58,HIPOTECA,LICENCIATURA,0
2.01407e+16,252,RECHAZADA,PENDIENTE,RECHAZADO,MALO,0.0,,SIN_CUENTA,0.0,0.0,0.0,RECIBO DE NOMINA,MEDIO_A,NO_CLIENTE,0,ALTO,0.0,3,96,0,0,0,0,41,HIPOTECA,LICENCIATURA,0
2.01408e+16,252,RECHAZADA,PENDIENTE,RECHAZADO,MALO,0.0,,SIN_CUENTA,0.0,0.0,0.0,RECIBO DE NOMINA,ALTO_A,NO_CLIENTE,0,ALTO,0.0,2,98,0,0,0,0,51,PROPIA,POSGRADO,0
2.01407e+16,252,RECHAZADA,PENDIENTE,RECHAZADO,MALO,0.0,,1,0.0,0.0,0.0,INVERSIONES,MEDIO_B,NO_CLIENTE,0,ALTO,0.0,3,100,0,8125,510,0,40,RENTA,PREPARATORIA,0
2.01407e+16,253,RECHAZADA,PENDIENTE,RECHAZADO,MALO,0.0,,SIN_CUENTA,0.0,0.0,0.0,INVERSIONES,MEDIO_A,NO_CLIENTE,0,ALTO,0.0,5,89,0,0,0,0,54,PROPIA,LICENCIATURA,0
2.01407e+16,253,RECHAZADA,PENDIENTE,RECHAZADO,MALO,0.0,,SIN_CUENTA,0.0,0.0,0.0,INVERSIONES,BAJO_B,NO_CLIENTE,0,ALTO,0.0,5,89,0,0,0,0,31,FAMILIARES,SECUNDARIA,0
2.01408e+16,253,RECHAZADA,PENDIENTE,RECHAZADO,MALO,0.0,,SIN_CUENTA,0.0,0.0,0.0,INVERSIONES,MEDIO_B,NO_CLIENTE,0,ALTO,0.0,5,89,0,0,0,0,27,RENTA,LICENCIATURA,0
2.01408e+16,253,EN_PROCESO,PENDIENTE,RECHAZADO,MALO,0.0,,SIN_CUENTA,0.0,0.0,0.0,RECIBO DE NOMINA,ALTO_A,NO_CLIENTE,0,ALTO,0.0,4,94,0,0,0,0,57,PROPIA,POSGRADO,0
2.01408e+16,254,RECHAZADA,PENDIENTE,RECHAZADO,MALO,0.0,,SIN_CUENTA,0.0,0.0,0.0,RECIBO DE NOMINA,MEDIO_A,NO_CLIENTE,0,ALTO,0.0,4,90,0,0,0,0,31,PROPIA,LICENCIATURA,0
2.01407e+16,254,RECHAZADA,PENDIENTE,RECHAZADO,MALO,0.0,,SIN_CUENTA,0.0,0.0,0.0,INVERSIONES,ALTO_B,NO_CLIENTE,0,ALTO,0.0,1,92,0,0,0,0,49,HIPOTECA,POSGRADO,0
2.01407e+16,254,RECHAZADA,PENDIENTE,RECHAZADO,MALO,0.0,,SIN_CUENTA,0.0,0.0,0.0,INVERSIONES,MEDIO_B,NO_CLIENTE,0,ALTO,0.0,4,93,0,0,0,0,38,FAMILIARES,LICENCIATURA,0
2.01408e+16,254,RECHAZADA,PENDIENTE,RECHAZADO,MALO,0.0,,SIN_CUENTA,0.0,0.0,0.0,INVERSIONES,ALTO_B,NO_CLIENTE,0,ALTO,0.0,2,93,0,0,0,0,59,RENTA,POSGRADO,0
2.01408e+16,254,RECHAZADA,PENDIENTE,RECHAZADO,MALO,0.0,,SIN_CUENTA,0.0,0.0,0.0,RECIBO DE NOMINA,MEDIO_B,NO_CLIENTE,0,ALTO,0.0,2,93,0,0,0,0,50,RENTA,PREPARATORIA,0
2.01408e+16,254,RECHAZADA,PENDIENTE,RECHAZADO,MALO,0.0,,SIN_CUENTA,0.0,0.0,0.0,RECIBO DE NOMINA,MEDIO_A,NO_CLIENTE,0,ALTO,0.0,1,94,0,0,0,0,37,PROPIA,LICENCIATURA,0
2.01408e+16,254,RECHAZADA,PENDIENTE,RECHAZADO,MALO,0.0,,0,0.0,0.0,0.0,INVERSIONES,ALTO_B,NO_CLIENTE,26000,ALTO,0.0,4,95,0,6821,370,0,38,RENTA,POSGRADO,0
2.01407e+16,254,RECHAZADA,PENDIENTE,RECHAZADO,MALO,0.0,,0,0.0,0.0,0.0,INVERSIONES,ALTO_B,NO_CLIENTE,0,ALTO,0.0,1,98,0,6617,250,0,37,RENTA,POSGRADO,0
2.01408e+16,254,RECHAZADA,PENDIENTE,RECHAZADO,MALO,0.0,,SIN_CUENTA,0.0,0.0,0.0,RECIBO DE NOMINA,ALTO_B,NO_CLIENTE,0,ALTO,0.0,2,99,0,0,0,0,34,RENTA,POSGRADO,0
2.01408e+16,254,RECHAZADA,PENDIENTE,RECHAZADO,MALO,0.0,,SIN_CUENTA,0.0,0.0,0.0,RECIBO DE NOMINA,MEDIO_B,NO_CLIENTE,0,ALTO,0.0,0,101,0,0,0,0,38,FAMILIARES,LICENCIATURA,0
2.01408e+16,255,RECHAZADA,PENDIENTE,RECHAZADO,MALO,0.0,,SIN_CUENTA,0.0,0.0,0.0,RECIBO DE NOMINA,MEDIO_B,NO_CLIENTE,0,ALTO,0.0,4,90,0,0,0,0,46,RENTA,PREPARATORIA,0
2.01408e+16,255,RECHAZADA,PENDIENTE,RECHAZADO,MALO,0.0,,2,0.0,0.0,0.0,RECIBO DE NOMINA,MEDIO_B,NO_CLIENTE,0,ALTO,0.0,5,91,0,46733,37960,0,54,FAMILIARES,PREPARATORIA,0
2.01407e+16,255,RECHAZADA,PENDIENTE,RECHAZADO,MALO,0.0,,1,0.0,0.0,0.0,INVERSIONES,MEDIO_A,NO_CLIENTE,0,ALTO,0.0,1,92,0,1229,320,0,28,HIPOTECA,PREPARATORIA,0
2.01407e+16,255,EN_PROCESO,PENDIENTE,RECHAZADO,MALO,0.0,,SIN_CUENTA,0.0,0.0,0.0,INVERSIONES,ALTO_B,NO_CLIENTE,0,ALTO,0.0,2,95,0,0,0,0,58,HIPOTECA,POSGRADO,0
2.01408e+16,255,RECHAZADA,PENDIENTE,RECHAZADO,MALO,0.0,,1,0.0,0.0,0.0,INVERSIONES,MEDIO_A,NO_CLIENTE,0,ALTO,0.0,2,97,0,8302,0,0,49,HIPOTECA,PREPARATORIA,0
2.01408e+16,255,RECHAZADA,PENDIENTE,RECHAZADO,MALO,0.0,,SIN_CUENTA,0.0,0.0,0.0,RECIBO DE NOMINA,ALTO_A,NO_CLIENTE,0,ALTO,0.0,2,99,0,0,0,0,30,PROPIA,POSGRADO,0
2.01408e+16,256,RECHAZADA,PENDIENTE,RECHAZADO,MALO,0.0,,SIN_CUENTA,0.0,0.0,0.0,INVERSIONES,MEDIO_B,NO_CLIENTE,0,ALTO,0.0,2,90,0,0,0,0,36,FAMILIARES,PREPARATORIA,0
2.01406e+16,256,RECHAZADA,PENDIENTE,RECHAZADO,MALO,0.0,,SIN_CUENTA,0.0,0.0,0.0,INVERSIONES,MEDIO_A,NO_CLIENTE,0,ALTO,0.0,5,91,0,0,0,0,36,PROPIA,LICENCIATURA,0
2.01407e+16,256,RECHAZADA,PENDIENTE,RECHAZADO,MALO,0.0,,SIN_CUENTA,0.0,0.0,0.0,RECIBO DE NOMINA,MEDIO_A,NO_CLIENTE,0,ALTO,0.0,2,92,0,0,0,0,38,HIPOTECA,PREPARATORIA,0
2.01408e+16,256,RECHAZADA,PENDIENTE,RECHAZADO,MALO,0.0,,1,0.0,0.0,0.0,INVERSIONES,MEDIO_A,NO_CLIENTE,5500,ALTO,0.0,3,92,0,103,0,0,45,HIPOTECA,PREPARATORIA,0
2.01408e+16,256,RECHAZADA,PENDIENTE,RECHAZADO,MALO,0.0,,2,0.0,0.0,0.0,RECIBO DE NOMINA,ALTO_B,NO_CLIENTE,7600,ALTO,0.0,5,92,0,0,0,0,25,HIPOTECA,POSGRADO,0
2.01407e+16,256,RECHAZADA,PENDIENTE,RECHAZADO,MALO,0.0,,SIN_CUENTA,0.0,0.0,0.0,INVERSIONES,MEDIO_A,NO_CLIENTE,0,ALTO,0.0,2,95,0,0,0,0,47,PROPIA,LICENCIATURA,0
2.01407e+16,256,CANCELADA,PENDIENTE,RECHAZADO,MALO,0.0,,SIN_CUENTA,0.0,0.0,0.0,INVERSIONES,ALTO_A,NO_CLIENTE,0,ALTO,0.0,2,95,0,0,0,0,55,PROPIA,POSGRADO,0
2.01408e+16,256,RECHAZADA,PENDIENTE,RECHAZADO,MALO,0.0,,SIN_CUENTA,0.0,0.0,0.0,RECIBO DE NOMINA,MEDIO_A,NO_CLIENTE,0,ALTO,0.0,3,96,0,0,0,0,52,HIPOTECA,PREPARATORIA,0
2.01408e+16,256,RECHAZADA,PENDIENTE,RECHAZADO,MALO,0.0,,SIN_CUENTA,0.0,0.0,0.0,RECIBO DE NOMINA,ALTO_B,NO_CLIENTE,0,ALTO,0.0,3,97,0,0,0,0,58,HIPOTECA,POSGRADO,0
2.01407e+16,256,RECHAZADA,PENDIENTE,RECHAZADO,MALO,0.0,,SIN_CUENTA,0.0,0.0,0.0,RECIBO DE NOMINA,ALTO_B,NO_CLIENTE,0,ALTO,0.0,1,98,0,0,0,0,48,RENTA,POSGRADO,0
2.01408e+16,256,RECHAZADA,PENDIENTE,RECHAZADO,MALO,0.0,,SIN_CUENTA,0.0,0.0,0.0,RECIBO DE NOMINA,ALTO_B,NO_CLIENTE,0,ALTO,0.0,3,98,0,0,0,0,41,HIPOTECA,POSGRADO,0
2.01407e+16,256,RECHAZADA,PENDIENTE,RECHAZADO,MALO,0.0,,SIN_CUENTA,0.0,0.0,0.0,DECLARACION ANUAL,MEDIO_B,NO_CLIENTE,0,ALTO,0.0,3,100,0,0,0,0,29,RENTA,PREPARATORIA,0
2.01407e+16,256,RECHAZADA,PENDIENTE,RECHAZADO,MALO,0.0,,SIN_CUENTA,0.0,0.0,0.0,RECIBO DE NOMINA,MEDIO_B,NO_CLIENTE,0,ALTO,0.0,3,100,0,0,0,0,55,FAMILIARES,LICENCIATURA,0
2.01408e+16,256,RECHAZADA,PENDIENTE,RECHAZADO,MALO,0.0,,1,0.0,0.0,0.0,INVERSIONES,ALTO_B,NO_CLIENTE,89300,ALTO,0.0,1,100,0,102646,26250,0,36,RENTA,POSGRADO,0
2.01408e+16,256,RECHAZADA,PENDIENTE,RECHAZADO,MALO,0.0,,SIN_CUENTA,0.0,0.0,0.0,RECIBO DE NOMINA,MEDIO_A,NO_CLIENTE,0,ALTO,0.0,0,101,0,0,0,0,27,HIPOTECA,PREPARATORIA,0
2.01408e+16,257,RECHAZADA,PENDIENTE,RECHAZADO,MALO,0.0,,SIN_CUENTA,0.0,0.0,0.0,RECIBO DE NOMINA,MEDIO_B,NO_CLIENTE,0,ALTO,0.0,4,89,0,0,0,0,56,FAMILIARES,LICENCIATURA,0
2.01406e+16,257,RECHAZADA,PENDIENTE,RECHAZADO,MALO,0.0,,SIN_CUENTA,0.0,0.0,0.0,RECIBO DE NOMINA,MEDIO_A,NO_CLIENTE,0,ALTO,0.0,5,90,0,0,0,0,38,RENTA,LICENCIATURA,0
2.01407e+16,257,RECHAZADA,PENDIENTE,RECHAZADO,MALO,0.0,,SIN_CUENTA,0.0,0.0,0.0,RECIBO DE NOMINA,ALTO_A,NO_CLIENTE,0,ALTO,0.0,3,95,0,0,0,0,25,PROPIA,POSGRADO,0
2.01408e+16,257,RECHAZADA,PENDIENTE,RECHAZADO,MALO,0.0,,SIN_CUENTA,0.0,0.0,0.0,RECIBO DE NOMINA,MEDIO_B,NO_CLIENTE,0,ALTO,0.0,3,95,0,0,0,0,42,FAMILIARES,PREPARATORIA,0
2.01408e+16,257,RECHAZADA,PENDIENTE,RECHAZADO,MALO,0.0,,SIN_CUENTA,0.0,0.0,0.0,RECIBO DE NOMINA,MEDIO_A,NO_CLIENTE,0,ALTO,0.0,2,96,0,0,0,0,32,HIPOTECA,PREPARATORIA,0
2.01408e+16,257,RECHAZADA,PENDIENTE,RECHAZADO,MALO,0.0,,SIN_CUENTA,0.0,0.0,0.0,RECIBO DE NOMINA,MEDIO_B,NO_CLIENTE,0,ALTO,0.0,1,98,0,0,0,0,60,RENTA,LICENCIATURA,0
2.01311e+16,258,CANCELADA,PENDIENTE,RECHAZADO,MALO,0.0,,0,0.0,0.0,0.0,RECIBO DE NOMINA,ALTO_B,NO_CLIENTE,0,ALTO,0.0,4,89,0,151248,2460,0,31,HIPOTECA,POSGRADO,0
2.01408e+16,258,RECHAZADA,PENDIENTE,RECHAZADO,MALO,0.0,,0,0.0,0.0,0.0,DECLARACION ANUAL,ALTO_B,NO_CLIENTE,18000,ALTO,0.0,5,91,0,1458,888,0,59,RENTA,POSGRADO,0
2.01408e+16,258,RECHAZADA,PENDIENTE,RECHAZADO,MALO,0.0,,SIN_CUENTA,0.0,0.0,0.0,RECIBO DE NOMINA,MEDIO_A,NO_CLIENTE,0,ALTO,0.0,2,94,0,0,0,0,45,HIPOTECA,LICENCIATURA,0
2.01408e+16,258,RECHAZADA,PENDIENTE,RECHAZADO,MALO,0.0,,SIN_CUENTA,0.0,0.0,0.0,RECIBO DE NOMINA,MEDIO_A,NO_CLIENTE,0,ALTO,0.0,5,94,0,0,0,0,25,HIPOTECA,PREPARATORIA,0
2.01407e+16,258,RECHAZADA,PENDIENTE,RECHAZADO,MALO,0.0,,SIN_CUENTA,0.0,0.0,0.0,RECIBO DE NOMINA,MEDIO_A,NO_CLIENTE,0,ALTO,0.0,4,97,0,0,0,0,57,PROPIA,LICENCIATURA,0
2.01407e+16,258,RECHAZADA,PENDIENTE,RECHAZADO,MALO,0.0,,SIN_CUENTA,0.0,0.0,0.0,RECIBO DE NOMINA,MEDIO_B,NO_CLIENTE,0,ALTO,0.0,3,97,0,0,0,0,50,FAMILIARES,LICENCIATURA,0
2.01408e+16,258,RECHAZADA,PENDIENTE,RECHAZADO,MALO,0.0,,SIN_CUENTA,0.0,0.0,0.0,RECIBO DE NOMINA,MEDIO_B,NO_CLIENTE,0,ALTO,0.0,0,101,0,0,0,0,38,FAMILIARES,LICENCIATURA,0
2.01408e+16,258,RECHAZADA,PENDIENTE,RECHAZADO,MALO,0.0,,SIN_CUENTA,0.0,0.0,0.0,RECIBO DE NOMINA,MEDIO_B,NO_CLIENTE,0,ALTO,0.0,2,101,0,0,0,0,51,RENTA,PREPARATORIA,0
2.01408e+16,258,RECHAZADA,PENDIENTE,RECHAZADO,MALO,0.0,,SIN_CUENTA,0.0,0.0,0.0,RECIBO DE NOMINA,ALTO_B,NO_CLIENTE,0,ALTO,0.0,0,101,0,0,0,0,36,RENTA,POSGRADO,0
2.01408e+16,259,RECHAZADA,PENDIENTE,RECHAZADO,MALO,0.0,,SIN_CUENTA,0.0,0.0,0.0,RECIBO DE NOMINA,ALTO_B,NO_CLIENTE,0,ALTO,0.0,1,94,0,0,0,0,28,FAMILIARES,POSGRADO,0
2.01407e+16,259,RECHAZADA,PENDIENTE,RECHAZADO,MALO,0.0,,SIN_CUENTA,0.0,0.0,0.0,RECIBO DE NOMINA,ALTO_B,NO_CLIENTE,0,ALTO,0.0,2,96,0,0,0,1,44,HIPOTECA,POSGRADO,0
2.01408e+16,259,RECHAZADA,PENDIENTE,RECHAZADO,MALO,0.0,,SIN_CUENTA,0.0,0.0,0.0,RECIBO DE NOMINA,MEDIO_A,NO_CLIENTE,0,ALTO,0.0,4,98,0,0,0,0,48,HIPOTECA,PREPARATORIA,0
2.01401e+16,259,RECHAZADA,PENDIENTE,RECHAZADO,MALO,0.0,,SIN_CUENTA,0.0,0.0,6695.0,INVERSIONES,MEDIO_B,NO_CLIENTE,0,ALTO,0.0,4,98,0,0,0,0,55,FAMILIARES,LICENCIATURA,0
2.01408e+16,259,RECHAZADA,PENDIENTE,RECHAZADO,MALO,0.0,,SIN_CUENTA,0.0,0.0,0.0,INVERSIONES,ALTO_B,NO_CLIENTE,0,ALTO,0.0,0,100,0,0,0,0,42,HIPOTECA,POSGRADO,0
2.01407e+16,260,RECHAZADA,PENDIENTE,RECHAZADO,MALO,0.0,,SIN_CUENTA,0.0,0.0,0.0,INVERSIONES,MEDIO_B,NO_CLIENTE,0,ALTO,0.0,4,89,0,0,0,0,43,FAMILIARES,PREPARATORIA,0
2.01408e+16,260,RECHAZADA,PENDIENTE,RECHAZADO,MALO,0.0,,SIN_CUENTA,0.0,0.0,0.0,RECIBO DE NOMINA,ALTO_A,NO_CLIENTE,0,ALTO,0.0,2,94,0,0,0,0,38,PROPIA,POSGRADO,0
2.01408e+16,260,RECHAZADA,PENDIENTE,RECHAZADO,MALO,0.0,,SIN_CUENTA,0.0,0.0,0.0,INVERSIONES,MEDIO_A,NO_CLIENTE,0,ALTO,0.0,3,97,0,0,0,0,32,HIPOTECA,LICENCIATURA,0
2.01407e+16,260,RECHAZADA,PENDIENTE,RECHAZADO,MALO,0.0,,SIN_CUENTA,0.0,0.0,0.0,RECIBO DE NOMINA,MEDIO_A,NO_CLIENTE,0,ALTO,0.0,4,101,0,0,0,0,34,PROPIA,LICENCIATURA,0
2.01408e+16,261,RECHAZADA,PENDIENTE,RECHAZADO,MALO,0.0,,SIN_CUENTA,0.0,0.0,0.0,INVERSIONES,ALTO_B,NO_CLIENTE,0,ALTO,0.0,5,89,0,0,0,0,39,RENTA,POSGRADO,0
2.01407e+16,261,RECHAZADA,PENDIENTE,RECHAZADO,MALO,0.0,,SIN_CUENTA,0.0,0.0,0.0,RECIBO DE NOMINA,ALTO_B,NO_CLIENTE,0,ALTO,0.0,5,98,0,0,0,0,35,HIPOTECA,POSGRADO,0
2.01407e+16,261,RECHAZADA,PENDIENTE,RECHAZADO,MALO,0.0,,SIN_CUENTA,0.0,0.0,0.0,INVERSIONES,MEDIO_A,NO_CLIENTE,0,ALTO,0.0,1,100,0,0,0,0,55,HIPOTECA,PREPARATORIA,0
2.01407e+16,262,RECHAZADA,PENDIENTE,RECHAZADO,MALO,0.0,,SIN_CUENTA,0.0,0.0,0.0,RECIBO DE NOMINA,MEDIO_B,NO_CLIENTE,0,ALTO,0.0,2,90,0,0,0,0,38,RENTA,PREPARATORIA,0
2.01407e+16,262,RECHAZADA,PENDIENTE,RECHAZADO,MALO,0.0,,SIN_CUENTA,0.0,0.0,0.0,RECIBO DE NOMINA,MEDIO_A,NO_CLIENTE,0,ALTO,0.0,2,90,0,0,0,0,35,PROPIA,LICENCIATURA,0
2.01408e+16,262,RECHAZADA,PENDIENTE,RECHAZADO,MALO,0.0,,SIN_CUENTA,0.0,0.0,0.0,INVERSIONES,MEDIO_A,NO_CLIENTE,0,ALTO,0.0,2,90,0,0,0,0,60,HIPOTECA,LICENCIATURA,0
2.01408e+16,262,RECHAZADA,PENDIENTE,RECHAZADO,MALO,0.0,,SIN_CUENTA,0.0,0.0,0.0,RECIBO DE NOMINA,ALTO_B,NO_CLIENTE,0,ALTO,0.0,4,90,0,0,0,0,49,RENTA,POSGRADO,0
2.01408e+16,262,RECHAZADA,PENDIENTE,RECHAZADO,MALO,0.0,,SIN_CUENTA,0.0,0.0,0.0,RECIBO DE NOMINA,MEDIO_B,NO_CLIENTE,0,ALTO,0.0,5,90,0,0,0,0,59,RENTA,PREPARATORIA,0
2.01407e+16,262,RECHAZADA,PENDIENTE,RECHAZADO,MALO,0.0,,SIN_CUENTA,0.0,0.0,0.0,RECIBO DE NOMINA,MEDIO_A,NO_CLIENTE,0,ALTO,0.0,5,94,0,0,0,0,25,HIPOTECA,LICENCIATURA,0
2.01408e+16,262,RECHAZADA,PENDIENTE,RECHAZADO,MALO,0.0,,SIN_CUENTA,0.0,0.0,0.0,INVERSIONES,ALTO_B,NO_CLIENTE,0,ALTO,0.0,4,94,0,0,0,0,25,RENTA,POSGRADO,0
2.01408e+16,262,RECHAZADA,PENDIENTE,RECHAZADO,MALO,0.0,,SIN_CUENTA,0.0,0.0,0.0,RECIBO DE NOMINA,MEDIO_A,NO_CLIENTE,0,ALTO,0.0,3,97,0,0,0,0,44,PROPIA,LICENCIATURA,0
2.01407e+16,262,RECHAZADA,PENDIENTE,RECHAZADO,MALO,0.0,,SIN_CUENTA,0.0,0.0,0.0,RECIBO DE NOMINA,MEDIO_B,NO_CLIENTE,0,ALTO,0.0,3,98,0,0,0,0,53,RENTA,PREPARATORIA,0
2.01408e+16,263,RECHAZADA,PENDIENTE,RECHAZADO,MALO,0.0,,1,0.0,0.0,0.0,RECIBO DE NOMINA,ALTO_B,NO_CLIENTE,21600,ALTO,0.0,4,95,0,450,0,0,58,HIPOTECA,POSGRADO,0
2.01407e+16,263,RECHAZADA,PENDIENTE,RECHAZADO,MALO,0.0,,SIN_CUENTA,0.0,0.0,0.0,INVERSIONES,MEDIO_A,NO_CLIENTE,0,ALTO,0.0,2,98,0,0,0,0,34,HIPOTECA,PREPARATORIA,0
2.01408e+16,263,RECHAZADA,PENDIENTE,RECHAZADO,MALO,0.0,,SIN_CUENTA,0.0,0.0,0.0,RECIBO DE NOMINA,MEDIO_A,NO_CLIENTE,0,ALTO,0.0,3,98,0,0,0,0,49,HIPOTECA,PREPARATORIA,0
2.01408e+16,263,RECHAZADA,PENDIENTE,RECHAZADO,MALO,0.0,,SIN_CUENTA,0.0,0.0,0.0,INVERSIONES,MEDIO_B,NO_CLIENTE,0,ALTO,0.0,1,100,0,0,0,0,49,FAMILIARES,PREPARATORIA,0
2.01406e+16,264,RECHAZADA,PENDIENTE,RECHAZADO,MALO,0.0,,0,0.0,0.0,0.0,INVERSIONES,ALTO_B,NO_CLIENTE,0,ALTO,0.0,4,89,0,17012,1090,0,53,HIPOTECA,POSGRADO,0
2.01408e+16,264,RECHAZADA,PENDIENTE,RECHAZADO,MALO,0.0,,SIN_CUENTA,0.0,0.0,0.0,RECIBO DE NOMINA,MEDIO_B,NO_CLIENTE,0,ALTO,0.0,5,92,0,0,0,0,52,RENTA,LICENCIATURA,0
2.01407e+16,264,RECHAZADA,PENDIENTE,RECHAZADO,MALO,0.0,,SIN_CUENTA,0.0,0.0,0.0,RECIBO DE NOMINA,MEDIO_A,NO_CLIENTE,0,ALTO,0.0,3,101,0,0,0,0,44,HIPOTECA,PREPARATORIA,0
2.01408e+16,264,RECHAZADA,PENDIENTE,RECHAZADO,MALO,0.0,,SIN_CUENTA,0.0,0.0,0.0,INVERSIONES,MEDIO_B,NO_CLIENTE,0,ALTO,0.0,0,101,0,0,0,0,33,RENTA,LICENCIATURA,0
2.01408e+16,265,RECHAZADA,PENDIENTE,RECHAZADO,MALO,0.0,,SIN_CUENTA,0.0,0.0,0.0,INVERSIONES,ALTO_B,NO_CLIENTE,0,ALTO,0.0,5,89,0,0,0,0,48,RENTA,POSGRADO,0
2.01407e+16,265,EN_PROCESO,PENDIENTE,RECHAZADO,MALO,0.0,,SIN_CUENTA,0.0,0.0,0.0,INVERSIONES,MEDIO_A,NO_CLIENTE,0,ALTO,0.0,4,90,0,0,0,0,30,RENTA,LICENCIATURA,0
2.01407e+16,265,RECHAZADA,PENDIENTE,RECHAZADO,MALO,0.0,,SIN_CUENTA,0.0,0.0,0.0,RECIBO DE NOMINA,MEDIO_A,NO_CLIENTE,0,ALTO,0.0,5,91,0,0,0,0,43,HIPOTECA,PREPARATORIA,0
2.01408e+16,265,RECHAZADA,PENDIENTE,RECHAZADO,MALO,0.0,,SIN_CUENTA,0.0,0.0,0.0,RECIBO DE NOMINA,MEDIO_B,NO_CLIENTE,0,ALTO,0.0,4,91,0,0,0,0,43,RENTA,PREPARATORIA,0
2.01408e+16,265,RECHAZADA,PENDIENTE,RECHAZADO,MALO,0.0,,SIN_CUENTA,0.0,0.0,0.0,RECIBO DE NOMINA,MEDIO_A,NO_CLIENTE,0,ALTO,0.0,1,92,0,0,0,0,27,HIPOTECA,PREPARATORIA,0
2.01407e+16,265,RECHAZADA,PENDIENTE,RECHAZADO,MALO,0.0,,SIN_CUENTA,0.0,0.0,0.0,RECIBO DE NOMINA,MEDIO_B,NO_CLIENTE,0,ALTO,0.0,5,93,0,0,0,0,28,FAMILIARES,LICENCIATURA,0
2.01408e+16,265,RECHAZADA,PENDIENTE,RECHAZADO,MALO,0.0,,SIN_CUENTA,0.0,0.0,0.0,RECIBO DE NOMINA,MEDIO_A,NO_CLIENTE,0,ALTO,0.0,3,93,0,0,0,0,37,HIPOTECA,PREPARATORIA,0
2.01407e+16,265,RECHAZADA,PENDIENTE,RECHAZADO,MALO,0.0,,SIN_CUENTA,0.0,0.0,0.0,INVERSIONES,MEDIO_B,NO_CLIENTE,0,ALTO,0.0,2,94,0,0,0,0,44,RENTA,LICENCIATURA,0
2.01408e+16,265,RECHAZADA,PENDIENTE,RECHAZADO,MALO,0.0,,SIN_CUENTA,0.0,0.0,0.0,RECIBO DE NOMINA,ALTO_B,NO_CLIENTE,0,ALTO,0.0,1,97,0,0,0,0,35,RENTA,POSGRADO,0
2.01407e+16,265,RECHAZADA,PENDIENTE,RECHAZADO,MALO,0.0,,SIN_CUENTA,0.0,0.0,0.0,RECIBO DE NOMINA,MEDIO_A,NO_CLIENTE,0,ALTO,0.0,2,98,0,0,0,0,34,HIPOTECA,LICENCIATURA,0
2.01408e+16,266,RECHAZADA,PENDIENTE,RECHAZADO,MALO,0.0,,SIN_CUENTA,0.0,0.0,0.0,INVERSIONES,MEDIO_B,NO_CLIENTE,0,ALTO,0.0,5,94,0,0,0,0,48,RENTA,PREPARATORIA,0
2.01408e+16,266,RECHAZADA,PENDIENTE,RECHAZADO,MALO,0.0,,SIN_CUENTA,0.0,0.0,0.0,RECIBO DE NOMINA,ALTO_B,NO_CLIENTE,0,ALTO,0.0,2,95,0,0,0,0,55,FAMILIARES,POSGRADO,0
2.01408e+16,266,RECHAZADA,PENDIENTE,RECHAZADO,MALO,0.0,,SIN_CUENTA,0.0,0.0,0.0,INVERSIONES,MEDIO_B,NO_CLIENTE,0,ALTO,0.0,4,97,0,0,0,0,57,FAMILIARES,PREPARATORIA,0
2.01407e+16,266,RECHAZADA,PENDIENTE,RECHAZADO,MALO,0.0,,SIN_CUENTA,0.0,0.0,0.0,INVERSIONES,ALTO_B,NO_CLIENTE,0,ALTO,0.0,1,98,0,0,0,0,50,HIPOTECA,POSGRADO,0
2.01407e+16,266,RECHAZADA,PENDIENTE,RECHAZADO,MALO,0.0,,SIN_CUENTA,0.0,0.0,0.0,RECIBO DE NOMINA,MEDIO_B,NO_CLIENTE,0,ALTO,0.0,3,101,0,0,0,0,56,RENTA,LICENCIATURA,0
2.01408e+16,267,RECHAZADA,PENDIENTE,RECHAZADO,MALO,0.0,,0,0.0,0.0,0.0,RECIBO DE NOMINA,ALTO_B,NO_CLIENTE,10800,ALTO,0.0,2,92,0,11466,1460,0,39,RENTA,POSGRADO,0
2.01407e+16,267,RECHAZADA,PENDIENTE,RECHAZADO,MALO,0.0,,2,0.0,0.0,0.0,INVERSIONES,MEDIO_B,NO_CLIENTE,0,ALTO,0.0,3,93,0,11237,660,0,41,RENTA,PREPARATORIA,0
2.0131e+16,267,RECHAZADA,PENDIENTE,RECHAZADO,MALO,0.0,,0,0.0,0.0,12364.0,INVERSIONES,MEDIO_A,CLIENTE_BANCO,11000,ALTO,0.0,5,93,0,10399,0,0,39,HIPOTECA,POSGRADO,0
2.01407e+16,267,RECHAZADA,PENDIENTE,RECHAZADO,MALO,0.0,,0,0.0,0.0,0.0,INVERSIONES,MEDIO_A,NO_CLIENTE,0,ALTO,0.0,2,101,0,18089,1130,0,32,PROPIA,LICENCIATURA,0
2.01408e+16,268,RECHAZADA,PENDIENTE,RECHAZADO,MALO,0.0,,SIN_CUENTA,0.0,0.0,0.0,RECIBO DE NOMINA,MEDIO_B,NO_CLIENTE,0,ALTO,0.0,5,89,0,0,0,0,28,RENTA,PREPARATORIA,0
2.01407e+16,268,RECHAZADA,PENDIENTE,RECHAZADO,MALO,0.0,,SIN_CUENTA,0.0,0.0,0.0,RECIBO DE NOMINA,ALTO_B,NO_CLIENTE,0,ALTO,0.0,1,91,0,0,0,0,59,FAMILIARES,POSGRADO,0
2.01408e+16,268,RECHAZADA,PENDIENTE,RECHAZADO,MALO,0.0,,SIN_CUENTA,0.0,0.0,0.0,INVERSIONES,ALTO_B,NO_CLIENTE,0,ALTO,0.0,4,92,0,0,0,0,37,HIPOTECA,POSGRADO,0
2.01408e+16,268,RECHAZADA,PENDIENTE,RECHAZADO,MALO,0.0,,SIN_CUENTA,0.0,0.0,0.0,RECIBO DE NOMINA,ALTO_B,NO_CLIENTE,0,ALTO,0.0,5,95,0,0,0,0,27,FAMILIARES,POSGRADO,0
2.01407e+16,268,RECHAZADA,PENDIENTE,RECHAZADO,MALO,0.0,,SIN_CUENTA,0.0,0.0,0.0,RECIBO DE NOMINA,MEDIO_B,NO_CLIENTE,0,ALTO,0.0,2,96,0,0,0,0,38,FAMILIARES,PREPARATORIA,0
2.01408e+16,268,RECHAZADA,PENDIENTE,RECHAZADO,MALO,0.0,,SIN_CUENTA,0.0,0.0,0.0,RECIBO DE NOMINA,ALTO_B,NO_CLIENTE,0,ALTO,0.0,5,97,0,0,0,0,47,HIPOTECA,POSGRADO,0
2.01407e+16,268,RECHAZADA,PENDIENTE,RECHAZADO,MALO,0.0,,SIN_CUENTA,0.0,0.0,0.0,INVERSIONES,ALTO_A,NO_CLIENTE,0,ALTO,0.0,2,98,0,0,0,0,35,PROPIA,POSGRADO,0
2.01408e+16,268,RECHAZADA,PENDIENTE,RECHAZADO,MALO,0.0,,1,0.0,0.0,0.0,INVERSIONES,ALTO_B,NO_CLIENTE,51000,ALTO,0.0,4,99,0,704,640,0,28,RENTA,POSGRADO,0
2.01407e+16,269,RECHAZADA,PENDIENTE,RECHAZADO,MALO,0.0,,SIN_CUENTA,0.0,0.0,0.0,RECIBO DE NOMINA,ALTO_A,NO_CLIENTE,0,ALTO,0.0,4,89,0,0,0,0,46,PROPIA,POSGRADO,0
2.01406e+16,269,RECHAZADA,PENDIENTE,RECHAZADO,MALO,0.0,,SIN_CUENTA,0.0,0.0,0.0,RECIBO DE NOMINA,MEDIO_B,NO_CLIENTE,0,ALTO,0.0,5,94,0,0,0,0,35,RENTA,PREPARATORIA,0
2.01407e+16,269,RECHAZADA,PENDIENTE,RECHAZADO,MALO,0.0,,0,0.0,0.0,0.0,INVERSIONES,ALTO_A,NO_CLIENTE,0,ALTO,0.0,4,98,0,16192,870,0,55,PROPIA,POSGRADO,0
2.01408e+16,269,RECHAZADA,PENDIENTE,RECHAZADO,MALO,0.0,,SIN_CUENTA,0.0,0.0,0.0,RECIBO DE NOMINA,MEDIO_A,NO_CLIENTE,0,ALTO,0.0,3,98,0,0,0,0,51,HIPOTECA,PREPARATORIA,0
2.01406e+16,269,RECHAZADA,PENDIENTE,RECHAZADO,MALO,0.0,,SIN_CUENTA,0.0,0.0,0.0,INVERSIONES,MEDIO_A,NO_CLIENTE,0,ALTO,0.0,4,99,0,0,0,0,32,HIPOTECA,LICENCIATURA,0
2.01408e+16,270,RECHAZADA,PENDIENTE,RECHAZADO,MALO,0.0,,SIN_CUENTA,0.0,0.0,0.0,RECIBO DE NOMINA,MEDIO_A,NO_CLIENTE,0,ALTO,0.0,5,89,0,0,0,0,41,PROPIA,LICENCIATURA,0
2.01407e+16,270,RECHAZADA,PENDIENTE,RECHAZADO,MALO,0.0,,SIN_CUENTA,0.0,0.0,0.0,RECIBO DE NOMINA,MEDIO_A,NO_CLIENTE,0,ALTO,0.0,4,90,0,0,0,0,44,HIPOTECA,PREPARATORIA,0
2.01408e+16,270,RECHAZADA,PENDIENTE,RECHAZADO,MALO,0.0,,SIN_CUENTA,0.0,0.0,0.0,RECIBO DE NOMINA,MEDIO_A,NO_CLIENTE,0,ALTO,0.0,3,91,0,0,0,0,46,PROPIA,LICENCIATURA,0
2.01408e+16,270,RECHAZADA,PENDIENTE,RECHAZADO,MALO,0.0,,SIN_CUENTA,0.0,0.0,0.0,INVERSIONES,MEDIO_B,NO_CLIENTE,0,ALTO,0.0,4,92,0,0,0,0,25,RENTA,PREPARATORIA,0
2.01408e+16,270,RECHAZADA,PENDIENTE,RECHAZADO,MALO,0.0,,SIN_CUENTA,0.0,0.0,0.0,RECIBO DE NOMINA,MEDIO_B,NO_CLIENTE,0,ALTO,0.0,5,92,0,0,0,0,35,FAMILIARES,PREPARATORIA,0
2.01408e+16,270,RECHAZADA,PENDIENTE,RECHAZADO,MALO,0.0,,1,0.0,0.0,0.0,INVERSIONES,MEDIO_B,NO_CLIENTE,8000,ALTO,0.0,2,92,0,320,0,0,34,RENTA,PREPARATORIA,0
2.01408e+16,270,RECHAZADA,PENDIENTE,RECHAZADO,MALO,0.0,,SIN_CUENTA,0.0,0.0,0.0,RECIBO DE NOMINA,ALTO_B,NO_CLIENTE,0,ALTO,0.0,5,94,0,0,0,0,38,RENTA,POSGRADO,0
2.01407e+16,270,RECHAZADA,PENDIENTE,RECHAZADO,MALO,0.0,,SIN_CUENTA,0.0,0.0,0.0,RECIBO DE NOMINA,ALTO_B,NO_CLIENTE,0,ALTO,0.0,4,95,0,0,0,0,40,RENTA,POSGRADO,0
2.01408e+16,270,RECHAZADA,PENDIENTE,RECHAZADO,MALO,0.0,,SIN_CUENTA,0.0,0.0,0.0,INVERSIONES,MEDIO_B,NO_CLIENTE,0,ALTO,0.0,3,96,0,0,0,0,46,RENTA,LICENCIATURA,0
2.01408e+16,270,RECHAZADA,PENDIENTE,RECHAZADO,MALO,0.0,,SIN_CUENTA,0.0,0.0,0.0,RECIBO DE NOMINA,ALTO_A,NO_CLIENTE,0,ALTO,0.0,5,99,0,0,0,0,43,PROPIA,POSGRADO,0
2.01408e+16,270,RECHAZADA,PENDIENTE,RECHAZADO,MALO,0.0,,SIN_CUENTA,0.0,0.0,0.0,RECIBO DE NOMINA,MEDIO_A,NO_CLIENTE,0,ALTO,0.0,0,100,0,0,0,0,43,PROPIA,LICENCIATURA,0
2.01407e+16,271,RECHAZADA,PENDIENTE,RECHAZADO,MALO,0.0,,SIN_CUENTA,0.0,0.0,0.0,RECIBO DE NOMINA,MEDIO_A,NO_CLIENTE,0,ALTO,0.0,2,92,0,0,0,0,59,PROPIA,LICENCIATURA,0
2.01408e+16,271,RECHAZADA,PENDIENTE,RECHAZADO,MALO,0.0,,SIN_CUENTA,0.0,0.0,0.0,INVERSIONES,MEDIO_B,NO_CLIENTE,0,ALTO,0.0,4,95,0,0,0,0,53,FAMILIARES,PREPARATORIA,0
2.01408e+16,271,RECHAZADA,PENDIENTE,RECHAZADO,MALO,0.0,,0,0.0,0.0,0.0,INVERSIONES,MEDIO_B,NO_CLIENTE,80500,ALTO,0.0,5,95,0,17952,270,0,29,RENTA,PREPARATORIA,0
2.01408e+16,271,RECHAZADA,PENDIENTE,RECHAZADO,MALO,0.0,,SIN_CUENTA,0.0,0.0,0.0,RECIBO DE NOMINA,MEDIO_B,NO_CLIENTE,0,ALTO,0.0,5,96,0,0,0,0,52,RENTA,PREPARATORIA,0
2.01408e+16,271,RECHAZADA,PENDIENTE,RECHAZADO,MALO,0.0,,SIN_CUENTA,0.0,0.0,0.0,INVERSIONES,ALTO_B,NO_CLIENTE,0,ALTO,0.0,4,97,0,0,0,0,54,HIPOTECA,POSGRADO,0
2.01407e+16,271,RECHAZADA,PENDIENTE,RECHAZADO,MALO,0.0,,SIN_CUENTA,0.0,0.0,0.0,INVERSIONES,ALTO_B,NO_CLIENTE,0,ALTO,0.0,3,100,0,0,0,0,37,HIPOTECA,POSGRADO,0
2.01407e+16,272,RECHAZADA,PENDIENTE,RECHAZADO,MALO,0.0,,SIN_CUENTA,0.0,0.0,0.0,RECIBO DE NOMINA,ALTO_B,NO_CLIENTE,0,ALTO,0.0,5,89,0,0,0,0,60,FAMILIARES,POSGRADO,0
2.01408e+16,272,RECHAZADA,PENDIENTE,RECHAZADO,MALO,0.0,,SIN_CUENTA,0.0,0.0,0.0,RECIBO DE NOMINA,MEDIO_B,NO_CLIENTE,0,ALTO,0.0,3,90,0,0,0,0,25,FAMILIARES,PREPARATORIA,0
2.01407e+16,272,RECHAZADA,PENDIENTE,RECHAZADO,MALO,0.0,,SIN_CUENTA,0.0,0.0,0.0,INVERSIONES,MEDIO_B,NO_CLIENTE,0,ALTO,0.0,4,91,0,0,0,0,26,RENTA,LICENCIATURA,0
2.01407e+16,272,RECHAZADA,PENDIENTE,RECHAZADO,MALO,0.0,,SIN_CUENTA,0.0,0.0,0.0,INVERSIONES,MEDIO_A,NO_CLIENTE,0,ALTO,0.0,2,91,0,0,0,0,37,PROPIA,LICENCIATURA,0
2.01408e+16,272,RECHAZADA,PENDIENTE,RECHAZADO,MALO,0.0,,SIN_CUENTA,0.0,0.0,0.0,RECIBO DE NOMINA,MEDIO_A,NO_CLIENTE,0,ALTO,0.0,3,91,0,0,0,0,52,HIPOTECA,PREPARATORIA,0
2.01407e+16,272,RECHAZADA,PENDIENTE,RECHAZADO,MALO,0.0,,SIN_CUENTA,0.0,0.0,0.0,RECIBO DE NOMINA,ALTO_B,NO_CLIENTE,0,ALTO,0.0,3,92,0,0,0,0,38,HIPOTECA,POSGRADO,0
2.01407e+16,272,RECHAZADA,PENDIENTE,RECHAZADO,MALO,0.0,,SIN_CUENTA,0.0,0.0,0.0,RECIBO DE NOMINA,MEDIO_B,NO_CLIENTE,0,ALTO,0.0,3,94,0,0,0,0,31,FAMILIARES,LICENCIATURA,0
2.01408e+16,272,RECHAZADA,PENDIENTE,RECHAZADO,MALO,0.0,,0,0.0,0.0,0.0,RECIBO DE NOMINA,ALTO_B,NO_CLIENTE,0,ALTO,0.0,2,96,0,19038,19038,0,25,HIPOTECA,POSGRADO,0
2.01408e+16,272,RECHAZADA,PENDIENTE,RECHAZADO,MALO,0.0,,SIN_CUENTA,0.0,0.0,0.0,RECIBO DE NOMINA,MEDIO_B,NO_CLIENTE,0,ALTO,0.0,1,96,0,0,0,0,41,FAMILIARES,LICENCIATURA,0
2.01407e+16,272,RECHAZADA,PENDIENTE,RECHAZADO,MALO,0.0,,SIN_CUENTA,0.0,0.0,0.0,RECIBO DE NOMINA,BAJO_B,NO_CLIENTE,0,ALTO,0.0,2,98,0,0,0,0,41,FAMILIARES,SECUNDARIA,0
2.01407e+16,272,RECHAZADA,PENDIENTE,RECHAZADO,MALO,0.0,,SIN_CUENTA,0.0,0.0,0.0,RECIBO DE NOMINA,MEDIO_A,NO_CLIENTE,0,ALTO,0.0,2,99,0,0,0,0,50,PROPIA,LICENCIATURA,0
2.01408e+16,272,RECHAZADA,PENDIENTE,RECHAZADO,MALO,0.0,,SIN_CUENTA,0.0,0.0,0.0,INVERSIONES,MEDIO_A,NO_CLIENTE,0,ALTO,0.0,0,100,0,0,0,0,55,HIPOTECA,PREPARATORIA,0
2.01408e+16,272,RECHAZADA,PENDIENTE,RECHAZADO,MALO,0.0,,0,0.0,0.0,0.0,RECIBO DE NOMINA,ALTO_B,NO_CLIENTE,4000,ALTO,0.0,2,101,0,0,0,0,49,RENTA,POSGRADO,0
2.01407e+16,273,CANCELADA,PENDIENTE,RECHAZADO,MALO,0.0,,SIN_CUENTA,0.0,0.0,0.0,RECIBO DE NOMINA,MEDIO_A,NO_CLIENTE,0,ALTO,0.0,2,92,0,0,0,0,28,HIPOTECA,LICENCIATURA,0
2.01408e+16,273,RECHAZADA,PENDIENTE,RECHAZADO,MALO,0.0,,SIN_CUENTA,0.0,0.0,0.0,INVERSIONES,ALTO_B,NO_CLIENTE,0,ALTO,0.0,3,92,0,0,0,0,33,RENTA,POSGRADO,0
2.01406e+16,273,RECHAZADA,PENDIENTE,RECHAZADO,MALO,0.0,,SIN_CUENTA,0.0,0.0,0.0,RECIBO DE NOMINA,MEDIO_A,NO_CLIENTE,0,ALTO,0.0,4,94,0,0,0,0,38,PROPIA,POSGRADO,0
2.01408e+16,273,RECHAZADA,PENDIENTE,RECHAZADO,MALO,0.0,,SIN_CUENTA,0.0,0.0,0.0,INVERSIONES,ALTO_B,NO_CLIENTE,0,ALTO,0.0,4,95,0,0,0,0,49,HIPOTECA,POSGRADO,0
2.01408e+16,273,RECHAZADA,PENDIENTE,RECHAZADO,MALO,0.0,,SIN_CUENTA,0.0,0.0,0.0,INVERSIONES,MEDIO_A,NO_CLIENTE,0,ALTO,0.0,0,100,0,0,0,0,42,HIPOTECA,PREPARATORIA,0
2.01407e+16,274,RECHAZADA,PENDIENTE,RECHAZADO,MALO,0.0,,0,0.0,0.0,0.0,RECIBO DE NOMINA,MEDIO_A,NO_CLIENTE,0,ALTO,0.0,2,92,0,11102,9360,0,40,HIPOTECA,LICENCIATURA,0
2.01408e+16,274,RECHAZADA,PENDIENTE,RECHAZADO,MALO,0.0,,SIN_CUENTA,0.0,0.0,0.0,INVERSIONES,MEDIO_B,NO_CLIENTE,0,ALTO,0.0,4,94,0,0,0,0,55,RENTA,LICENCIATURA,0
2.01407e+16,274,RECHAZADA,PENDIENTE,RECHAZADO,MALO,0.0,,0,0.0,0.0,0.0,RECIBO DE NOMINA,ALTO_A,NO_CLIENTE,0,ALTO,0.0,1,95,0,9703,0,0,44,PROPIA,POSGRADO,0
2.01408e+16,274,RECHAZADA,PENDIENTE,RECHAZADO,MALO,0.0,,SIN_CUENTA,0.0,0.0,0.0,INVERSIONES,ALTO_B,NO_CLIENTE,0,ALTO,0.0,4,96,0,0,0,0,46,RENTA,POSGRADO,0
2.01407e+16,274,RECHAZADA,PENDIENTE,RECHAZADO,MALO,0.0,,SIN_CUENTA,0.0,0.0,0.0,RECIBO DE NOMINA,MEDIO_B,NO_CLIENTE,0,ALTO,0.0,5,98,0,0,0,0,41,RENTA,LICENCIATURA,0
2.01408e+16,274,RECHAZADA,PENDIENTE,RECHAZADO,MALO,0.0,,SIN_CUENTA,0.0,0.0,0.0,RECIBO DE NOMINA,MEDIO_A,NO_CLIENTE,0,ALTO,0.0,2,100,0,0,0,0,45,HIPOTECA,PREPARATORIA,0
2.01408e+16,275,RECHAZADA,PENDIENTE,RECHAZADO,MALO,0.0,,SIN_CUENTA,0.0,0.0,0.0,RECIBO DE NOMINA,ALTO_B,NO_CLIENTE,0,ALTO,0.0,4,89,0,0,0,0,37,FAMILIARES,POSGRADO,0
2.01408e+16,275,RECHAZADA,PENDIENTE,RECHAZADO,MALO,0.0,,SIN_CUENTA,0.0,0.0,0.0,RECIBO DE NOMINA,MEDIO_A,NO_CLIENTE,0,ALTO,0.0,3,91,0,0,0,0,45,HIPOTECA,PREPARATORIA,0
2.01408e+16,275,RECHAZADA,PENDIENTE,RECHAZADO,MALO,0.0,,SIN_CUENTA,0.0,0.0,0.0,RECIBO DE NOMINA,MEDIO_B,NO_CLIENTE,0,ALTO,0.0,3,92,0,0,0,0,45,RENTA,PREPARATORIA,0
2.01407e+16,275,RECHAZADA,PENDIENTE,RECHAZADO,MALO,0.0,,SIN_CUENTA,0.0,0.0,0.0,RECIBO DE NOMINA,MEDIO_B,NO_CLIENTE,0,ALTO,0.0,1,95,0,0,0,0,26,FAMILIARES,PREPARATORIA,0
2.01408e+16,275,RECHAZADA,PENDIENTE,RECHAZADO,MALO,0.0,,SIN_CUENTA,0.0,0.0,0.0,RECIBO DE NOMINA,MEDIO_B,NO_CLIENTE,0,ALTO,0.0,5,96,0,0,0,0,47,FAMILIARES,LICENCIATURA,0
2.01408e+16,275,RECHAZADA,PENDIENTE,RECHAZADO,MALO,0.0,,SIN_CUENTA,0.0,0.0,0.0,RECIBO DE NOMINA,ALTO_B,NO_CLIENTE,0,ALTO,0.0,3,98,0,0,0,0,29,RENTA,POSGRADO,0
2.01407e+16,275,RECHAZADA,PENDIENTE,RECHAZADO,MALO,0.0,,0,0.0,0.0,0.0,INVERSIONES,MEDIO_B,NO_CLIENTE,0,ALTO,0.0,3,100,0,9981,620,0,49,FAMILIARES,LICENCIATURA,0
2.01407e+16,276,RECHAZADA,PENDIENTE,RECHAZADO,MALO,0.0,,SIN_CUENTA,0.0,0.0,0.0,DECLARACION ANUAL,ALTO_B,NO_CLIENTE,0,ALTO,0.0,4,90,0,0,0,0,46,HIPOTECA,POSGRADO,0
2.01408e+16,276,RECHAZADA,PENDIENTE,RECHAZADO,MALO,0.0,,SIN_CUENTA,0.0,0.0,0.0,DECLARACION ANUAL,ALTO_A,NO_CLIENTE,0,ALTO,0.0,5,95,0,0,0,0,40,PROPIA,POSGRADO,0
2.01406e+16,276,RECHAZADA,PENDIENTE,RECHAZADO,MALO,0.0,,SIN_CUENTA,0.0,0.0,0.0,RECIBO DE NOMINA,MEDIO_A,NO_CLIENTE,0,ALTO,0.0,5,99,0,0,0,0,53,PROPIA,LICENCIATURA,0
2.01407e+16,276,RECHAZADA,PENDIENTE,RECHAZADO,MALO,0.0,,SIN_CUENTA,0.0,0.0,0.0,INVERSIONES,MEDIO_A,NO_CLIENTE,0,ALTO,0.0,4,99,0,0,0,0,52,HIPOTECA,PREPARATORIA,0
2.01408e+16,276,RECHAZADA,PENDIENTE,RECHAZADO,MALO,0.0,,SIN_CUENTA,0.0,0.0,0.0,RECIBO DE NOMINA,ALTO_B,NO_CLIENTE,0,ALTO,0.0,1,100,0,0,0,0,47,FAMILIARES,POSGRADO,0
2.01408e+16,276,RECHAZADA,PENDIENTE,RECHAZADO,MALO,0.0,,SIN_CUENTA,0.0,0.0,0.0,INVERSIONES,MEDIO_A,NO_CLIENTE,0,ALTO,0.0,0,101,0,0,0,0,57,PROPIA,LICENCIATURA,0
2.01408e+16,276,RECHAZADA,PENDIENTE,RECHAZADO,MALO,0.0,,0,0.0,0.0,0.0,RECIBO DE NOMINA,ALTO_B,NO_CLIENTE,68000,ALTO,0.0,3,101,0,53862,0,0,29,RENTA,POSGRADO,0
2.01407e+16,277,CANCELADA,PENDIENTE,RECHAZADO,MALO,0.0,,0,0.0,0.0,0.0,SIN COMPROBANTE,ALTO_B,NO_CLIENTE,0,ALTO,0.0,3,90,0,15349,680,0,30,RENTA,POSGRADO,0
2.01408e+16,277,RECHAZADA,PENDIENTE,RECHAZADO,MALO,0.0,,SIN_CUENTA,0.0,0.0,0.0,RECIBO DE NOMINA,MEDIO_B,NO_CLIENTE,0,ALTO,0.0,3,92,0,0,0,0,46,RENTA,LICENCIATURA,0
2.01407e+16,277,RECHAZADA,PENDIENTE,RECHAZADO,MALO,0.0,,1,0.0,0.0,0.0,INVERSIONES,MEDIO_A,NO_CLIENTE,0,ALTO,0.0,4,95,0,4882,250,0,53,HIPOTECA,PREPARATORIA,0
2.01408e+16,277,RECHAZADA,PENDIENTE,RECHAZADO,MALO,0.0,,1,0.0,0.0,0.0,INVERSIONES,ALTO_A,NO_CLIENTE,20700,ALTO,0.0,2,96,0,11827,1150,0,54,PROPIA,POSGRADO,0
2.01408e+16,277,RECHAZADA,PENDIENTE,RECHAZADO,MALO,0.0,,0,0.0,0.0,0.0,INVERSIONES,MEDIO_A,NO_CLIENTE,18004,ALTO,0.0,5,97,0,8735,260,0,38,PROPIA,LICENCIATURA,0
2.01407e+16,278,RECHAZADA,PENDIENTE,RECHAZADO,MALO,0.0,,1,0.0,0.0,0.0,RECIBO DE NOMINA,MEDIO_A,NO_CLIENTE,0,ALTO,0.0,4,90,0,5459,800,0,32,HIPOTECA,PREPARATORIA,0
2.01408e+16,278,RECHAZADA,PENDIENTE,RECHAZADO,MALO,0.0,,SIN_CUENTA,0.0,0.0,0.0,RECIBO DE NOMINA,ALTO_B,NO_CLIENTE,0,ALTO,0.0,2,90,0,0,0,0,40,RENTA,POSGRADO,0
2.01408e+16,278,RECHAZADA,PENDIENTE,RECHAZADO,MALO,0.0,,SIN_CUENTA,0.0,0.0,0.0,RECIBO DE NOMINA,ALTO_B,NO_CLIENTE,0,ALTO,0.0,4,94,0,0,0,0,53,RENTA,POSGRADO,0
2.01408e+16,278,RECHAZADA,PENDIENTE,RECHAZADO,MALO,0.0,,SIN_CUENTA,0.0,0.0,0.0,INVERSIONES,MEDIO_A,NO_CLIENTE,0,ALTO,0.0,5,95,0,0,0,0,44,PROPIA,LICENCIATURA,0
2.01408e+16,278,RECHAZADA,PENDIENTE,RECHAZADO,MALO,0.0,,SIN_CUENTA,0.0,0.0,0.0,RECIBO DE NOMINA,MEDIO_B,NO_CLIENTE,0,ALTO,0.0,5,98,0,0,0,0,46,FAMILIARES,LICENCIATURA,0
2.01407e+16,278,EN_PROCESO,PENDIENTE,RECHAZADO,MALO,0.0,,SIN_CUENTA,0.0,0.0,0.0,INVERSIONES,MEDIO_A,NO_CLIENTE,0,ALTO,0.0,4,98,0,0,0,0,35,RENTA,LICENCIATURA,0
2.01408e+16,278,RECHAZADA,PENDIENTE,RECHAZADO,MALO,0.0,,SIN_CUENTA,0.0,0.0,0.0,RECIBO DE NOMINA,MEDIO_A,NO_CLIENTE,0,ALTO,0.0,5,99,0,0,0,0,25,HIPOTECA,PREPARATORIA,0
2.01408e+16,278,RECHAZADA,PENDIENTE,RECHAZADO,MALO,0.0,,SIN_CUENTA,0.0,0.0,0.0,RECIBO DE NOMINA,MEDIO_A,NO_CLIENTE,0,ALTO,0.0,2,100,0,0,0,0,35,HIPOTECA,PREPARATORIA,0
2.01408e+16,278,RECHAZADA,PENDIENTE,RECHAZADO,MALO,0.0,,0,0.0,0.0,0.0,RECIBO DE NOMINA,MEDIO_B,NO_CLIENTE,14300,ALTO,0.0,1,100,0,12494,0,0,59,RENTA,LICENCIATURA,0
2.01407e+16,278,RECHAZADA,PENDIENTE,RECHAZADO,MALO,0.0,,SIN_CUENTA,0.0,0.0,0.0,RECIBO DE NOMINA,ALTO_B,NO_CLIENTE,0,ALTO,0.0,1,101,0,0,0,0,31,HIPOTECA,POSGRADO,0
2.01406e+16,279,RECHAZADA,PENDIENTE,RECHAZADO,MALO,0.0,,SIN_CUENTA,0.0,0.0,0.0,INVERSIONES,MEDIO_A,NO_CLIENTE,0,ALTO,0.0,5,89,0,0,0,0,26,HIPOTECA,PREPARATORIA,0
2.01408e+16,279,RECHAZADA,PENDIENTE,RECHAZADO,MALO,0.0,,0,0.0,0.0,0.0,INVERSIONES,ALTO_B,NO_CLIENTE,31000,ALTO,0.0,1,90,0,30342,0,0,42,RENTA,POSGRADO,0
2.01408e+16,279,RECHAZADA,PENDIENTE,RECHAZADO,MALO,0.0,,SIN_CUENTA,0.0,0.0,0.0,INVERSIONES,ALTO_B,NO_CLIENTE,0,ALTO,0.0,4,92,0,0,0,0,46,RENTA,POSGRADO,0
2.01407e+16,279,RECHAZADA,PENDIENTE,RECHAZADO,MALO,0.0,,SIN_CUENTA,0.0,0.0,0.0,RECIBO DE NOMINA,ALTO_B,NO_CLIENTE,0,ALTO,0.0,5,93,0,0,0,0,58,RENTA,POSGRADO,0
2.01408e+16,279,RECHAZADA,PENDIENTE,RECHAZADO,MALO,0.0,,SIN_CUENTA,0.0,0.0,0.0,RECIBO DE NOMINA,ALTO_A,NO_CLIENTE,0,ALTO,0.0,4,93,0,0,0,0,26,PROPIA,POSGRADO,0
2.01408e+16,279,RECHAZADA,PENDIENTE,RECHAZADO,MALO,0.0,,SIN_CUENTA,0.0,0.0,0.0,RECIBO DE NOMINA,MEDIO_B,NO_CLIENTE,0,ALTO,0.0,5,94,0,0,0,0,45,RENTA,PREPARATORIA,0
2.01407e+16,279,RECHAZADA,PENDIENTE,RECHAZADO,MALO,0.0,,SIN_CUENTA,0.0,0.0,0.0,RECIBO DE NOMINA,MEDIO_B,NO_CLIENTE,0,ALTO,0.0,3,95,0,0,0,0,30,FAMILIARES,LICENCIATURA,0
2.01408e+16,279,RECHAZADA,PENDIENTE,RECHAZADO,MALO,0.0,,SIN_CUENTA,0.0,0.0,0.0,RECIBO DE NOMINA,MEDIO_B,NO_CLIENTE,0,ALTO,0.0,5,95,0,0,0,0,56,RENTA,PREPARATORIA,0
2.01408e+16,279,RECHAZADA,PENDIENTE,RECHAZADO,MALO,0.0,,SIN_CUENTA,0.0,0.0,0.0,INVERSIONES,MEDIO_B,NO_CLIENTE,0,ALTO,0.0,2,101,0,0,0,0,46,RENTA,PREPARATORIA,0
2.01408e+16,280,RECHAZADA,PENDIENTE,RECHAZADO,MALO,0.0,,0,0.0,0.0,0.0,RECIBO DE NOMINA,MEDIO_A,NO_CLIENTE,15000,ALTO,0.0,4,89,0,6366,250,0,36,HIPOTECA,PREPARATORIA,0
2.01407e+16,280,RECHAZADA,PENDIENTE,RECHAZADO,MALO,0.0,,SIN_CUENTA,0.0,0.0,0.0,DECLARACION ANUAL,ALTO_B,NO_CLIENTE,0,ALTO,0.0,4,91,0,0,0,0,28,FAMILIARES,POSGRADO,0
2.01407e+16,280,RECHAZADA,PENDIENTE,RECHAZADO,MALO,0.0,,SIN_CUENTA,0.0,0.0,0.0,RECIBO DE NOMINA,ALTO_B,NO_CLIENTE,0,ALTO,0.0,3,91,0,0,0,0,53,HIPOTECA,POSGRADO,0
2.01408e+16,280,RECHAZADA,PENDIENTE,RECHAZADO,MALO,0.0,,0,0.0,0.0,0.0,RECIBO DE NOMINA,MEDIO_B,NO_CLIENTE,3000,ALTO,0.0,5,91,0,2336,250,0,31,RENTA,PREPARATORIA,0
2.01407e+16,280,RECHAZADA,PENDIENTE,RECHAZADO,MALO,0.0,,SIN_CUENTA,0.0,0.0,0.0,INVERSIONES,MEDIO_B,NO_CLIENTE,0,ALTO,0.0,4,94,0,0,0,0,37,RENTA,LICENCIATURA,0
2.01408e+16,280,RECHAZADA,PENDIENTE,RECHAZADO,MALO,0.0,,SIN_CUENTA,0.0,0.0,0.0,RECIBO DE NOMINA,MEDIO_B,NO_CLIENTE,0,ALTO,0.0,3,94,0,0,0,0,42,RENTA,PREPARATORIA,0
2.01407e+16,280,RECHAZADA,PENDIENTE,RECHAZADO,MALO,0.0,,SIN_CUENTA,0.0,0.0,0.0,RECIBO DE NOMINA,MEDIO_A,NO_CLIENTE,0,ALTO,0.0,3,95,0,0,0,0,39,PROPIA,LICENCIATURA,0
2.01407e+16,280,RECHAZADA,PENDIENTE,RECHAZADO,MALO,0.0,,SIN_CUENTA,0.0,0.0,0.0,RECIBO DE NOMINA,MEDIO_A,NO_CLIENTE,0,ALTO,0.0,4,96,0,0,0,0,29,HIPOTECA,PREPARATORIA,0
2.01407e+16,280,RECHAZADA,PENDIENTE,RECHAZADO,MALO,0.0,,SIN_CUENTA,0.0,0.0,0.0,RECIBO DE NOMINA,ALTO_A,NO_CLIENTE,0,ALTO,0.0,2,98,0,0,0,0,38,PROPIA,POSGRADO,0
2.01407e+16,280,RECHAZADA,PENDIENTE,RECHAZADO,MALO,0.0,,SIN_CUENTA,0.0,0.0,0.0,RECIBO DE NOMINA,MEDIO_B,NO_CLIENTE,0,ALTO,0.0,4,99,0,0,0,0,36,FAMILIARES,PREPARATORIA,0
2.01408e+16,280,RECHAZADA,PENDIENTE,RECHAZADO,MALO,0.0,,SIN_CUENTA,0.0,0.0,0.0,INVERSIONES,MEDIO_B,NO_CLIENTE,0,ALTO,0.0,4,99,0,0,0,0,46,RENTA,PREPARATORIA,0
2.01408e+16,280,RECHAZADA,PENDIENTE,RECHAZADO,MALO,0.0,,SIN_CUENTA,0.0,0.0,0.0,RECIBO DE NOMINA,MEDIO_A,NO_CLIENTE,0,ALTO,0.0,4,99,0,0,0,0,34,PROPIA,LICENCIATURA,0
2.01408e+16,281,RECHAZADA,PENDIENTE,RECHAZADO,MALO,0.0,,SIN_CUENTA,0.0,0.0,0.0,INVERSIONES,MEDIO_B,NO_CLIENTE,0,ALTO,0.0,3,90,0,0,0,0,56,RENTA,LICENCIATURA,0
2.01408e+16,281,RECHAZADA,PENDIENTE,RECHAZADO,MALO,0.0,,SIN_CUENTA,0.0,0.0,0.0,RECIBO DE NOMINA,MEDIO_A,NO_CLIENTE,0,ALTO,0.0,4,90,0,0,0,0,58,HIPOTECA,LICENCIATURA,0
2.01407e+16,281,RECHAZADA,PENDIENTE,RECHAZADO,MALO,0.0,,SIN_CUENTA,0.0,0.0,0.0,INVERSIONES,ALTO_B,NO_CLIENTE,0,ALTO,0.0,5,91,0,0,0,0,44,RENTA,POSGRADO,0
2.01408e+16,281,RECHAZADA,PENDIENTE,RECHAZADO,MALO,0.0,,SIN_CUENTA,0.0,0.0,0.0,RECIBO DE NOMINA,MEDIO_A,NO_CLIENTE,0,ALTO,0.0,1,94,0,0,0,0,54,HIPOTECA,PREPARATORIA,0
2.01406e+16,281,RECHAZADA,PENDIENTE,RECHAZADO,MALO,0.0,,0,0.0,0.0,0.0,INVERSIONES,ALTO_B,NO_CLIENTE,0,ALTO,0.0,1,96,0,11526,70,0,35,HIPOTECA,POSGRADO,0
2.01408e+16,281,RECHAZADA,PENDIENTE,RECHAZADO,MALO,0.0,,SIN_CUENTA,0.0,0.0,0.0,RECIBO DE NOMINA,MEDIO_A,NO_CLIENTE,0,ALTO,0.0,4,98,0,0,0,0,40,PROPIA,LICENCIATURA,0
2.01408e+16,281,RECHAZADA,PENDIENTE,RECHAZADO,MALO,0.0,,0,0.0,0.0,0.0,INVERSIONES,ALTO_B,NO_CLIENTE,26003,ALTO,0.0,4,98,0,26838,1610,0,51,FAMILIARES,POSGRADO,0
2.01408e+16,281,RECHAZADA,PENDIENTE,RECHAZADO,MALO,0.0,,SIN_CUENTA,0.0,0.0,0.0,RECIBO DE NOMINA,MEDIO_A,NO_CLIENTE,0,ALTO,0.0,2,98,0,0,0,0,39,PROPIA,LICENCIATURA,0
2.01407e+16,282,RECHAZADA,PENDIENTE,RECHAZADO,MALO,0.0,,SIN_CUENTA,0.0,0.0,0.0,RECIBO DE NOMINA,ALTO_A,NO_CLIENTE,0,ALTO,0.0,4,89,0,0,0,0,34,PROPIA,POSGRADO,0
2.01407e+16,282,EN_PROCESO,PENDIENTE,RECHAZADO,MALO,0.0,,SIN_CUENTA,0.0,0.0,0.0,RECIBO DE NOMINA,BAJO_B,NO_CLIENTE,0,ALTO,0.0,5,89,0,0,0,0,53,FAMILIARES,PREPARATORIA,0
2.01407e+16,282,RECHAZADA,PENDIENTE,RECHAZADO,MALO,0.0,,SIN_CUENTA,0.0,0.0,0.0,RECIBO DE NOMINA,MEDIO_A,NO_CLIENTE,0,ALTO,0.0,4,91,0,0,0,0,60,HIPOTECA,PREPARATORIA,0
2.01408e+16,282,RECHAZADA,PENDIENTE,RECHAZADO,MALO,0.0,,SIN_CUENTA,0.0,0.0,0.0,RECIBO DE NOMINA,MEDIO_A,NO_CLIENTE,0,ALTO,0.0,4,91,0,0,0,0,54,HIPOTECA,PREPARATORIA,0
2.01403e+16,282,RECHAZADA,PENDIENTE,RECHAZADO,MALO,0.0,,SIN_CUENTA,0.0,0.0,1884.0,RECIBO DE NOMINA,MEDIO_A,CLIENTE_BANCO,0,ALTO,0.0,5,91,0,0,0,0,57,RENTA,PREPARATORIA,0
2.01407e+16,282,RECHAZADA,PENDIENTE,RECHAZADO,MALO,0.0,,SIN_CUENTA,0.0,0.0,0.0,RECIBO DE NOMINA,ALTO_A,NO_CLIENTE,0,ALTO,0.0,5,93,0,0,0,0,44,PROPIA,POSGRADO,0
2.01407e+16,282,RECHAZADA,PENDIENTE,RECHAZADO,MALO,0.0,,2,0.0,0.0,0.0,INVERSIONES,MEDIO_A,NO_CLIENTE,0,ALTO,0.0,1,95,0,48997,0,0,48,HIPOTECA,PREPARATORIA,0
2.01408e+16,282,RECHAZADA,PENDIENTE,RECHAZADO,MALO,0.0,,SIN_CUENTA,0.0,0.0,0.0,RECIBO DE NOMINA,ALTO_B,NO_CLIENTE,0,ALTO,0.0,3,96,0,0,0,0,36,RENTA,POSGRADO,0
2.01407e+16,282,RECHAZADA,PENDIENTE,RECHAZADO,MALO,0.0,,SIN_CUENTA,0.0,0.0,0.0,RECIBO DE NOMINA,ALTO_B,NO_CLIENTE,0,ALTO,0.0,1,97,0,0,0,0,37,FAMILIARES,POSGRADO,0
2.01407e+16,282,RECHAZADA,PENDIENTE,RECHAZADO,MALO,0.0,,SIN_CUENTA,0.0,0.0,0.0,RECIBO DE NOMINA,MEDIO_A,NO_CLIENTE,0,ALTO,0.0,3,97,0,0,0,0,37,PROPIA,LICENCIATURA,0
2.01407e+16,283,RECHAZADA,PENDIENTE,RECHAZADO,MALO,0.0,,SIN_CUENTA,0.0,0.0,0.0,INVERSIONES,ALTO_B,NO_CLIENTE,0,ALTO,0.0,4,90,0,0,0,0,36,RENTA,POSGRADO,0
2.01408e+16,283,RECHAZADA,PENDIENTE,RECHAZADO,MALO,0.0,,SIN_CUENTA,0.0,0.0,0.0,INVERSIONES,MEDIO_A,NO_CLIENTE,0,ALTO,0.0,1,90,0,0,0,0,39,HIPOTECA,LICENCIATURA,0
2.01407e+16,283,RECHAZADA,PENDIENTE,RECHAZADO,MALO,0.0,,SIN_CUENTA,0.0,0.0,0.0,RECIBO DE NOMINA,MEDIO_B,NO_CLIENTE,0,ALTO,0.0,2,91,0,0,0,0,56,FAMILIARES,LICENCIATURA,0
2.01407e+16,283,RECHAZADA,PENDIENTE,RECHAZADO,MALO,0.0,,SIN_CUENTA,0.0,0.0,0.0,INVERSIONES,ALTO_B,NO_CLIENTE,0,ALTO,0.0,2,95,0,0,0,0,32,RENTA,POSGRADO,0
2.01408e+16,283,RECHAZADA,PENDIENTE,RECHAZADO,MALO,0.0,,SIN_CUENTA,0.0,0.0,0.0,INVERSIONES,MEDIO_B,NO_CLIENTE,0,ALTO,0.0,5,97,0,0,0,0,30,RENTA,LICENCIATURA,0
2.01408e+16,284,RECHAZADA,PENDIENTE,RECHAZADO,MALO,0.0,,SIN_CUENTA,0.0,0.0,0.0,RECIBO DE NOMINA,ALTO_B,NO_CLIENTE,0,ALTO,0.0,4,91,0,0,0,0,28,HIPOTECA,POSGRADO,0
2.01408e+16,284,RECHAZADA,PENDIENTE,RECHAZADO,MALO,0.0,,SIN_CUENTA,0.0,0.0,0.0,RECIBO DE NOMINA,ALTO_B,NO_CLIENTE,0,ALTO,0.0,3,93,0,0,0,0,49,RENTA,POSGRADO,0
2.01408e+16,284,RECHAZADA,PENDIENTE,RECHAZADO,MALO,0.0,,SIN_CUENTA,0.0,0.0,0.0,INVERSIONES,ALTO_B,NO_CLIENTE,0,ALTO,0.0,3,96,0,0,0,0,32,RENTA,POSGRADO,0
2.01407e+16,284,RECHAZADA,PENDIENTE,RECHAZADO,MALO,0.0,,SIN_CUENTA,0.0,0.0,0.0,RECIBO DE NOMINA,MEDIO_B,NO_CLIENTE,0,ALTO,0.0,1,97,0,0,0,0,55,RENTA,LICENCIATURA,0
2.01406e+16,284,RECHAZADA,PENDIENTE,RECHAZADO,MALO,0.0,,SIN_CUENTA,0.0,0.0,4065.0,RECIBO DE NOMINA,ALTO_B,CLIENTE_BANCO,0,ALTO,0.0,5,97,0,0,0,0,38,HIPOTECA,LICENCIATURA,0
2.01407e+16,284,RECHAZADA,PENDIENTE,RECHAZADO,MALO,0.0,,SIN_CUENTA,0.0,0.0,0.0,RECIBO DE NOMINA,ALTO_A,NO_CLIENTE,0,ALTO,0.0,3,100,0,0,0,0,51,PROPIA,POSGRADO,0
2.01407e+16,285,RECHAZADA,PENDIENTE,RECHAZADO,MALO,0.0,,0,0.0,0.0,0.0,INVERSIONES,MEDIO_A,NO_CLIENTE,0,ALTO,0.0,2,91,0,12278,9810,0,36,PROPIA,LICENCIATURA,0
2.01406e+16,285,RECHAZADA,PENDIENTE,RECHAZADO,MALO,0.0,,2,0.0,0.0,4310.0,RECIBO DE NOMINA,MEDIO_A,CLIENTE_BANCO,0,ALTO,0.0,4,93,0,3773,0,0,33,HIPOTECA,PREPARATORIA,0
2.01407e+16,285,RECHAZADA,PENDIENTE,RECHAZADO,MALO,0.0,,1,0.0,0.0,0.0,INVERSIONES,MEDIO_B,NO_CLIENTE,0,ALTO,0.0,3,99,0,3014,250,0,46,FAMILIARES,PREPARATORIA,0
2.01407e+16,286,RECHAZADA,PENDIENTE,RECHAZADO,MALO,0.0,,SIN_CUENTA,0.0,0.0,0.0,RECIBO DE NOMINA,MEDIO_B,NO_CLIENTE,0,ALTO,0.0,3,94,0,0,0,0,30,FAMILIARES,LICENCIATURA,0
2.01408e+16,286,RECHAZADA,PENDIENTE,RECHAZADO,MALO,0.0,,SIN_CUENTA,0.0,0.0,0.0,INVERSIONES,ALTO_A,NO_CLIENTE,0,ALTO,0.0,3,94,0,0,0,0,49,PROPIA,POSGRADO,0
2.01408e+16,286,RECHAZADA,PENDIENTE,RECHAZADO,MALO,0.0,,1,0.0,0.0,0.0,RECIBO DE NOMINA,MEDIO_A,NO_CLIENTE,7000,ALTO,0.0,2,96,0,0,0,0,48,HIPOTECA,PREPARATORIA,0
2.01407e+16,286,RECHAZADA,PENDIENTE,RECHAZADO,MALO,0.0,,0,0.0,0.0,0.0,RECIBO DE NOMINA,ALTO_B,NO_CLIENTE,0,ALTO,0.0,3,97,0,2655,500,0,36,FAMILIARES,POSGRADO,0
2.01408e+16,286,RECHAZADA,PENDIENTE,RECHAZADO,MALO,0.0,,0,0.0,0.0,0.0,INVERSIONES,MEDIO_B,NO_CLIENTE,20000,ALTO,0.0,2,97,0,6425,440,0,43,RENTA,LICENCIATURA,0
2.01407e+16,286,RECHAZADA,PENDIENTE,RECHAZADO,MALO,0.0,,SIN_CUENTA,0.0,0.0,0.0,RECIBO DE NOMINA,ALTO_B,NO_CLIENTE,0,ALTO,0.0,2,100,0,0,0,0,44,HIPOTECA,POSGRADO,0
2.01408e+16,286,RECHAZADA,PENDIENTE,RECHAZADO,MALO,0.0,,SIN_CUENTA,0.0,0.0,0.0,INVERSIONES,MEDIO_B,NO_CLIENTE,0,ALTO,0.0,1,101,0,0,0,0,51,RENTA,LICENCIATURA,0
2.01408e+16,286,RECHAZADA,PENDIENTE,RECHAZADO,MALO,0.0,,SIN_CUENTA,0.0,0.0,0.0,RECIBO DE NOMINA,ALTO_B,NO_CLIENTE,0,ALTO,0.0,0,101,0,0,0,0,30,FAMILIARES,POSGRADO,0
2.01408e+16,287,RECHAZADA,PENDIENTE,RECHAZADO,MALO,0.0,,SIN_CUENTA,0.0,0.0,0.0,RECIBO DE NOMINA,ALTO_B,NO_CLIENTE,0,ALTO,0.0,5,89,0,0,0,0,43,HIPOTECA,POSGRADO,0
2.01407e+16,287,RECHAZADA,PENDIENTE,RECHAZADO,MALO,0.0,,SIN_CUENTA,0.0,0.0,0.0,DECLARACION ANUAL,ALTO_B,NO_CLIENTE,0,ALTO,0.0,2,91,0,0,0,0,31,HIPOTECA,POSGRADO,0
2.01408e+16,287,RECHAZADA,PENDIENTE,RECHAZADO,MALO,0.0,,SIN_CUENTA,0.0,0.0,0.0,RECIBO DE NOMINA,MEDIO_B,NO_CLIENTE,0,ALTO,0.0,4,94,0,0,0,0,33,RENTA,LICENCIATURA,0
2.01407e+16,287,RECHAZADA,PENDIENTE,RECHAZADO,MALO,0.0,,0,0.0,0.0,0.0,INVERSIONES,MEDIO_A,NO_CLIENTE,0,ALTO,0.0,3,98,0,120783,0,0,58,PROPIA,LICENCIATURA,0
2.01408e+16,287,RECHAZADA,PENDIENTE,RECHAZADO,MALO,0.0,,SIN_CUENTA,0.0,0.0,0.0,RECIBO DE NOMINA,MEDIO_B,NO_CLIENTE,0,ALTO,0.0,2,98,0,0,0,0,58,FAMILIARES,LICENCIATURA,0
2.01406e+16,287,RECHAZADA,PENDIENTE,RECHAZADO,MALO,0.0,,SIN_CUENTA,0.0,0.0,0.0,RECIBO DE NOMINA,ALTO_B,NO_CLIENTE,0,ALTO,0.0,3,100,0,0,0,0,48,HIPOTECA,POSGRADO,0
2.01407e+16,288,RECHAZADA,PENDIENTE,RECHAZADO,MALO,0.0,,SIN_CUENTA,0.0,0.0,0.0,INVERSIONES,ALTO_A,NO_CLIENTE,0,ALTO,0.0,1,90,0,0,0,0,36,PROPIA,POSGRADO,0
2.01408e+16,288,RECHAZADA,PENDIENTE,RECHAZADO,MALO,0.0,,SIN_CUENTA,0.0,0.0,0.0,INVERSIONES,MEDIO_A,NO_CLIENTE,0,ALTO,0.0,2,90,0,0,0,0,30,HIPOTECA,PREPARATORIA,0
2.01407e+16,288,RECHAZADA,PENDIENTE,RECHAZADO,MALO,0.0,,SIN_CUENTA,0.0,0.0,0.0,INVERSIONES,MEDIO_B,NO_CLIENTE,0,ALTO,0.0,3,93,0,0,0,0,30,FAMILIARES,LICENCIATURA,0
2.01407e+16,288,RECHAZADA,PENDIENTE,RECHAZADO,MALO,0.0,,SIN_CUENTA,0.0,0.0,0.0,INVERSIONES,MEDIO_A,NO_CLIENTE,0,ALTO,0.0,5,94,0,0,0,0,58,PROPIA,LICENCIATURA,0
2.01408e+16,288,RECHAZADA,PENDIENTE,RECHAZADO,MALO,0.0,,SIN_CUENTA,0.0,0.0,0.0,INVERSIONES,ALTO_B,NO_CLIENTE,0,ALTO,0.0,2,94,0,0,0,0,30,HIPOTECA,POSGRADO,0
2.01406e+16,288,RECHAZADA,PENDIENTE,RECHAZADO,MALO,0.0,,SIN_CUENTA,0.0,0.0,0.0,INVERSIONES,MEDIO_A,NO_CLIENTE,0,ALTO,0.0,3,97,0,0,0,0,30,PROPIA,LICENCIATURA,0
2.01408e+16,288,RECHAZADA,PENDIENTE,RECHAZADO,MALO,0.0,,SIN_CUENTA,0.0,0.0,0.0,INVERSIONES,MEDIO_B,NO_CLIENTE,0,ALTO,0.0,2,98,0,0,0,0,57,FAMILIARES,PREPARATORIA,0
2.01407e+16,289,RECHAZADA,PENDIENTE,RECHAZADO,MALO,0.0,,0,0.0,0.0,0.0,RECIBO DE NOMINA,MEDIO_A,NO_CLIENTE,0,ALTO,0.0,4,92,0,9922,590,0,58,PROPIA,LICENCIATURA,0
2.01408e+16,289,RECHAZADA,PENDIENTE,RECHAZADO,MALO,0.0,,SIN_CUENTA,0.0,0.0,0.0,RECIBO DE NOMINA,MEDIO_A,NO_CLIENTE,0,ALTO,0.0,4,94,0,0,0,0,29,HIPOTECA,LICENCIATURA,0
2.01406e+16,289,RECHAZADA,PENDIENTE,RECHAZADO,MALO,0.0,,0,0.0,0.0,0.0,RECIBO DE NOMINA,MEDIO_B,NO_CLIENTE,0,ALTO,0.0,4,95,0,23685,520,0,49,RENTA,LICENCIATURA,0
2.01408e+16,289,RECHAZADA,PENDIENTE,RECHAZADO,MALO,0.0,,SIN_CUENTA,0.0,0.0,0.0,RECIBO DE NOMINA,MEDIO_B,NO_CLIENTE,0,ALTO,0.0,2,95,0,0,0,0,57,FAMILIARES,LICENCIATURA,0
2.01407e+16,289,RECHAZADA,PENDIENTE,RECHAZADO,MALO,0.0,,SIN_CUENTA,0.0,0.0,0.0,RECIBO DE NOMINA,ALTO_B,NO_CLIENTE,0,ALTO,0.0,3,100,0,0,0,0,51,FAMILIARES,POSGRADO,0
2.01408e+16,290,RECHAZADA,PENDIENTE,RECHAZADO,MALO,0.0,,SIN_CUENTA,0.0,0.0,0.0,RECIBO DE NOMINA,MEDIO_A,NO_CLIENTE,0,ALTO,0.0,5,89,0,0,0,0,46,HIPOTECA,LICENCIATURA,0
2.01406e+16,290,RECHAZADA,PENDIENTE,RECHAZADO,MALO,0.0,,SIN_CUENTA,0.0,0.0,0.0,INVERSIONES,MEDIO_A,NO_CLIENTE,0,ALTO,0.0,4,90,0,0,0,0,46,HIPOTECA,PREPARATORIA,0
2.01407e+16,290,RECHAZADA,PENDIENTE,RECHAZADO,MALO,0.0,,SIN_CUENTA,0.0,0.0,0.0,INVERSIONES,MEDIO_B,NO_CLIENTE,0,ALTO,0.0,1,91,0,0,0,0,33,FAMILIARES,PREPARATORIA,0
2.01408e+16,290,RECHAZADA,PENDIENTE,RECHAZADO,MALO,0.0,,SIN_CUENTA,0.0,0.0,0.0,RECIBO DE NOMINA,MEDIO_A,NO_CLIENTE,0,ALTO,0.0,5,92,0,0,0,0,29,HIPOTECA,LICENCIATURA,0
2.01408e+16,290,RECHAZADA,PENDIENTE,RECHAZADO,MALO,0.0,,SIN_CUENTA,0.0,0.0,0.0,RECIBO DE NOMINA,ALTO_B,NO_CLIENTE,0,ALTO,0.0,2,93,0,0,0,0,25,HIPOTECA,POSGRADO,0
2.01406e+16,290,RECHAZADA,PENDIENTE,RECHAZADO,MALO,0.0,,0,0.0,0.0,0.0,INVERSIONES,MEDIO_B,NO_CLIENTE,0,ALTO,0.0,5,95,0,4042,0,0,54,RENTA,LICENCIATURA,0
2.01408e+16,290,RECHAZADA,PENDIENTE,RECHAZADO,MALO,0.0,,1,0.0,0.0,0.0,INVERSIONES,MEDIO_B,NO_CLIENTE,43000,ALTO,0.0,5,95,0,8332,540,0,56,RENTA,PREPARATORIA,0
2.01407e+16,291,RECHAZADA,PENDIENTE,RECHAZADO,MALO,0.0,,SIN_CUENTA,0.0,0.0,0.0,RECIBO DE NOMINA,MEDIO_A,NO_CLIENTE,0,ALTO,0.0,4,90,0,0,0,0,42,HIPOTECA,PREPARATORIA,0
2.01408e+16,291,RECHAZADA,PENDIENTE,RECHAZADO,MALO,0.0,,SIN_CUENTA,0.0,0.0,0.0,INVERSIONES,ALTO_B,NO_CLIENTE,0,ALTO,0.0,2,93,0,0,0,0,50,HIPOTECA,POSGRADO,0
2.01408e+16,291,RECHAZADA,PENDIENTE,RECHAZADO,MALO,0.0,,SIN_CUENTA,0.0,0.0,0.0,RECIBO DE NOMINA,ALTO_B,NO_CLIENTE,0,ALTO,0.0,5,93,0,0,0,0,42,FAMILIARES,POSGRADO,0
2.01408e+16,291,RECHAZADA,PENDIENTE,RECHAZADO,MALO,0.0,,0,0.0,0.0,0.0,INVERSIONES,ALTO_B,NO_CLIENTE,57000,ALTO,0.0,2,99,0,259,0,0,38,FAMILIARES,POSGRADO,0
2.01407e+16,291,RECHAZADA,PENDIENTE,RECHAZADO,MALO,0.0,,SIN_CUENTA,0.0,0.0,0.0,INVERSIONES,ALTO_B,NO_CLIENTE,0,ALTO,0.0,3,100,0,0,0,0,59,RENTA,POSGRADO,0
2.01408e+16,292,RECHAZADA,PENDIENTE,RECHAZADO,MALO,0.0,,SIN_CUENTA,0.0,0.0,0.0,INVERSIONES,MEDIO_A,NO_CLIENTE,0,ALTO,0.0,2,90,0,0,0,0,35,PROPIA,LICENCIATURA,0
2.01408e+16,292,RECHAZADA,PENDIENTE,RECHAZADO,MALO,0.0,,SIN_CUENTA,0.0,0.0,0.0,INVERSIONES,MEDIO_A,NO_CLIENTE,0,ALTO,0.0,1,95,0,0,0,0,42,HIPOTECA,PREPARATORIA,0
2.01407e+16,292,RECHAZADA,PENDIENTE,RECHAZADO,MALO,0.0,,0,0.0,0.0,0.0,INVERSIONES,ALTO_A,NO_CLIENTE,0,ALTO,0.0,2,98,0,10964,690,0,29,PROPIA,POSGRADO,0
2.01408e+16,292,RECHAZADA,PENDIENTE,RECHAZADO,MALO,0.0,,SIN_CUENTA,0.0,0.0,0.0,RECIBO DE NOMINA,MEDIO_B,NO_CLIENTE,0,ALTO,0.0,4,98,0,0,0,0,33,RENTA,LICENCIATURA,0
2.01408e+16,292,RECHAZADA,PENDIENTE,RECHAZADO,MALO,0.0,,SIN_CUENTA,0.0,0.0,0.0,RECIBO DE NOMINA,MEDIO_B,NO_CLIENTE,0,ALTO,0.0,4,98,0,0,0,0,56,RENTA,LICENCIATURA,0
2.01407e+16,293,RECHAZADA,PENDIENTE,RECHAZADO,MALO,0.0,,SIN_CUENTA,0.0,0.0,0.0,DECLARACION ANUAL,MEDIO_B,NO_CLIENTE,0,ALTO,0.0,5,89,0,0,0,0,35,RENTA,PREPARATORIA,0
2.01408e+16,293,RECHAZADA,PENDIENTE,RECHAZADO,MALO,0.0,,SIN_CUENTA,0.0,0.0,0.0,RECIBO DE NOMINA,MEDIO_B,NO_CLIENTE,0,ALTO,0.0,4,89,0,0,0,0,57,FAMILIARES,LICENCIATURA,0
2.01408e+16,293,RECHAZADA,PENDIENTE,RECHAZADO,MALO,0.0,,SIN_CUENTA,0.0,0.0,0.0,RECIBO DE NOMINA,MEDIO_B,NO_CLIENTE,0,ALTO,0.0,2,93,0,0,0,0,47,FAMILIARES,PREPARATORIA,0
2.01408e+16,293,RECHAZADA,PENDIENTE,RECHAZADO,MALO,0.0,,SIN_CUENTA,0.0,0.0,0.0,DECLARACION ANUAL,ALTO_B,NO_CLIENTE,0,ALTO,0.0,3,96,0,0,0,0,57,HIPOTECA,POSGRADO,0
2.01406e+16,293,RECHAZADA,PENDIENTE,RECHAZADO,MALO,0.0,,SIN_CUENTA,0.0,0.0,15648.0,RECIBO DE NOMINA,MEDIO_B,CLIENTE_BANCO,0,ALTO,0.0,1,100,0,0,0,0,34,RENTA,PREPARATORIA,0
2.01408e+16,294,RECHAZADA,PENDIENTE,RECHAZADO,MALO,0.0,,SIN_CUENTA,0.0,0.0,0.0,INVERSIONES,ALTO_B,NO_CLIENTE,0,ALTO,0.0,4,91,0,0,0,0,35,HIPOTECA,POSGRADO,0
2.01408e+16,294,RECHAZADA,PENDIENTE,RECHAZADO,MALO,0.0,,SIN_CUENTA,0.0,0.0,0.0,INVERSIONES,ALTO_A,NO_CLIENTE,0,ALTO,0.0,5,92,0,0,0,0,40,PROPIA,POSGRADO,0
2.01408e+16,294,RECHAZADA,PENDIENTE,RECHAZADO,MALO,0.0,,SIN_CUENTA,0.0,0.0,0.0,RECIBO DE NOMINA,MEDIO_A,NO_CLIENTE,0,ALTO,0.0,5,93,0,0,0,0,30,PROPIA,LICENCIATURA,0
2.01408e+16,294,RECHAZADA,PENDIENTE,RECHAZADO,MALO,0.0,,SIN_CUENTA,0.0,0.0,0.0,INVERSIONES,MEDIO_A,NO_CLIENTE,0,ALTO,0.0,3,93,0,0,0,0,35,HIPOTECA,PREPARATORIA,0
2.01408e+16,294,RECHAZADA,PENDIENTE,RECHAZADO,MALO,0.0,,SIN_CUENTA,0.0,0.0,0.0,RECIBO DE NOMINA,MEDIO_B,NO_CLIENTE,0,ALTO,0.0,2,97,0,0,0,0,49,RENTA,PREPARATORIA,0
2.01407e+16,294,RECHAZADA,PENDIENTE,RECHAZADO,MALO,0.0,,0,0.0,0.0,0.0,INVERSIONES,MEDIO_A,NO_CLIENTE,0,ALTO,0.0,4,98,0,5004,280,0,53,PROPIA,LICENCIATURA,0
2.01408e+16,294,RECHAZADA,PENDIENTE,RECHAZADO,MALO,0.0,,SIN_CUENTA,0.0,0.0,0.0,RECIBO DE NOMINA,MEDIO_B,NO_CLIENTE,0,ALTO,0.0,4,99,0,0,0,0,53,RENTA,PREPARATORIA,0
2.01407e+16,295,RECHAZADA,PENDIENTE,RECHAZADO,MALO,0.0,,SIN_CUENTA,0.0,0.0,0.0,RECIBO DE NOMINA,MEDIO_B,NO_CLIENTE,0,ALTO,0.0,5,89,0,0,0,0,48,FAMILIARES,PREPARATORIA,0
2.01408e+16,295,RECHAZADA,PENDIENTE,RECHAZADO,MALO,0.0,,1,0.0,0.0,0.0,INVERSIONES,MEDIO_A,NO_CLIENTE,13500,ALTO,0.0,5,89,0,2157,250,0,49,HIPOTECA,LICENCIATURA,0
2.01407e+16,295,RECHAZADA,PENDIENTE,RECHAZADO,MALO,0.0,,SIN_CUENTA,0.0,0.0,0.0,RECIBO DE NOMINA,ALTO_A,NO_CLIENTE,0,ALTO,0.0,4,94,0,0,0,0,60,PROPIA,POSGRADO,0
2.01408e+16,295,RECHAZADA,PENDIENTE,RECHAZADO,MALO,0.0,,SIN_CUENTA,0.0,0.0,0.0,INVERSIONES,MEDIO_B,NO_CLIENTE,0,ALTO,0.0,1,95,0,0,0,0,53,RENTA,LICENCIATURA,0
2.01407e+16,295,CANCELADA,PENDIENTE,RECHAZADO,MALO,0.0,,SIN_CUENTA,0.0,0.0,0.0,SIN COMPROBANTE,MEDIO_B,NO_CLIENTE,0,ALTO,0.0,4,98,0,0,0,0,28,FAMILIARES,LICENCIATURA,0
2.01408e+16,295,RECHAZADA,PENDIENTE,RECHAZADO,MALO,0.0,,SIN_CUENTA,0.0,0.0,0.0,RECIBO DE NOMINA,ALTO_B,NO_CLIENTE,0,ALTO,0.0,3,100,0,0,0,0,50,FAMILIARES,POSGRADO,0
2.01407e+16,295,RECHAZADA,PENDIENTE,RECHAZADO,MALO,0.0,,2,0.0,0.0,0.0,INVERSIONES,MEDIO_B,NO_CLIENTE,0,ALTO,0.0,1,101,0,12560,560,0,58,RENTA,PREPARATORIA,0
2.01406e+16,296,RECHAZADA,PENDIENTE,RECHAZADO,MALO,0.0,,SIN_CUENTA,0.0,0.0,0.0,INVERSIONES,MEDIO_B,NO_CLIENTE,0,ALTO,0.0,4,91,0,0,0,0,50,FAMILIARES,PREPARATORIA,0
2.01407e+16,296,RECHAZADA,PENDIENTE,RECHAZADO,MALO,0.0,,SIN_CUENTA,0.0,0.0,0.0,RECIBO DE NOMINA,MEDIO_B,NO_CLIENTE,0,ALTO,0.0,3,95,0,0,0,0,25,FAMILIARES,PREPARATORIA,0
2.01408e+16,296,RECHAZADA,PENDIENTE,RECHAZADO,MALO,0.0,,SIN_CUENTA,0.0,0.0,0.0,RECIBO DE NOMINA,MEDIO_A,NO_CLIENTE,0,ALTO,0.0,2,97,0,0,0,0,28,HIPOTECA,PREPARATORIA,0
2.01407e+16,296,RECHAZADA,PENDIENTE,RECHAZADO,MALO,0.0,,SIN_CUENTA,0.0,0.0,0.0,INVERSIONES,MEDIO_A,NO_CLIENTE,0,ALTO,0.0,1,100,0,0,0,0,49,HIPOTECA,PREPARATORIA,0
2.01408e+16,296,RECHAZADA,PENDIENTE,RECHAZADO,MALO,0.0,,SIN_CUENTA,0.0,0.0,0.0,RECIBO DE NOMINA,ALTO_A,NO_CLIENTE,0,ALTO,0.0,0,100,0,0,0,0,48,PROPIA,POSGRADO,0
2.01407e+16,296,RECHAZADA,PENDIENTE,RECHAZADO,MALO,0.0,,SIN_CUENTA,0.0,0.0,0.0,RECIBO DE NOMINA,ALTO_B,NO_CLIENTE,0,ALTO,0.0,2,101,0,0,0,0,49,RENTA,POSGRADO,0
2.01408e+16,297,RECHAZADA,PENDIENTE,RECHAZADO,MALO,0.0,,SIN_CUENTA,0.0,0.0,0.0,INVERSIONES,MEDIO_A,NO_CLIENTE,0,ALTO,0.0,2,90,0,0,0,0,33,HIPOTECA,LICENCIATURA,0
2.01408e+16,297,RECHAZADA,PENDIENTE,RECHAZADO,MALO,0.0,,SIN_CUENTA,0.0,0.0,0.0,RECIBO DE NOMINA,MEDIO_A,NO_CLIENTE,0,ALTO,0.0,3,90,0,0,0,0,37,HIPOTECA,LICENCIATURA,0
2.01407e+16,297,RECHAZADA,PENDIENTE,RECHAZADO,MALO,0.0,,SIN_CUENTA,0.0,0.0,0.0,INVERSIONES,MEDIO_B,NO_CLIENTE,0,ALTO,0.0,1,91,0,0,0,0,52,FAMILIARES,LICENCIATURA,0
2.01408e+16,297,RECHAZADA,PENDIENTE,RECHAZADO,MALO,0.0,,SIN_CUENTA,0.0,0.0,0.0,INVERSIONES,MEDIO_A,NO_CLIENTE,0,ALTO,0.0,5,98,0,0,0,0,57,PROPIA,LICENCIATURA,0
2.01408e+16,297,RECHAZADA,PENDIENTE,RECHAZADO,MALO,0.0,,SIN_CUENTA,0.0,0.0,0.0,RECIBO DE NOMINA,MEDIO_B,NO_CLIENTE,0,ALTO,0.0,2,100,0,0,0,0,27,FAMILIARES,PREPARATORIA,0
2.01408e+16,297,RECHAZADA,PENDIENTE,RECHAZADO,MALO,0.0,,SIN_CUENTA,0.0,0.0,0.0,INVERSIONES,ALTO_A,NO_CLIENTE,0,ALTO,0.0,3,100,0,0,0,0,59,PROPIA,POSGRADO,0
2.01408e+16,298,RECHAZADA,PENDIENTE,RECHAZADO,MALO,0.0,,0,0.0,0.0,0.0,INVERSIONES,ALTO_B,NO_CLIENTE,101000,ALTO,0.0,3,95,0,91702,4020,0,49,FAMILIARES,POSGRADO,0
2.01408e+16,298,RECHAZADA,PENDIENTE,RECHAZADO,MALO,0.0,,SIN_CUENTA,0.0,0.0,0.0,INVERSIONES,MEDIO_B,NO_CLIENTE,0,ALTO,0.0,5,96,0,0,0,0,34,FAMILIARES,LICENCIATURA,0
2.01408e+16,298,RECHAZADA,PENDIENTE,RECHAZADO,MALO,0.0,,SIN_CUENTA,0.0,0.0,0.0,RECIBO DE NOMINA,ALTO_B,NO_CLIENTE,0,ALTO,0.0,4,97,0,0,0,0,37,HIPOTECA,POSGRADO,0
2.01408e+16,298,RECHAZADA,PENDIENTE,RECHAZADO,MALO,0.0,,SIN_CUENTA,0.0,0.0,0.0,RECIBO DE NOMINA,MEDIO_A,NO_CLIENTE,0,ALTO,0.0,2,98,0,0,0,0,26,HIPOTECA,PREPARATORIA,0
2.01408e+16,298,RECHAZADA,PENDIENTE,RECHAZADO,MALO,0.0,,SIN_CUENTA,0.0,0.0,0.0,RECIBO DE NOMINA,ALTO_A,NO_CLIENTE,0,ALTO,0.0,3,100,0,0,0,0,55,PROPIA,POSGRADO,0
2.01408e+16,299,RECHAZADA,PENDIENTE,RECHAZADO,MALO,0.0,,SIN_CUENTA,0.0,0.0,0.0,RECIBO DE NOMINA,MEDIO_B,NO_CLIENTE,0,ALTO,0.0,2,91,0,0,0,0,50,RENTA,LICENCIATURA,0
2.01407e+16,299,RECHAZADA,PENDIENTE,RECHAZADO,MALO,0.0,,SIN_CUENTA,0.0,0.0,0.0,RECIBO DE NOMINA,MEDIO_A,NO_CLIENTE,0,ALTO,0.0,2,92,0,0,0,0,33,HIPOTECA,LICENCIATURA,0
2.01408e+16,299,RECHAZADA,PENDIENTE,RECHAZADO,MALO,0.0,,SIN_CUENTA,0.0,0.0,0.0,INVERSIONES,MEDIO_A,NO_CLIENTE,0,ALTO,0.0,3,92,0,0,0,0,55,HIPOTECA,PREPARATORIA,0
2.01407e+16,299,RECHAZADA,PENDIENTE,RECHAZADO,MALO,0.0,,0,0.0,0.0,0.0,INVERSIONES,ALTO_B,NO_CLIENTE,0,ALTO,0.0,3,98,0,18895,1190,0,44,HIPOTECA,POSGRADO,0
2.01408e+16,299,RECHAZADA,PENDIENTE,RECHAZADO,MALO,0.0,,0,0.0,0.0,0.0,RECIBO DE NOMINA,ALTO_B,NO_CLIENTE,0,ALTO,0.0,3,98,0,578,250,0,25,FAMILIARES,POSGRADO,0
2.01408e+16,299,RECHAZADA,PENDIENTE,RECHAZADO,MALO,0.0,,SIN_CUENTA,0.0,0.0,0.0,RECIBO DE NOMINA,MEDIO_B,NO_CLIENTE,0,ALTO,0.0,3,100,0,0,0,0,27,FAMILIARES,LICENCIATURA,0
2.01407e+16,153,RECHAZADA,PENDIENTE,RECHAZADO,MALO,0.0,,SIN_CUENTA,0.0,0.0,0.0,RECIBO DE NOMINA,MEDIO_A,NO_CLIENTE,0,ALTO,0.0,4,89,0,0,0,0,31,HIPOTECA,PREPARATORIA,0
2.01408e+16,149,RECHAZADA,PENDIENTE,RECHAZADO,MALO,0.0,,SIN_CUENTA,0.0,0.0,0.0,RECIBO DE NOMINA,ALTO_B,NO_CLIENTE,0,ALTO,0.0,1,90,0,0,0,0,53,HIPOTECA,POSGRADO,0
2.01408e+16,170,RECHAZADA,PENDIENTE,RECHAZADO,MALO,0.0,,SIN_CUENTA,0.0,0.0,0.0,INVERSIONES,ALTO_B,NO_CLIENTE,0,ALTO,0.0,4,91,0,0,0,0,44,HIPOTECA,POSGRADO,0
2.01408e+16,191,RECHAZADA,PENDIENTE,RECHAZADO,MALO,0.0,,SIN_CUENTA,0.0,0.0,0.0,DECLARACION ANUAL,ALTO_A,NO_CLIENTE,0,ALTO,0.0,2,93,0,0,0,0,53,PROPIA,POSGRADO,0
2.01408e+16,136,RECHAZADA,PENDIENTE,RECHAZADO,MALO,0.0,,SIN_CUENTA,0.0,0.0,0.0,DECLARACION ANUAL,MEDIO_A,NO_CLIENTE,0,ALTO,0.0,5,94,0,0,0,0,56,HIPOTECA,PREPARATORIA,0
2.01407e+16,118,RECHAZADA,PENDIENTE,RECHAZADO,MALO,0.0,,0,0.0,0.0,0.0,INVERSIONES,MEDIO_B,NO_CLIENTE,0,ALTO,0.0,4,95,0,37859,1520,0,44,RENTA,LICENCIATURA,0
2.01407e+16,192,RECHAZADA,PENDIENTE,RECHAZADO,MALO,0.0,,0,0.0,0.0,0.0,RECIBO DE NOMINA,MEDIO_B,NO_CLIENTE,0,ALTO,0.0,1,95,0,1565,380,0,38,RENTA,LICENCIATURA,0
2.01408e+16,181,RECHAZADA,PENDIENTE,RECHAZADO,MALO,0.0,,SIN_CUENTA,0.0,0.0,0.0,RECIBO DE NOMINA,MEDIO_B,NO_CLIENTE,0,ALTO,0.0,2,95,0,0,0,0,29,RENTA,LICENCIATURA,0
2.01408e+16,193,RECHAZADA,PENDIENTE,RECHAZADO,MALO,0.0,,0,0.0,0.0,0.0,INVERSIONES,ALTO_B,NO_CLIENTE,14600,ALTO,0.0,5,98,0,7104,0,0,36,FAMILIARES,POSGRADO,0
2.01408e+16,129,RECHAZADA,PENDIENTE,RECHAZADO,MALO,0.0,,1,0.0,0.0,0.0,INVERSIONES,MEDIO_B,NO_CLIENTE,18100,ALTO,0.0,3,100,0,17677,0,0,40,RENTA,PREPARATORIA,0
2.01408e+16,128,RECHAZADA,PENDIENTE,RECHAZADO,MALO,0.0,,SIN_CUENTA,0.0,0.0,0.0,INVERSIONES,ALTO_B,NO_CLIENTE,0,ALTO,0.0,3,100,0,0,0,0,32,FAMILIARES,POSGRADO,0
2.01407e+16,156,RECHAZADA,PENDIENTE,RECHAZADO,MALO,0.0,,SIN_CUENTA,0.0,0.0,0.0,RECIBO DE NOMINA,MEDIO_B,NO_CLIENTE,0,ALTO,0.0,5,89,0,0,0,0,32,FAMILIARES,PREPARATORIA,0
2.01407e+16,165,RECHAZADA,PENDIENTE,RECHAZADO,MALO,0.0,,SIN_CUENTA,0.0,0.0,0.0,RECIBO DE NOMINA,ALTO_B,NO_CLIENTE,0,ALTO,0.0,4,89,0,0,0,0,44,FAMILIARES,POSGRADO,0
2.01408e+16,162,RECHAZADA,PENDIENTE,RECHAZADO,MALO,0.0,,SIN_CUENTA,0.0,0.0,0.0,INVERSIONES,MEDIO_A,NO_CLIENTE,0,ALTO,0.0,4,89,0,0,0,0,48,HIPOTECA,PREPARATORIA,0
2.01408e+16,113,RECHAZADA,PENDIENTE,RECHAZADO,MALO,0.0,,SIN_CUENTA,0.0,0.0,0.0,RECIBO DE NOMINA,ALTO_A,NO_CLIENTE,0,ALTO,0.0,3,97,0,0,0,0,39,PROPIA,POSGRADO,0
2.01408e+16,194,RECHAZADA,PENDIENTE,RECHAZADO,MALO,0.0,,SIN_CUENTA,0.0,0.0,0.0,RECIBO DE NOMINA,MEDIO_A,NO_CLIENTE,0,ALTO,0.0,3,98,0,0,0,0,57,PROPIA,LICENCIATURA,0
2.01408e+16,177,RECHAZADA,PENDIENTE,RECHAZADO,MALO,0.0,,SIN_CUENTA,0.0,0.0,0.0,RECIBO DE NOMINA,MEDIO_A,NO_CLIENTE,0,ALTO,0.0,3,98,0,0,0,0,60,HIPOTECA,LICENCIATURA,0
2.01408e+16,200,RECHAZADA,PENDIENTE,RECHAZADO,MALO,0.0,,SIN_CUENTA,0.0,0.0,0.0,INVERSIONES,ALTO_A,NO_CLIENTE,0,ALTO,0.0,1,100,0,0,0,0,52,PROPIA,POSGRADO,0
2.01408e+16,200,RECHAZADA,PENDIENTE,RECHAZADO,MALO,0.0,,SIN_CUENTA,0.0,0.0,0.0,INVERSIONES,MEDIO_A,NO_CLIENTE,0,ALTO,0.0,1,101,0,0,0,0,50,HIPOTECA,LICENCIATURA,0
2.01407e+16,165,RECHAZADA,PENDIENTE,RECHAZADO,MALO,0.0,,SIN_CUENTA,0.0,0.0,0.0,INVERSIONES,MEDIO_B,NO_CLIENTE,0,ALTO,0.0,2,90,0,0,0,0,47,RENTA,PREPARATORIA,0
2.01408e+16,170,RECHAZADA,PENDIENTE,RECHAZADO,MALO,0.0,,SIN_CUENTA,0.0,0.0,0.0,RECIBO DE NOMINA,MEDIO_A,NO_CLIENTE,0,ALTO,0.0,4,91,0,0,0,0,53,HIPOTECA,PREPARATORIA,0
2.01408e+16,198,RECHAZADA,PENDIENTE,RECHAZADO,MALO,0.0,,SIN_CUENTA,0.0,0.0,0.0,RECIBO DE NOMINA,MEDIO_A,NO_CLIENTE,0,ALTO,0.0,2,92,0,0,0,0,35,HIPOTECA,PREPARATORIA,0
2.01406e+16,185,RECHAZADA,PENDIENTE,RECHAZADO,MALO,0.0,,SIN_CUENTA,0.0,0.0,0.0,RECIBO DE NOMINA,ALTO_A,NO_CLIENTE,0,ALTO,0.0,4,94,0,0,0,0,49,PROPIA,POSGRADO,0
2.01408e+16,167,RECHAZADA,PENDIENTE,RECHAZADO,MALO,0.0,,SIN_CUENTA,0.0,0.0,0.0,RECIBO DE NOMINA,MEDIO_A,NO_CLIENTE,0,ALTO,0.0,5,96,0,0,0,0,43,HIPOTECA,PREPARATORIA,0
2.01407e+16,136,RECHAZADA,PENDIENTE,RECHAZADO,MALO,0.0,,SIN_CUENTA,0.0,0.0,0.0,INVERSIONES,ALTO_A,NO_CLIENTE,0,ALTO,0.0,4,97,0,0,0,0,35,PROPIA,POSGRADO,0
2.01408e+16,137,RECHAZADA,PENDIENTE,RECHAZADO,MALO,0.0,,SIN_CUENTA,0.0,0.0,0.0,INVERSIONES,MEDIO_B,NO_CLIENTE,0,ALTO,0.0,0,101,0,0,0,0,38,FAMILIARES,PREPARATORIA,0
2.01407e+16,138,RECHAZADA,PENDIENTE,RECHAZADO,MALO,0.0,,SIN_CUENTA,0.0,0.0,0.0,RECIBO DE NOMINA,MEDIO_B,NO_CLIENTE,0,ALTO,0.0,4,91,0,0,0,0,53,FAMILIARES,PREPARATORIA,0
2.01408e+16,162,RECHAZADA,PENDIENTE,RECHAZADO,MALO,0.0,,SIN_CUENTA,0.0,0.0,0.0,INVERSIONES,ALTO_B,NO_CLIENTE,0,ALTO,0.0,3,91,0,0,0,0,42,HIPOTECA,POSGRADO,0
2.01407e+16,135,RECHAZADA,PENDIENTE,RECHAZADO,MALO,0.0,,SIN_CUENTA,0.0,0.0,0.0,DECLARACION ANUAL,MEDIO_B,NO_CLIENTE,0,ALTO,0.0,3,94,0,0,0,0,41,FAMILIARES,PREPARATORIA,0
2.01408e+16,203,RECHAZADA,PENDIENTE,RECHAZADO,MALO,0.0,,0,0.0,0.0,0.0,INVERSIONES,MEDIO_A,NO_CLIENTE,0,ALTO,0.0,1,100,0,3352,370,0,52,HIPOTECA,LICENCIATURA,0
2.01407e+16,163,RECHAZADA,PENDIENTE,RECHAZADO,MALO,0.0,,SIN_CUENTA,0.0,0.0,0.0,RECIBO DE NOMINA,MEDIO_B,NO_CLIENTE,0,ALTO,0.0,2,90,0,0,0,0,47,RENTA,LICENCIATURA,0
2.01407e+16,139,RECHAZADA,PENDIENTE,RECHAZADO,MALO,0.0,,SIN_CUENTA,0.0,0.0,0.0,RECIBO DE NOMINA,MEDIO_B,NO_CLIENTE,0,ALTO,0.0,5,91,0,0,0,0,33,RENTA,LICENCIATURA,0
2.01408e+16,134,RECHAZADA,PENDIENTE,RECHAZADO,MALO,0.0,,0,0.0,0.0,0.0,INVERSIONES,MEDIO_B,NO_CLIENTE,6000,ALTO,0.0,1,92,0,21120,8130,0,31,FAMILIARES,PREPARATORIA,0
2.01408e+16,190,RECHAZADA,PENDIENTE,RECHAZADO,MALO,0.0,,SIN_CUENTA,0.0,0.0,0.0,RECIBO DE NOMINA,MEDIO_B,NO_CLIENTE,0,ALTO,0.0,4,93,0,0,0,0,39,FAMILIARES,PREPARATORIA,0
2.01408e+16,192,RECHAZADA,PENDIENTE,RECHAZADO,MALO,0.0,,0,0.0,0.0,0.0,RECIBO DE NOMINA,MEDIO_B,NO_CLIENTE,10000,ALTO,0.0,5,89,0,0,0,0,31,RENTA,PREPARATORIA,0
2.01408e+16,175,RECHAZADA,PENDIENTE,RECHAZADO,MALO,0.0,,0,0.0,0.0,0.0,INVERSIONES,ALTO_B,NO_CLIENTE,5000,ALTO,0.0,5,90,0,1224,500,0,45,FAMILIARES,POSGRADO,0
2.01408e+16,179,RECHAZADA,PENDIENTE,RECHAZADO,MALO,0.0,,SIN_CUENTA,0.0,0.0,0.0,RECIBO DE NOMINA,MEDIO_A,NO_CLIENTE,0,ALTO,0.0,1,97,0,0,0,0,54,HIPOTECA,LICENCIATURA,0
2.01407e+16,134,RECHAZADA,PENDIENTE,RECHAZADO,MALO,0.0,,0,0.0,0.0,0.0,RECIBO DE NOMINA,ALTO_A,NO_CLIENTE,0,ALTO,0.0,1,99,0,3311,0,0,37,PROPIA,POSGRADO,0
2.01407e+16,188,RECHAZADA,PENDIENTE,RECHAZADO,MALO,0.0,,SIN_CUENTA,0.0,0.0,0.0,DECLARACION ANUAL,MEDIO_A,NO_CLIENTE,0,ALTO,0.0,3,101,0,0,0,0,30,PROPIA,LICENCIATURA,0
2.01407e+16,154,RECHAZADA,PENDIENTE,RECHAZADO,MALO,0.0,,SIN_CUENTA,0.0,0.0,0.0,RECIBO DE NOMINA,MEDIO_B,NO_CLIENTE,0,ALTO,0.0,2,101,0,0,0,0,48,RENTA,LICENCIATURA,0
2.01407e+16,190,RECHAZADA,PENDIENTE,RECHAZADO,MALO,0.0,,1,0.0,0.0,0.0,INVERSIONES,MEDIO_A,NO_CLIENTE,0,ALTO,0.0,1,90,0,11398,910,0,45,HIPOTECA,PREPARATORIA,0
2.01408e+16,196,RECHAZADA,PENDIENTE,RECHAZADO,MALO,0.0,,SIN_CUENTA,0.0,0.0,0.0,RECIBO DE NOMINA,MEDIO_A,NO_CLIENTE,0,ALTO,0.0,2,91,0,0,0,0,56,PROPIA,LICENCIATURA,0
2.01408e+16,180,RECHAZADA,PENDIENTE,RECHAZADO,MALO,0.0,,SIN_CUENTA,0.0,0.0,0.0,INVERSIONES,MEDIO_B,NO_CLIENTE,0,ALTO,0.0,5,91,0,0,0,0,51,FAMILIARES,LICENCIATURA,0
2.01407e+16,183,RECHAZADA,PENDIENTE,RECHAZADO,MALO,0.0,,2,0.0,0.0,0.0,INVERSIONES,MEDIO_A,NO_CLIENTE,0,ALTO,0.0,4,94,0,19134,19134,0,51,HIPOTECA,PREPARATORIA,0
2.01408e+16,140,RECHAZADA,PENDIENTE,RECHAZADO,MALO,0.0,,SIN_CUENTA,0.0,0.0,0.0,INVERSIONES,ALTO_B,NO_CLIENTE,0,ALTO,0.0,5,95,0,0,0,0,48,RENTA,POSGRADO,0
2.01407e+16,138,RECHAZADA,PENDIENTE,RECHAZADO,MALO,0.0,,SIN_CUENTA,0.0,0.0,0.0,INVERSIONES,ALTO_A,NO_CLIENTE,0,ALTO,0.0,2,101,0,0,0,0,26,PROPIA,POSGRADO,0
2.01406e+16,131,RECHAZADA,PENDIENTE,RECHAZADO,MALO,0.0,,SIN_CUENTA,0.0,0.0,0.0,INVERSIONES,MEDIO_B,NO_CLIENTE,0,ALTO,0.0,5,89,0,0,0,0,40,FAMILIARES,SECUNDARIA,0
2.01408e+16,157,RECHAZADA,PENDIENTE,RECHAZADO,MALO,0.0,,SIN_CUENTA,0.0,0.0,0.0,RECIBO DE NOMINA,MEDIO_B,NO_CLIENTE,0,ALTO,0.0,2,91,0,0,0,0,60,FAMILIARES,PREPARATORIA,0
2.01407e+16,175,RECHAZADA,PENDIENTE,RECHAZADO,MALO,0.0,,SIN_CUENTA,0.0,0.0,0.0,RECIBO DE NOMINA,MEDIO_B,NO_CLIENTE,0,ALTO,0.0,3,92,0,0,0,0,43,RENTA,LICENCIATURA,0
2.01407e+16,169,RECHAZADA,PENDIENTE,RECHAZADO,MALO,0.0,,0,0.0,0.0,0.0,INVERSIONES,ALTO_B,NO_CLIENTE,0,ALTO,0.0,2,96,0,2901,250,0,34,HIPOTECA,POSGRADO,0
2.01408e+16,173,RECHAZADA,PENDIENTE,RECHAZADO,MALO,0.0,,SIN_CUENTA,0.0,0.0,0.0,INVERSIONES,ALTO_B,NO_CLIENTE,0,ALTO,0.0,1,96,0,0,0,0,58,FAMILIARES,POSGRADO,0
2.01408e+16,136,RECHAZADA,PENDIENTE,RECHAZADO,MALO,0.0,,SIN_CUENTA,0.0,0.0,0.0,RECIBO DE NOMINA,MEDIO_A,NO_CLIENTE,0,ALTO,0.0,5,89,0,0,0,0,36,HIPOTECA,PREPARATORIA,0
2.01407e+16,136,RECHAZADA,PENDIENTE,RECHAZADO,MALO,0.0,,SIN_CUENTA,0.0,0.0,0.0,RECIBO DE NOMINA,MEDIO_A,NO_CLIENTE,0,ALTO,0.0,1,90,0,0,0,0,26,PROPIA,LICENCIATURA,0
2.01407e+16,165,RECHAZADA,PENDIENTE,RECHAZADO,MALO,0.0,,0,0.0,0.0,0.0,INVERSIONES,ALTO_B,NO_CLIENTE,0,ALTO,0.0,3,91,0,399,250,0,46,RENTA,POSGRADO,0
2.01407e+16,121,RECHAZADA,PENDIENTE,RECHAZADO,MALO,0.0,,SIN_CUENTA,0.0,0.0,0.0,SIN COMPROBANTE,MEDIO_A,NO_CLIENTE,0,ALTO,0.0,3,93,0,0,0,0,58,HIPOTECA,PREPARATORIA,0
2.01407e+16,149,RECHAZADA,PENDIENTE,RECHAZADO,MALO,0.0,,2,0.0,0.0,0.0,RECIBO DE NOMINA,MEDIO_A,NO_CLIENTE,0,ALTO,0.0,5,95,0,19162,1240,0,34,HIPOTECA,PREPARATORIA,0
2.01407e+16,147,RECHAZADA,PENDIENTE,RECHAZADO,MALO,0.0,,SIN_CUENTA,0.0,0.0,0.0,RECIBO DE NOMINA,ALTO_B,NO_CLIENTE,0,ALTO,0.0,3,98,0,0,0,0,49,HIPOTECA,POSGRADO,0
2.01407e+16,175,RECHAZADA,PENDIENTE,RECHAZADO,MALO,0.0,,SIN_CUENTA,0.0,0.0,0.0,RECIBO DE NOMINA,MEDIO_B,NO_CLIENTE,0,ALTO,0.0,2,99,0,0,0,0,32,FAMILIARES,PREPARATORIA,0
2.01408e+16,139,RECHAZADA,PENDIENTE,RECHAZADO,MALO,0.0,,SIN_CUENTA,0.0,0.0,0.0,RECIBO DE NOMINA,MEDIO_A,NO_CLIENTE,0,ALTO,0.0,4,89,0,0,0,0,60,HIPOTECA,LICENCIATURA,0
2.01407e+16,171,EN_PROCESO,PENDIENTE,RECHAZADO,MALO,0.0,,SIN_CUENTA,0.0,0.0,0.0,RECIBO DE NOMINA,MEDIO_B,NO_CLIENTE,0,ALTO,0.0,2,90,0,0,0,0,37,FAMILIARES,PREPARATORIA,0
2.01407e+16,193,RECHAZADA,PENDIENTE,RECHAZADO,MALO,0.0,,2,0.0,0.0,0.0,INVERSIONES,MEDIO_B,NO_CLIENTE,0,ALTO,0.0,3,93,0,6052,400,0,31,FAMILIARES,PREPARATORIA,0
2.01408e+16,189,RECHAZADA,PENDIENTE,RECHAZADO,MALO,0.0,,SIN_CUENTA,0.0,0.0,0.0,RECIBO DE NOMINA,MEDIO_B,NO_CLIENTE,0,ALTO,0.0,1,95,0,0,0,0,57,FAMILIARES,LICENCIATURA,0
2.01407e+16,147,RECHAZADA,PENDIENTE,RECHAZADO,MALO,0.0,,SIN_CUENTA,0.0,0.0,0.0,RECIBO DE NOMINA,MEDIO_A,NO_CLIENTE,0,ALTO,0.0,4,96,0,0,0,0,54,HIPOTECA,PREPARATORIA,0
2.01407e+16,168,RECHAZADA,PENDIENTE,RECHAZADO,MALO,0.0,,SIN_CUENTA,0.0,0.0,0.0,RECIBO DE NOMINA,MEDIO_B,NO_CLIENTE,0,ALTO,0.0,5,98,0,0,0,0,36,FAMILIARES,PREPARATORIA,0
2.01408e+16,207,RECHAZADA,PENDIENTE,RECHAZADO,MALO,0.0,,SIN_CUENTA,0.0,0.0,0.0,INVERSIONES,MEDIO_A,NO_CLIENTE,0,ALTO,0.0,5,89,0,0,0,0,47,HIPOTECA,PREPARATORIA,0
2.01407e+16,119,RECHAZADA,PENDIENTE,RECHAZADO,MALO,0.0,,0,0.0,0.0,0.0,INVERSIONES,MEDIO_B,NO_CLIENTE,0,ALTO,0.0,3,90,0,1428,250,0,33,FAMILIARES,LICENCIATURA,0
2.01407e+16,127,RECHAZADA,PENDIENTE,RECHAZADO,MALO,0.0,,SIN_CUENTA,0.0,0.0,0.0,RECIBO DE NOMINA,MEDIO_B,NO_CLIENTE,0,ALTO,0.0,2,91,0,0,0,0,32,RENTA,LICENCIATURA,0
2.01408e+16,177,RECHAZADA,PENDIENTE,RECHAZADO,MALO,0.0,,2,0.0,0.0,0.0,RECIBO DE NOMINA,MEDIO_A,NO_CLIENTE,0,ALTO,0.0,3,92,0,7240,7240,0,55,HIPOTECA,PREPARATORIA,0
2.01407e+16,140,RECHAZADA,PENDIENTE,RECHAZADO,MALO,0.0,,SIN_CUENTA,0.0,0.0,0.0,INVERSIONES,MEDIO_B,NO_CLIENTE,0,ALTO,0.0,5,93,0,0,0,0,46,FAMILIARES,PREPARATORIA,0
2.01408e+16,114,RECHAZADA,PENDIENTE,RECHAZADO,MALO,0.0,,SIN_CUENTA,0.0,0.0,0.0,INVERSIONES,ALTO_B,NO_CLIENTE,0,ALTO,0.0,2,95,0,0,0,0,42,RENTA,POSGRADO,0
2.01408e+16,119,RECHAZADA,PENDIENTE,RECHAZADO,MALO,0.0,,1,0.0,0.0,0.0,RECIBO DE NOMINA,ALTO_B,NO_CLIENTE,1999,ALTO,0.0,5,96,0,1601,250,0,26,RENTA,POSGRADO,0
2.01407e+16,138,RECHAZADA,PENDIENTE,RECHAZADO,MALO,0.0,,SIN_CUENTA,0.0,0.0,0.0,INVERSIONES,MEDIO_B,NO_CLIENTE,0,ALTO,0.0,4,89,0,0,0,0,29,RENTA,PREPARATORIA,0
2.01407e+16,144,RECHAZADA,PENDIENTE,RECHAZADO,MALO,0.0,,SIN_CUENTA,0.0,0.0,0.0,RECIBO DE NOMINA,ALTO_A,NO_CLIENTE,0,ALTO,0.0,5,89,0,0,0,0,57,PROPIA,POSGRADO,0
2.01407e+16,207,RECHAZADA,PENDIENTE,RECHAZADO,MALO,0.0,,0,0.0,0.0,0.0,RECIBO DE NOMINA,ALTO_A,NO_CLIENTE,0,ALTO,0.0,4,89,0,10389,0,0,36,PROPIA,POSGRADO,0
2.01407e+16,183,RECHAZADA,PENDIENTE,RECHAZADO,MALO,0.0,,SIN_CUENTA,0.0,0.0,0.0,RECIBO DE NOMINA,MEDIO_B,NO_CLIENTE,0,ALTO,0.0,2,90,0,0,0,0,39,FAMILIARES,LICENCIATURA,0
2.01408e+16,168,RECHAZADA,PENDIENTE,RECHAZADO,MALO,0.0,,2,0.0,0.0,0.0,RECIBO DE NOMINA,MEDIO_B,NO_CLIENTE,0,ALTO,0.0,2,92,0,4982,0,0,48,RENTA,PREPARATORIA,0
2.01408e+16,205,RECHAZADA,PENDIENTE,RECHAZADO,MALO,0.0,,0,0.0,0.0,0.0,INVERSIONES,ALTO_B,NO_CLIENTE,5700,ALTO,0.0,3,93,0,5046,360,0,29,HIPOTECA,POSGRADO,0
2.01408e+16,123,RECHAZADA,PENDIENTE,RECHAZADO,MALO,0.0,,SIN_CUENTA,0.0,0.0,0.0,INVERSIONES,MEDIO_B,NO_CLIENTE,0,ALTO,0.0,1,93,0,0,0,0,34,RENTA,PREPARATORIA,0
2.01406e+16,130,RECHAZADA,PENDIENTE,RECHAZADO,MALO,0.0,,SIN_CUENTA,0.0,0.0,0.0,RECIBO DE NOMINA,MEDIO_B,NO_CLIENTE,0,ALTO,0.0,5,94,0,0,0,0,43,RENTA,LICENCIATURA,0
2.01408e+16,154,RECHAZADA,PENDIENTE,RECHAZADO,MALO,0.0,,SIN_CUENTA,0.0,0.0,0.0,RECIBO DE NOMINA,MEDIO_A,NO_CLIENTE,0,ALTO,0.0,4,95,0,0,0,0,34,HIPOTECA,LICENCIATURA,0
2.01407e+16,132,RECHAZADA,PENDIENTE,RECHAZADO,MALO,0.0,,SIN_CUENTA,0.0,0.0,0.0,INVERSIONES,ALTO_B,NO_CLIENTE,0,ALTO,0.0,2,97,0,0,0,0,37,RENTA,POSGRADO,0
2.01407e+16,176,RECHAZADA,PENDIENTE,RECHAZADO,MALO,0.0,,SIN_CUENTA,0.0,0.0,0.0,RECIBO DE NOMINA,MEDIO_B,NO_CLIENTE,0,ALTO,0.0,3,97,0,0,0,0,59,FAMILIARES,PREPARATORIA,0
2.01408e+16,143,RECHAZADA,PENDIENTE,RECHAZADO,MALO,0.0,,SIN_CUENTA,0.0,0.0,0.0,INVERSIONES,MEDIO_B,NO_CLIENTE,0,ALTO,0.0,3,98,0,0,0,0,57,RENTA,LICENCIATURA,0
2.01408e+16,152,RECHAZADA,PENDIENTE,RECHAZADO,MALO,0.0,,SIN_CUENTA,0.0,0.0,0.0,RECIBO DE NOMINA,MEDIO_A,NO_CLIENTE,0,ALTO,0.0,3,99,0,0,0,0,58,PROPIA,LICENCIATURA,0
2.01408e+16,123,RECHAZADA,PENDIENTE,RECHAZADO,MALO,0.0,,SIN_CUENTA,0.0,0.0,0.0,RECIBO DE NOMINA,ALTO_B,NO_CLIENTE,0,ALTO,0.0,3,99,0,0,0,0,43,HIPOTECA,POSGRADO,0
2.01407e+16,182,RECHAZADA,PENDIENTE,RECHAZADO,MALO,0.0,,SIN_CUENTA,0.0,0.0,0.0,INVERSIONES,MEDIO_B,NO_CLIENTE,0,ALTO,0.0,4,90,0,0,0,0,48,RENTA,PREPARATORIA,0
2.01407e+16,141,RECHAZADA,PENDIENTE,RECHAZADO,MALO,0.0,,SIN_CUENTA,0.0,0.0,0.0,RECIBO DE NOMINA,ALTO_B,NO_CLIENTE,0,ALTO,0.0,3,91,0,0,0,0,37,HIPOTECA,POSGRADO,0
2.01407e+16,152,RECHAZADA,PENDIENTE,RECHAZADO,MALO,0.0,,SIN_CUENTA,0.0,0.0,0.0,RECIBO DE NOMINA,MEDIO_B,NO_CLIENTE,0,ALTO,0.0,4,94,0,0,0,0,30,RENTA,LICENCIATURA,0
2.01407e+16,182,RECHAZADA,PENDIENTE,RECHAZADO,MALO,0.0,,0,0.0,0.0,0.0,INVERSIONES,ALTO_A,NO_CLIENTE,0,ALTO,0.0,3,95,0,927,250,0,41,PROPIA,POSGRADO,0
2.01408e+16,151,RECHAZADA,PENDIENTE,RECHAZADO,MALO,0.0,,SIN_CUENTA,0.0,0.0,0.0,RECIBO DE NOMINA,ALTO_B,NO_CLIENTE,0,ALTO,0.0,1,100,0,0,0,0,40,FAMILIARES,POSGRADO,0
2.01408e+16,191,RECHAZADA,PENDIENTE,RECHAZADO,MALO,0.0,,SIN_CUENTA,0.0,0.0,0.0,RECIBO DE NOMINA,MEDIO_A,NO_CLIENTE,0,ALTO,0.0,2,100,0,0,0,0,35,PROPIA,LICENCIATURA,0
2.01408e+16,130,EN_PROCESO,PENDIENTE,RECHAZADO,MALO,0.0,,SIN_CUENTA,0.0,0.0,0.0,RECIBO DE NOMINA,BAJO_B,NO_CLIENTE,0,ALTO,0.0,2,100,0,0,0,0,43,FAMILIARES,POSGRADO,0
2.01407e+16,179,RECHAZADA,PENDIENTE,RECHAZADO,MALO,0.0,,SIN_CUENTA,0.0,0.0,0.0,RECIBO DE NOMINA,MEDIO_B,NO_CLIENTE,0,ALTO,0.0,5,89,0,0,0,0,27,FAMILIARES,LICENCIATURA,0
2.01408e+16,149,RECHAZADA,PENDIENTE,RECHAZADO,MALO,0.0,,SIN_CUENTA,0.0,0.0,0.0,RECIBO DE NOMINA,MEDIO_B,NO_CLIENTE,0,ALTO,0.0,4,93,0,0,0,0,37,RENTA,PREPARATORIA,0
2.01407e+16,126,RECHAZADA,PENDIENTE,RECHAZADO,MALO,0.0,,0,0.0,0.0,0.0,RECIBO DE NOMINA,ALTO_B,NO_CLIENTE,0,ALTO,0.0,2,95,0,2146,250,0,51,HIPOTECA,POSGRADO,0
2.01408e+16,170,RECHAZADA,PENDIENTE,RECHAZADO,MALO,0.0,,0,0.0,0.0,0.0,INVERSIONES,MEDIO_B,NO_CLIENTE,23904,ALTO,0.0,3,96,0,448,335,0,48,FAMILIARES,PREPARATORIA,0
2.01408e+16,183,RECHAZADA,PENDIENTE,RECHAZADO,MALO,0.0,,SIN_CUENTA,0.0,0.0,0.0,INVERSIONES,MEDIO_B,NO_CLIENTE,0,ALTO,0.0,2,98,0,0,0,0,36,RENTA,LICENCIATURA,0
2.01408e+16,211,RECHAZADA,PENDIENTE,RECHAZADO,MALO,0.0,,0,0.0,0.0,0.0,RECIBO DE NOMINA,ALTO_A,NO_CLIENTE,0,ALTO,0.0,2,99,0,87385,46910,0,49,PROPIA,POSGRADO,0
2.01407e+16,199,RECHAZADA,PENDIENTE,RECHAZADO,MALO,0.0,,SIN_CUENTA,0.0,0.0,0.0,INVERSIONES,ALTO_B,NO_CLIENTE,0,ALTO,0.0,2,100,0,0,0,0,59,RENTA,POSGRADO,0
2.01408e+16,193,RECHAZADA,PENDIENTE,RECHAZADO,MALO,0.0,,SIN_CUENTA,0.0,0.0,0.0,INVERSIONES,MEDIO_B,NO_CLIENTE,0,ALTO,0.0,5,89,0,0,0,0,55,FAMILIARES,PREPARATORIA,0
2.01407e+16,146,RECHAZADA,PENDIENTE,RECHAZADO,MALO,0.0,,SIN_CUENTA,0.0,0.0,0.0,RECIBO DE NOMINA,MEDIO_A,NO_CLIENTE,0,ALTO,0.0,2,90,0,0,0,0,36,HIPOTECA,PREPARATORIA,0
2.01408e+16,198,RECHAZADA,PENDIENTE,RECHAZADO,MALO,0.0,,1,0.0,0.0,0.0,INVERSIONES,MEDIO_B,NO_CLIENTE,39999,ALTO,0.0,2,96,0,713,0,0,50,FAMILIARES,LICENCIATURA,0
2.01408e+16,212,RECHAZADA,PENDIENTE,RECHAZADO,MALO,0.0,,SIN_CUENTA,0.0,0.0,0.0,RECIBO DE NOMINA,ALTO_A,NO_CLIENTE,0,ALTO,0.0,3,98,0,0,0,0,52,PROPIA,POSGRADO,0
2.01407e+16,194,RECHAZADA,PENDIENTE,RECHAZADO,MALO,0.0,,SIN_CUENTA,0.0,0.0,0.0,RECIBO DE NOMINA,MEDIO_A,NO_CLIENTE,0,ALTO,0.0,5,91,0,0,0,0,48,PROPIA,LICENCIATURA,0
2.01408e+16,178,RECHAZADA,PENDIENTE,RECHAZADO,MALO,0.0,,SIN_CUENTA,0.0,0.0,0.0,RECIBO DE NOMINA,MEDIO_B,NO_CLIENTE,0,ALTO,0.0,1,92,0,0,0,0,50,FAMILIARES,LICENCIATURA,0
2.01408e+16,152,RECHAZADA,PENDIENTE,RECHAZADO,MALO,0.0,,SIN_CUENTA,0.0,0.0,0.0,RECIBO DE NOMINA,MEDIO_B,NO_CLIENTE,0,ALTO,0.0,4,93,0,0,0,0,44,RENTA,LICENCIATURA,0
2.01408e+16,170,RECHAZADA,PENDIENTE,RECHAZADO,MALO,0.0,,SIN_CUENTA,0.0,0.0,0.0,INVERSIONES,MEDIO_A,NO_CLIENTE,0,ALTO,0.0,2,94,0,0,0,0,46,HIPOTECA,LICENCIATURA,0
2.01407e+16,167,RECHAZADA,PENDIENTE,RECHAZADO,MALO,0.0,,SIN_CUENTA,0.0,0.0,0.0,INVERSIONES,ALTO_B,NO_CLIENTE,0,ALTO,0.0,3,95,0,0,0,0,32,RENTA,POSGRADO,0
2.01407e+16,182,RECHAZADA,PENDIENTE,RECHAZADO,MALO,0.0,,SIN_CUENTA,0.0,0.0,0.0,RECIBO DE NOMINA,ALTO_B,NO_CLIENTE,0,ALTO,0.0,3,95,0,0,0,0,34,FAMILIARES,POSGRADO,0
2.01408e+16,174,RECHAZADA,PENDIENTE,RECHAZADO,MALO,0.0,,SIN_CUENTA,0.0,0.0,0.0,RECIBO DE NOMINA,MEDIO_B,NO_CLIENTE,0,ALTO,0.0,3,96,0,0,0,0,34,FAMILIARES,LICENCIATURA,0
2.01407e+16,157,RECHAZADA,PENDIENTE,RECHAZADO,MALO,0.0,,SIN_CUENTA,0.0,0.0,0.0,SIN COMPROBANTE,MEDIO_A,NO_CLIENTE,0,ALTO,0.0,2,100,0,0,0,0,53,HIPOTECA,PREPARATORIA,0
2.01408e+16,167,RECHAZADA,PENDIENTE,RECHAZADO,MALO,0.0,,SIN_CUENTA,0.0,0.0,0.0,RECIBO DE NOMINA,MEDIO_B,NO_CLIENTE,0,ALTO,0.0,4,89,0,0,0,0,46,FAMILIARES,LICENCIATURA,0
2.01408e+16,184,RECHAZADA,PENDIENTE,RECHAZADO,MALO,0.0,,0,0.0,0.0,0.0,INVERSIONES,MEDIO_B,NO_CLIENTE,0,ALTO,0.0,4,94,0,6774,6774,0,39,FAMILIARES,LICENCIATURA,0
2.01408e+16,167,RECHAZADA,PENDIENTE,RECHAZADO,MALO,0.0,,0,0.0,0.0,0.0,RECIBO DE NOMINA,MEDIO_A,NO_CLIENTE,3000,ALTO,0.0,5,94,0,3176,250,0,36,PROPIA,LICENCIATURA,0
2.01407e+16,189,RECHAZADA,PENDIENTE,RECHAZADO,MALO,0.0,,SIN_CUENTA,0.0,0.0,0.0,RECIBO DE NOMINA,ALTO_B,NO_CLIENTE,0,ALTO,0.0,3,95,0,0,0,0,48,HIPOTECA,POSGRADO,0
2.01407e+16,168,RECHAZADA,PENDIENTE,RECHAZADO,MALO,0.0,,SIN_CUENTA,0.0,0.0,0.0,INVERSIONES,ALTO_B,NO_CLIENTE,0,ALTO,0.0,4,99,0,0,0,0,25,HIPOTECA,POSGRADO,0
2.01407e+16,201,RECHAZADA,PENDIENTE,RECHAZADO,MALO,0.0,,SIN_CUENTA,0.0,0.0,0.0,INVERSIONES,MEDIO_A,NO_CLIENTE,0,ALTO,0.0,3,99,0,0,0,0,25,HIPOTECA,LICENCIATURA,0
2.01407e+16,136,RECHAZADA,PENDIENTE,RECHAZADO,MALO,0.0,,0,0.0,0.0,0.0,DECLARACION ANUAL,MEDIO_B,NO_CLIENTE,0,ALTO,0.0,4,89,0,4418,250,0,60,FAMILIARES,LICENCIATURA,0
2.01408e+16,188,RECHAZADA,PENDIENTE,RECHAZADO,MALO,0.0,,1,0.0,0.0,0.0,RECIBO DE NOMINA,ALTO_B,NO_CLIENTE,8000,ALTO,0.0,5,91,0,14972,8450,0,46,FAMILIARES,POSGRADO,0
2.01408e+16,175,RECHAZADA,PENDIENTE,RECHAZADO,MALO,0.0,,SIN_CUENTA,0.0,0.0,0.0,INVERSIONES,MEDIO_A,NO_CLIENTE,0,ALTO,0.0,5,92,0,0,0,0,33,PROPIA,LICENCIATURA,0
2.01407e+16,182,RECHAZADA,PENDIENTE,RECHAZADO,MALO,0.0,,SIN_CUENTA,0.0,0.0,0.0,RECIBO DE NOMINA,MEDIO_A,NO_CLIENTE,0,ALTO,0.0,3,95,0,0,0,0,57,HIPOTECA,PREPARATORIA,0
2.01408e+16,125,RECHAZADA,PENDIENTE,RECHAZADO,MALO,0.0,,0,0.0,0.0,0.0,INVERSIONES,ALTO_B,NO_CLIENTE,28700,ALTO,0.0,5,96,0,29773,0,0,39,RENTA,POSGRADO,0
2.01408e+16,171,RECHAZADA,PENDIENTE,RECHAZADO,MALO,0.0,,SIN_CUENTA,0.0,0.0,0.0,RECIBO DE NOMINA,ALTO_B,NO_CLIENTE,0,ALTO,0.0,0,101,0,0,0,0,29,FAMILIARES,POSGRADO,0
2.01408e+16,150,RECHAZADA,PENDIENTE,RECHAZADO,MALO,0.0,,SIN_CUENTA,0.0,0.0,0.0,RECIBO DE NOMINA,MEDIO_B,NO_CLIENTE,0,ALTO,0.0,2,90,0,0,0,0,51,FAMILIARES,LICENCIATURA,0
2.01408e+16,202,RECHAZADA,PENDIENTE,RECHAZADO,MALO,0.0,,SIN_CUENTA,0.0,0.0,0.0,RECIBO DE NOMINA,MEDIO_A,NO_CLIENTE,0,ALTO,0.0,4,91,0,0,0,0,49,HIPOTECA,PREPARATORIA,0
2.01407e+16,159,RECHAZADA,PENDIENTE,RECHAZADO,MALO,0.0,,SIN_CUENTA,0.0,0.0,0.0,INVERSIONES,MEDIO_A,NO_CLIENTE,0,ALTO,0.0,3,92,0,0,0,0,53,HIPOTECA,PREPARATORIA,0
2.01407e+16,137,RECHAZADA,PENDIENTE,RECHAZADO,MALO,0.0,,SIN_CUENTA,0.0,0.0,0.0,RECIBO DE NOMINA,MEDIO_A,NO_CLIENTE,0,ALTO,0.0,3,92,0,0,0,0,35,HIPOTECA,LICENCIATURA,0
2.01407e+16,217,RECHAZADA,PENDIENTE,RECHAZADO,MALO,0.0,,SIN_CUENTA,0.0,0.0,0.0,SIN COMPROBANTE,ALTO_B,NO_CLIENTE,0,ALTO,0.0,2,94,0,0,0,0,47,RENTA,POSGRADO,0
2.01407e+16,189,RECHAZADA,PENDIENTE,RECHAZADO,MALO,0.0,,SIN_CUENTA,0.0,0.0,0.0,INVERSIONES,MEDIO_B,NO_CLIENTE,0,ALTO,0.0,3,96,0,0,0,0,25,RENTA,PREPARATORIA,0
2.01408e+16,173,RECHAZADA,PENDIENTE,RECHAZADO,MALO,0.0,,SIN_CUENTA,0.0,0.0,0.0,RECIBO DE NOMINA,MEDIO_B,NO_CLIENTE,0,ALTO,0.0,5,96,0,0,0,0,59,FAMILIARES,LICENCIATURA,0
2.01408e+16,146,RECHAZADA,PENDIENTE,RECHAZADO,MALO,0.0,,SIN_CUENTA,0.0,0.0,0.0,RECIBO DE NOMINA,ALTO_A,NO_CLIENTE,0,ALTO,0.0,4,99,0,0,0,0,42,PROPIA,POSGRADO,0
2.01407e+16,197,RECHAZADA,PENDIENTE,RECHAZADO,MALO,0.0,,SIN_CUENTA,0.0,0.0,0.0,RECIBO DE NOMINA,MEDIO_A,NO_CLIENTE,0,ALTO,0.0,2,100,0,0,0,0,33,HIPOTECA,LICENCIATURA,0
2.01407e+16,154,RECHAZADA,PENDIENTE,RECHAZADO,MALO,0.0,,SIN_CUENTA,0.0,0.0,0.0,RECIBO DE NOMINA,MEDIO_B,NO_CLIENTE,0,ALTO,0.0,2,92,0,0,0,0,29,RENTA,PREPARATORIA,0
2.01407e+16,204,RECHAZADA,PENDIENTE,RECHAZADO,MALO,0.0,,SIN_CUENTA,0.0,0.0,0.0,RECIBO DE NOMINA,ALTO_B,NO_CLIENTE,0,ALTO,0.0,1,94,0,0,0,0,32,FAMILIARES,POSGRADO,0
2.01408e+16,147,RECHAZADA,PENDIENTE,RECHAZADO,MALO,0.0,,SIN_CUENTA,0.0,0.0,0.0,RECIBO DE NOMINA,MEDIO_B,NO_CLIENTE,0,ALTO,0.0,3,94,0,0,0,0,26,FAMILIARES,LICENCIATURA,0
2.01408e+16,185,RECHAZADA,PENDIENTE,RECHAZADO,MALO,0.0,,SIN_CUENTA,0.0,0.0,0.0,RECIBO DE NOMINA,MEDIO_B,NO_CLIENTE,0,ALTO,0.0,4,95,0,0,0,0,57,FAMILIARES,LICENCIATURA,0
2.01408e+16,126,RECHAZADA,PENDIENTE,RECHAZADO,MALO,0.0,,SIN_CUENTA,0.0,0.0,0.0,RECIBO DE NOMINA,MEDIO_A,NO_CLIENTE,0,ALTO,0.0,4,96,0,0,0,0,29,HIPOTECA,LICENCIATURA,0
2.01408e+16,143,RECHAZADA,PENDIENTE,RECHAZADO,MALO,0.0,,SIN_CUENTA,0.0,0.0,0.0,INVERSIONES,ALTO_A,NO_CLIENTE,0,ALTO,0.0,2,100,0,0,0,0,43,PROPIA,POSGRADO,0
2.01408e+16,211,RECHAZADA,PENDIENTE,RECHAZADO,MALO,0.0,,1,0.0,0.0,0.0,RECIBO DE NOMINA,ALTO_B,NO_CLIENTE,5004,ALTO,0.0,1,101,0,5328,530,0,42,FAMILIARES,POSGRADO,0
2.01408e+16,146,RECHAZADA,PENDIENTE,RECHAZADO,MALO,0.0,,1,0.0,0.0,0.0,INVERSIONES,ALTO_B,NO_CLIENTE,8000,ALTO,0.0,4,89,0,5412,920,0,31,HIPOTECA,POSGRADO,0
2.01408e+16,135,RECHAZADA,PENDIENTE,RECHAZADO,MALO,0.0,,SIN_CUENTA,0.0,0.0,0.0,INVERSIONES,MEDIO_B,NO_CLIENTE,0,ALTO,0.0,3,90,0,0,0,0,41,RENTA,LICENCIATURA,0
2.01408e+16,170,RECHAZADA,PENDIENTE,RECHAZADO,MALO,0.0,,SIN_CUENTA,0.0,0.0,0.0,RECIBO DE NOMINA,ALTO_B,NO_CLIENTE,0,ALTO,0.0,5,91,0,0,0,0,46,RENTA,POSGRADO,0
2.01408e+16,133,RECHAZADA,PENDIENTE,RECHAZADO,MALO,0.0,,0,0.0,0.0,0.0,INVERSIONES,MEDIO_B,NO_CLIENTE,45300,ALTO,0.0,1,92,0,41224,0,0,32,FAMILIARES,LICENCIATURA,0
2.01408e+16,216,RECHAZADA,PENDIENTE,RECHAZADO,MALO,0.0,,SIN_CUENTA,0.0,0.0,0.0,INVERSIONES,MEDIO_A,NO_CLIENTE,0,ALTO,0.0,4,97,0,0,0,0,33,PROPIA,LICENCIATURA,0
2.01408e+16,208,RECHAZADA,PENDIENTE,RECHAZADO,MALO,0.0,,SIN_CUENTA,0.0,0.0,0.0,RECIBO DE NOMINA,ALTO_B,NO_CLIENTE,0,ALTO,0.0,4,98,0,0,0,0,28,HIPOTECA,POSGRADO,0
2.01408e+16,162,RECHAZADA,PENDIENTE,RECHAZADO,MALO,0.0,,SIN_CUENTA,0.0,0.0,0.0,RECIBO DE NOMINA,ALTO_B,NO_CLIENTE,0,ALTO,0.0,0,101,0,0,0,0,45,RENTA,POSGRADO,0
2.01408e+16,208,RECHAZADA,PENDIENTE,RECHAZADO,MALO,0.0,,SIN_CUENTA,0.0,0.0,0.0,RECIBO DE NOMINA,MEDIO_A,NO_CLIENTE,0,ALTO,0.0,2,93,0,0,0,0,50,HIPOTECA,PREPARATORIA,0
2.01408e+16,155,RECHAZADA,PENDIENTE,RECHAZADO,MALO,0.0,,1,0.0,0.0,0.0,INVERSIONES,MEDIO_A,NO_CLIENTE,0,ALTO,0.0,2,95,0,60532,6900,0,53,HIPOTECA,PREPARATORIA,0
2.01407e+16,194,RECHAZADA,PENDIENTE,RECHAZADO,MALO,0.0,,SIN_CUENTA,0.0,0.0,0.0,RECIBO DE NOMINA,MEDIO_A,NO_CLIENTE,0,ALTO,0.0,4,96,0,0,0,0,27,HIPOTECA,PREPARATORIA,0
2.01408e+16,145,RECHAZADA,PENDIENTE,RECHAZADO,MALO,0.0,,SIN_CUENTA,0.0,0.0,0.0,INVERSIONES,MEDIO_A,NO_CLIENTE,0,ALTO,0.0,4,98,0,0,0,0,33,HIPOTECA,PREPARATORIA,0
2.01408e+16,166,RECHAZADA,PENDIENTE,RECHAZADO,MALO,0.0,,SIN_CUENTA,0.0,0.0,0.0,RECIBO DE NOMINA,MEDIO_A,NO_CLIENTE,0,ALTO,0.0,5,99,0,0,0,0,51,PROPIA,LICENCIATURA,0
2.01408e+16,153,RECHAZADA,PENDIENTE,RECHAZADO,MALO,0.0,,SIN_CUENTA,0.0,0.0,0.0,INVERSIONES,ALTO_A,NO_CLIENTE,0,ALTO,0.0,2,100,0,0,0,0,55,PROPIA,POSGRADO,0
2.01407e+16,219,RECHAZADA,PENDIENTE,RECHAZADO,MALO,0.0,,1,0.0,0.0,0.0,RECIBO DE NOMINA,MEDIO_A,NO_CLIENTE,0,ALTO,0.0,1,101,0,529,0,0,56,HIPOTECA,PREPARATORIA,0
2.01408e+16,139,RECHAZADA,PENDIENTE,RECHAZADO,MALO,0.0,,SIN_CUENTA,0.0,0.0,0.0,INVERSIONES,ALTO_A,NO_CLIENTE,0,ALTO,0.0,5,89,0,0,0,0,49,PROPIA,POSGRADO,0
2.01408e+16,212,RECHAZADA,PENDIENTE,RECHAZADO,MALO,0.0,,SIN_CUENTA,0.0,0.0,0.0,RECIBO DE NOMINA,MEDIO_A,NO_CLIENTE,0,ALTO,0.0,3,91,0,0,0,0,34,PROPIA,LICENCIATURA,0
2.01408e+16,182,RECHAZADA,PENDIENTE,RECHAZADO,MALO,0.0,,SIN_CUENTA,0.0,0.0,0.0,INVERSIONES,MEDIO_A,NO_CLIENTE,0,ALTO,0.0,3,95,0,0,0,0,39,HIPOTECA,PREPARATORIA,0
2.01408e+16,153,RECHAZADA,PENDIENTE,RECHAZADO,MALO,0.0,,SIN_CUENTA,0.0,0.0,0.0,RECIBO DE NOMINA,ALTO_B,NO_CLIENTE,0,ALTO,0.0,4,91,0,0,0,0,36,HIPOTECA,POSGRADO,0
2.01408e+16,141,RECHAZADA,PENDIENTE,RECHAZADO,MALO,0.0,,SIN_CUENTA,0.0,0.0,0.0,RECIBO DE NOMINA,MEDIO_B,NO_CLIENTE,0,ALTO,0.0,2,93,0,0,0,0,33,RENTA,LICENCIATURA,0
2.01408e+16,189,EN_PROCESO,PENDIENTE,RECHAZADO,MALO,0.0,,SIN_CUENTA,0.0,0.0,0.0,RECIBO DE NOMINA,MEDIO_B,NO_CLIENTE,0,ALTO,0.0,2,94,0,0,0,0,52,RENTA,LICENCIATURA,0
2.01407e+16,191,RECHAZADA,PENDIENTE,RECHAZADO,MALO,0.0,,SIN_CUENTA,0.0,0.0,0.0,RECIBO DE NOMINA,MEDIO_B,NO_CLIENTE,0,ALTO,0.0,1,99,0,0,0,0,28,RENTA,PREPARATORIA,0
2.01408e+16,163,RECHAZADA,PENDIENTE,RECHAZADO,MALO,0.0,,SIN_CUENTA,0.0,0.0,0.0,INVERSIONES,ALTO_A,NO_CLIENTE,0,ALTO,0.0,5,99,0,0,0,0,58,PROPIA,POSGRADO,0
2.01407e+16,204,RECHAZADA,PENDIENTE,RECHAZADO,MALO,0.0,,SIN_CUENTA,0.0,0.0,0.0,INVERSIONES,ALTO_A,NO_CLIENTE,0,ALTO,0.0,2,100,0,0,0,0,31,PROPIA,POSGRADO,0
2.01407e+16,217,RECHAZADA,PENDIENTE,RECHAZADO,MALO,0.0,,SIN_CUENTA,0.0,0.0,0.0,RECIBO DE NOMINA,MEDIO_A,NO_CLIENTE,0,ALTO,0.0,0,101,0,0,0,0,46,HIPOTECA,PREPARATORIA,0
2.01407e+16,206,RECHAZADA,PENDIENTE,RECHAZADO,MALO,0.0,,0,0.0,0.0,0.0,RECIBO DE NOMINA,MEDIO_A,NO_CLIENTE,0,ALTO,0.0,2,91,0,6834,0,0,56,HIPOTECA,LICENCIATURA,0
2.01408e+16,165,RECHAZADA,PENDIENTE,RECHAZADO,MALO,0.0,,SIN_CUENTA,0.0,0.0,0.0,RECIBO DE NOMINA,ALTO_B,NO_CLIENTE,0,ALTO,0.0,3,91,0,0,0,0,39,RENTA,POSGRADO,0
2.01403e+16,138,RECHAZADA,PENDIENTE,RECHAZADO,MALO,0.0,,0,0.0,0.0,0.0,RECIBO DE NOMINA,MEDIO_A,CLIENTE_BANCO,0,ALTO,0.0,3,92,0,6009,914,0,53,HIPOTECA,POSGRADO,0
2.01406e+16,140,RECHAZADA,PENDIENTE,RECHAZADO,MALO,0.0,,SIN_CUENTA,0.0,0.0,0.0,RECIBO DE NOMINA,MEDIO_B,NO_CLIENTE,0,ALTO,0.0,1,93,0,0,0,0,38,FAMILIARES,PREPARATORIA,0
2.01408e+16,195,RECHAZADA,PENDIENTE,RECHAZADO,MALO,0.0,,SIN_CUENTA,0.0,0.0,0.0,INVERSIONES,ALTO_B,NO_CLIENTE,0,ALTO,0.0,3,94,0,0,0,0,58,FAMILIARES,POSGRADO,0
2.01407e+16,190,RECHAZADA,PENDIENTE,RECHAZADO,MALO,0.0,,0,0.0,0.0,0.0,INVERSIONES,MEDIO_B,NO_CLIENTE,0,ALTO,0.0,5,91,0,30501,0,0,58,FAMILIARES,LICENCIATURA,0
2.01408e+16,179,RECHAZADA,PENDIENTE,RECHAZADO,MALO,0.0,,0,0.0,0.0,0.0,INVERSIONES,ALTO_B,NO_CLIENTE,0,ALTO,0.0,3,91,0,2333,340,1,55,FAMILIARES,POSGRADO,0
2.01407e+16,161,RECHAZADA,PENDIENTE,RECHAZADO,MALO,0.0,,SIN_CUENTA,0.0,0.0,0.0,RECIBO DE NOMINA,ALTO_B,NO_CLIENTE,0,ALTO,0.0,3,92,0,0,0,0,55,RENTA,POSGRADO,0
2.01408e+16,197,RECHAZADA,PENDIENTE,RECHAZADO,MALO,0.0,,0,0.0,0.0,0.0,INVERSIONES,MEDIO_B,NO_CLIENTE,44000,ALTO,0.0,1,95,0,34074,0,0,45,FAMILIARES,PREPARATORIA,0
2.01408e+16,150,RECHAZADA,PENDIENTE,RECHAZADO,MALO,0.0,,SIN_CUENTA,0.0,0.0,0.0,RECIBO DE NOMINA,ALTO_B,NO_CLIENTE,0,ALTO,0.0,4,95,0,0,0,0,39,RENTA,POSGRADO,0
2.01407e+16,164,RECHAZADA,PENDIENTE,RECHAZADO,MALO,0.0,,SIN_CUENTA,0.0,0.0,0.0,RECIBO DE NOMINA,MEDIO_B,NO_CLIENTE,0,ALTO,0.0,3,96,0,0,0,0,58,FAMILIARES,PREPARATORIA,0
2.01407e+16,132,RECHAZADA,PENDIENTE,RECHAZADO,MALO,0.0,,SIN_CUENTA,0.0,0.0,0.0,RECIBO DE NOMINA,MEDIO_B,NO_CLIENTE,0,ALTO,0.0,3,96,0,0,0,0,56,FAMILIARES,LICENCIATURA,0
2.01408e+16,140,RECHAZADA,PENDIENTE,RECHAZADO,MALO,0.0,,SIN_CUENTA,0.0,0.0,0.0,INVERSIONES,MEDIO_A,NO_CLIENTE,0,ALTO,0.0,1,96,0,0,0,0,25,HIPOTECA,PREPARATORIA,0
2.01407e+16,173,RECHAZADA,PENDIENTE,RECHAZADO,MALO,0.0,,SIN_CUENTA,0.0,0.0,0.0,RECIBO DE NOMINA,ALTO_A,NO_CLIENTE,0,ALTO,0.0,3,98,0,0,0,0,34,PROPIA,POSGRADO,0
2.01407e+16,175,RECHAZADA,PENDIENTE,RECHAZADO,MALO,0.0,,SIN_CUENTA,0.0,0.0,0.0,RECIBO DE NOMINA,MEDIO_A,NO_CLIENTE,0,ALTO,0.0,1,100,0,0,0,0,32,HIPOTECA,LICENCIATURA,0
2.01408e+16,205,RECHAZADA,PENDIENTE,RECHAZADO,MALO,0.0,,SIN_CUENTA,0.0,0.0,0.0,RECIBO DE NOMINA,MEDIO_A,NO_CLIENTE,0,ALTO,0.0,1,100,0,0,0,0,34,HIPOTECA,LICENCIATURA,0
2.01407e+16,144,RECHAZADA,PENDIENTE,RECHAZADO,MALO,0.0,,SIN_CUENTA,0.0,0.0,0.0,RECIBO DE NOMINA,MEDIO_B,NO_CLIENTE,0,ALTO,0.0,3,101,0,0,0,0,26,FAMILIARES,LICENCIATURA,0
2.01408e+16,214,RECHAZADA,PENDIENTE,RECHAZADO,MALO,0.0,,SIN_CUENTA,0.0,0.0,0.0,INVERSIONES,MEDIO_A,NO_CLIENTE,0,ALTO,0.0,5,89,0,0,0,0,28,PROPIA,LICENCIATURA,0
2.01407e+16,164,RECHAZADA,PENDIENTE,RECHAZADO,MALO,0.0,,1,0.0,0.0,0.0,RECIBO DE NOMINA,MEDIO_A,NO_CLIENTE,0,ALTO,0.0,2,93,0,39056,2220,0,39,HIPOTECA,PREPARATORIA,0
2.01407e+16,155,RECHAZADA,PENDIENTE,RECHAZADO,MALO,0.0,,SIN_CUENTA,0.0,0.0,0.0,INVERSIONES,ALTO_B,NO_CLIENTE,0,ALTO,0.0,4,93,0,0,0,0,33,FAMILIARES,POSGRADO,0
2.01408e+16,227,RECHAZADA,PENDIENTE,RECHAZADO,MALO,0.0,,SIN_CUENTA,0.0,0.0,0.0,RECIBO DE NOMINA,ALTO_A,NO_CLIENTE,0,ALTO,0.0,1,93,0,0,0,0,43,PROPIA,POSGRADO,0
2.01406e+16,226,RECHAZADA,PENDIENTE,RECHAZADO,MALO,0.0,,2,0.0,0.0,0.0,INVERSIONES,MEDIO_A,NO_CLIENTE,0,ALTO,0.0,3,101,0,2034,0,0,47,HIPOTECA,PREPARATORIA,0
2.01408e+16,168,RECHAZADA,PENDIENTE,RECHAZADO,MALO,0.0,,SIN_CUENTA,0.0,0.0,0.0,RECIBO DE NOMINA,ALTO_B,NO_CLIENTE,0,ALTO,0.0,4,89,0,0,0,0,48,HIPOTECA,POSGRADO,0
2.01407e+16,137,RECHAZADA,PENDIENTE,RECHAZADO,MALO,0.0,,SIN_CUENTA,0.0,0.0,0.0,DECLARACION ANUAL,MEDIO_B,NO_CLIENTE,0,ALTO,0.0,5,91,0,0,0,0,26,FAMILIARES,PREPARATORIA,0
2.01408e+16,176,RECHAZADA,PENDIENTE,RECHAZADO,MALO,0.0,,SIN_CUENTA,0.0,0.0,0.0,RECIBO DE NOMINA,ALTO_A,NO_CLIENTE,0,ALTO,0.0,2,92,0,0,0,0,33,PROPIA,POSGRADO,0
2.01408e+16,148,RECHAZADA,PENDIENTE,RECHAZADO,MALO,0.0,,SIN_CUENTA,0.0,0.0,0.0,INVERSIONES,MEDIO_B,NO_CLIENTE,0,ALTO,0.0,4,93,0,0,0,0,29,FAMILIARES,PREPARATORIA,0
2.01408e+16,130,RECHAZADA,PENDIENTE,RECHAZADO,MALO,0.0,,SIN_CUENTA,0.0,0.0,0.0,RECIBO DE NOMINA,MEDIO_B,NO_CLIENTE,0,ALTO,0.0,5,94,0,0,0,0,38,FAMILIARES,PREPARATORIA,0
2.01407e+16,175,EN_PROCESO,PENDIENTE,RECHAZADO,MALO,0.0,,SIN_CUENTA,0.0,0.0,0.0,RECIBO DE NOMINA,BAJO_B,NO_CLIENTE,0,ALTO,0.0,5,94,0,0,0,0,41,RENTA,LICENCIATURA,0
2.01407e+16,182,RECHAZADA,PENDIENTE,RECHAZADO,MALO,0.0,,SIN_CUENTA,0.0,0.0,0.0,INVERSIONES,ALTO_B,NO_CLIENTE,0,ALTO,0.0,2,95,0,0,0,0,49,FAMILIARES,POSGRADO,0
2.01408e+16,150,RECHAZADA,PENDIENTE,RECHAZADO,MALO,0.0,,SIN_CUENTA,0.0,0.0,0.0,RECIBO DE NOMINA,MEDIO_B,NO_CLIENTE,0,ALTO,0.0,5,95,0,0,0,0,38,FAMILIARES,PREPARATORIA,0
2.01407e+16,213,RECHAZADA,PENDIENTE,RECHAZADO,MALO,0.0,,SIN_CUENTA,0.0,0.0,0.0,RECIBO DE NOMINA,ALTO_B,NO_CLIENTE,0,ALTO,0.0,1,97,0,0,0,0,34,FAMILIARES,POSGRADO,0
2.01408e+16,204,RECHAZADA,PENDIENTE,RECHAZADO,MALO,0.0,,SIN_CUENTA,0.0,0.0,0.0,RECIBO DE NOMINA,ALTO_B,NO_CLIENTE,0,ALTO,0.0,5,99,0,0,0,0,54,HIPOTECA,POSGRADO,0
2.01408e+16,200,RECHAZADA,PENDIENTE,RECHAZADO,MALO,0.0,,SIN_CUENTA,0.0,0.0,0.0,RECIBO DE NOMINA,ALTO_B,NO_CLIENTE,0,ALTO,0.0,5,99,0,0,0,0,31,HIPOTECA,POSGRADO,0
2.01407e+16,220,RECHAZADA,PENDIENTE,RECHAZADO,MALO,0.0,,SIN_CUENTA,0.0,0.0,0.0,RECIBO DE NOMINA,ALTO_B,NO_CLIENTE,0,ALTO,0.0,2,100,0,0,0,0,26,RENTA,POSGRADO,0
2.01408e+16,175,RECHAZADA,PENDIENTE,RECHAZADO,MALO,0.0,,SIN_CUENTA,0.0,0.0,0.0,INVERSIONES,ALTO_B,NO_CLIENTE,0,ALTO,0.0,5,89,0,0,0,0,52,FAMILIARES,POSGRADO,0
2.01408e+16,151,RECHAZADA,PENDIENTE,RECHAZADO,MALO,0.0,,SIN_CUENTA,0.0,0.0,0.0,INVERSIONES,MEDIO_A,NO_CLIENTE,0,ALTO,0.0,5,92,0,0,0,0,59,HIPOTECA,PREPARATORIA,0
2.01408e+16,195,RECHAZADA,PENDIENTE,RECHAZADO,MALO,0.0,,SIN_CUENTA,0.0,0.0,0.0,RECIBO DE NOMINA,ALTO_A,NO_CLIENTE,0,ALTO,0.0,2,92,0,0,0,0,55,PROPIA,POSGRADO,0
2.01408e+16,191,RECHAZADA,PENDIENTE,RECHAZADO,MALO,0.0,,SIN_CUENTA,0.0,0.0,0.0,INVERSIONES,MEDIO_A,NO_CLIENTE,0,ALTO,0.0,3,93,0,0,0,0,27,HIPOTECA,PREPARATORIA,0
2.01408e+16,171,RECHAZADA,PENDIENTE,RECHAZADO,MALO,0.0,,SIN_CUENTA,0.0,0.0,0.0,INVERSIONES,MEDIO_B,NO_CLIENTE,0,ALTO,0.0,3,93,0,0,0,0,39,RENTA,LICENCIATURA,0
2.01406e+16,153,RECHAZADA,PENDIENTE,RECHAZADO,MALO,0.0,,SIN_CUENTA,0.0,0.0,0.0,INVERSIONES,MEDIO_A,NO_CLIENTE,0,ALTO,0.0,5,95,0,0,0,0,29,PROPIA,LICENCIATURA,0
2.01408e+16,193,RECHAZADA,PENDIENTE,RECHAZADO,MALO,0.0,,SIN_CUENTA,0.0,0.0,0.0,RECIBO DE NOMINA,MEDIO_B,NO_CLIENTE,0,ALTO,0.0,5,96,0,0,0,0,42,FAMILIARES,LICENCIATURA,0
2.01408e+16,159,RECHAZADA,PENDIENTE,RECHAZADO,MALO,0.0,,SIN_CUENTA,0.0,0.0,0.0,RECIBO DE NOMINA,ALTO_B,NO_CLIENTE,0,ALTO,0.0,3,99,0,0,0,0,49,FAMILIARES,POSGRADO,0
2.01408e+16,136,RECHAZADA,PENDIENTE,RECHAZADO,MALO,0.0,,SIN_CUENTA,0.0,0.0,0.0,RECIBO DE NOMINA,ALTO_B,NO_CLIENTE,0,ALTO,0.0,2,90,0,0,0,0,28,HIPOTECA,POSGRADO,0
2.01407e+16,206,RECHAZADA,PENDIENTE,RECHAZADO,MALO,0.0,,SIN_CUENTA,0.0,0.0,0.0,RECIBO DE NOMINA,ALTO_B,NO_CLIENTE,0,ALTO,0.0,5,92,0,0,0,0,37,FAMILIARES,POSGRADO,0
2.01407e+16,230,RECHAZADA,PENDIENTE,RECHAZADO,MALO,0.0,,0,0.0,0.0,0.0,RECIBO DE NOMINA,MEDIO_A,NO_CLIENTE,0,ALTO,0.0,5,92,0,16458,500,0,26,PROPIA,LICENCIATURA,0
2.01408e+16,171,RECHAZADA,PENDIENTE,RECHAZADO,MALO,0.0,,0,0.0,0.0,0.0,RECIBO DE NOMINA,MEDIO_B,NO_CLIENTE,6000,ALTO,0.0,3,93,0,5091,320,0,41,RENTA,LICENCIATURA,0
2.01408e+16,155,RECHAZADA,PENDIENTE,RECHAZADO,MALO,0.0,,0,0.0,0.0,0.0,RECIBO DE NOMINA,ALTO_A,NO_CLIENTE,0,ALTO,0.0,2,94,0,4076,4076,0,47,PROPIA,POSGRADO,0
2.01408e+16,177,RECHAZADA,PENDIENTE,RECHAZADO,MALO,0.0,,SIN_CUENTA,0.0,0.0,0.0,RECIBO DE NOMINA,ALTO_B,NO_CLIENTE,0,ALTO,0.0,3,97,0,0,0,0,42,RENTA,POSGRADO,0
2.01408e+16,226,RECHAZADA,PENDIENTE,RECHAZADO,MALO,0.0,,1,0.0,0.0,0.0,RECIBO DE NOMINA,MEDIO_A,NO_CLIENTE,3000,ALTO,0.0,3,99,0,1630,0,0,39,HIPOTECA,LICENCIATURA,0
2.01406e+16,156,RECHAZADA,PENDIENTE,RECHAZADO,MALO,0.0,,SIN_CUENTA,0.0,0.0,0.0,RECIBO DE NOMINA,MEDIO_B,NO_CLIENTE,0,ALTO,0.0,5,89,0,0,0,0,25,RENTA,PREPARATORIA,0
2.01407e+16,230,RECHAZADA,PENDIENTE,RECHAZADO,MALO,0.0,,SIN_CUENTA,0.0,0.0,0.0,INVERSIONES,ALTO_B,NO_CLIENTE,0,ALTO,0.0,5,89,0,0,0,0,50,FAMILIARES,POSGRADO,0
2.01408e+16,202,RECHAZADA,PENDIENTE,RECHAZADO,MALO,0.0,,SIN_CUENTA,0.0,0.0,0.0,RECIBO DE NOMINA,MEDIO_B,NO_CLIENTE,0,ALTO,0.0,1,90,0,0,0,0,53,FAMILIARES,PREPARATORIA,0
2.01407e+16,166,RECHAZADA,PENDIENTE,RECHAZADO,MALO,0.0,,SIN_CUENTA,0.0,0.0,0.0,INVERSIONES,MEDIO_B,NO_CLIENTE,0,ALTO,0.0,3,91,0,0,0,0,60,FAMILIARES,PREPARATORIA,0
2.01408e+16,157,RECHAZADA,PENDIENTE,RECHAZADO,MALO,0.0,,SIN_CUENTA,0.0,0.0,0.0,RECIBO DE NOMINA,ALTO_B,NO_CLIENTE,0,ALTO,0.0,4,91,0,0,0,0,29,HIPOTECA,POSGRADO,0
2.01407e+16,201,RECHAZADA,PENDIENTE,RECHAZADO,MALO,0.0,,SIN_CUENTA,0.0,0.0,0.0,INVERSIONES,MEDIO_A,NO_CLIENTE,0,ALTO,0.0,2,94,0,0,0,0,59,PROPIA,LICENCIATURA,0
2.01408e+16,183,RECHAZADA,PENDIENTE,RECHAZADO,MALO,0.0,,SIN_CUENTA,0.0,0.0,0.0,RECIBO DE NOMINA,MEDIO_B,NO_CLIENTE,0,ALTO,0.0,3,95,0,0,0,0,60,FAMILIARES,PREPARATORIA,0
2.01407e+16,146,RECHAZADA,PENDIENTE,RECHAZADO,MALO,0.0,,SIN_CUENTA,0.0,0.0,0.0,RECIBO DE NOMINA,MEDIO_A,NO_CLIENTE,0,ALTO,0.0,1,97,0,0,0,0,49,PROPIA,LICENCIATURA,0
2.01407e+16,144,RECHAZADA,PENDIENTE,RECHAZADO,MALO,0.0,,SIN_CUENTA,0.0,0.0,0.0,RECIBO DE NOMINA,ALTO_B,NO_CLIENTE,0,ALTO,0.0,4,100,0,0,0,0,25,FAMILIARES,POSGRADO,0
2.01407e+16,180,RECHAZADA,PENDIENTE,RECHAZADO,MALO,0.0,,0,0.0,0.0,0.0,INVERSIONES,ALTO_B,NO_CLIENTE,0,ALTO,0.0,2,100,0,3227,0,0,39,FAMILIARES,POSGRADO,0
2.01408e+16,150,RECHAZADA,PENDIENTE,RECHAZADO,MALO,0.0,,SIN_CUENTA,0.0,0.0,0.0,RECIBO DE NOMINA,MEDIO_B,NO_CLIENTE,0,ALTO,0.0,5,89,0,0,0,0,40,FAMILIARES,LICENCIATURA,0
2.01408e+16,217,RECHAZADA,PENDIENTE,RECHAZADO,MALO,0.0,,SIN_CUENTA,0.0,0.0,0.0,DECLARACION ANUAL,MEDIO_A,NO_CLIENTE,0,ALTO,0.0,2,91,0,0,0,0,42,HIPOTECA,PREPARATORIA,0
2.01407e+16,146,RECHAZADA,PENDIENTE,RECHAZADO,MALO,0.0,,SIN_CUENTA,0.0,0.0,0.0,RECIBO DE NOMINA,MEDIO_B,NO_CLIENTE,0,ALTO,0.0,2,92,0,0,0,0,51,RENTA,PREPARATORIA,0
2.01408e+16,151,RECHAZADA,PENDIENTE,RECHAZADO,MALO,0.0,,SIN_CUENTA,0.0,0.0,0.0,RECIBO DE NOMINA,ALTO_B,NO_CLIENTE,0,ALTO,0.0,2,95,0,0,0,0,53,RENTA,POSGRADO,0
2.01407e+16,225,RECHAZADA,PENDIENTE,RECHAZADO,MALO,0.0,,1,0.0,0.0,0.0,INVERSIONES,MEDIO_A,NO_CLIENTE,0,ALTO,0.0,1,97,0,32986,1820,0,56,HIPOTECA,PREPARATORIA,0
2.01408e+16,202,RECHAZADA,PENDIENTE,RECHAZADO,MALO,0.0,,SIN_CUENTA,0.0,0.0,0.0,RECIBO DE NOMINA,MEDIO_A,NO_CLIENTE,0,ALTO,0.0,2,98,0,0,0,0,36,HIPOTECA,PREPARATORIA,0
2.01408e+16,164,RECHAZADA,PENDIENTE,RECHAZADO,MALO,0.0,,SIN_CUENTA,0.0,0.0,0.0,RECIBO DE NOMINA,MEDIO_A,NO_CLIENTE,0,ALTO,0.0,4,98,0,0,0,0,54,HIPOTECA,PREPARATORIA,0
2.01407e+16,201,RECHAZADA,PENDIENTE,RECHAZADO,MALO,0.0,,1,0.0,0.0,0.0,INVERSIONES,ALTO_B,NO_CLIENTE,136500,ALTO,0.0,5,99,0,113561,5110,0,56,FAMILIARES,POSGRADO,0
2.01408e+16,161,RECHAZADA,PENDIENTE,RECHAZADO,MALO,0.0,,SIN_CUENTA,0.0,0.0,0.0,RECIBO DE NOMINA,MEDIO_A,NO_CLIENTE,0,ALTO,0.0,2,99,0,0,0,0,56,PROPIA,LICENCIATURA,0
2.01406e+16,134,RECHAZADA,PENDIENTE,RECHAZADO,MALO,0.0,,SIN_CUENTA,0.0,0.0,0.0,RECIBO DE NOMINA,MEDIO_A,NO_CLIENTE,0,ALTO,0.0,4,96,0,0,0,0,29,HIPOTECA,PREPARATORIA,0
2.01408e+16,151,RECHAZADA,PENDIENTE,RECHAZADO,MALO,0.0,,SIN_CUENTA,0.0,0.0,0.0,RECIBO DE NOMINA,MEDIO_A,NO_CLIENTE,0,ALTO,0.0,4,97,0,0,0,0,57,HIPOTECA,PREPARATORIA,0
2.01408e+16,165,RECHAZADA,PENDIENTE,RECHAZADO,MALO,0.0,,1,0.0,0.0,0.0,INVERSIONES,MEDIO_A,NO_CLIENTE,107200,ALTO,0.0,0,101,0,7054,640,0,41,HIPOTECA,PREPARATORIA,0
2.01408e+16,134,RECHAZADA,PENDIENTE,RECHAZADO,MALO,0.0,,SIN_CUENTA,0.0,0.0,0.0,RECIBO DE NOMINA,MEDIO_B,NO_CLIENTE,0,ALTO,0.0,5,89,0,0,0,0,43,RENTA,LICENCIATURA,0
2.01408e+16,223,RECHAZADA,PENDIENTE,RECHAZADO,MALO,0.0,,SIN_CUENTA,0.0,0.0,0.0,INVERSIONES,MEDIO_A,NO_CLIENTE,0,ALTO,0.0,1,90,0,0,0,0,47,PROPIA,LICENCIATURA,0
2.01407e+16,210,RECHAZADA,PENDIENTE,RECHAZADO,MALO,0.0,,SIN_CUENTA,0.0,0.0,0.0,RECIBO DE NOMINA,MEDIO_A,NO_CLIENTE,0,ALTO,0.0,2,96,0,0,0,0,42,HIPOTECA,PREPARATORIA,0
2.01408e+16,179,RECHAZADA,PENDIENTE,RECHAZADO,MALO,0.0,,SIN_CUENTA,0.0,0.0,0.0,RECIBO DE NOMINA,MEDIO_A,NO_CLIENTE,0,ALTO,0.0,1,96,0,0,0,0,45,HIPOTECA,PREPARATORIA,0
2.01408e+16,189,RECHAZADA,PENDIENTE,RECHAZADO,MALO,0.0,,0,0.0,0.0,0.0,RECIBO DE NOMINA,MEDIO_B,NO_CLIENTE,11000,ALTO,0.0,2,97,0,0,0,0,28,FAMILIARES,LICENCIATURA,0
2.01407e+16,163,RECHAZADA,PENDIENTE,RECHAZADO,MALO,0.0,,1,0.0,0.0,0.0,INVERSIONES,MEDIO_B,NO_CLIENTE,0,ALTO,0.0,1,100,0,1149,250,0,26,RENTA,PREPARATORIA,0
2.01408e+16,203,RECHAZADA,PENDIENTE,RECHAZADO,MALO,0.0,,SIN_CUENTA,0.0,0.0,0.0,RECIBO DE NOMINA,MEDIO_A,NO_CLIENTE,0,ALTO,0.0,1,100,0,0,0,0,47,PROPIA,LICENCIATURA,0
2.01408e+16,217,RECHAZADA,PENDIENTE,RECHAZADO,MALO,0.0,,SIN_CUENTA,0.0,0.0,0.0,RECIBO DE NOMINA,ALTO_B,NO_CLIENTE,0,ALTO,0.0,1,101,0,0,0,0,32,FAMILIARES,POSGRADO,0
2.01407e+16,199,RECHAZADA,PENDIENTE,RECHAZADO,MALO,0.0,,SIN_CUENTA,0.0,0.0,0.0,RECIBO DE NOMINA,ALTO_B,NO_CLIENTE,0,ALTO,0.0,4,89,0,0,0,0,59,HIPOTECA,POSGRADO,0
2.01407e+16,139,RECHAZADA,PENDIENTE,RECHAZADO,MALO,0.0,,SIN_CUENTA,0.0,0.0,0.0,RECIBO DE NOMINA,MEDIO_A,NO_CLIENTE,0,ALTO,0.0,1,92,0,0,0,0,37,HIPOTECA,LICENCIATURA,0
2.01408e+16,185,RECHAZADA,PENDIENTE,RECHAZADO,MALO,0.0,,SIN_CUENTA,0.0,0.0,0.0,RECIBO DE NOMINA,ALTO_B,NO_CLIENTE,0,ALTO,0.0,2,93,0,0,0,0,49,RENTA,POSGRADO,0
2.01408e+16,226,RECHAZADA,PENDIENTE,RECHAZADO,MALO,0.0,,SIN_CUENTA,0.0,0.0,0.0,RECIBO DE NOMINA,ALTO_B,NO_CLIENTE,0,ALTO,0.0,4,95,0,0,0,0,55,RENTA,POSGRADO,0
2.01407e+16,154,RECHAZADA,PENDIENTE,RECHAZADO,MALO,0.0,,0,0.0,0.0,0.0,INVERSIONES,MEDIO_B,NO_CLIENTE,0,ALTO,0.0,2,97,0,32341,970,0,59,FAMILIARES,LICENCIATURA,0
2.01408e+16,194,RECHAZADA,PENDIENTE,RECHAZADO,MALO,0.0,,SIN_CUENTA,0.0,0.0,0.0,INVERSIONES,MEDIO_B,NO_CLIENTE,0,ALTO,0.0,1,97,0,0,0,0,60,FAMILIARES,LICENCIATURA,0
2.01408e+16,229,RECHAZADA,PENDIENTE,RECHAZADO,MALO,0.0,,1,0.0,0.0,0.0,RECIBO DE NOMINA,MEDIO_A,NO_CLIENTE,9900,ALTO,0.0,0,101,0,3802,0,0,29,PROPIA,LICENCIATURA,0
2.01408e+16,197,RECHAZADA,PENDIENTE,RECHAZADO,MALO,0.0,,SIN_CUENTA,0.0,0.0,0.0,RECIBO DE NOMINA,MEDIO_A,NO_CLIENTE,0,ALTO,0.0,1,101,0,0,0,0,40,HIPOTECA,PREPARATORIA,0
2.01408e+16,142,RECHAZADA,PENDIENTE,RECHAZADO,MALO,0.0,,SIN_CUENTA,0.0,0.0,0.0,INVERSIONES,ALTO_B,NO_CLIENTE,0,ALTO,0.0,4,89,0,0,0,0,36,HIPOTECA,POSGRADO,0
2.01408e+16,193,RECHAZADA,PENDIENTE,RECHAZADO,MALO,0.0,,0,0.0,0.0,0.0,RECIBO DE NOMINA,MEDIO_B,NO_CLIENTE,4000,ALTO,0.0,2,91,0,412,257,0,45,FAMILIARES,PREPARATORIA,0
2.01407e+16,175,RECHAZADA,PENDIENTE,RECHAZADO,MALO,0.0,,0,0.0,0.0,0.0,INVERSIONES,MEDIO_A,NO_CLIENTE,0,ALTO,0.0,3,92,0,2102,0,0,41,HIPOTECA,LICENCIATURA,0
2.01407e+16,211,RECHAZADA,PENDIENTE,RECHAZADO,MALO,0.0,,SIN_CUENTA,0.0,0.0,0.0,INVERSIONES,ALTO_B,NO_CLIENTE,0,ALTO,0.0,2,92,0,0,0,0,48,FAMILIARES,POSGRADO,0
2.01407e+16,217,RECHAZADA,PENDIENTE,RECHAZADO,MALO,0.0,,1,0.0,0.0,0.0,INVERSIONES,MEDIO_A,NO_CLIENTE,0,ALTO,0.0,2,92,0,8399,430,0,43,HIPOTECA,PREPARATORIA,0
2.01408e+16,166,RECHAZADA,PENDIENTE,RECHAZADO,MALO,0.0,,1,0.0,0.0,0.0,INVERSIONES,MEDIO_A,NO_CLIENTE,0,ALTO,0.0,2,95,0,41487,2490,0,30,HIPOTECA,PREPARATORIA,0
2.01407e+16,225,RECHAZADA,PENDIENTE,RECHAZADO,MALO,0.0,,SIN_CUENTA,0.0,0.0,0.0,INVERSIONES,ALTO_B,NO_CLIENTE,0,ALTO,0.0,2,96,0,0,0,0,37,RENTA,POSGRADO,0
2.01408e+16,228,RECHAZADA,PENDIENTE,RECHAZADO,MALO,0.0,,SIN_CUENTA,0.0,0.0,0.0,RECIBO DE NOMINA,ALTO_B,NO_CLIENTE,0,ALTO,0.0,5,98,0,0,0,0,48,RENTA,POSGRADO,0
2.01407e+16,150,RECHAZADA,PENDIENTE,RECHAZADO,MALO,0.0,,SIN_CUENTA,0.0,0.0,0.0,RECIBO DE NOMINA,MEDIO_A,NO_CLIENTE,0,ALTO,0.0,0,101,0,0,0,0,43,HIPOTECA,PREPARATORIA,0
2.01408e+16,155,EN_PROCESO,PENDIENTE,RECHAZADO,MALO,0.0,,SIN_CUENTA,0.0,0.0,0.0,INVERSIONES,ALTO_B,NO_CLIENTE,0,ALTO,0.0,0,101,0,0,0,0,50,RENTA,PREPARATORIA,0
2.01407e+16,208,RECHAZADA,PENDIENTE,RECHAZADO,MALO,0.0,,SIN_CUENTA,0.0,0.0,0.0,RECIBO DE NOMINA,ALTO_A,NO_CLIENTE,0,ALTO,0.0,4,89,0,0,0,0,50,PROPIA,POSGRADO,0
2.01406e+16,152,RECHAZADA,PENDIENTE,RECHAZADO,MALO,0.0,,SIN_CUENTA,0.0,0.0,0.0,RECIBO DE NOMINA,MEDIO_B,NO_CLIENTE,0,ALTO,0.0,3,93,0,0,0,0,37,FAMILIARES,PREPARATORIA,0
2.01407e+16,190,RECHAZADA,PENDIENTE,RECHAZADO,MALO,0.0,,SIN_CUENTA,0.0,0.0,0.0,INVERSIONES,MEDIO_B,NO_CLIENTE,0,ALTO,0.0,3,94,0,0,0,0,50,RENTA,PREPARATORIA,0
2.01407e+16,224,RECHAZADA,PENDIENTE,RECHAZADO,MALO,0.0,,SIN_CUENTA,0.0,0.0,0.0,RECIBO DE NOMINA,MEDIO_A,NO_CLIENTE,0,ALTO,0.0,3,100,0,0,0,0,32,PROPIA,LICENCIATURA,0
2.01408e+16,155,RECHAZADA,PENDIENTE,RECHAZADO,MALO,0.0,,SIN_CUENTA,0.0,0.0,0.0,DECLARACION ANUAL,ALTO_B,NO_CLIENTE,0,ALTO,0.0,4,89,0,0,0,0,41,HIPOTECA,POSGRADO,0
2.01407e+16,168,RECHAZADA,PENDIENTE,RECHAZADO,MALO,0.0,,SIN_CUENTA,0.0,0.0,0.0,RECIBO DE NOMINA,ALTO_B,NO_CLIENTE,0,ALTO,0.0,5,90,0,0,0,0,53,FAMILIARES,POSGRADO,0
2.01406e+16,224,RECHAZADA,PENDIENTE,RECHAZADO,MALO,0.0,,SIN_CUENTA,0.0,0.0,0.0,INVERSIONES,MEDIO_A,NO_CLIENTE,0,ALTO,0.0,4,92,0,0,0,0,34,HIPOTECA,PREPARATORIA,0
2.01408e+16,156,RECHAZADA,PENDIENTE,RECHAZADO,MALO,0.0,,SIN_CUENTA,0.0,0.0,0.0,RECIBO DE NOMINA,ALTO_B,NO_CLIENTE,0,ALTO,0.0,3,92,0,0,0,0,30,RENTA,POSGRADO,0
2.01407e+16,152,RECHAZADA,PENDIENTE,RECHAZADO,MALO,0.0,,SIN_CUENTA,0.0,0.0,0.0,RECIBO DE NOMINA,MEDIO_B,NO_CLIENTE,0,ALTO,0.0,5,94,0,0,0,0,32,RENTA,LICENCIATURA,0
2.01407e+16,190,RECHAZADA,PENDIENTE,RECHAZADO,MALO,0.0,,SIN_CUENTA,0.0,0.0,0.0,DECLARACION ANUAL,MEDIO_A,NO_CLIENTE,0,ALTO,0.0,2,95,0,0,0,0,25,HIPOTECA,PREPARATORIA,0
2.01407e+16,155,RECHAZADA,PENDIENTE,RECHAZADO,MALO,0.0,,SIN_CUENTA,0.0,0.0,0.0,RECIBO DE NOMINA,MEDIO_A,NO_CLIENTE,0,ALTO,0.0,1,97,0,0,0,0,27,HIPOTECA,LICENCIATURA,0
2.01408e+16,170,RECHAZADA,PENDIENTE,RECHAZADO,MALO,0.0,,2,0.0,0.0,0.0,INVERSIONES,ALTO_B,NO_CLIENTE,12700,ALTO,0.0,2,98,0,8827,250,0,30,HIPOTECA,POSGRADO,0
2.01407e+16,139,RECHAZADA,PENDIENTE,RECHAZADO,MALO,0.0,,0,0.0,0.0,0.0,INVERSIONES,MEDIO_B,NO_CLIENTE,0,ALTO,0.0,5,99,0,22184,3870,0,52,FAMILIARES,LICENCIATURA,0
2.01408e+16,201,RECHAZADA,PENDIENTE,RECHAZADO,MALO,0.0,,SIN_CUENTA,0.0,0.0,0.0,INVERSIONES,MEDIO_A,NO_CLIENTE,0,ALTO,0.0,3,101,0,0,0,0,46,HIPOTECA,LICENCIATURA,0
2.01408e+16,219,RECHAZADA,PENDIENTE,RECHAZADO,MALO,0.0,,SIN_CUENTA,0.0,0.0,0.0,INVERSIONES,MEDIO_B,NO_CLIENTE,0,ALTO,0.0,3,90,0,0,0,0,53,FAMILIARES,PREPARATORIA,0
2.01408e+16,185,RECHAZADA,PENDIENTE,RECHAZADO,MALO,0.0,,SIN_CUENTA,0.0,0.0,0.0,INVERSIONES,MEDIO_A,NO_CLIENTE,0,ALTO,0.0,3,92,0,0,0,0,51,HIPOTECA,PREPARATORIA,0
2.01408e+16,231,RECHAZADA,PENDIENTE,RECHAZADO,MALO,0.0,,SIN_CUENTA,0.0,0.0,0.0,RECIBO DE NOMINA,ALTO_B,NO_CLIENTE,0,ALTO,0.0,2,93,0,0,0,0,55,RENTA,POSGRADO,0
2.01408e+16,156,RECHAZADA,PENDIENTE,RECHAZADO,MALO,0.0,,SIN_CUENTA,0.0,0.0,0.0,INVERSIONES,ALTO_B,NO_CLIENTE,0,ALTO,0.0,2,93,0,0,0,0,39,FAMILIARES,POSGRADO,0
2.01407e+16,231,RECHAZADA,PENDIENTE,RECHAZADO,MALO,0.0,,SIN_CUENTA,0.0,0.0,0.0,RECIBO DE NOMINA,MEDIO_B,NO_CLIENTE,0,ALTO,0.0,2,96,0,0,0,0,53,FAMILIARES,LICENCIATURA,0
2.01407e+16,227,RECHAZADA,PENDIENTE,RECHAZADO,MALO,0.0,,SIN_CUENTA,0.0,0.0,0.0,RECIBO DE NOMINA,MEDIO_A,NO_CLIENTE,0,ALTO,0.0,1,99,0,0,0,0,36,PROPIA,LICENCIATURA,0
2.01407e+16,156,EN_PROCESO,PENDIENTE,RECHAZADO,MALO,0.0,,SIN_CUENTA,0.0,0.0,0.0,INVERSIONES,MEDIO_A,NO_CLIENTE,0,ALTO,0.0,4,99,0,0,0,0,60,FAMILIARES,POSGRADO,0
2.01407e+16,156,RECHAZADA,PENDIENTE,RECHAZADO,MALO,0.0,,SIN_CUENTA,0.0,0.0,0.0,INVERSIONES,MEDIO_B,NO_CLIENTE,0,ALTO,0.0,2,101,0,0,0,0,38,FAMILIARES,PREPARATORIA,0
2.01407e+16,206,RECHAZADA,PENDIENTE,RECHAZADO,MALO,0.0,,2,0.0,0.0,0.0,INVERSIONES,MEDIO_B,NO_CLIENTE,0,ALTO,0.0,1,101,0,6045,540,0,38,RENTA,PREPARATORIA,0
2.01407e+16,167,RECHAZADA,PENDIENTE,RECHAZADO,MALO,0.0,,SIN_CUENTA,0.0,0.0,0.0,INVERSIONES,ALTO_A,NO_CLIENTE,0,ALTO,0.0,5,89,0,0,0,0,59,PROPIA,POSGRADO,0
2.01407e+16,203,RECHAZADA,PENDIENTE,RECHAZADO,MALO,0.0,,SIN_CUENTA,0.0,0.0,0.0,INVERSIONES,MEDIO_A,NO_CLIENTE,0,ALTO,0.0,5,89,0,0,0,0,27,PROPIA,LICENCIATURA,0
2.01407e+16,213,RECHAZADA,PENDIENTE,RECHAZADO,MALO,0.0,,SIN_CUENTA,0.0,0.0,0.0,INVERSIONES,MEDIO_B,NO_CLIENTE,0,ALTO,0.0,4,90,0,0,0,0,51,RENTA,PREPARATORIA,0
2.01408e+16,213,RECHAZADA,PENDIENTE,RECHAZADO,MALO,0.0,,SIN_CUENTA,0.0,0.0,0.0,RECIBO DE NOMINA,MEDIO_A,NO_CLIENTE,0,ALTO,0.0,2,92,0,0,0,0,29,HIPOTECA,LICENCIATURA,0
2.01408e+16,218,RECHAZADA,PENDIENTE,RECHAZADO,MALO,0.0,,1,0.0,0.0,0.0,INVERSIONES,ALTO_B,NO_CLIENTE,3000,ALTO,0.0,5,95,0,2191,0,0,39,RENTA,POSGRADO,0
2.01407e+16,195,RECHAZADA,PENDIENTE,RECHAZADO,MALO,0.0,,SIN_CUENTA,0.0,0.0,0.0,RECIBO DE NOMINA,MEDIO_B,NO_CLIENTE,0,ALTO,0.0,2,97,0,0,0,0,38,FAMILIARES,PREPARATORIA,0
2.01408e+16,195,RECHAZADA,PENDIENTE,RECHAZADO,MALO,0.0,,SIN_CUENTA,0.0,0.0,0.0,RECIBO DE NOMINA,ALTO_B,NO_CLIENTE,0,ALTO,0.0,3,99,0,0,0,0,25,FAMILIARES,POSGRADO,0
2.01408e+16,217,RECHAZADA,PENDIENTE,RECHAZADO,MALO,0.0,,SIN_CUENTA,0.0,0.0,0.0,RECIBO DE NOMINA,ALTO_A,NO_CLIENTE,0,ALTO,0.0,1,99,0,0,0,0,34,PROPIA,POSGRADO,0
2.01407e+16,140,RECHAZADA,PENDIENTE,RECHAZADO,MALO,0.0,,2,0.0,0.0,0.0,INVERSIONES,MEDIO_B,NO_CLIENTE,0,ALTO,0.0,3,100,0,14368,820,0,49,RENTA,PREPARATORIA,0
2.01407e+16,159,RECHAZADA,PENDIENTE,RECHAZADO,MALO,0.0,,SIN_CUENTA,0.0,0.0,0.0,RECIBO DE NOMINA,MEDIO_A,NO_CLIENTE,0,ALTO,0.0,2,90,0,0,0,0,33,HIPOTECA,LICENCIATURA,0
2.01407e+16,229,RECHAZADA,PENDIENTE,RECHAZADO,MALO,0.0,,SIN_CUENTA,0.0,0.0,0.0,RECIBO DE NOMINA,MEDIO_A,NO_CLIENTE,0,ALTO,0.0,4,91,0,0,0,0,45,HIPOTECA,PREPARATORIA,0
2.01407e+16,149,RECHAZADA,PENDIENTE,RECHAZADO,MALO,0.0,,SIN_CUENTA,0.0,0.0,0.0,RECIBO DE NOMINA,MEDIO_B,NO_CLIENTE,0,ALTO,0.0,1,91,0,0,0,0,36,RENTA,LICENCIATURA,0
2.01407e+16,218,RECHAZADA,PENDIENTE,RECHAZADO,MALO,0.0,,SIN_CUENTA,0.0,0.0,0.0,RECIBO DE NOMINA,MEDIO_B,NO_CLIENTE,0,ALTO,0.0,3,94,0,0,0,0,49,FAMILIARES,PREPARATORIA,0
2.01407e+16,195,RECHAZADA,PENDIENTE,RECHAZADO,MALO,0.0,,SIN_CUENTA,0.0,0.0,0.0,RECIBO DE NOMINA,MEDIO_B,NO_CLIENTE,0,ALTO,0.0,2,96,0,0,0,0,42,RENTA,LICENCIATURA,0
2.01407e+16,191,RECHAZADA,PENDIENTE,RECHAZADO,MALO,0.0,,SIN_CUENTA,0.0,0.0,0.0,RECIBO DE NOMINA,MEDIO_A,NO_CLIENTE,0,ALTO,0.0,1,96,0,0,0,0,45,HIPOTECA,PREPARATORIA,0
2.01407e+16,184,RECHAZADA,PENDIENTE,RECHAZADO,MALO,0.0,,SIN_CUENTA,0.0,0.0,0.0,RECIBO DE NOMINA,MEDIO_B,NO_CLIENTE,0,ALTO,0.0,4,100,0,0,0,0,29,FAMILIARES,LICENCIATURA,0
2.01407e+16,222,RECHAZADA,PENDIENTE,RECHAZADO,MALO,0.0,,SIN_CUENTA,0.0,0.0,0.0,RECIBO DE NOMINA,MEDIO_A,NO_CLIENTE,0,ALTO,0.0,3,100,0,0,0,0,43,HIPOTECA,LICENCIATURA,0
2.01407e+16,206,RECHAZADA,PENDIENTE,RECHAZADO,MALO,0.0,,SIN_CUENTA,0.0,0.0,0.0,RECIBO DE NOMINA,ALTO_B,NO_CLIENTE,0,ALTO,0.0,3,101,0,0,0,0,56,RENTA,POSGRADO,0
2.01407e+16,232,RECHAZADA,PENDIENTE,RECHAZADO,MALO,0.0,,0,0.0,0.0,0.0,DECLARACION ANUAL,ALTO_B,NO_CLIENTE,0,ALTO,0.0,4,93,0,13987,880,0,59,RENTA,POSGRADO,0
2.01408e+16,192,EN_PROCESO,PENDIENTE,RECHAZADO,MALO,0.0,,1,0.0,0.0,0.0,RECIBO DE NOMINA,MEDIO_A,NO_CLIENTE,40004,ALTO,0.0,1,93,0,2715,510,0,41,PROPIA,LICENCIATURA,0
2.01408e+16,143,RECHAZADA,PENDIENTE,RECHAZADO,MALO,0.0,,1,0.0,0.0,0.0,INVERSIONES,ALTO_B,NO_CLIENTE,39600,ALTO,0.0,4,94,0,29280,0,1,49,FAMILIARES,POSGRADO,0
2.01407e+16,186,RECHAZADA,PENDIENTE,RECHAZADO,MALO,0.0,,SIN_CUENTA,0.0,0.0,0.0,INVERSIONES,ALTO_B,NO_CLIENTE,0,ALTO,0.0,3,96,0,0,0,0,60,RENTA,POSGRADO,0
2.01408e+16,182,RECHAZADA,PENDIENTE,RECHAZADO,MALO,0.0,,SIN_CUENTA,0.0,0.0,0.0,RECIBO DE NOMINA,MEDIO_A,NO_CLIENTE,0,ALTO,0.0,5,98,0,0,0,0,47,HIPOTECA,PREPARATORIA,0
2.01407e+16,241,RECHAZADA,PENDIENTE,RECHAZADO,MALO,0.0,,1,0.0,0.0,0.0,INVERSIONES,MEDIO_B,NO_CLIENTE,0,ALTO,0.0,3,100,0,10121,0,0,48,FAMILIARES,PREPARATORIA,0
2.01407e+16,167,RECHAZADA,PENDIENTE,RECHAZADO,MALO,0.0,,1,0.0,0.0,0.0,INVERSIONES,MEDIO_B,NO_CLIENTE,0,ALTO,0.0,5,89,0,8407,450,0,53,FAMILIARES,PREPARATORIA,0
2.01408e+16,216,RECHAZADA,PENDIENTE,RECHAZADO,MALO,0.0,,SIN_CUENTA,0.0,0.0,0.0,RECIBO DE NOMINA,MEDIO_B,NO_CLIENTE,0,ALTO,0.0,2,90,0,0,0,0,54,RENTA,LICENCIATURA,0
2.01407e+16,152,RECHAZADA,PENDIENTE,RECHAZADO,MALO,0.0,,0,0.0,0.0,0.0,INVERSIONES,ALTO_B,NO_CLIENTE,0,ALTO,0.0,4,93,0,4920,880,0,57,HIPOTECA,POSGRADO,0
2.01408e+16,219,RECHAZADA,PENDIENTE,RECHAZADO,MALO,0.0,,SIN_CUENTA,0.0,0.0,0.0,INVERSIONES,MEDIO_B,NO_CLIENTE,0,ALTO,0.0,3,97,0,0,0,0,32,RENTA,PREPARATORIA,0
2.01408e+16,209,RECHAZADA,PENDIENTE,RECHAZADO,MALO,0.0,,SIN_CUENTA,0.0,0.0,0.0,INVERSIONES,MEDIO_A,NO_CLIENTE,0,ALTO,0.0,4,98,0,0,0,0,32,HIPOTECA,LICENCIATURA,0
2.01408e+16,231,RECHAZADA,PENDIENTE,RECHAZADO,MALO,0.0,,SIN_CUENTA,0.0,0.0,0.0,RECIBO DE NOMINA,MEDIO_B,NO_CLIENTE,0,ALTO,0.0,0,100,0,0,0,0,33,RENTA,PREPARATORIA,0
2.01407e+16,172,RECHAZADA,PENDIENTE,RECHAZADO,MALO,0.0,,SIN_CUENTA,0.0,0.0,0.0,RECIBO DE NOMINA,ALTO_A,NO_CLIENTE,0,ALTO,0.0,5,91,0,0,0,0,38,PROPIA,POSGRADO,0
2.01408e+16,189,RECHAZADA,PENDIENTE,RECHAZADO,MALO,0.0,,SIN_CUENTA,0.0,0.0,0.0,DECLARACION ANUAL,MEDIO_A,NO_CLIENTE,0,ALTO,0.0,2,93,0,0,0,0,29,PROPIA,LICENCIATURA,0
2.01407e+16,201,RECHAZADA,PENDIENTE,RECHAZADO,MALO,0.0,,SIN_CUENTA,0.0,0.0,0.0,RECIBO DE NOMINA,MEDIO_A,NO_CLIENTE,0,ALTO,0.0,2,95,0,0,0,0,45,HIPOTECA,PREPARATORIA,0
2.01408e+16,226,RECHAZADA,PENDIENTE,RECHAZADO,MALO,0.0,,SIN_CUENTA,0.0,0.0,0.0,RECIBO DE NOMINA,ALTO_B,NO_CLIENTE,0,ALTO,0.0,4,96,0,0,0,0,50,HIPOTECA,POSGRADO,0
2.01407e+16,204,RECHAZADA,PENDIENTE,RECHAZADO,MALO,0.0,,SIN_CUENTA,0.0,0.0,0.0,RECIBO DE NOMINA,MEDIO_B,NO_CLIENTE,0,ALTO,0.0,1,97,0,0,0,0,41,FAMILIARES,LICENCIATURA,0
2.01408e+16,223,RECHAZADA,PENDIENTE,RECHAZADO,MALO,0.0,,SIN_CUENTA,0.0,0.0,0.0,INVERSIONES,ALTO_B,NO_CLIENTE,0,ALTO,0.0,2,90,0,0,0,0,58,RENTA,POSGRADO,0
2.01408e+16,226,RECHAZADA,PENDIENTE,RECHAZADO,MALO,0.0,,1,0.0,0.0,0.0,DECLARACION ANUAL,ALTO_B,NO_CLIENTE,24500,ALTO,0.0,4,91,0,13174,0,0,25,HIPOTECA,POSGRADO,0
2.01408e+16,231,RECHAZADA,PENDIENTE,RECHAZADO,MALO,0.0,,SIN_CUENTA,0.0,0.0,0.0,RECIBO DE NOMINA,MEDIO_B,NO_CLIENTE,0,ALTO,0.0,4,92,0,0,0,0,42,RENTA,PREPARATORIA,0
2.01407e+16,169,RECHAZADA,PENDIENTE,RECHAZADO,MALO,0.0,,0,0.0,0.0,0.0,INVERSIONES,ALTO_A,NO_CLIENTE,0,ALTO,0.0,4,95,0,3355,0,0,31,PROPIA,POSGRADO,0
2.01408e+16,232,RECHAZADA,PENDIENTE,RECHAZADO,MALO,0.0,,SIN_CUENTA,0.0,0.0,0.0,SIN COMPROBANTE,MEDIO_B,NO_CLIENTE,0,ALTO,0.0,4,98,0,0,0,0,54,FAMILIARES,PREPARATORIA,0
2.01407e+16,231,RECHAZADA,PENDIENTE,RECHAZADO,MALO,0.0,,SIN_CUENTA,0.0,0.0,0.0,RECIBO DE NOMINA,MEDIO_B,NO_CLIENTE,0,ALTO,0.0,2,99,0,0,0,0,41,RENTA,LICENCIATURA,0
2.01408e+16,230,RECHAZADA,PENDIENTE,RECHAZADO,MALO,0.0,,SIN_CUENTA,0.0,0.0,0.0,RECIBO DE NOMINA,MEDIO_A,NO_CLIENTE,0,ALTO,0.0,5,99,0,0,0,0,41,PROPIA,LICENCIATURA,0
2.01407e+16,158,RECHAZADA,PENDIENTE,RECHAZADO,MALO,0.0,,0,0.0,0.0,0.0,INVERSIONES,ALTO_A,NO_CLIENTE,0,ALTO,0.0,4,90,0,6132,0,0,29,PROPIA,POSGRADO,0
2.01408e+16,153,RECHAZADA,PENDIENTE,RECHAZADO,MALO,0.0,,SIN_CUENTA,0.0,0.0,0.0,RECIBO DE NOMINA,ALTO_A,NO_CLIENTE,0,ALTO,0.0,1,91,0,0,0,0,42,PROPIA,POSGRADO,0
2.01408e+16,202,RECHAZADA,PENDIENTE,RECHAZADO,MALO,0.0,,1,0.0,0.0,0.0,INVERSIONES,MEDIO_A,NO_CLIENTE,9900,ALTO,0.0,4,91,0,8166,290,0,49,PROPIA,LICENCIATURA,0
2.01408e+16,153,RECHAZADA,PENDIENTE,RECHAZADO,MALO,0.0,,SIN_CUENTA,0.0,0.0,0.0,RECIBO DE NOMINA,MEDIO_A,NO_CLIENTE,0,ALTO,0.0,3,97,0,0,0,0,56,HIPOTECA,PREPARATORIA,0
2.01408e+16,175,RECHAZADA,PENDIENTE,RECHAZADO,MALO,0.0,,SIN_CUENTA,0.0,0.0,0.0,INVERSIONES,ALTO_B,NO_CLIENTE,0,ALTO,0.0,5,97,0,0,0,0,35,FAMILIARES,POSGRADO,0
2.01407e+16,226,RECHAZADA,PENDIENTE,RECHAZADO,MALO,0.0,,0,0.0,0.0,0.0,RECIBO DE NOMINA,BAJO_B,NO_CLIENTE,0,ALTO,0.0,2,98,0,5194,0,0,28,FAMILIARES,SECUNDARIA,0
2.01408e+16,206,RECHAZADA,PENDIENTE,RECHAZADO,MALO,0.0,,SIN_CUENTA,0.0,0.0,0.0,RECIBO DE NOMINA,MEDIO_A,NO_CLIENTE,0,ALTO,0.0,3,100,0,0,0,0,50,HIPOTECA,LICENCIATURA,0
2.01408e+16,197,RECHAZADA,PENDIENTE,RECHAZADO,MALO,0.0,,1,0.0,0.0,0.0,RECIBO DE NOMINA,MEDIO_A,NO_CLIENTE,2000,ALTO,0.0,4,89,0,0,0,0,26,HIPOTECA,PREPARATORIA,0
2.01408e+16,245,RECHAZADA,PENDIENTE,RECHAZADO,MALO,0.0,,SIN_CUENTA,0.0,0.0,0.0,RECIBO DE NOMINA,MEDIO_B,NO_CLIENTE,0,ALTO,0.0,5,90,0,0,0,0,52,RENTA,PREPARATORIA,0
2.01408e+16,220,RECHAZADA,PENDIENTE,RECHAZADO,MALO,0.0,,SIN_CUENTA,0.0,0.0,0.0,INVERSIONES,MEDIO_B,NO_CLIENTE,0,ALTO,0.0,4,91,0,0,0,0,40,FAMILIARES,PREPARATORIA,0
2.01407e+16,220,RECHAZADA,PENDIENTE,RECHAZADO,MALO,0.0,,SIN_CUENTA,0.0,0.0,0.0,RECIBO DE NOMINA,MEDIO_B,NO_CLIENTE,0,ALTO,0.0,1,94,0,0,0,0,28,FAMILIARES,PREPARATORIA,0
2.01407e+16,183,RECHAZADA,PENDIENTE,RECHAZADO,MALO,0.0,,SIN_CUENTA,0.0,0.0,0.0,RECIBO DE NOMINA,MEDIO_B,NO_CLIENTE,0,ALTO,0.0,3,94,0,0,0,0,26,FAMILIARES,LICENCIATURA,0
2.01407e+16,241,RECHAZADA,PENDIENTE,RECHAZADO,MALO,0.0,,SIN_CUENTA,0.0,0.0,0.0,RECIBO DE NOMINA,MEDIO_A,NO_CLIENTE,0,ALTO,0.0,4,96,0,0,0,0,36,PROPIA,LICENCIATURA,0
2.01408e+16,243,RECHAZADA,PENDIENTE,RECHAZADO,MALO,0.0,,SIN_CUENTA,0.0,0.0,0.0,RECIBO DE NOMINA,MEDIO_B,NO_CLIENTE,0,ALTO,0.0,4,96,0,0,0,0,51,RENTA,PREPARATORIA,0
2.01406e+16,147,RECHAZADA,PENDIENTE,RECHAZADO,MALO,0.0,,SIN_CUENTA,0.0,0.0,4157.0,RECIBO DE NOMINA,MEDIO_B,NO_CLIENTE,0,ALTO,0.0,4,96,0,0,0,0,46,RENTA,POSGRADO,0
2.01407e+16,214,RECHAZADA,PENDIENTE,RECHAZADO,MALO,0.0,,SIN_CUENTA,0.0,0.0,0.0,RECIBO DE NOMINA,ALTO_A,NO_CLIENTE,0,ALTO,0.0,3,97,0,0,0,0,41,PROPIA,POSGRADO,0
2.01407e+16,164,RECHAZADA,PENDIENTE,RECHAZADO,MALO,0.0,,SIN_CUENTA,0.0,0.0,0.0,RECIBO DE NOMINA,MEDIO_A,NO_CLIENTE,0,ALTO,0.0,2,97,0,0,0,0,35,HIPOTECA,PREPARATORIA,0
2.01408e+16,148,RECHAZADA,PENDIENTE,RECHAZADO,MALO,0.0,,SIN_CUENTA,0.0,0.0,0.0,RECIBO DE NOMINA,MEDIO_A,NO_CLIENTE,0,ALTO,0.0,4,97,0,0,0,0,49,PROPIA,LICENCIATURA,0
2.01407e+16,175,RECHAZADA,PENDIENTE,RECHAZADO,MALO,0.0,,SIN_CUENTA,0.0,0.0,0.0,RECIBO DE NOMINA,ALTO_B,NO_CLIENTE,0,ALTO,0.0,3,100,0,0,0,0,38,FAMILIARES,POSGRADO,0
2.01408e+16,241,RECHAZADA,PENDIENTE,RECHAZADO,MALO,0.0,,SIN_CUENTA,0.0,0.0,0.0,RECIBO DE NOMINA,ALTO_A,NO_CLIENTE,0,ALTO,0.0,0,101,0,0,0,0,48,PROPIA,POSGRADO,0
2.01408e+16,203,RECHAZADA,PENDIENTE,RECHAZADO,MALO,0.0,,SIN_CUENTA,0.0,0.0,0.0,RECIBO DE NOMINA,MEDIO_B,NO_CLIENTE,0,ALTO,0.0,2,90,0,0,0,0,47,FAMILIARES,LICENCIATURA,0
2.01407e+16,222,RECHAZADA,PENDIENTE,RECHAZADO,MALO,0.0,,SIN_CUENTA,0.0,0.0,0.0,RECIBO DE NOMINA,MEDIO_B,NO_CLIENTE,0,ALTO,0.0,3,91,0,0,0,0,43,RENTA,LICENCIATURA,0
2.01408e+16,160,RECHAZADA,PENDIENTE,RECHAZADO,MALO,0.0,,0,0.0,0.0,0.0,INVERSIONES,MEDIO_A,NO_CLIENTE,8500,ALTO,0.0,2,92,0,8537,530,0,32,HIPOTECA,LICENCIATURA,0
2.01408e+16,171,RECHAZADA,PENDIENTE,RECHAZADO,MALO,0.0,,SIN_CUENTA,0.0,0.0,0.0,RECIBO DE NOMINA,MEDIO_A,NO_CLIENTE,0,ALTO,0.0,1,93,0,0,0,0,48,HIPOTECA,PREPARATORIA,0
2.01408e+16,235,RECHAZADA,PENDIENTE,RECHAZADO,MALO,0.0,,SIN_CUENTA,0.0,0.0,0.0,RECIBO DE NOMINA,MEDIO_A,NO_CLIENTE,0,ALTO,0.0,3,99,0,0,0,0,27,HIPOTECA,PREPARATORIA,0
2.01407e+16,183,RECHAZADA,PENDIENTE,RECHAZADO,MALO,0.0,,SIN_CUENTA,0.0,0.0,0.0,RECIBO DE NOMINA,MEDIO_A,NO_CLIENTE,0,ALTO,0.0,2,100,0,0,0,0,56,PROPIA,LICENCIATURA,0
2.01408e+16,186,RECHAZADA,PENDIENTE,RECHAZADO,MALO,0.0,,2,0.0,0.0,0.0,RECIBO DE NOMINA,MEDIO_A,NO_CLIENTE,12400,ALTO,0.0,2,100,0,13528,10,0,41,HIPOTECA,PREPARATORIA,0
2.01408e+16,162,RECHAZADA,PENDIENTE,RECHAZADO,MALO,0.0,,SIN_CUENTA,0.0,0.0,0.0,INVERSIONES,ALTO_B,NO_CLIENTE,0,ALTO,0.0,2,90,0,0,0,0,37,FAMILIARES,POSGRADO,0
2.01407e+16,149,RECHAZADA,PENDIENTE,RECHAZADO,MALO,0.0,,SIN_CUENTA,0.0,0.0,0.0,RECIBO DE NOMINA,MEDIO_A,NO_CLIENTE,0,ALTO,0.0,3,93,0,0,0,0,54,HIPOTECA,PREPARATORIA,0
2.01407e+16,200,RECHAZADA,PENDIENTE,RECHAZADO,MALO,0.0,,SIN_CUENTA,0.0,0.0,0.0,RECIBO DE NOMINA,MEDIO_A,NO_CLIENTE,0,ALTO,0.0,4,94,0,0,0,0,35,HIPOTECA,PREPARATORIA,0
2.01408e+16,225,RECHAZADA,PENDIENTE,RECHAZADO,MALO,0.0,,SIN_CUENTA,0.0,0.0,0.0,INVERSIONES,MEDIO_B,NO_CLIENTE,0,ALTO,0.0,4,94,0,0,0,0,50,FAMILIARES,PREPARATORIA,0
2.01407e+16,227,RECHAZADA,PENDIENTE,RECHAZADO,MALO,0.0,,SIN_CUENTA,0.0,0.0,0.0,INVERSIONES,MEDIO_A,NO_CLIENTE,0,ALTO,0.0,2,95,0,0,0,0,33,HIPOTECA,PREPARATORIA,0
2.01408e+16,248,RECHAZADA,PENDIENTE,RECHAZADO,MALO,0.0,,SIN_CUENTA,0.0,0.0,0.0,RECIBO DE NOMINA,ALTO_B,NO_CLIENTE,0,ALTO,0.0,4,95,0,0,0,0,32,FAMILIARES,POSGRADO,0
2.01408e+16,192,RECHAZADA,PENDIENTE,RECHAZADO,MALO,0.0,,SIN_CUENTA,0.0,0.0,0.0,INVERSIONES,MEDIO_B,NO_CLIENTE,0,ALTO,0.0,4,95,0,0,0,0,40,FAMILIARES,PREPARATORIA,0
2.01408e+16,155,RECHAZADA,PENDIENTE,RECHAZADO,MALO,0.0,,SIN_CUENTA,0.0,0.0,0.0,RECIBO DE NOMINA,MEDIO_A,NO_CLIENTE,0,ALTO,0.0,1,96,0,0,0,0,40,HIPOTECA,LICENCIATURA,0
2.01408e+16,193,RECHAZADA,PENDIENTE,RECHAZADO,MALO,0.0,,SIN_CUENTA,0.0,0.0,0.0,RECIBO DE NOMINA,MEDIO_A,NO_CLIENTE,0,ALTO,0.0,4,97,0,0,0,0,52,HIPOTECA,PREPARATORIA,0
2.01408e+16,245,RECHAZADA,PENDIENTE,RECHAZADO,MALO,0.0,,SIN_CUENTA,0.0,0.0,0.0,RECIBO DE NOMINA,ALTO_B,NO_CLIENTE,0,ALTO,0.0,2,98,0,0,0,0,34,FAMILIARES,POSGRADO,0
2.01407e+16,169,RECHAZADA,PENDIENTE,RECHAZADO,MALO,0.0,,SIN_CUENTA,0.0,0.0,0.0,RECIBO DE NOMINA,MEDIO_B,NO_CLIENTE,0,ALTO,0.0,2,100,0,0,0,0,57,RENTA,PREPARATORIA,0
2.01408e+16,206,RECHAZADA,PENDIENTE,RECHAZADO,MALO,0.0,,0,0.0,0.0,39760.0,RECIBO DE NOMINA,MEDIO_A,CLIENTE_BANCO,2999,ALTO,0.0,4,100,0,2340,0,0,46,FAMILIARES,PREPARATORIA,0
2.01408e+16,197,RECHAZADA,PENDIENTE,RECHAZADO,MALO,0.0,,SIN_CUENTA,0.0,0.0,0.0,RECIBO DE NOMINA,MEDIO_A,NO_CLIENTE,0,ALTO,0.0,0,101,0,0,0,0,29,PROPIA,LICENCIATURA,0
2.01407e+16,214,RECHAZADA,PENDIENTE,RECHAZADO,MALO,0.0,,2,0.0,0.0,0.0,INVERSIONES,MEDIO_B,NO_CLIENTE,0,ALTO,0.0,5,89,0,13465,13465,0,60,FAMILIARES,PREPARATORIA,0
2.01407e+16,225,RECHAZADA,PENDIENTE,RECHAZADO,MALO,0.0,,SIN_CUENTA,0.0,0.0,0.0,RECIBO DE NOMINA,MEDIO_B,NO_CLIENTE,0,ALTO,0.0,5,91,0,0,0,0,40,RENTA,LICENCIATURA,0
2.01408e+16,202,RECHAZADA,PENDIENTE,RECHAZADO,MALO,0.0,,SIN_CUENTA,0.0,0.0,0.0,RECIBO DE NOMINA,ALTO_A,NO_CLIENTE,0,ALTO,0.0,4,91,0,0,0,0,47,PROPIA,POSGRADO,0
2.01408e+16,238,RECHAZADA,PENDIENTE,RECHAZADO,MALO,0.0,,1,0.0,0.0,0.0,INVERSIONES,ALTO_A,NO_CLIENTE,205700,ALTO,0.0,3,91,0,53149,4310,0,47,PROPIA,POSGRADO,0
2.01407e+16,168,RECHAZADA,PENDIENTE,RECHAZADO,MALO,0.0,,SIN_CUENTA,0.0,0.0,0.0,RECIBO DE NOMINA,MEDIO_B,NO_CLIENTE,0,ALTO,0.0,3,96,0,0,0,0,58,RENTA,PREPARATORIA,0
2.01407e+16,196,RECHAZADA,PENDIENTE,RECHAZADO,MALO,0.0,,SIN_CUENTA,0.0,0.0,0.0,INVERSIONES,MEDIO_A,NO_CLIENTE,0,ALTO,0.0,1,96,0,0,0,0,51,PROPIA,LICENCIATURA,0
2.01407e+16,231,RECHAZADA,PENDIENTE,RECHAZADO,MALO,0.0,,SIN_CUENTA,0.0,0.0,0.0,INVERSIONES,ALTO_B,NO_CLIENTE,0,ALTO,0.0,2,101,0,0,0,0,59,RENTA,POSGRADO,0
2.01408e+16,187,RECHAZADA,PENDIENTE,RECHAZADO,MALO,0.0,,SIN_CUENTA,0.0,0.0,0.0,INVERSIONES,MEDIO_A,NO_CLIENTE,0,ALTO,0.0,0,101,0,0,0,0,36,HIPOTECA,PREPARATORIA,0
2.01408e+16,222,RECHAZADA,PENDIENTE,RECHAZADO,MALO,0.0,,0,0.0,0.0,0.0,INVERSIONES,MEDIO_B,NO_CLIENTE,0,ALTO,0.0,2,90,0,9752,250,0,45,FAMILIARES,LICENCIATURA,0
2.01408e+16,172,RECHAZADA,PENDIENTE,RECHAZADO,MALO,0.0,,SIN_CUENTA,0.0,0.0,0.0,INVERSIONES,ALTO_B,NO_CLIENTE,0,ALTO,0.0,3,90,0,0,0,0,59,FAMILIARES,POSGRADO,0
2.01408e+16,212,RECHAZADA,PENDIENTE,RECHAZADO,MALO,0.0,,SIN_CUENTA,0.0,0.0,0.0,INVERSIONES,MEDIO_A,NO_CLIENTE,0,ALTO,0.0,4,90,0,0,0,0,55,HIPOTECA,LICENCIATURA,0
2.01407e+16,240,RECHAZADA,PENDIENTE,RECHAZADO,MALO,0.0,,0,0.0,0.0,0.0,INVERSIONES,ALTO_A,NO_CLIENTE,0,ALTO,0.0,5,93,0,3,3,0,52,PROPIA,POSGRADO,0
2.01408e+16,229,RECHAZADA,PENDIENTE,RECHAZADO,MALO,0.0,,SIN_CUENTA,0.0,0.0,0.0,RECIBO DE NOMINA,MEDIO_B,NO_CLIENTE,0,ALTO,0.0,2,96,0,0,0,0,46,FAMILIARES,PREPARATORIA,0
2.01408e+16,247,RECHAZADA,PENDIENTE,RECHAZADO,MALO,0.0,,SIN_CUENTA,0.0,0.0,0.0,RECIBO DE NOMINA,MEDIO_B,NO_CLIENTE,0,ALTO,0.0,2,97,0,0,0,0,28,FAMILIARES,LICENCIATURA,0
2.01408e+16,234,RECHAZADA,PENDIENTE,RECHAZADO,MALO,0.0,,SIN_CUENTA,0.0,0.0,0.0,INVERSIONES,ALTO_B,NO_CLIENTE,0,ALTO,0.0,4,99,0,0,0,0,47,RENTA,POSGRADO,0
2.01407e+16,250,RECHAZADA,PENDIENTE,RECHAZADO,MALO,0.0,,SIN_CUENTA,0.0,0.0,0.0,RECIBO DE NOMINA,MEDIO_B,NO_CLIENTE,0,ALTO,0.0,2,93,0,0,0,0,37,FAMILIARES,LICENCIATURA,0
2.01408e+16,223,RECHAZADA,PENDIENTE,RECHAZADO,MALO,0.0,,SIN_CUENTA,0.0,0.0,0.0,RECIBO DE NOMINA,MEDIO_A,NO_CLIENTE,0,ALTO,0.0,4,93,0,0,0,0,29,HIPOTECA,LICENCIATURA,0
2.01407e+16,166,RECHAZADA,PENDIENTE,RECHAZADO,MALO,0.0,,0,0.0,0.0,0.0,RECIBO DE NOMINA,MEDIO_A,NO_CLIENTE,0,ALTO,0.0,3,96,0,10000,0,0,55,HIPOTECA,LICENCIATURA,0
2.01407e+16,227,RECHAZADA,PENDIENTE,RECHAZADO,MALO,0.0,,SIN_CUENTA,0.0,0.0,0.0,INVERSIONES,MEDIO_A,NO_CLIENTE,0,ALTO,0.0,3,97,0,0,0,0,31,HIPOTECA,PREPARATORIA,0
2.01406e+16,172,RECHAZADA,PENDIENTE,RECHAZADO,MALO,0.0,,SIN_CUENTA,0.0,0.0,0.0,INVERSIONES,MEDIO_B,NO_CLIENTE,0,ALTO,0.0,5,89,0,0,0,0,46,RENTA,LICENCIATURA,0
2.01407e+16,202,RECHAZADA,PENDIENTE,RECHAZADO,MALO,0.0,,0,0.0,0.0,0.0,INVERSIONES,ALTO_B,NO_CLIENTE,0,ALTO,0.0,4,89,0,33133,1460,0,33,RENTA,POSGRADO,0
2.01408e+16,188,RECHAZADA,PENDIENTE,RECHAZADO,MALO,0.0,,SIN_CUENTA,0.0,0.0,0.0,RECIBO DE NOMINA,ALTO_B,NO_CLIENTE,0,ALTO,0.0,2,91,0,0,0,0,27,FAMILIARES,POSGRADO,0
2.01407e+16,182,RECHAZADA,PENDIENTE,RECHAZADO,MALO,0.0,,SIN_CUENTA,0.0,0.0,0.0,RECIBO DE NOMINA,MEDIO_B,NO_CLIENTE,0,ALTO,0.0,4,92,0,0,0,0,30,RENTA,PREPARATORIA,0
2.01407e+16,253,RECHAZADA,PENDIENTE,RECHAZADO,MALO,0.0,,0,0.0,0.0,0.0,INVERSIONES,ALTO_B,NO_CLIENTE,0,ALTO,0.0,4,92,0,12292,0,0,29,HIPOTECA,POSGRADO,0
2.01408e+16,177,RECHAZADA,PENDIENTE,RECHAZADO,MALO,0.0,,SIN_CUENTA,0.0,0.0,0.0,RECIBO DE NOMINA,MEDIO_B,NO_CLIENTE,0,ALTO,0.0,2,93,0,0,0,0,33,FAMILIARES,LICENCIATURA,0
2.01408e+16,226,RECHAZADA,PENDIENTE,RECHAZADO,MALO,0.0,,SIN_CUENTA,0.0,0.0,0.0,RECIBO DE NOMINA,BAJO_B,NO_CLIENTE,0,ALTO,0.0,3,94,0,0,0,0,47,FAMILIARES,SECUNDARIA,0
2.01406e+16,225,RECHAZADA,PENDIENTE,RECHAZADO,MALO,0.0,,SIN_CUENTA,0.0,0.0,0.0,INVERSIONES,MEDIO_B,NO_CLIENTE,0,ALTO,0.0,4,95,0,0,0,0,40,FAMILIARES,PREPARATORIA,0
2.01408e+16,180,RECHAZADA,PENDIENTE,RECHAZADO,MALO,0.0,,SIN_CUENTA,0.0,0.0,0.0,RECIBO DE NOMINA,MEDIO_A,NO_CLIENTE,0,ALTO,0.0,3,98,0,0,0,0,29,HIPOTECA,PREPARATORIA,0
2.01408e+16,209,RECHAZADA,PENDIENTE,RECHAZADO,MALO,0.0,,SIN_CUENTA,0.0,0.0,0.0,RECIBO DE NOMINA,MEDIO_B,NO_CLIENTE,0,ALTO,0.0,1,100,0,0,0,0,45,RENTA,PREPARATORIA,0
2.01408e+16,240,RECHAZADA,PENDIENTE,RECHAZADO,MALO,0.0,,SIN_CUENTA,0.0,0.0,0.0,RECIBO DE NOMINA,MEDIO_B,NO_CLIENTE,0,ALTO,0.0,0,101,0,0,0,0,59,RENTA,LICENCIATURA,0
2.01408e+16,238,RECHAZADA,PENDIENTE,RECHAZADO,MALO,0.0,,SIN_CUENTA,0.0,0.0,0.0,RECIBO DE NOMINA,MEDIO_A,NO_CLIENTE,0,ALTO,0.0,2,101,0,0,0,0,37,PROPIA,LICENCIATURA,0
2.01408e+16,171,RECHAZADA,PENDIENTE,RECHAZADO,MALO,0.0,,SIN_CUENTA,0.0,0.0,0.0,RECIBO DE NOMINA,MEDIO_B,NO_CLIENTE,0,ALTO,0.0,5,89,0,0,0,0,39,RENTA,PREPARATORIA,0
2.01407e+16,244,RECHAZADA,PENDIENTE,RECHAZADO,MALO,0.0,,SIN_CUENTA,0.0,0.0,0.0,DECLARACION ANUAL,ALTO_A,NO_CLIENTE,0,ALTO,0.0,3,92,0,0,0,0,25,PROPIA,POSGRADO,0
2.01408e+16,165,RECHAZADA,PENDIENTE,RECHAZADO,MALO,0.0,,2,0.0,0.0,0.0,INVERSIONES,MEDIO_A,NO_CLIENTE,28700,ALTO,0.0,5,95,0,29199,0,0,27,HIPOTECA,PREPARATORIA,0
2.01408e+16,193,RECHAZADA,PENDIENTE,RECHAZADO,MALO,0.0,,1,0.0,0.0,0.0,RECIBO DE NOMINA,MEDIO_A,NO_CLIENTE,35500,ALTO,0.0,5,97,0,0,0,0,50,PROPIA,LICENCIATURA,0
2.01407e+16,180,RECHAZADA,PENDIENTE,RECHAZADO,MALO,0.0,,SIN_CUENTA,0.0,0.0,0.0,RECIBO DE NOMINA,ALTO_B,NO_CLIENTE,0,ALTO,0.0,4,99,0,0,0,0,49,HIPOTECA,POSGRADO,0
2.01407e+16,176,RECHAZADA,PENDIENTE,RECHAZADO,MALO,0.0,,SIN_CUENTA,0.0,0.0,0.0,RECIBO DE NOMINA,MEDIO_B,NO_CLIENTE,0,ALTO,0.0,1,99,0,0,0,0,56,FAMILIARES,PREPARATORIA,0
2.01407e+16,184,RECHAZADA,PENDIENTE,RECHAZADO,MALO,0.0,,SIN_CUENTA,0.0,0.0,0.0,RECIBO DE NOMINA,ALTO_B,NO_CLIENTE,0,ALTO,0.0,4,94,0,0,0,0,26,FAMILIARES,POSGRADO,0
2.01408e+16,214,RECHAZADA,PENDIENTE,RECHAZADO,MALO,0.0,,SIN_CUENTA,0.0,0.0,0.0,INVERSIONES,MEDIO_A,NO_CLIENTE,0,ALTO,0.0,2,97,0,0,0,0,43,HIPOTECA,PREPARATORIA,0
2.01408e+16,174,RECHAZADA,PENDIENTE,RECHAZADO,MALO,0.0,,3,0.0,0.0,0.0,INVERSIONES,MEDIO_B,NO_CLIENTE,25000,ALTO,0.0,5,89,0,13968,320,0,30,RENTA,LICENCIATURA,0
2.01407e+16,202,RECHAZADA,PENDIENTE,RECHAZADO,MALO,0.0,,SIN_CUENTA,0.0,0.0,0.0,INVERSIONES,ALTO_A,NO_CLIENTE,0,ALTO,0.0,4,93,0,0,0,0,30,PROPIA,POSGRADO,0
2.01408e+16,213,RECHAZADA,PENDIENTE,RECHAZADO,MALO,0.0,,SIN_CUENTA,0.0,0.0,0.0,RECIBO DE NOMINA,MEDIO_B,NO_CLIENTE,0,ALTO,0.0,4,93,0,0,0,0,47,FAMILIARES,LICENCIATURA,0
2.01408e+16,178,RECHAZADA,PENDIENTE,RECHAZADO,MALO,0.0,,SIN_CUENTA,0.0,0.0,0.0,RECIBO DE NOMINA,ALTO_B,NO_CLIENTE,0,ALTO,0.0,3,93,0,0,0,0,40,HIPOTECA,POSGRADO,0
2.01407e+16,235,RECHAZADA,PENDIENTE,RECHAZADO,MALO,0.0,,1,0.0,0.0,0.0,INVERSIONES,MEDIO_B,NO_CLIENTE,0,ALTO,0.0,2,94,0,1926,390,0,27,FAMILIARES,PREPARATORIA,0
2.01408e+16,222,RECHAZADA,PENDIENTE,RECHAZADO,MALO,0.0,,SIN_CUENTA,0.0,0.0,0.0,INVERSIONES,ALTO_B,NO_CLIENTE,0,ALTO,0.0,4,101,0,0,0,0,45,FAMILIARES,POSGRADO,0
2.01408e+16,209,RECHAZADA,PENDIENTE,RECHAZADO,MALO,0.0,,0,0.0,0.0,0.0,INVERSIONES,MEDIO_A,NO_CLIENTE,5000,ALTO,0.0,1,95,0,103,0,0,33,PROPIA,LICENCIATURA,0
2.01408e+16,206,RECHAZADA,PENDIENTE,RECHAZADO,MALO,0.0,,SIN_CUENTA,0.0,0.0,0.0,RECIBO DE NOMINA,MEDIO_A,NO_CLIENTE,0,ALTO,0.0,2,98,0,0,0,0,32,HIPOTECA,PREPARATORIA,0
2.01407e+16,168,RECHAZADA,PENDIENTE,RECHAZADO,MALO,0.0,,SIN_CUENTA,0.0,0.0,0.0,INVERSIONES,MEDIO_A,NO_CLIENTE,0,ALTO,0.0,3,95,0,0,0,0,51,PROPIA,LICENCIATURA,0
2.01408e+16,158,EN_PROCESO,PENDIENTE,RECHAZADO,MALO,0.0,,SIN_CUENTA,0.0,0.0,0.0,INVERSIONES,MEDIO_A,NO_CLIENTE,0,ALTO,0.0,2,95,0,0,0,0,44,FAMILIARES,PREPARATORIA,0
2.01407e+16,173,RECHAZADA,PENDIENTE,RECHAZADO,MALO,0.0,,SIN_CUENTA,0.0,0.0,0.0,DECLARACION ANUAL,MEDIO_B,NO_CLIENTE,0,ALTO,0.0,3,98,0,0,0,0,57,RENTA,PREPARATORIA,0
2.01408e+16,251,RECHAZADA,PENDIENTE,RECHAZADO,MALO,0.0,,SIN_CUENTA,0.0,0.0,0.0,INVERSIONES,MEDIO_B,NO_CLIENTE,0,ALTO,0.0,4,99,0,0,0,0,40,FAMILIARES,LICENCIATURA,0
2.01408e+16,212,RECHAZADA,PENDIENTE,RECHAZADO,MALO,0.0,,SIN_CUENTA,0.0,0.0,0.0,RECIBO DE NOMINA,MEDIO_B,NO_CLIENTE,0,ALTO,0.0,0,100,0,0,0,0,30,FAMILIARES,PREPARATORIA,0
2.01406e+16,161,RECHAZADA,PENDIENTE,RECHAZADO,MALO,0.0,,SIN_CUENTA,0.0,0.0,0.0,INVERSIONES,MEDIO_B,NO_CLIENTE,0,ALTO,0.0,5,89,0,0,0,0,59,RENTA,PREPARATORIA,0
2.01407e+16,228,RECHAZADA,PENDIENTE,RECHAZADO,MALO,0.0,,SIN_CUENTA,0.0,0.0,0.0,RECIBO DE NOMINA,ALTO_A,NO_CLIENTE,0,ALTO,0.0,4,89,0,0,0,0,34,PROPIA,POSGRADO,0
2.01407e+16,185,RECHAZADA,PENDIENTE,RECHAZADO,MALO,0.0,,SIN_CUENTA,0.0,0.0,0.0,INVERSIONES,MEDIO_A,NO_CLIENTE,0,ALTO,0.0,5,91,0,0,0,0,47,HIPOTECA,LICENCIATURA,0
2.01407e+16,258,RECHAZADA,PENDIENTE,RECHAZADO,MALO,0.0,,1,0.0,0.0,0.0,INVERSIONES,MEDIO_A,NO_CLIENTE,0,ALTO,0.0,3,91,0,2614,250,0,58,HIPOTECA,PREPARATORIA,0
2.01408e+16,213,RECHAZADA,PENDIENTE,RECHAZADO,MALO,0.0,,SIN_CUENTA,0.0,0.0,0.0,RECIBO DE NOMINA,MEDIO_B,NO_CLIENTE,0,ALTO,0.0,5,92,0,0,0,0,60,RENTA,PREPARATORIA,0
2.01407e+16,252,RECHAZADA,PENDIENTE,RECHAZADO,MALO,0.0,,0,0.0,0.0,0.0,INVERSIONES,MEDIO_B,NO_CLIENTE,0,ALTO,0.0,5,93,0,5295,360,0,32,RENTA,LICENCIATURA,0
2.01407e+16,179,RECHAZADA,PENDIENTE,RECHAZADO,MALO,0.0,,SIN_CUENTA,0.0,0.0,0.0,RECIBO DE NOMINA,MEDIO_A,NO_CLIENTE,0,ALTO,0.0,3,99,0,0,0,0,48,HIPOTECA,PREPARATORIA,0
2.01408e+16,196,RECHAZADA,PENDIENTE,RECHAZADO,MALO,0.0,,0,0.0,0.0,0.0,INVERSIONES,MEDIO_B,NO_CLIENTE,62100,ALTO,0.0,0,101,0,17563,370,0,29,FAMILIARES,PREPARATORIA,0
2.01408e+16,207,RECHAZADA,PENDIENTE,RECHAZADO,MALO,0.0,,SIN_CUENTA,0.0,0.0,0.0,INVERSIONES,MEDIO_B,NO_CLIENTE,0,ALTO,0.0,3,101,0,0,0,0,57,FAMILIARES,LICENCIATURA,0
2.01408e+16,259,RECHAZADA,PENDIENTE,RECHAZADO,MALO,0.0,,SIN_CUENTA,0.0,0.0,0.0,INVERSIONES,ALTO_B,NO_CLIENTE,0,ALTO,0.0,5,89,0,0,0,0,36,RENTA,POSGRADO,0
2.01407e+16,162,RECHAZADA,PENDIENTE,RECHAZADO,MALO,0.0,,SIN_CUENTA,0.0,0.0,0.0,INVERSIONES,MEDIO_A,NO_CLIENTE,0,ALTO,0.0,4,90,0,0,0,0,57,HIPOTECA,LICENCIATURA,0
2.01408e+16,232,RECHAZADA,PENDIENTE,RECHAZADO,MALO,0.0,,1,0.0,0.0,0.0,INVERSIONES,MEDIO_B,NO_CLIENTE,0,ALTO,0.0,3,92,0,51854,5960,0,35,RENTA,PREPARATORIA,0
2.01407e+16,213,RECHAZADA,PENDIENTE,RECHAZADO,MALO,0.0,,1,0.0,0.0,0.0,RECIBO DE NOMINA,MEDIO_A,NO_CLIENTE,0,ALTO,0.0,4,94,0,9203,6810,0,28,HIPOTECA,PREPARATORIA,0
2.01408e+16,233,RECHAZADA,PENDIENTE,RECHAZADO,MALO,0.0,,0,0.0,0.0,0.0,RECIBO DE NOMINA,MEDIO_A,NO_CLIENTE,0,ALTO,0.0,4,96,0,5128,0,0,30,HIPOTECA,LICENCIATURA,0
2.01408e+16,197,RECHAZADA,PENDIENTE,RECHAZADO,MALO,0.0,,SIN_CUENTA,0.0,0.0,0.0,RECIBO DE NOMINA,MEDIO_B,NO_CLIENTE,0,ALTO,0.0,5,96,0,0,0,0,33,FAMILIARES,PREPARATORIA,0
2.01407e+16,166,RECHAZADA,PENDIENTE,RECHAZADO,MALO,0.0,,SIN_CUENTA,0.0,0.0,0.0,RECIBO DE NOMINA,ALTO_B,NO_CLIENTE,0,ALTO,0.0,3,98,0,0,0,0,54,HIPOTECA,POSGRADO,0
2.01406e+16,243,RECHAZADA,PENDIENTE,RECHAZADO,MALO,0.0,,SIN_CUENTA,0.0,0.0,0.0,RECIBO DE NOMINA,MEDIO_A,NO_CLIENTE,0,ALTO,0.0,3,100,0,0,0,0,53,HIPOTECA,PREPARATORIA,0
2.01407e+16,167,RECHAZADA,PENDIENTE,RECHAZADO,MALO,0.0,,SIN_CUENTA,0.0,0.0,0.0,RECIBO DE NOMINA,MEDIO_B,NO_CLIENTE,0,ALTO,0.0,5,89,0,0,0,0,49,RENTA,LICENCIATURA,0
2.01408e+16,226,RECHAZADA,PENDIENTE,RECHAZADO,MALO,0.0,,SIN_CUENTA,0.0,0.0,0.0,INVERSIONES,MEDIO_A,NO_CLIENTE,0,ALTO,0.0,2,90,0,0,0,0,56,PROPIA,LICENCIATURA,0
2.01407e+16,205,RECHAZADA,PENDIENTE,RECHAZADO,MALO,0.0,,SIN_CUENTA,0.0,0.0,0.0,RECIBO DE NOMINA,MEDIO_A,NO_CLIENTE,0,ALTO,0.0,3,92,0,0,0,0,46,HIPOTECA,PREPARATORIA,0
2.01408e+16,200,RECHAZADA,PENDIENTE,RECHAZADO,MALO,0.0,,0,0.0,0.0,0.0,INVERSIONES,ALTO_B,NO_CLIENTE,25000,ALTO,0.0,4,92,0,16768,0,0,26,RENTA,POSGRADO,0
2.01408e+16,221,RECHAZADA,PENDIENTE,RECHAZADO,MALO,0.0,,SIN_CUENTA,0.0,0.0,0.0,RECIBO DE NOMINA,ALTO_B,NO_CLIENTE,0,ALTO,0.0,2,92,0,0,0,0,28,HIPOTECA,POSGRADO,0
2.01408e+16,225,RECHAZADA,PENDIENTE,RECHAZADO,MALO,0.0,,SIN_CUENTA,0.0,0.0,0.0,RECIBO DE NOMINA,ALTO_B,NO_CLIENTE,0,ALTO,0.0,3,92,0,0,0,0,54,HIPOTECA,POSGRADO,0
2.01408e+16,193,RECHAZADA,PENDIENTE,RECHAZADO,MALO,0.0,,SIN_CUENTA,0.0,0.0,0.0,RECIBO DE NOMINA,MEDIO_A,NO_CLIENTE,0,ALTO,0.0,3,97,0,0,0,0,47,HIPOTECA,LICENCIATURA,0
2.01407e+16,240,RECHAZADA,PENDIENTE,RECHAZADO,MALO,0.0,,SIN_CUENTA,0.0,0.0,0.0,RECIBO DE NOMINA,MEDIO_B,NO_CLIENTE,0,ALTO,0.0,1,98,0,0,0,0,37,FAMILIARES,PREPARATORIA,0
2.01408e+16,217,RECHAZADA,PENDIENTE,RECHAZADO,MALO,0.0,,SIN_CUENTA,0.0,0.0,0.0,RECIBO DE NOMINA,MEDIO_A,NO_CLIENTE,0,ALTO,0.0,3,99,0,0,0,0,40,HIPOTECA,LICENCIATURA,0
2.01408e+16,164,RECHAZADA,PENDIENTE,RECHAZADO,MALO,0.0,,SIN_CUENTA,0.0,0.0,0.0,RECIBO DE NOMINA,MEDIO_A,NO_CLIENTE,0,ALTO,0.0,2,99,0,0,0,0,30,HIPOTECA,PREPARATORIA,0
2.01408e+16,177,RECHAZADA,PENDIENTE,RECHAZADO,MALO,0.0,,SIN_CUENTA,0.0,0.0,0.0,RECIBO DE NOMINA,MEDIO_B,NO_CLIENTE,0,ALTO,0.0,3,100,0,0,0,0,46,RENTA,PREPARATORIA,0
2.01408e+16,217,RECHAZADA,PENDIENTE,RECHAZADO,MALO,0.0,,SIN_CUENTA,0.0,0.0,0.0,RECIBO DE NOMINA,MEDIO_B,NO_CLIENTE,0,ALTO,0.0,5,92,0,0,0,0,47,RENTA,PREPARATORIA,0
2.01407e+16,249,RECHAZADA,PENDIENTE,RECHAZADO,MALO,0.0,,SIN_CUENTA,0.0,0.0,0.0,INVERSIONES,MEDIO_B,NO_CLIENTE,0,ALTO,0.0,2,95,0,0,0,0,43,RENTA,LICENCIATURA,0
2.01407e+16,242,RECHAZADA,PENDIENTE,RECHAZADO,MALO,0.0,,2,0.0,0.0,0.0,RECIBO DE NOMINA,MEDIO_B,NO_CLIENTE,0,ALTO,0.0,2,98,0,16179,1060,0,57,RENTA,PREPARATORIA,0
2.01408e+16,173,RECHAZADA,PENDIENTE,RECHAZADO,MALO,0.0,,0,0.0,0.0,0.0,INVERSIONES,MEDIO_B,NO_CLIENTE,34200,ALTO,0.0,5,99,0,31392,1000,0,29,FAMILIARES,PREPARATORIA,0
2.01407e+16,211,RECHAZADA,PENDIENTE,RECHAZADO,MALO,0.0,,0,0.0,0.0,0.0,INVERSIONES,MEDIO_A,NO_CLIENTE,0,ALTO,0.0,4,101,0,18463,0,0,49,PROPIA,LICENCIATURA,0
2.01408e+16,222,RECHAZADA,PENDIENTE,RECHAZADO,MALO,0.0,,0,0.0,0.0,0.0,RECIBO DE NOMINA,ALTO_B,NO_CLIENTE,40000,ALTO,0.0,3,90,0,0,0,0,44,HIPOTECA,POSGRADO,0
2.01407e+16,221,RECHAZADA,PENDIENTE,RECHAZADO,MALO,0.0,,SIN_CUENTA,0.0,0.0,0.0,RECIBO DE NOMINA,ALTO_B,NO_CLIENTE,0,ALTO,0.0,3,92,0,0,0,0,37,HIPOTECA,POSGRADO,0
2.01408e+16,218,RECHAZADA,PENDIENTE,RECHAZADO,MALO,0.0,,SIN_CUENTA,0.0,0.0,0.0,RECIBO DE NOMINA,ALTO_A,NO_CLIENTE,0,ALTO,0.0,2,95,0,0,0,0,42,PROPIA,POSGRADO,0
2.01407e+16,185,RECHAZADA,PENDIENTE,RECHAZADO,MALO,0.0,,SIN_CUENTA,0.0,0.0,0.0,RECIBO DE NOMINA,ALTO_B,NO_CLIENTE,0,ALTO,0.0,2,96,0,0,0,0,27,RENTA,POSGRADO,0
2.01408e+16,246,RECHAZADA,PENDIENTE,RECHAZADO,MALO,0.0,,0,0.0,0.0,0.0,INVERSIONES,MEDIO_A,NO_CLIENTE,69000,ALTO,0.0,1,96,0,1663,0,0,52,HIPOTECA,PREPARATORIA,0
2.01408e+16,203,RECHAZADA,PENDIENTE,RECHAZADO,MALO,0.0,,SIN_CUENTA,0.0,0.0,0.0,RECIBO DE NOMINA,ALTO_A,NO_CLIENTE,0,ALTO,0.0,4,96,0,0,0,0,57,PROPIA,POSGRADO,0
2.01407e+16,239,RECHAZADA,PENDIENTE,RECHAZADO,MALO,0.0,,SIN_CUENTA,0.0,0.0,0.0,INVERSIONES,MEDIO_B,NO_CLIENTE,0,ALTO,0.0,2,97,0,0,0,0,56,RENTA,LICENCIATURA,0
2.01408e+16,171,RECHAZADA,PENDIENTE,RECHAZADO,MALO,0.0,,0,0.0,0.0,0.0,RECIBO DE NOMINA,MEDIO_A,NO_CLIENTE,14000,ALTO,0.0,5,97,0,0,0,0,46,HIPOTECA,LICENCIATURA,0
2.01408e+16,257,RECHAZADA,PENDIENTE,RECHAZADO,MALO,0.0,,SIN_CUENTA,0.0,0.0,0.0,INVERSIONES,MEDIO_A,NO_CLIENTE,0,ALTO,0.0,5,99,0,0,0,0,46,HIPOTECA,PREPARATORIA,0
2.01407e+16,196,RECHAZADA,PENDIENTE,RECHAZADO,MALO,0.0,,0,0.0,0.0,0.0,INVERSIONES,ALTO_B,NO_CLIENTE,0,ALTO,0.0,4,100,0,6646,750,0,56,RENTA,POSGRADO,0
2.01408e+16,191,RECHAZADA,PENDIENTE,RECHAZADO,MALO,0.0,,SIN_CUENTA,0.0,0.0,0.0,RECIBO DE NOMINA,ALTO_A,NO_CLIENTE,0,ALTO,0.0,3,100,0,0,0,0,38,PROPIA,POSGRADO,0
2.01408e+16,215,RECHAZADA,PENDIENTE,RECHAZADO,MALO,0.0,,SIN_CUENTA,0.0,0.0,0.0,RECIBO DE NOMINA,ALTO_B,NO_CLIENTE,0,ALTO,0.0,3,91,0,0,0,0,59,FAMILIARES,POSGRADO,0
2.01408e+16,259,RECHAZADA,PENDIENTE,RECHAZADO,MALO,0.0,,SIN_CUENTA,0.0,0.0,0.0,RECIBO DE NOMINA,ALTO_B,NO_CLIENTE,0,ALTO,0.0,3,91,0,0,0,0,51,HIPOTECA,POSGRADO,0
2.01408e+16,256,RECHAZADA,PENDIENTE,RECHAZADO,MALO,0.0,,SIN_CUENTA,0.0,0.0,0.0,RECIBO DE NOMINA,MEDIO_A,NO_CLIENTE,0,ALTO,0.0,2,96,0,0,0,0,49,PROPIA,LICENCIATURA,0
2.01407e+16,219,RECHAZADA,PENDIENTE,RECHAZADO,MALO,0.0,,0,0.0,0.0,0.0,DECLARACION ANUAL,MEDIO_A,NO_CLIENTE,0,ALTO,0.0,2,90,0,1267,250,0,45,PROPIA,LICENCIATURA,0
2.01408e+16,245,RECHAZADA,PENDIENTE,RECHAZADO,MALO,0.0,,SIN_CUENTA,0.0,0.0,0.0,RECIBO DE NOMINA,ALTO_B,NO_CLIENTE,0,ALTO,0.0,5,90,0,0,0,0,48,RENTA,POSGRADO,0
2.01407e+16,265,RECHAZADA,PENDIENTE,RECHAZADO,MALO,0.0,,SIN_CUENTA,0.0,0.0,0.0,RECIBO DE NOMINA,MEDIO_B,NO_CLIENTE,0,ALTO,0.0,2,94,0,0,0,0,56,FAMILIARES,PREPARATORIA,0
2.01407e+16,199,RECHAZADA,PENDIENTE,RECHAZADO,MALO,0.0,,SIN_CUENTA,0.0,0.0,0.0,RECIBO DE NOMINA,MEDIO_B,NO_CLIENTE,0,ALTO,0.0,4,99,0,0,0,0,42,FAMILIARES,PREPARATORIA,0
2.01407e+16,213,RECHAZADA,PENDIENTE,RECHAZADO,MALO,0.0,,SIN_CUENTA,0.0,0.0,0.0,RECIBO DE NOMINA,MEDIO_B,NO_CLIENTE,0,ALTO,0.0,2,101,0,0,0,0,55,RENTA,LICENCIATURA,0
2.01408e+16,227,RECHAZADA,PENDIENTE,RECHAZADO,MALO,0.0,,SIN_CUENTA,0.0,0.0,0.0,RECIBO DE NOMINA,MEDIO_A,NO_CLIENTE,0,ALTO,0.0,4,89,0,0,0,0,27,PROPIA,LICENCIATURA,0
2.01407e+16,184,RECHAZADA,PENDIENTE,RECHAZADO,MALO,0.0,,SIN_CUENTA,0.0,0.0,0.0,RECIBO DE NOMINA,MEDIO_A,NO_CLIENTE,0,ALTO,0.0,2,91,0,0,0,0,42,HIPOTECA,PREPARATORIA,0
2.01406e+16,171,RECHAZADA,PENDIENTE,RECHAZADO,MALO,0.0,,0,0.0,0.0,0.0,INVERSIONES,MEDIO_B,NO_CLIENTE,0,ALTO,0.0,5,92,0,4014,280,0,42,RENTA,LICENCIATURA,0
2.01408e+16,212,RECHAZADA,PENDIENTE,RECHAZADO,MALO,0.0,,SIN_CUENTA,0.0,0.0,0.0,INVERSIONES,ALTO_B,NO_CLIENTE,0,ALTO,0.0,5,92,0,0,0,0,36,RENTA,POSGRADO,0
2.01408e+16,184,RECHAZADA,PENDIENTE,RECHAZADO,MALO,0.0,,0,0.0,0.0,0.0,RECIBO DE NOMINA,MEDIO_B,NO_CLIENTE,15,ALTO,0.0,5,95,0,0,0,0,34,FAMILIARES,PREPARATORIA,0
2.01408e+16,176,RECHAZADA,PENDIENTE,RECHAZADO,MALO,0.0,,SIN_CUENTA,0.0,0.0,0.0,INVERSIONES,ALTO_B,NO_CLIENTE,0,ALTO,0.0,4,96,0,0,0,0,28,FAMILIARES,POSGRADO,0
2.01408e+16,244,RECHAZADA,PENDIENTE,RECHAZADO,MALO,0.0,,SIN_CUENTA,0.0,0.0,0.0,RECIBO DE NOMINA,ALTO_B,NO_CLIENTE,0,ALTO,0.0,4,99,0,0,0,0,35,HIPOTECA,POSGRADO,0
2.01407e+16,241,RECHAZADA,PENDIENTE,RECHAZADO,MALO,0.0,,SIN_CUENTA,0.0,0.0,0.0,INVERSIONES,MEDIO_B,NO_CLIENTE,0,ALTO,0.0,3,100,0,0,0,0,37,RENTA,LICENCIATURA,0
2.01408e+16,219,RECHAZADA,PENDIENTE,RECHAZADO,MALO,0.0,,SIN_CUENTA,0.0,0.0,0.0,RECIBO DE NOMINA,MEDIO_A,NO_CLIENTE,0,ALTO,0.0,3,100,0,0,0,0,53,HIPOTECA,LICENCIATURA,0
2.01406e+16,188,RECHAZADA,PENDIENTE,RECHAZADO,MALO,0.0,,SIN_CUENTA,0.0,0.0,0.0,RECIBO DE NOMINA,MEDIO_A,NO_CLIENTE,0,ALTO,0.0,3,101,0,0,0,0,48,HIPOTECA,LICENCIATURA,0
2.01407e+16,229,RECHAZADA,PENDIENTE,RECHAZADO,MALO,0.0,,SIN_CUENTA,0.0,0.0,0.0,RECIBO DE NOMINA,MEDIO_B,NO_CLIENTE,0,ALTO,0.0,3,101,0,0,0,0,51,FAMILIARES,PREPARATORIA,0
2.01408e+16,193,RECHAZADA,PENDIENTE,RECHAZADO,MALO,0.0,,SIN_CUENTA,0.0,0.0,0.0,RECIBO DE NOMINA,MEDIO_B,NO_CLIENTE,0,ALTO,0.0,2,90,0,0,0,0,46,FAMILIARES,PREPARATORIA,0
2.01407e+16,199,RECHAZADA,PENDIENTE,RECHAZADO,MALO,0.0,,0,0.0,0.0,0.0,INVERSIONES,ALTO_A,NO_CLIENTE,0,ALTO,0.0,3,92,0,5866,280,0,39,PROPIA,POSGRADO,0
2.01407e+16,187,RECHAZADA,PENDIENTE,RECHAZADO,MALO,0.0,,SIN_CUENTA,0.0,0.0,0.0,INVERSIONES,ALTO_A,NO_CLIENTE,0,ALTO,0.0,3,96,0,0,0,0,49,PROPIA,POSGRADO,0
2.01407e+16,234,RECHAZADA,PENDIENTE,RECHAZADO,MALO,0.0,,SIN_CUENTA,0.0,0.0,0.0,RECIBO DE NOMINA,ALTO_B,NO_CLIENTE,0,ALTO,0.0,2,97,0,0,0,0,47,HIPOTECA,POSGRADO,0
2.01408e+16,258,RECHAZADA,PENDIENTE,RECHAZADO,MALO,0.0,,SIN_CUENTA,0.0,0.0,0.0,RECIBO DE NOMINA,MEDIO_A,NO_CLIENTE,0,ALTO,0.0,2,98,0,0,0,0,45,HIPOTECA,LICENCIATURA,0
2.01408e+16,215,RECHAZADA,PENDIENTE,RECHAZADO,MALO,0.0,,SIN_CUENTA,0.0,0.0,0.0,RECIBO DE NOMINA,ALTO_B,NO_CLIENTE,0,ALTO,0.0,1,98,0,0,0,0,35,FAMILIARES,POSGRADO,0
2.01408e+16,200,RECHAZADA,PENDIENTE,RECHAZADO,MALO,0.0,,SIN_CUENTA,0.0,0.0,0.0,RECIBO DE NOMINA,BAJO_B,NO_CLIENTE,0,ALTO,0.0,3,99,0,0,0,0,46,FAMILIARES,SECUNDARIA,0
2.01408e+16,189,RECHAZADA,PENDIENTE,RECHAZADO,MALO,0.0,,SIN_CUENTA,0.0,0.0,0.0,RECIBO DE NOMINA,MEDIO_B,NO_CLIENTE,0,ALTO,0.0,2,99,0,0,0,0,54,RENTA,PREPARATORIA,0
2.01408e+16,213,RECHAZADA,PENDIENTE,RECHAZADO,MALO,0.0,,SIN_CUENTA,0.0,0.0,0.0,RECIBO DE NOMINA,BAJO_B,NO_CLIENTE,0,ALTO,0.0,0,101,0,0,0,0,25,RENTA,SECUNDARIA,0
2.01407e+16,250,RECHAZADA,PENDIENTE,RECHAZADO,MALO,0.0,,SIN_CUENTA,0.0,0.0,0.0,INVERSIONES,MEDIO_A,NO_CLIENTE,0,ALTO,0.0,3,93,0,0,0,0,60,HIPOTECA,LICENCIATURA,0
2.01408e+16,219,RECHAZADA,PENDIENTE,RECHAZADO,MALO,0.0,,SIN_CUENTA,0.0,0.0,0.0,INVERSIONES,MEDIO_A,NO_CLIENTE,0,ALTO,0.0,3,94,0,0,0,0,26,HIPOTECA,PREPARATORIA,0
2.01407e+16,202,RECHAZADA,PENDIENTE,RECHAZADO,MALO,0.0,,SIN_CUENTA,0.0,0.0,0.0,RECIBO DE NOMINA,MEDIO_A,NO_CLIENTE,0,ALTO,0.0,2,95,0,0,0,0,49,HIPOTECA,PREPARATORIA,0
2.01407e+16,252,RECHAZADA,PENDIENTE,RECHAZADO,MALO,0.0,,SIN_CUENTA,0.0,0.0,0.0,INVERSIONES,MEDIO_A,NO_CLIENTE,0,ALTO,0.0,2,96,0,0,0,0,53,PROPIA,LICENCIATURA,0
2.01407e+16,188,RECHAZADA,PENDIENTE,RECHAZADO,MALO,0.0,,SIN_CUENTA,0.0,0.0,0.0,INVERSIONES,ALTO_A,NO_CLIENTE,0,ALTO,0.0,3,97,0,0,0,0,53,PROPIA,POSGRADO,0
2.01408e+16,268,RECHAZADA,PENDIENTE,RECHAZADO,MALO,0.0,,SIN_CUENTA,0.0,0.0,0.0,RECIBO DE NOMINA,ALTO_B,NO_CLIENTE,0,ALTO,0.0,2,97,0,0,0,0,42,HIPOTECA,POSGRADO,0
2.01408e+16,248,RECHAZADA,PENDIENTE,RECHAZADO,MALO,0.0,,0,0.0,0.0,0.0,INVERSIONES,MEDIO_A,NO_CLIENTE,0,ALTO,0.0,3,91,0,3051,380,0,52,HIPOTECA,LICENCIATURA,0
2.01408e+16,213,RECHAZADA,PENDIENTE,RECHAZADO,MALO,0.0,,SIN_CUENTA,0.0,0.0,0.0,RECIBO DE NOMINA,MEDIO_A,NO_CLIENTE,0,ALTO,0.0,3,94,0,0,0,0,44,PROPIA,LICENCIATURA,0
2.01408e+16,190,RECHAZADA,PENDIENTE,RECHAZADO,MALO,0.0,,SIN_CUENTA,0.0,0.0,0.0,RECIBO DE NOMINA,ALTO_B,NO_CLIENTE,0,ALTO,0.0,5,97,0,0,0,0,50,RENTA,POSGRADO,0
2.01407e+16,170,RECHAZADA,PENDIENTE,RECHAZADO,MALO,0.0,,SIN_CUENTA,0.0,0.0,0.0,RECIBO DE NOMINA,MEDIO_A,NO_CLIENTE,0,ALTO,0.0,3,98,0,0,0,0,35,HIPOTECA,LICENCIATURA,0
2.01408e+16,218,RECHAZADA,PENDIENTE,RECHAZADO,MALO,0.0,,SIN_CUENTA,0.0,0.0,0.0,RECIBO DE NOMINA,MEDIO_B,NO_CLIENTE,0,ALTO,0.0,3,90,0,0,0,0,52,FAMILIARES,PREPARATORIA,0
2.01407e+16,246,RECHAZADA,PENDIENTE,RECHAZADO,MALO,0.0,,SIN_CUENTA,0.0,0.0,0.0,INVERSIONES,MEDIO_B,NO_CLIENTE,0,ALTO,0.0,2,93,0,0,0,0,47,RENTA,LICENCIATURA,0
2.01407e+16,211,RECHAZADA,PENDIENTE,RECHAZADO,MALO,0.0,,SIN_CUENTA,0.0,0.0,0.0,RECIBO DE NOMINA,MEDIO_B,NO_CLIENTE,0,ALTO,0.0,5,93,0,0,0,0,60,RENTA,LICENCIATURA,0
2.01407e+16,186,RECHAZADA,PENDIENTE,RECHAZADO,MALO,0.0,,SIN_CUENTA,0.0,0.0,0.0,RECIBO DE NOMINA,MEDIO_A,NO_CLIENTE,0,ALTO,0.0,4,95,0,0,0,0,50,HIPOTECA,PREPARATORIA,0
2.01408e+16,171,RECHAZADA,PENDIENTE,RECHAZADO,MALO,0.0,,SIN_CUENTA,0.0,0.0,0.0,RECIBO DE NOMINA,MEDIO_A,NO_CLIENTE,0,ALTO,0.0,4,97,0,0,0,0,49,HIPOTECA,LICENCIATURA,0
2.01407e+16,208,RECHAZADA,PENDIENTE,RECHAZADO,MALO,0.0,,2,0.0,0.0,0.0,INVERSIONES,MEDIO_A,NO_CLIENTE,0,ALTO,0.0,4,98,0,23896,0,0,45,HIPOTECA,PREPARATORIA,0
2.01408e+16,224,RECHAZADA,PENDIENTE,RECHAZADO,MALO,0.0,,SIN_CUENTA,0.0,0.0,0.0,RECIBO DE NOMINA,MEDIO_A,NO_CLIENTE,0,ALTO,0.0,3,98,0,0,0,0,39,HIPOTECA,PREPARATORIA,0
2.01408e+16,219,RECHAZADA,PENDIENTE,RECHAZADO,MALO,0.0,,0,0.0,0.0,0.0,INVERSIONES,MEDIO_A,NO_CLIENTE,15000,ALTO,0.0,5,89,0,13161,0,0,45,HIPOTECA,PREPARATORIA,0
2.01408e+16,269,RECHAZADA,PENDIENTE,RECHAZADO,MALO,0.0,,SIN_CUENTA,0.0,0.0,0.0,RECIBO DE NOMINA,MEDIO_A,NO_CLIENTE,0,ALTO,0.0,4,90,0,0,0,0,30,HIPOTECA,PREPARATORIA,0
2.01408e+16,182,RECHAZADA,PENDIENTE,RECHAZADO,MALO,0.0,,0,0.0,0.0,0.0,INVERSIONES,MEDIO_A,NO_CLIENTE,5000,ALTO,0.0,4,91,0,1743,0,0,32,PROPIA,LICENCIATURA,0
2.01408e+16,190,RECHAZADA,PENDIENTE,RECHAZADO,MALO,0.0,,SIN_CUENTA,0.0,0.0,0.0,RECIBO DE NOMINA,MEDIO_A,NO_CLIENTE,0,ALTO,0.0,4,91,0,0,0,0,49,HIPOTECA,LICENCIATURA,0
2.01408e+16,245,RECHAZADA,PENDIENTE,RECHAZADO,MALO,0.0,,SIN_CUENTA,0.0,0.0,0.0,RECIBO DE NOMINA,ALTO_B,NO_CLIENTE,0,ALTO,0.0,5,92,0,0,0,0,49,HIPOTECA,POSGRADO,0
2.01408e+16,226,RECHAZADA,PENDIENTE,RECHAZADO,MALO,0.0,,SIN_CUENTA,0.0,0.0,0.0,RECIBO DE NOMINA,MEDIO_A,NO_CLIENTE,0,ALTO,0.0,3,92,0,0,0,0,25,PROPIA,LICENCIATURA,0
2.01407e+16,196,RECHAZADA,PENDIENTE,RECHAZADO,MALO,0.0,,SIN_CUENTA,0.0,0.0,0.0,RECIBO DE NOMINA,MEDIO_B,NO_CLIENTE,0,ALTO,0.0,3,94,0,0,0,0,52,RENTA,PREPARATORIA,0
2.01408e+16,181,RECHAZADA,PENDIENTE,RECHAZADO,MALO,0.0,,SIN_CUENTA,0.0,0.0,0.0,RECIBO DE NOMINA,MEDIO_B,NO_CLIENTE,0,ALTO,0.0,2,94,0,0,0,0,39,FAMILIARES,LICENCIATURA,0
2.01406e+16,252,RECHAZADA,PENDIENTE,RECHAZADO,MALO,0.0,,SIN_CUENTA,0.0,0.0,0.0,RECIBO DE NOMINA,MEDIO_A,NO_CLIENTE,0,ALTO,0.0,3,95,0,0,0,0,42,HIPOTECA,PREPARATORIA,0
2.01408e+16,182,RECHAZADA,PENDIENTE,RECHAZADO,MALO,0.0,,SIN_CUENTA,0.0,0.0,0.0,RECIBO DE NOMINA,ALTO_B,NO_CLIENTE,0,ALTO,0.0,5,97,0,0,0,0,44,RENTA,POSGRADO,0
2.01407e+16,267,RECHAZADA,PENDIENTE,RECHAZADO,MALO,0.0,,SIN_CUENTA,0.0,0.0,0.0,INVERSIONES,ALTO_B,NO_CLIENTE,0,ALTO,0.0,2,99,0,0,0,0,50,FAMILIARES,POSGRADO,0
2.01408e+16,173,RECHAZADA,PENDIENTE,RECHAZADO,MALO,0.0,,0,0.0,0.0,0.0,RECIBO DE NOMINA,MEDIO_A,NO_CLIENTE,0,ALTO,0.0,2,99,0,730,0,0,57,HIPOTECA,LICENCIATURA,0
2.01408e+16,212,RECHAZADA,PENDIENTE,RECHAZADO,MALO,0.0,,SIN_CUENTA,0.0,0.0,0.0,INVERSIONES,BAJO_B,NO_CLIENTE,0,ALTO,0.0,0,100,0,0,0,0,40,FAMILIARES,SECUNDARIA,0
2.01408e+16,173,RECHAZADA,PENDIENTE,RECHAZADO,MALO,0.0,,SIN_CUENTA,0.0,0.0,0.0,RECIBO DE NOMINA,ALTO_B,NO_CLIENTE,0,ALTO,0.0,0,101,0,0,0,0,34,FAMILIARES,POSGRADO,0
2.01407e+16,194,RECHAZADA,PENDIENTE,RECHAZADO,MALO,0.0,,SIN_CUENTA,0.0,0.0,0.0,RECIBO DE NOMINA,MEDIO_B,NO_CLIENTE,0,ALTO,0.0,5,89,0,0,0,0,53,FAMILIARES,LICENCIATURA,0
2.01407e+16,208,RECHAZADA,PENDIENTE,RECHAZADO,MALO,0.0,,SIN_CUENTA,0.0,0.0,0.0,INVERSIONES,ALTO_B,NO_CLIENTE,0,ALTO,0.0,3,90,0,0,0,0,53,HIPOTECA,POSGRADO,0
2.01408e+16,182,RECHAZADA,PENDIENTE,RECHAZADO,MALO,0.0,,SIN_CUENTA,0.0,0.0,38448.0,RECIBO DE NOMINA,ALTO_B,CLIENTE_BANCO,0,ALTO,0.0,5,94,0,0,0,0,41,FAMILIARES,PREPARATORIA,0
2.01408e+16,189,RECHAZADA,PENDIENTE,RECHAZADO,MALO,0.0,,SIN_CUENTA,0.0,0.0,0.0,DECLARACION ANUAL,ALTO_A,NO_CLIENTE,0,ALTO,0.0,3,95,0,0,0,0,52,PROPIA,POSGRADO,0
2.01408e+16,213,RECHAZADA,PENDIENTE,RECHAZADO,MALO,0.0,,SIN_CUENTA,0.0,0.0,0.0,RECIBO DE NOMINA,MEDIO_B,NO_CLIENTE,0,ALTO,0.0,1,97,0,0,0,0,41,RENTA,PREPARATORIA,0
2.01408e+16,224,RECHAZADA,PENDIENTE,RECHAZADO,MALO,0.0,,SIN_CUENTA,0.0,0.0,0.0,RECIBO DE NOMINA,ALTO_B,NO_CLIENTE,0,ALTO,0.0,4,99,0,0,0,0,40,HIPOTECA,POSGRADO,0
2.01407e+16,180,RECHAZADA,PENDIENTE,RECHAZADO,MALO,0.0,,0,0.0,0.0,0.0,INVERSIONES,ALTO_B,NO_CLIENTE,0,ALTO,0.0,1,100,0,256,256,0,30,HIPOTECA,POSGRADO,0
2.01408e+16,249,RECHAZADA,PENDIENTE,RECHAZADO,MALO,0.0,,SIN_CUENTA,0.0,0.0,0.0,RECIBO DE NOMINA,ALTO_B,NO_CLIENTE,0,ALTO,0.0,0,101,0,0,0,0,35,RENTA,POSGRADO,0
2.01408e+16,249,RECHAZADA,PENDIENTE,RECHAZADO,MALO,0.0,,1,0.0,0.0,0.0,INVERSIONES,MEDIO_A,NO_CLIENTE,57000,ALTO,0.0,0,101,0,3303,0,0,29,HIPOTECA,LICENCIATURA,0
2.01407e+16,239,RECHAZADA,PENDIENTE,RECHAZADO,MALO,0.0,,SIN_CUENTA,0.0,0.0,0.0,RECIBO DE NOMINA,MEDIO_B,NO_CLIENTE,0,ALTO,0.0,5,91,0,0,0,0,59,FAMILIARES,LICENCIATURA,0
2.01408e+16,221,RECHAZADA,PENDIENTE,RECHAZADO,MALO,0.0,,0,0.0,0.0,0.0,INVERSIONES,MEDIO_B,NO_CLIENTE,12000,ALTO,0.0,4,95,0,6532,470,0,59,FAMILIARES,PREPARATORIA,0
2.01408e+16,216,RECHAZADA,PENDIENTE,RECHAZADO,MALO,0.0,,SIN_CUENTA,0.0,0.0,0.0,INVERSIONES,MEDIO_A,NO_CLIENTE,0,ALTO,0.0,3,97,0,0,0,0,51,HIPOTECA,LICENCIATURA,0
2.01408e+16,192,RECHAZADA,PENDIENTE,RECHAZADO,MALO,0.0,,SIN_CUENTA,0.0,0.0,0.0,RECIBO DE NOMINA,BAJO_B,NO_CLIENTE,0,ALTO,0.0,3,98,0,0,0,0,30,RENTA,SECUNDARIA,0
2.01407e+16,176,RECHAZADA,PENDIENTE,RECHAZADO,MALO,0.0,,SIN_CUENTA,0.0,0.0,0.0,RECIBO DE NOMINA,MEDIO_B,NO_CLIENTE,0,ALTO,0.0,4,99,0,0,0,0,33,RENTA,LICENCIATURA,0
2.01406e+16,207,RECHAZADA,PENDIENTE,RECHAZADO,MALO,0.0,,SIN_CUENTA,0.0,0.0,0.0,RECIBO DE NOMINA,ALTO_B,NO_CLIENTE,0,ALTO,0.0,4,100,0,0,0,0,42,FAMILIARES,POSGRADO,0
2.01407e+16,221,RECHAZADA,PENDIENTE,RECHAZADO,MALO,0.0,,SIN_CUENTA,0.0,0.0,0.0,RECIBO DE NOMINA,ALTO_B,NO_CLIENTE,0,ALTO,0.0,2,101,0,0,0,0,40,HIPOTECA,POSGRADO,0
2.01407e+16,223,RECHAZADA,PENDIENTE,RECHAZADO,MALO,0.0,,3,0.0,0.0,0.0,INVERSIONES,BAJO_B,NO_CLIENTE,0,ALTO,0.0,4,89,0,14182,0,0,41,FAMILIARES,SECUNDARIA,0
2.01407e+16,255,RECHAZADA,PENDIENTE,RECHAZADO,MALO,0.0,,0,0.0,0.0,0.0,INVERSIONES,ALTO_B,NO_CLIENTE,0,ALTO,0.0,4,93,0,10921,660,0,60,FAMILIARES,POSGRADO,0
2.01408e+16,175,RECHAZADA,PENDIENTE,RECHAZADO,MALO,0.0,,0,0.0,0.0,0.0,INVERSIONES,MEDIO_A,NO_CLIENTE,67000,ALTO,0.0,4,93,0,2702,840,0,49,HIPOTECA,PREPARATORIA,0
2.01407e+16,243,RECHAZADA,PENDIENTE,RECHAZADO,MALO,0.0,,SIN_CUENTA,0.0,0.0,0.0,RECIBO DE NOMINA,MEDIO_B,NO_CLIENTE,0,ALTO,0.0,4,96,0,0,0,0,58,FAMILIARES,LICENCIATURA,0
2.01407e+16,241,RECHAZADA,PENDIENTE,RECHAZADO,MALO,0.0,,SIN_CUENTA,0.0,0.0,0.0,RECIBO DE NOMINA,MEDIO_B,NO_CLIENTE,0,ALTO,0.0,2,97,0,0,0,0,26,RENTA,PREPARATORIA,0
2.01407e+16,179,RECHAZADA,PENDIENTE,RECHAZADO,MALO,0.0,,1,0.0,0.0,0.0,INVERSIONES,MEDIO_B,NO_CLIENTE,0,ALTO,0.0,1,98,0,53167,0,0,37,RENTA,PREPARATORIA,0
2.01408e+16,212,RECHAZADA,PENDIENTE,RECHAZADO,MALO,0.0,,SIN_CUENTA,0.0,0.0,0.0,RECIBO DE NOMINA,ALTO_A,NO_CLIENTE,0,ALTO,0.0,5,99,0,0,0,0,60,PROPIA,POSGRADO,0
2.01406e+16,245,RECHAZADA,PENDIENTE,RECHAZADO,MALO,0.0,,0,0.0,0.0,0.0,INVERSIONES,MEDIO_B,NO_CLIENTE,0,ALTO,0.0,3,101,0,39370,2330,0,45,RENTA,LICENCIATURA,0
2.01407e+16,271,RECHAZADA,PENDIENTE,RECHAZADO,MALO,0.0,,SIN_CUENTA,0.0,0.0,0.0,INVERSIONES,MEDIO_A,NO_CLIENTE,0,ALTO,0.0,0,101,0,0,0,0,54,HIPOTECA,LICENCIATURA,0
2.01408e+16,225,RECHAZADA,PENDIENTE,RECHAZADO,MALO,0.0,,SIN_CUENTA,0.0,0.0,0.0,INVERSIONES,MEDIO_B,NO_CLIENTE,0,ALTO,0.0,1,101,0,0,0,0,57,RENTA,LICENCIATURA,0
2.01407e+16,232,RECHAZADA,PENDIENTE,RECHAZADO,MALO,0.0,,SIN_CUENTA,0.0,0.0,0.0,INVERSIONES,MEDIO_B,NO_CLIENTE,0,ALTO,0.0,4,89,0,0,0,0,50,RENTA,LICENCIATURA,0
2.01408e+16,261,RECHAZADA,PENDIENTE,RECHAZADO,MALO,0.0,,SIN_CUENTA,0.0,0.0,0.0,INVERSIONES,MEDIO_B,NO_CLIENTE,0,ALTO,0.0,2,90,0,0,0,0,36,FAMILIARES,PREPARATORIA,0
2.01408e+16,261,RECHAZADA,PENDIENTE,RECHAZADO,MALO,0.0,,SIN_CUENTA,0.0,0.0,0.0,INVERSIONES,MEDIO_B,NO_CLIENTE,0,ALTO,0.0,4,90,0,0,0,0,30,RENTA,PREPARATORIA,0
2.01407e+16,247,RECHAZADA,PENDIENTE,RECHAZADO,MALO,0.0,,SIN_CUENTA,0.0,0.0,0.0,INVERSIONES,ALTO_B,NO_CLIENTE,0,ALTO,0.0,2,91,0,0,0,0,57,RENTA,POSGRADO,0
2.01408e+16,268,RECHAZADA,PENDIENTE,RECHAZADO,MALO,0.0,,SIN_CUENTA,0.0,0.0,0.0,INVERSIONES,MEDIO_A,NO_CLIENTE,0,ALTO,0.0,2,95,0,0,0,0,26,HIPOTECA,LICENCIATURA,0
2.01408e+16,215,RECHAZADA,PENDIENTE,RECHAZADO,MALO,0.0,,SIN_CUENTA,0.0,0.0,0.0,RECIBO DE NOMINA,MEDIO_B,NO_CLIENTE,0,ALTO,0.0,3,95,0,0,0,0,37,RENTA,LICENCIATURA,0
2.01407e+16,210,RECHAZADA,PENDIENTE,RECHAZADO,MALO,0.0,,SIN_CUENTA,0.0,0.0,0.0,SIN COMPROBANTE,MEDIO_A,NO_CLIENTE,0,ALTO,0.0,2,98,0,0,0,0,46,HIPOTECA,LICENCIATURA,0
2.01407e+16,179,RECHAZADA,PENDIENTE,RECHAZADO,MALO,0.0,,SIN_CUENTA,0.0,0.0,0.0,RECIBO DE NOMINA,MEDIO_B,NO_CLIENTE,0,ALTO,0.0,3,98,0,0,0,0,44,RENTA,PREPARATORIA,0
2.01408e+16,229,RECHAZADA,PENDIENTE,RECHAZADO,MALO,0.0,,SIN_CUENTA,0.0,0.0,0.0,INVERSIONES,MEDIO_B,NO_CLIENTE,0,ALTO,0.0,1,101,0,0,0,0,49,RENTA,LICENCIATURA,0
2.01408e+16,193,RECHAZADA,PENDIENTE,RECHAZADO,MALO,0.0,,SIN_CUENTA,0.0,0.0,0.0,RECIBO DE NOMINA,MEDIO_A,NO_CLIENTE,0,ALTO,0.0,5,91,0,0,0,0,46,HIPOTECA,LICENCIATURA,0
2.01407e+16,249,RECHAZADA,PENDIENTE,RECHAZADO,MALO,0.0,,2,0.0,0.0,0.0,INVERSIONES,MEDIO_B,NO_CLIENTE,0,ALTO,0.0,1,94,0,20588,0,0,51,FAMILIARES,PREPARATORIA,0
2.01407e+16,202,RECHAZADA,PENDIENTE,RECHAZADO,MALO,0.0,,2,0.0,0.0,0.0,INVERSIONES,MEDIO_B,NO_CLIENTE,0,ALTO,0.0,4,96,0,6129,390,0,31,RENTA,PREPARATORIA,0
2.01408e+16,182,RECHAZADA,PENDIENTE,RECHAZADO,MALO,0.0,,SIN_CUENTA,0.0,0.0,0.0,INVERSIONES,MEDIO_B,NO_CLIENTE,0,ALTO,0.0,3,96,0,0,0,0,41,RENTA,PREPARATORIA,0
2.01406e+16,222,RECHAZADA,PENDIENTE,RECHAZADO,MALO,0.0,,SIN_CUENTA,0.0,0.0,0.0,INVERSIONES,MEDIO_A,NO_CLIENTE,0,ALTO,0.0,2,97,0,0,0,0,28,PROPIA,LICENCIATURA,0
2.01407e+16,176,RECHAZADA,PENDIENTE,RECHAZADO,MALO,0.0,,1,0.0,0.0,0.0,INVERSIONES,MEDIO_A,NO_CLIENTE,167500,ALTO,0.0,3,99,0,4737,880,0,49,HIPOTECA,PREPARATORIA,0
2.01408e+16,180,RECHAZADA,PENDIENTE,RECHAZADO,MALO,0.0,,SIN_CUENTA,0.0,0.0,0.0,INVERSIONES,ALTO_B,NO_CLIENTE,0,ALTO,0.0,0,100,0,0,0,0,42,RENTA,POSGRADO,0
2.01408e+16,268,RECHAZADA,PENDIENTE,RECHAZADO,MALO,0.0,,SIN_CUENTA,0.0,0.0,0.0,RECIBO DE NOMINA,MEDIO_A,NO_CLIENTE,0,ALTO,0.0,4,92,0,0,0,0,50,HIPOTECA,PREPARATORIA,0
2.01408e+16,228,RECHAZADA,PENDIENTE,RECHAZADO,MALO,0.0,,SIN_CUENTA,0.0,0.0,0.0,INVERSIONES,BAJO_B,NO_CLIENTE,0,ALTO,0.0,5,93,0,0,0,0,41,RENTA,SECUNDARIA,0
2.01408e+16,254,RECHAZADA,PENDIENTE,RECHAZADO,MALO,0.0,,SIN_CUENTA,0.0,0.0,0.0,RECIBO DE NOMINA,MEDIO_A,NO_CLIENTE,0,ALTO,0.0,2,93,0,0,0,0,39,PROPIA,LICENCIATURA,0
2.01408e+16,183,RECHAZADA,PENDIENTE,RECHAZADO,MALO,0.0,,0,0.0,0.0,0.0,RECIBO DE NOMINA,MEDIO_A,NO_CLIENTE,26000,ALTO,0.0,4,95,0,0,0,0,34,HIPOTECA,LICENCIATURA,0
2.01408e+16,182,RECHAZADA,PENDIENTE,RECHAZADO,MALO,0.0,,SIN_CUENTA,0.0,0.0,0.0,RECIBO DE NOMINA,MEDIO_B,NO_CLIENTE,0,ALTO,0.0,4,100,0,0,0,0,46,RENTA,PREPARATORIA,0
2.01406e+16,234,RECHAZADA,PENDIENTE,RECHAZADO,MALO,0.0,,2,0.0,0.0,0.0,INVERSIONES,MEDIO_B,NO_CLIENTE,0,ALTO,0.0,2,101,0,5789,250,0,30,RENTA,PREPARATORIA,0
2.01407e+16,278,RECHAZADA,PENDIENTE,RECHAZADO,MALO,0.0,,SIN_CUENTA,0.0,0.0,0.0,RECIBO DE NOMINA,ALTO_A,NO_CLIENTE,0,ALTO,0.0,5,89,0,0,0,0,49,PROPIA,POSGRADO,0
2.01407e+16,204,RECHAZADA,PENDIENTE,RECHAZADO,MALO,0.0,,SIN_CUENTA,0.0,0.0,0.0,RECIBO DE NOMINA,MEDIO_A,NO_CLIENTE,0,ALTO,0.0,4,91,0,0,0,0,45,HIPOTECA,PREPARATORIA,0
2.01408e+16,182,RECHAZADA,PENDIENTE,RECHAZADO,MALO,0.0,,SIN_CUENTA,0.0,0.0,0.0,INVERSIONES,MEDIO_A,NO_CLIENTE,0,ALTO,0.0,2,94,0,0,0,0,33,HIPOTECA,LICENCIATURA,0
2.01408e+16,178,RECHAZADA,PENDIENTE,RECHAZADO,MALO,0.0,,0,0.0,0.0,0.0,RECIBO DE NOMINA,MEDIO_B,NO_CLIENTE,3000,ALTO,0.0,4,97,0,3080,280,0,29,FAMILIARES,PREPARATORIA,0
2.01407e+16,255,RECHAZADA,PENDIENTE,RECHAZADO,MALO,0.0,,SIN_CUENTA,0.0,0.0,0.0,RECIBO DE NOMINA,MEDIO_B,NO_CLIENTE,0,ALTO,0.0,4,99,0,0,0,0,37,FAMILIARES,PREPARATORIA,0
2.01407e+16,234,RECHAZADA,PENDIENTE,RECHAZADO,MALO,0.0,,SIN_CUENTA,0.0,0.0,0.0,INVERSIONES,MEDIO_A,NO_CLIENTE,0,ALTO,0.0,3,99,0,0,0,0,51,HIPOTECA,LICENCIATURA,0
2.01408e+16,197,RECHAZADA,PENDIENTE,RECHAZADO,MALO,0.0,,0,0.0,0.0,0.0,INVERSIONES,ALTO_B,NO_CLIENTE,26500,ALTO,0.0,3,100,0,21574,1110,0,25,FAMILIARES,POSGRADO,0
2.01408e+16,265,RECHAZADA,PENDIENTE,RECHAZADO,MALO,0.0,,SIN_CUENTA,0.0,0.0,0.0,RECIBO DE NOMINA,ALTO_B,NO_CLIENTE,0,ALTO,0.0,0,101,0,0,0,0,60,RENTA,POSGRADO,0
2.01408e+16,256,RECHAZADA,PENDIENTE,RECHAZADO,MALO,0.0,,SIN_CUENTA,0.0,0.0,0.0,RECIBO DE NOMINA,MEDIO_A,NO_CLIENTE,0,ALTO,0.0,5,89,0,0,0,0,55,PROPIA,LICENCIATURA,0
2.01408e+16,256,RECHAZADA,PENDIENTE,RECHAZADO,MALO,0.0,,SIN_CUENTA,0.0,0.0,0.0,RECIBO DE NOMINA,ALTO_A,NO_CLIENTE,0,ALTO,0.0,4,91,0,0,0,0,51,PROPIA,POSGRADO,0
2.01408e+16,221,RECHAZADA,PENDIENTE,RECHAZADO,MALO,0.0,,SIN_CUENTA,0.0,0.0,0.0,RECIBO DE NOMINA,ALTO_A,NO_CLIENTE,0,ALTO,0.0,3,94,0,0,0,0,53,PROPIA,POSGRADO,0
2.01408e+16,213,RECHAZADA,PENDIENTE,RECHAZADO,MALO,0.0,,SIN_CUENTA,0.0,0.0,0.0,RECIBO DE NOMINA,MEDIO_B,NO_CLIENTE,0,ALTO,0.0,5,94,0,0,0,0,40,FAMILIARES,LICENCIATURA,0
2.01407e+16,268,RECHAZADA,PENDIENTE,RECHAZADO,MALO,0.0,,SIN_CUENTA,0.0,0.0,0.0,RECIBO DE NOMINA,MEDIO_B,NO_CLIENTE,0,ALTO,0.0,3,95,0,0,0,0,38,FAMILIARES,PREPARATORIA,0
2.01408e+16,266,RECHAZADA,PENDIENTE,RECHAZADO,MALO,0.0,,SIN_CUENTA,0.0,0.0,0.0,RECIBO DE NOMINA,ALTO_B,NO_CLIENTE,0,ALTO,0.0,5,89,0,0,0,0,53,RENTA,POSGRADO,0
2.01408e+16,250,RECHAZADA,PENDIENTE,RECHAZADO,MALO,0.0,,SIN_CUENTA,0.0,0.0,0.0,RECIBO DE NOMINA,MEDIO_B,NO_CLIENTE,0,ALTO,0.0,3,90,0,0,0,0,51,FAMILIARES,LICENCIATURA,0
2.01408e+16,225,RECHAZADA,PENDIENTE,RECHAZADO,MALO,0.0,,SIN_CUENTA,0.0,0.0,0.0,RECIBO DE NOMINA,MEDIO_A,NO_CLIENTE,0,ALTO,0.0,2,91,0,0,0,0,59,HIPOTECA,LICENCIATURA,0
2.01407e+16,219,RECHAZADA,PENDIENTE,RECHAZADO,MALO,0.0,,0,0.0,0.0,0.0,INVERSIONES,MEDIO_A,NO_CLIENTE,0,ALTO,0.0,3,92,0,6646,750,0,28,PROPIA,LICENCIATURA,0
2.01404e+16,233,RECHAZADA,PENDIENTE,RECHAZADO,MALO,0.0,,2,0.0,0.0,0.0,INVERSIONES,MEDIO_A,NO_CLIENTE,0,ALTO,0.0,3,93,0,45114,2270,0,52,HIPOTECA,PREPARATORIA,0
2.01407e+16,265,RECHAZADA,PENDIENTE,RECHAZADO,MALO,0.0,,SIN_CUENTA,0.0,0.0,0.0,INVERSIONES,ALTO_B,NO_CLIENTE,0,ALTO,0.0,2,93,0,0,0,0,41,HIPOTECA,POSGRADO,0
2.01407e+16,256,RECHAZADA,PENDIENTE,RECHAZADO,MALO,0.0,,SIN_CUENTA,0.0,0.0,0.0,RECIBO DE NOMINA,MEDIO_A,NO_CLIENTE,0,ALTO,0.0,4,97,0,0,0,0,50,HIPOTECA,PREPARATORIA,0
2.01407e+16,252,RECHAZADA,PENDIENTE,RECHAZADO,MALO,0.0,,SIN_CUENTA,0.0,0.0,0.0,RECIBO DE NOMINA,MEDIO_A,NO_CLIENTE,0,ALTO,0.0,4,93,0,0,0,0,53,HIPOTECA,PREPARATORIA,0
2.01408e+16,222,RECHAZADA,PENDIENTE,RECHAZADO,MALO,0.0,,SIN_CUENTA,0.0,0.0,0.0,INVERSIONES,MEDIO_A,NO_CLIENTE,0,ALTO,0.0,3,93,0,0,0,0,59,HIPOTECA,LICENCIATURA,0
2.01407e+16,249,RECHAZADA,PENDIENTE,RECHAZADO,MALO,0.0,,SIN_CUENTA,0.0,0.0,0.0,INVERSIONES,MEDIO_B,NO_CLIENTE,0,ALTO,0.0,2,100,0,0,0,0,44,FAMILIARES,PREPARATORIA,0
2.01407e+16,204,RECHAZADA,PENDIENTE,RECHAZADO,MALO,0.0,,SIN_CUENTA,0.0,0.0,0.0,RECIBO DE NOMINA,MEDIO_A,NO_CLIENTE,0,ALTO,0.0,2,101,0,0,0,0,59,HIPOTECA,PREPARATORIA,0
2.01407e+16,219,RECHAZADA,PENDIENTE,RECHAZADO,MALO,0.0,,SIN_CUENTA,0.0,0.0,0.0,INVERSIONES,ALTO_B,NO_CLIENTE,0,ALTO,0.0,5,89,0,0,0,0,57,FAMILIARES,POSGRADO,0
2.01408e+16,250,RECHAZADA,PENDIENTE,RECHAZADO,MALO,0.0,,SIN_CUENTA,0.0,0.0,0.0,RECIBO DE NOMINA,MEDIO_A,NO_CLIENTE,0,ALTO,0.0,5,95,0,0,0,0,27,HIPOTECA,PREPARATORIA,0
2.01407e+16,256,RECHAZADA,PENDIENTE,RECHAZADO,MALO,0.0,,SIN_CUENTA,0.0,0.0,0.0,RECIBO DE NOMINA,MEDIO_B,NO_CLIENTE,0,ALTO,0.0,3,96,0,0,0,0,59,RENTA,PREPARATORIA,0
2.01407e+16,238,RECHAZADA,PENDIENTE,RECHAZADO,MALO,0.0,,SIN_CUENTA,0.0,0.0,0.0,INVERSIONES,MEDIO_B,NO_CLIENTE,0,ALTO,0.0,2,97,0,0,0,0,45,FAMILIARES,LICENCIATURA,0
2.01408e+16,187,RECHAZADA,PENDIENTE,RECHAZADO,MALO,0.0,,SIN_CUENTA,0.0,0.0,0.0,INVERSIONES,MEDIO_A,NO_CLIENTE,0,ALTO,0.0,3,98,0,0,0,0,35,PROPIA,LICENCIATURA,0
2.01407e+16,220,RECHAZADA,PENDIENTE,RECHAZADO,MALO,0.0,,SIN_CUENTA,0.0,0.0,0.0,RECIBO DE NOMINA,MEDIO_A,NO_CLIENTE,0,ALTO,0.0,3,101,0,0,0,0,32,PROPIA,LICENCIATURA,0
2.01408e+16,200,RECHAZADA,PENDIENTE,RECHAZADO,MALO,0.0,,SIN_CUENTA,0.0,0.0,0.0,RECIBO DE NOMINA,ALTO_B,NO_CLIENTE,0,ALTO,0.0,0,101,0,0,0,0,46,RENTA,POSGRADO,0
2.01406e+16,232,RECHAZADA,PENDIENTE,RECHAZADO,MALO,0.0,,SIN_CUENTA,0.0,0.0,0.0,RECIBO DE NOMINA,MEDIO_B,NO_CLIENTE,0,ALTO,0.0,0,101,0,0,0,0,37,RENTA,PREPARATORIA,0
2.01408e+16,244,RECHAZADA,PENDIENTE,RECHAZADO,MALO,0.0,,SIN_CUENTA,0.0,0.0,0.0,INVERSIONES,MEDIO_B,NO_CLIENTE,0,ALTO,0.0,5,89,0,0,0,0,46,FAMILIARES,LICENCIATURA,0
2.01408e+16,193,RECHAZADA,PENDIENTE,RECHAZADO,MALO,0.0,,SIN_CUENTA,0.0,0.0,0.0,RECIBO DE NOMINA,MEDIO_B,NO_CLIENTE,0,ALTO,0.0,3,91,0,0,0,0,31,RENTA,LICENCIATURA,0
2.01408e+16,198,RECHAZADA,PENDIENTE,RECHAZADO,MALO,0.0,,SIN_CUENTA,0.0,0.0,0.0,RECIBO DE NOMINA,MEDIO_A,NO_CLIENTE,0,ALTO,0.0,3,92,0,0,0,0,30,PROPIA,LICENCIATURA,0
2.01407e+16,245,RECHAZADA,PENDIENTE,RECHAZADO,MALO,0.0,,SIN_CUENTA,0.0,0.0,0.0,INVERSIONES,ALTO_B,NO_CLIENTE,0,ALTO,0.0,5,94,0,0,0,0,27,HIPOTECA,POSGRADO,0
2.01408e+16,217,RECHAZADA,PENDIENTE,RECHAZADO,MALO,0.0,,SIN_CUENTA,0.0,0.0,0.0,RECIBO DE NOMINA,MEDIO_B,NO_CLIENTE,0,ALTO,0.0,5,95,0,0,0,0,59,RENTA,PREPARATORIA,0
2.01408e+16,271,RECHAZADA,PENDIENTE,RECHAZADO,MALO,0.0,,1,0.0,0.0,0.0,INVERSIONES,MEDIO_A,NO_CLIENTE,5004,ALTO,0.0,4,96,0,809,0,0,56,HIPOTECA,PREPARATORIA,0
2.01408e+16,218,RECHAZADA,PENDIENTE,RECHAZADO,MALO,0.0,,SIN_CUENTA,0.0,0.0,0.0,RECIBO DE NOMINA,MEDIO_A,NO_CLIENTE,0,ALTO,0.0,2,99,0,0,0,0,32,HIPOTECA,PREPARATORIA,0
2.01408e+16,190,RECHAZADA,PENDIENTE,RECHAZADO,MALO,0.0,,1,0.0,0.0,0.0,RECIBO DE NOMINA,ALTO_B,NO_CLIENTE,11000,ALTO,0.0,2,101,0,0,0,0,51,FAMILIARES,POSGRADO,0
2.01408e+16,205,RECHAZADA,PENDIENTE,RECHAZADO,MALO,0.0,,SIN_CUENTA,0.0,0.0,0.0,RECIBO DE NOMINA,MEDIO_A,NO_CLIENTE,0,ALTO,0.0,4,89,0,0,0,0,28,HIPOTECA,PREPARATORIA,0
2.01408e+16,192,RECHAZADA,PENDIENTE,RECHAZADO,MALO,0.0,,SIN_CUENTA,0.0,0.0,0.0,RECIBO DE NOMINA,ALTO_B,NO_CLIENTE,0,ALTO,0.0,3,90,0,0,0,0,46,HIPOTECA,POSGRADO,0
2.01408e+16,256,RECHAZADA,PENDIENTE,RECHAZADO,MALO,0.0,,SIN_CUENTA,0.0,0.0,0.0,INVERSIONES,ALTO_B,NO_CLIENTE,0,ALTO,0.0,5,91,0,0,0,0,46,FAMILIARES,POSGRADO,0
2.01407e+16,206,RECHAZADA,PENDIENTE,RECHAZADO,MALO,0.0,,SIN_CUENTA,0.0,0.0,0.0,RECIBO DE NOMINA,ALTO_B,NO_CLIENTE,0,ALTO,0.0,3,92,0,0,0,0,38,FAMILIARES,POSGRADO,0
2.01408e+16,202,RECHAZADA,PENDIENTE,RECHAZADO,MALO,0.0,,1,0.0,0.0,0.0,INVERSIONES,MEDIO_B,NO_CLIENTE,12600,ALTO,0.0,4,96,0,1444,250,0,52,FAMILIARES,PREPARATORIA,0
2.01407e+16,248,RECHAZADA,PENDIENTE,RECHAZADO,MALO,0.0,,SIN_CUENTA,0.0,0.0,0.0,RECIBO DE NOMINA,ALTO_A,NO_CLIENTE,0,ALTO,0.0,3,99,0,0,0,0,38,PROPIA,POSGRADO,0
2.01408e+16,240,RECHAZADA,PENDIENTE,RECHAZADO,MALO,0.0,,SIN_CUENTA,0.0,0.0,0.0,INVERSIONES,ALTO_B,NO_CLIENTE,0,ALTO,0.0,4,89,0,0,0,0,48,FAMILIARES,POSGRADO,0
2.01407e+16,279,RECHAZADA,PENDIENTE,RECHAZADO,MALO,0.0,,SIN_CUENTA,0.0,0.0,0.0,INVERSIONES,ALTO_A,NO_CLIENTE,0,ALTO,0.0,2,90,0,0,0,0,28,PROPIA,POSGRADO,0
2.01408e+16,245,RECHAZADA,PENDIENTE,RECHAZADO,MALO,0.0,,SIN_CUENTA,0.0,0.0,0.0,RECIBO DE NOMINA,ALTO_A,NO_CLIENTE,0,ALTO,0.0,2,93,0,0,0,0,46,PROPIA,POSGRADO,0
2.01407e+16,232,RECHAZADA,PENDIENTE,RECHAZADO,MALO,0.0,,SIN_CUENTA,0.0,0.0,0.0,INVERSIONES,MEDIO_A,NO_CLIENTE,0,ALTO,0.0,4,94,0,0,0,0,45,PROPIA,LICENCIATURA,0
2.01407e+16,278,RECHAZADA,PENDIENTE,RECHAZADO,MALO,0.0,,0,0.0,0.0,0.0,INVERSIONES,ALTO_A,NO_CLIENTE,0,ALTO,0.0,1,95,0,21160,540,0,53,PROPIA,POSGRADO,0
2.01407e+16,255,RECHAZADA,PENDIENTE,RECHAZADO,MALO,0.0,,SIN_CUENTA,0.0,0.0,0.0,RECIBO DE NOMINA,MEDIO_A,NO_CLIENTE,0,ALTO,0.0,3,97,0,0,0,0,47,HIPOTECA,PREPARATORIA,0
2.01407e+16,195,RECHAZADA,PENDIENTE,RECHAZADO,MALO,0.0,,SIN_CUENTA,0.0,0.0,0.0,RECIBO DE NOMINA,MEDIO_B,NO_CLIENTE,0,ALTO,0.0,2,100,0,0,0,0,53,FAMILIARES,LICENCIATURA,0
2.01407e+16,281,RECHAZADA,PENDIENTE,RECHAZADO,MALO,0.0,,0,0.0,0.0,0.0,RECIBO DE NOMINA,ALTO_A,NO_CLIENTE,0,ALTO,0.0,2,101,0,3840,630,0,31,PROPIA,POSGRADO,0
2.01408e+16,258,RECHAZADA,PENDIENTE,RECHAZADO,MALO,0.0,,SIN_CUENTA,0.0,0.0,0.0,RECIBO DE NOMINA,MEDIO_A,NO_CLIENTE,0,ALTO,0.0,2,101,0,0,0,0,54,HIPOTECA,PREPARATORIA,0
2.01408e+16,212,RECHAZADA,PENDIENTE,RECHAZADO,MALO,0.0,,SIN_CUENTA,0.0,0.0,0.0,RECIBO DE NOMINA,ALTO_A,NO_CLIENTE,0,ALTO,0.0,2,90,0,0,0,0,35,PROPIA,POSGRADO,0
2.01407e+16,192,RECHAZADA,PENDIENTE,RECHAZADO,MALO,0.0,,SIN_CUENTA,0.0,0.0,0.0,INVERSIONES,ALTO_B,NO_CLIENTE,0,ALTO,0.0,3,95,0,0,0,0,59,HIPOTECA,POSGRADO,0
2.01407e+16,278,RECHAZADA,PENDIENTE,RECHAZADO,MALO,0.0,,SIN_CUENTA,0.0,0.0,0.0,RECIBO DE NOMINA,ALTO_B,NO_CLIENTE,0,ALTO,0.0,3,95,0,0,0,0,31,FAMILIARES,POSGRADO,0
2.01408e+16,249,RECHAZADA,PENDIENTE,RECHAZADO,MALO,0.0,,SIN_CUENTA,0.0,0.0,0.0,RECIBO DE NOMINA,ALTO_B,NO_CLIENTE,0,ALTO,0.0,1,96,0,0,0,0,30,RENTA,POSGRADO,0
2.01408e+16,278,RECHAZADA,PENDIENTE,RECHAZADO,MALO,0.0,,SIN_CUENTA,0.0,0.0,0.0,INVERSIONES,MEDIO_A,NO_CLIENTE,0,ALTO,0.0,4,98,0,0,0,0,29,PROPIA,LICENCIATURA,0
2.01408e+16,209,RECHAZADA,PENDIENTE,RECHAZADO,MALO,0.0,,SIN_CUENTA,0.0,0.0,0.0,RECIBO DE NOMINA,ALTO_B,NO_CLIENTE,0,ALTO,0.0,2,98,0,0,0,0,38,FAMILIARES,POSGRADO,0
2.01407e+16,279,RECHAZADA,PENDIENTE,RECHAZADO,MALO,0.0,,SIN_CUENTA,0.0,0.0,0.0,INVERSIONES,MEDIO_A,NO_CLIENTE,0,ALTO,0.0,5,99,0,0,0,0,51,HIPOTECA,PREPARATORIA,0
2.01408e+16,201,RECHAZADA,PENDIENTE,RECHAZADO,MALO,0.0,,SIN_CUENTA,0.0,0.0,0.0,RECIBO DE NOMINA,ALTO_B,NO_CLIENTE,0,ALTO,0.0,4,99,0,0,0,0,60,RENTA,POSGRADO,0
2.01407e+16,240,RECHAZADA,PENDIENTE,RECHAZADO,MALO,0.0,,SIN_CUENTA,0.0,0.0,0.0,RECIBO DE NOMINA,BAJO_B,NO_CLIENTE,0,ALTO,0.0,3,90,0,0,0,0,29,FAMILIARES,SECUNDARIA,0
2.01408e+16,202,RECHAZADA,PENDIENTE,RECHAZADO,MALO,0.0,,SIN_CUENTA,0.0,0.0,0.0,RECIBO DE NOMINA,MEDIO_A,NO_CLIENTE,0,ALTO,0.0,2,90,0,0,0,0,38,HIPOTECA,PREPARATORIA,0
2.01408e+16,267,RECHAZADA,PENDIENTE,RECHAZADO,MALO,0.0,,SIN_CUENTA,0.0,0.0,0.0,RECIBO DE NOMINA,MEDIO_B,NO_CLIENTE,0,ALTO,0.0,3,91,0,0,0,0,57,FAMILIARES,LICENCIATURA,0
2.01408e+16,195,RECHAZADA,PENDIENTE,RECHAZADO,MALO,0.0,,SIN_CUENTA,0.0,0.0,0.0,INVERSIONES,ALTO_B,NO_CLIENTE,0,ALTO,0.0,5,92,0,0,0,0,30,FAMILIARES,POSGRADO,0
2.01408e+16,272,RECHAZADA,PENDIENTE,RECHAZADO,MALO,0.0,,SIN_CUENTA,0.0,0.0,0.0,RECIBO DE NOMINA,ALTO_B,NO_CLIENTE,0,ALTO,0.0,4,94,0,0,0,0,60,FAMILIARES,POSGRADO,0
2.01408e+16,250,RECHAZADA,PENDIENTE,RECHAZADO,MALO,0.0,,SIN_CUENTA,0.0,0.0,0.0,INVERSIONES,ALTO_B,NO_CLIENTE,0,ALTO,0.0,4,96,0,0,0,0,51,RENTA,POSGRADO,0
2.01407e+16,236,RECHAZADA,PENDIENTE,RECHAZADO,MALO,0.0,,SIN_CUENTA,0.0,0.0,0.0,RECIBO DE NOMINA,ALTO_B,NO_CLIENTE,0,ALTO,0.0,3,98,0,0,0,0,34,FAMILIARES,POSGRADO,0
2.01407e+16,212,RECHAZADA,PENDIENTE,RECHAZADO,MALO,0.0,,SIN_CUENTA,0.0,0.0,0.0,RECIBO DE NOMINA,MEDIO_A,NO_CLIENTE,0,ALTO,0.0,4,89,0,0,0,0,30,PROPIA,LICENCIATURA,0
2.01408e+16,233,RECHAZADA,PENDIENTE,RECHAZADO,MALO,0.0,,SIN_CUENTA,0.0,0.0,0.0,RECIBO DE NOMINA,MEDIO_A,NO_CLIENTE,0,ALTO,0.0,4,91,0,0,0,0,55,HIPOTECA,PREPARATORIA,0
2.01407e+16,234,RECHAZADA,PENDIENTE,RECHAZADO,MALO,0.0,,SIN_CUENTA,0.0,0.0,0.0,RECIBO DE NOMINA,ALTO_A,NO_CLIENTE,0,ALTO,0.0,4,93,0,0,0,0,31,PROPIA,POSGRADO,0
2.01408e+16,271,RECHAZADA,PENDIENTE,RECHAZADO,MALO,0.0,,SIN_CUENTA,0.0,0.0,0.0,INVERSIONES,BAJO_B,NO_CLIENTE,0,ALTO,0.0,5,93,0,0,0,0,27,FAMILIARES,SECUNDARIA,0
2.01407e+16,234,RECHAZADA,PENDIENTE,RECHAZADO,MALO,0.0,,SIN_CUENTA,0.0,0.0,0.0,RECIBO DE NOMINA,MEDIO_B,NO_CLIENTE,0,ALTO,0.0,3,96,0,0,0,0,59,RENTA,LICENCIATURA,0
2.01407e+16,249,RECHAZADA,PENDIENTE,RECHAZADO,MALO,0.0,,SIN_CUENTA,0.0,0.0,0.0,RECIBO DE NOMINA,MEDIO_A,NO_CLIENTE,0,ALTO,0.0,3,96,0,0,0,0,33,HIPOTECA,PREPARATORIA,0
2.01408e+16,194,RECHAZADA,PENDIENTE,RECHAZADO,MALO,0.0,,1,0.0,0.0,0.0,RECIBO DE NOMINA,MEDIO_A,NO_CLIENTE,15800,ALTO,0.0,2,96,0,16260,1080,0,34,PROPIA,LICENCIATURA,0
2.01408e+16,244,RECHAZADA,PENDIENTE,RECHAZADO,MALO,0.0,,SIN_CUENTA,0.0,0.0,0.0,INVERSIONES,MEDIO_A,NO_CLIENTE,0,ALTO,0.0,5,96,0,0,0,0,51,HIPOTECA,LICENCIATURA,0
2.01408e+16,236,EN_PROCESO,PENDIENTE,RECHAZADO,MALO,0.0,,SIN_CUENTA,0.0,0.0,0.0,INVERSIONES,MEDIO_A,NO_CLIENTE,0,ALTO,0.0,4,98,0,0,0,0,41,HIPOTECA,PREPARATORIA,0
2.01407e+16,259,RECHAZADA,PENDIENTE,RECHAZADO,MALO,0.0,,SIN_CUENTA,0.0,0.0,0.0,INVERSIONES,ALTO_B,NO_CLIENTE,0,ALTO,0.0,2,101,0,0,0,0,36,HIPOTECA,POSGRADO,0
2.01408e+16,262,RECHAZADA,PENDIENTE,RECHAZADO,MALO,0.0,,SIN_CUENTA,0.0,0.0,0.0,INVERSIONES,ALTO_A,NO_CLIENTE,0,ALTO,0.0,2,101,0,0,0,0,41,PROPIA,POSGRADO,0
2.01407e+16,211,RECHAZADA,PENDIENTE,RECHAZADO,MALO,0.0,,SIN_CUENTA,0.0,0.0,0.0,RECIBO DE NOMINA,BAJO_B,NO_CLIENTE,0,ALTO,0.0,4,90,0,0,0,0,29,RENTA,SECUNDARIA,0
2.01407e+16,249,RECHAZADA,PENDIENTE,RECHAZADO,MALO,0.0,,SIN_CUENTA,0.0,0.0,0.0,RECIBO DE NOMINA,ALTO_B,NO_CLIENTE,0,ALTO,0.0,3,92,0,0,0,0,43,RENTA,POSGRADO,0
2.01407e+16,264,RECHAZADA,PENDIENTE,RECHAZADO,MALO,0.0,,SIN_CUENTA,0.0,0.0,0.0,RECIBO DE NOMINA,MEDIO_B,NO_CLIENTE,0,ALTO,0.0,1,96,0,0,0,0,28,FAMILIARES,PREPARATORIA,0
2.01407e+16,269,RECHAZADA,PENDIENTE,RECHAZADO,MALO,0.0,,SIN_CUENTA,0.0,0.0,0.0,RECIBO DE NOMINA,ALTO_B,NO_CLIENTE,0,ALTO,0.0,3,96,0,0,0,0,49,FAMILIARES,POSGRADO,0
2.01407e+16,233,RECHAZADA,PENDIENTE,RECHAZADO,MALO,0.0,,0,0.0,0.0,0.0,RECIBO DE NOMINA,MEDIO_A,NO_CLIENTE,0,ALTO,0.0,1,97,0,8426,0,0,51,HIPOTECA,LICENCIATURA,0
2.01407e+16,198,RECHAZADA,PENDIENTE,RECHAZADO,MALO,0.0,,SIN_CUENTA,0.0,0.0,0.0,INVERSIONES,MEDIO_B,NO_CLIENTE,0,ALTO,0.0,2,98,0,0,0,0,33,FAMILIARES,LICENCIATURA,0
2.01408e+16,267,RECHAZADA,PENDIENTE,RECHAZADO,MALO,0.0,,0,0.0,0.0,0.0,RECIBO DE NOMINA,ALTO_A,NO_CLIENTE,9400,ALTO,0.0,5,99,0,6551,250,0,56,PROPIA,POSGRADO,0
2.01408e+16,227,RECHAZADA,PENDIENTE,RECHAZADO,MALO,0.0,,SIN_CUENTA,0.0,0.0,0.0,RECIBO DE NOMINA,MEDIO_A,NO_CLIENTE,0,ALTO,0.0,5,89,0,0,0,0,38,HIPOTECA,PREPARATORIA,0
2.01408e+16,278,RECHAZADA,PENDIENTE,RECHAZADO,MALO,0.0,,SIN_CUENTA,0.0,0.0,0.0,RECIBO DE NOMINA,MEDIO_A,NO_CLIENTE,0,ALTO,0.0,3,90,0,0,0,0,44,PROPIA,LICENCIATURA,0
2.01407e+16,241,RECHAZADA,PENDIENTE,RECHAZADO,MALO,0.0,,SIN_CUENTA,0.0,0.0,0.0,INVERSIONES,MEDIO_B,NO_CLIENTE,0,ALTO,0.0,5,95,0,0,0,0,45,RENTA,LICENCIATURA,0
2.01408e+16,264,RECHAZADA,PENDIENTE,RECHAZADO,MALO,0.0,,SIN_CUENTA,0.0,0.0,0.0,RECIBO DE NOMINA,ALTO_A,NO_CLIENTE,0,ALTO,0.0,5,96,0,0,0,0,56,PROPIA,POSGRADO,0
2.01408e+16,272,RECHAZADA,PENDIENTE,RECHAZADO,MALO,0.0,,SIN_CUENTA,0.0,0.0,0.0,RECIBO DE NOMINA,MEDIO_A,NO_CLIENTE,0,ALTO,0.0,2,97,0,0,0,0,36,HIPOTECA,PREPARATORIA,0
2.01408e+16,257,RECHAZADA,PENDIENTE,RECHAZADO,MALO,0.0,,SIN_CUENTA,0.0,0.0,0.0,RECIBO DE NOMINA,ALTO_B,NO_CLIENTE,0,ALTO,0.0,3,97,0,0,0,0,44,HIPOTECA,POSGRADO,0
2.01408e+16,197,EN_PROCESO,PENDIENTE,RECHAZADO,MALO,0.0,,1,0.0,0.0,0.0,RECIBO DE NOMINA,MEDIO_B,NO_CLIENTE,44000,ALTO,0.0,3,98,0,31353,0,0,32,FAMILIARES,LICENCIATURA,0
2.01407e+16,213,RECHAZADA,PENDIENTE,RECHAZADO,MALO,0.0,,SIN_CUENTA,0.0,0.0,0.0,RECIBO DE NOMINA,MEDIO_A,NO_CLIENTE,0,ALTO,0.0,2,101,0,0,0,0,27,HIPOTECA,PREPARATORIA,0
2.01408e+16,207,RECHAZADA,PENDIENTE,RECHAZADO,MALO,0.0,,SIN_CUENTA,0.0,0.0,0.0,INVERSIONES,MEDIO_A,NO_CLIENTE,0,ALTO,0.0,4,92,0,0,0,0,26,HIPOTECA,PREPARATORIA,0
2.01408e+16,211,RECHAZADA,PENDIENTE,RECHAZADO,MALO,0.0,,SIN_CUENTA,0.0,0.0,0.0,RECIBO DE NOMINA,MEDIO_A,NO_CLIENTE,0,ALTO,0.0,2,94,0,0,0,0,60,HIPOTECA,LICENCIATURA,0
2.01407e+16,242,RECHAZADA,PENDIENTE,RECHAZADO,MALO,0.0,,SIN_CUENTA,0.0,0.0,0.0,RECIBO DE NOMINA,ALTO_A,NO_CLIENTE,0,ALTO,0.0,1,100,0,0,0,0,40,PROPIA,POSGRADO,0
2.01408e+16,224,RECHAZADA,PENDIENTE,RECHAZADO,MALO,0.0,,SIN_CUENTA,0.0,0.0,0.0,INVERSIONES,ALTO_B,NO_CLIENTE,0,ALTO,0.0,2,100,0,0,0,0,29,HIPOTECA,POSGRADO,0
2.01408e+16,233,RECHAZADA,PENDIENTE,RECHAZADO,MALO,0.0,,SIN_CUENTA,0.0,0.0,0.0,RECIBO DE NOMINA,ALTO_B,NO_CLIENTE,0,ALTO,0.0,0,100,0,0,0,0,41,FAMILIARES,POSGRADO,0
2.01408e+16,259,RECHAZADA,PENDIENTE,RECHAZADO,MALO,0.0,,SIN_CUENTA,0.0,0.0,0.0,INVERSIONES,MEDIO_B,NO_CLIENTE,0,ALTO,0.0,5,92,0,0,0,0,29,FAMILIARES,LICENCIATURA,0
2.01408e+16,236,RECHAZADA,PENDIENTE,RECHAZADO,MALO,0.0,,1,0.0,0.0,0.0,INVERSIONES,BAJO_B,NO_CLIENTE,3200,ALTO,0.0,3,97,0,0,0,0,45,RENTA,SECUNDARIA,0
2.01408e+16,239,RECHAZADA,PENDIENTE,RECHAZADO,MALO,0.0,,SIN_CUENTA,0.0,0.0,0.0,RECIBO DE NOMINA,MEDIO_A,NO_CLIENTE,0,ALTO,0.0,4,99,0,0,0,0,30,HIPOTECA,LICENCIATURA,0
2.01407e+16,233,RECHAZADA,PENDIENTE,RECHAZADO,MALO,0.0,,SIN_CUENTA,0.0,0.0,0.0,RECIBO DE NOMINA,MEDIO_B,NO_CLIENTE,0,ALTO,0.0,2,101,0,0,0,0,53,RENTA,LICENCIATURA,0
2.01408e+16,282,RECHAZADA,PENDIENTE,RECHAZADO,MALO,0.0,,SIN_CUENTA,0.0,0.0,0.0,INVERSIONES,ALTO_B,NO_CLIENTE,0,ALTO,0.0,1,90,0,0,0,0,37,RENTA,POSGRADO,0
2.01406e+16,239,RECHAZADA,PENDIENTE,RECHAZADO,MALO,0.0,,SIN_CUENTA,0.0,0.0,0.0,INVERSIONES,MEDIO_B,NO_CLIENTE,0,ALTO,0.0,2,93,0,0,0,0,34,FAMILIARES,PREPARATORIA,0
2.01408e+16,238,RECHAZADA,PENDIENTE,RECHAZADO,MALO,0.0,,SIN_CUENTA,0.0,0.0,0.0,INVERSIONES,MEDIO_B,NO_CLIENTE,0,ALTO,0.0,2,97,0,0,0,0,52,RENTA,PREPARATORIA,0
2.01407e+16,206,RECHAZADA,PENDIENTE,RECHAZADO,MALO,0.0,,1,0.0,0.0,0.0,INVERSIONES,MEDIO_A,NO_CLIENTE,0,ALTO,0.0,2,99,0,23747,1370,0,37,HIPOTECA,PREPARATORIA,0
2.01408e+16,208,RECHAZADA,PENDIENTE,RECHAZADO,MALO,0.0,,SIN_CUENTA,0.0,0.0,0.0,RECIBO DE NOMINA,MEDIO_B,NO_CLIENTE,0,ALTO,0.0,2,100,0,0,0,0,30,RENTA,LICENCIATURA,0
2.01408e+16,235,RECHAZADA,PENDIENTE,RECHAZADO,MALO,0.0,,SIN_CUENTA,0.0,0.0,0.0,RECIBO DE NOMINA,ALTO_A,NO_CLIENTE,0,ALTO,0.0,4,94,0,0,0,0,58,PROPIA,POSGRADO,0
2.01408e+16,220,RECHAZADA,PENDIENTE,RECHAZADO,MALO,0.0,,0,0.0,0.0,0.0,INVERSIONES,MEDIO_B,NO_CLIENTE,240000,ALTO,0.0,2,98,0,196309,7710,0,41,FAMILIARES,LICENCIATURA,0
2.01408e+16,282,RECHAZADA,PENDIENTE,RECHAZADO,MALO,0.0,,0,0.0,0.0,0.0,INVERSIONES,MEDIO_A,NO_CLIENTE,17800,ALTO,0.0,5,89,0,16686,500,0,45,PROPIA,LICENCIATURA,0
2.01408e+16,282,RECHAZADA,PENDIENTE,RECHAZADO,MALO,0.0,,SIN_CUENTA,0.0,0.0,0.0,RECIBO DE NOMINA,MEDIO_A,NO_CLIENTE,0,ALTO,0.0,2,95,0,0,0,0,54,HIPOTECA,PREPARATORIA,0
2.01408e+16,228,RECHAZADA,PENDIENTE,RECHAZADO,MALO,0.0,,1,0.0,0.0,0.0,INVERSIONES,ALTO_B,NO_CLIENTE,9899,ALTO,0.0,1,98,0,9721,580,0,42,FAMILIARES,POSGRADO,0
2.01406e+16,206,RECHAZADA,PENDIENTE,RECHAZADO,MALO,0.0,,SIN_CUENTA,0.0,0.0,0.0,INVERSIONES,MEDIO_B,NO_CLIENTE,0,ALTO,0.0,5,99,0,0,0,0,53,RENTA,LICENCIATURA,0
2.01407e+16,243,RECHAZADA,PENDIENTE,RECHAZADO,MALO,0.0,,SIN_CUENTA,0.0,0.0,0.0,RECIBO DE NOMINA,MEDIO_B,NO_CLIENTE,0,ALTO,0.0,3,99,0,0,0,0,50,FAMILIARES,PREPARATORIA,0
2.01407e+16,250,RECHAZADA,PENDIENTE,RECHAZADO,MALO,0.0,,SIN_CUENTA,0.0,0.0,0.0,RECIBO DE NOMINA,BAJO_B,NO_CLIENTE,0,ALTO,0.0,2,100,0,0,0,0,29,FAMILIARES,SECUNDARIA,0
2.01407e+16,219,RECHAZADA,PENDIENTE,RECHAZADO,MALO,0.0,,SIN_CUENTA,0.0,0.0,0.0,RECIBO DE NOMINA,MEDIO_B,NO_CLIENTE,0,ALTO,0.0,4,89,0,0,0,0,35,RENTA,PREPARATORIA,0
2.01408e+16,217,RECHAZADA,PENDIENTE,RECHAZADO,MALO,0.0,,SIN_CUENTA,0.0,0.0,0.0,RECIBO DE NOMINA,MEDIO_B,NO_CLIENTE,0,ALTO,0.0,3,93,0,0,0,0,29,RENTA,PREPARATORIA,0
2.01408e+16,285,RECHAZADA,PENDIENTE,RECHAZADO,MALO,0.0,,SIN_CUENTA,0.0,0.0,0.0,RECIBO DE NOMINA,ALTO_B,NO_CLIENTE,0,ALTO,0.0,2,94,0,0,0,0,33,FAMILIARES,POSGRADO,0
2.01408e+16,227,RECHAZADA,PENDIENTE,RECHAZADO,MALO,0.0,,SIN_CUENTA,0.0,0.0,0.0,INVERSIONES,MEDIO_B,NO_CLIENTE,0,ALTO,0.0,5,96,0,0,0,0,56,RENTA,LICENCIATURA,0
2.01407e+16,244,RECHAZADA,PENDIENTE,RECHAZADO,MALO,0.0,,SIN_CUENTA,0.0,0.0,0.0,INVERSIONES,MEDIO_B,NO_CLIENTE,0,ALTO,0.0,2,97,0,0,0,0,47,RENTA,PREPARATORIA,0
2.01407e+16,198,RECHAZADA,PENDIENTE,RECHAZADO,MALO,0.0,,SIN_CUENTA,0.0,0.0,0.0,INVERSIONES,MEDIO_A,NO_CLIENTE,0,ALTO,0.0,2,97,0,0,0,0,34,PROPIA,LICENCIATURA,0
2.01407e+16,287,RECHAZADA,PENDIENTE,RECHAZADO,MALO,0.0,,SIN_CUENTA,0.0,0.0,0.0,RECIBO DE NOMINA,ALTO_A,NO_CLIENTE,0,ALTO,0.0,2,100,0,0,0,0,47,PROPIA,POSGRADO,0
2.01407e+16,250,RECHAZADA,PENDIENTE,RECHAZADO,MALO,0.0,,SIN_CUENTA,0.0,0.0,0.0,RECIBO DE NOMINA,MEDIO_B,NO_CLIENTE,0,ALTO,0.0,5,89,0,0,0,0,57,RENTA,PREPARATORIA,0
2.01407e+16,248,RECHAZADA,PENDIENTE,RECHAZADO,MALO,0.0,,SIN_CUENTA,0.0,0.0,0.0,RECIBO DE NOMINA,MEDIO_A,NO_CLIENTE,0,ALTO,0.0,5,89,0,0,0,0,50,PROPIA,LICENCIATURA,0
2.01408e+16,278,RECHAZADA,PENDIENTE,RECHAZADO,MALO,0.0,,SIN_CUENTA,0.0,0.0,0.0,INVERSIONES,MEDIO_A,NO_CLIENTE,0,ALTO,0.0,5,89,0,0,0,0,48,HIPOTECA,PREPARATORIA,0
2.01408e+16,291,RECHAZADA,PENDIENTE,RECHAZADO,MALO,0.0,,0,0.0,0.0,0.0,RECIBO DE NOMINA,MEDIO_A,NO_CLIENTE,83500,ALTO,0.0,5,91,0,0,0,0,53,PROPIA,LICENCIATURA,0
2.01408e+16,244,RECHAZADA,PENDIENTE,RECHAZADO,MALO,0.0,,0,0.0,0.0,0.0,INVERSIONES,MEDIO_B,NO_CLIENTE,10500,ALTO,0.0,3,94,0,5837,390,0,48,RENTA,PREPARATORIA,0
2.01408e+16,218,RECHAZADA,PENDIENTE,RECHAZADO,MALO,0.0,,SIN_CUENTA,0.0,0.0,0.0,RECIBO DE NOMINA,ALTO_B,NO_CLIENTE,0,ALTO,0.0,3,96,0,0,0,0,40,RENTA,POSGRADO,0
2.01408e+16,255,RECHAZADA,PENDIENTE,RECHAZADO,MALO,0.0,,1,0.0,0.0,0.0,INVERSIONES,MEDIO_B,NO_CLIENTE,78500,ALTO,0.0,4,99,0,31990,1960,0,27,RENTA,PREPARATORIA,0
2.01407e+16,288,RECHAZADA,PENDIENTE,RECHAZADO,MALO,0.0,,SIN_CUENTA,0.0,0.0,0.0,RECIBO DE NOMINA,ALTO_B,NO_CLIENTE,0,ALTO,0.0,5,89,0,0,0,0,35,HIPOTECA,POSGRADO,0
2.01407e+16,213,RECHAZADA,PENDIENTE,RECHAZADO,MALO,0.0,,1,0.0,0.0,0.0,INVERSIONES,MEDIO_B,NO_CLIENTE,0,ALTO,0.0,5,89,0,10996,0,0,56,RENTA,PREPARATORIA,0
2.01408e+16,285,RECHAZADA,PENDIENTE,RECHAZADO,MALO,0.0,,0,0.0,0.0,0.0,INVERSIONES,MEDIO_A,NO_CLIENTE,18700,ALTO,0.0,5,89,0,18065,0,0,31,HIPOTECA,LICENCIATURA,0
2.01406e+16,219,RECHAZADA,PENDIENTE,RECHAZADO,MALO,0.0,,0,0.0,0.0,0.0,INVERSIONES,MEDIO_A,NO_CLIENTE,0,ALTO,0.0,5,90,0,5783,750,0,33,HIPOTECA,LICENCIATURA,0
2.01408e+16,257,RECHAZADA,PENDIENTE,RECHAZADO,MALO,0.0,,SIN_CUENTA,0.0,0.0,0.0,RECIBO DE NOMINA,ALTO_B,NO_CLIENTE,0,ALTO,0.0,2,90,0,0,0,0,31,FAMILIARES,POSGRADO,0
2.01408e+16,229,RECHAZADA,PENDIENTE,RECHAZADO,MALO,0.0,,SIN_CUENTA,0.0,0.0,0.0,RECIBO DE NOMINA,ALTO_B,NO_CLIENTE,0,ALTO,0.0,5,91,0,0,0,0,25,RENTA,POSGRADO,0
2.01407e+16,286,RECHAZADA,PENDIENTE,RECHAZADO,MALO,0.0,,SIN_CUENTA,0.0,0.0,0.0,RECIBO DE NOMINA,MEDIO_A,NO_CLIENTE,0,ALTO,0.0,3,92,0,0,0,0,59,HIPOTECA,PREPARATORIA,0
2.01408e+16,277,RECHAZADA,PENDIENTE,RECHAZADO,MALO,0.0,,SIN_CUENTA,0.0,0.0,0.0,INVERSIONES,MEDIO_B,NO_CLIENTE,0,ALTO,0.0,5,94,0,0,0,0,38,RENTA,LICENCIATURA,0
2.01408e+16,245,RECHAZADA,PENDIENTE,RECHAZADO,MALO,0.0,,0,0.0,0.0,0.0,INVERSIONES,MEDIO_A,NO_CLIENTE,37000,ALTO,0.0,3,95,0,13577,0,0,45,HIPOTECA,LICENCIATURA,0
2.01408e+16,285,RECHAZADA,PENDIENTE,RECHAZADO,MALO,0.0,,SIN_CUENTA,0.0,0.0,0.0,RECIBO DE NOMINA,MEDIO_B,NO_CLIENTE,0,ALTO,0.0,5,92,0,0,0,0,59,FAMILIARES,PREPARATORIA,0
2.01407e+16,253,RECHAZADA,PENDIENTE,RECHAZADO,MALO,0.0,,SIN_CUENTA,0.0,0.0,0.0,RECIBO DE NOMINA,ALTO_B,NO_CLIENTE,0,ALTO,0.0,4,93,0,0,0,0,59,HIPOTECA,POSGRADO,0
2.01408e+16,295,RECHAZADA,PENDIENTE,RECHAZADO,MALO,0.0,,SIN_CUENTA,0.0,0.0,0.0,RECIBO DE NOMINA,ALTO_B,NO_CLIENTE,0,ALTO,0.0,3,96,0,0,0,0,27,RENTA,POSGRADO,0
2.01407e+16,253,RECHAZADA,PENDIENTE,RECHAZADO,MALO,0.0,,SIN_CUENTA,0.0,0.0,0.0,RECIBO DE NOMINA,MEDIO_B,NO_CLIENTE,0,ALTO,0.0,2,97,0,0,0,0,40,FAMILIARES,PREPARATORIA,0
2.01407e+16,258,RECHAZADA,PENDIENTE,RECHAZADO,MALO,0.0,,SIN_CUENTA,0.0,0.0,0.0,RECIBO DE NOMINA,MEDIO_A,NO_CLIENTE,0,ALTO,0.0,1,98,0,0,0,0,50,PROPIA,LICENCIATURA,0
2.01407e+16,271,RECHAZADA,PENDIENTE,RECHAZADO,MALO,0.0,,SIN_CUENTA,0.0,0.0,0.0,RECIBO DE NOMINA,MEDIO_B,NO_CLIENTE,0,ALTO,0.0,2,99,0,0,0,0,29,FAMILIARES,LICENCIATURA,0
2.01407e+16,285,RECHAZADA,PENDIENTE,RECHAZADO,MALO,0.0,,SIN_CUENTA,0.0,0.0,0.0,INVERSIONES,BAJO_B,NO_CLIENTE,0,ALTO,0.0,4,100,0,0,0,0,46,RENTA,SECUNDARIA,0
2.01408e+16,258,RECHAZADA,PENDIENTE,RECHAZADO,MALO,0.0,,SIN_CUENTA,0.0,0.0,0.0,INVERSIONES,ALTO_A,NO_CLIENTE,0,ALTO,0.0,1,101,0,0,0,0,39,PROPIA,POSGRADO,0
2.01407e+16,173,RECHAZADA,PENDIENTE,RECHAZADO,MALO,0.0,,SIN_CUENTA,0.0,0.0,0.0,RECIBO DE NOMINA,MEDIO_B,NO_CLIENTE,0,ALTO,0.0,5,89,0,0,0,0,40,FAMILIARES,PREPARATORIA,0
2.01407e+16,167,RECHAZADA,PENDIENTE,RECHAZADO,MALO,0.0,,SIN_CUENTA,0.0,0.0,0.0,RECIBO DE NOMINA,ALTO_B,NO_CLIENTE,0,ALTO,0.0,2,94,0,0,0,0,29,HIPOTECA,POSGRADO,0
2.01408e+16,100,RECHAZADA,PENDIENTE,RECHAZADO,MALO,0.0,,SIN_CUENTA,0.0,0.0,0.0,RECIBO DE NOMINA,ALTO_B,NO_CLIENTE,0,ALTO,0.0,2,98,0,0,0,0,25,HIPOTECA,POSGRADO,0
2.01408e+16,194,RECHAZADA,PENDIENTE,RECHAZADO,MALO,0.0,,SIN_CUENTA,0.0,0.0,0.0,INVERSIONES,MEDIO_B,NO_CLIENTE,0,ALTO,0.0,0,100,0,0,0,0,34,RENTA,LICENCIATURA,0
2.01408e+16,133,RECHAZADA,PENDIENTE,RECHAZADO,MALO,0.0,,SIN_CUENTA,0.0,0.0,0.0,RECIBO DE NOMINA,ALTO_B,NO_CLIENTE,0,ALTO,0.0,2,101,0,0,0,0,55,RENTA,POSGRADO,0
2.01407e+16,142,RECHAZADA,PENDIENTE,RECHAZADO,MALO,0.0,,SIN_CUENTA,0.0,0.0,0.0,RECIBO DE NOMINA,MEDIO_B,NO_CLIENTE,0,ALTO,0.0,4,90,0,0,0,0,36,FAMILIARES,PREPARATORIA,0
2.01408e+16,125,RECHAZADA,PENDIENTE,RECHAZADO,MALO,0.0,,SIN_CUENTA,0.0,0.0,0.0,INVERSIONES,ALTO_A,NO_CLIENTE,0,ALTO,0.0,5,92,0,0,0,0,43,PROPIA,POSGRADO,0
2.01408e+16,110,RECHAZADA,PENDIENTE,RECHAZADO,MALO,0.0,,SIN_CUENTA,0.0,0.0,0.0,RECIBO DE NOMINA,MEDIO_A,NO_CLIENTE,0,ALTO,0.0,4,94,0,0,0,0,48,HIPOTECA,PREPARATORIA,0
2.01408e+16,120,RECHAZADA,PENDIENTE,RECHAZADO,MALO,0.0,,SIN_CUENTA,0.0,0.0,0.0,RECIBO DE NOMINA,MEDIO_A,NO_CLIENTE,0,ALTO,0.0,3,96,0,0,0,0,52,HIPOTECA,PREPARATORIA,0
2.01408e+16,188,RECHAZADA,PENDIENTE,RECHAZADO,MALO,0.0,,SIN_CUENTA,0.0,0.0,0.0,RECIBO DE NOMINA,ALTO_A,NO_CLIENTE,0,ALTO,0.0,4,96,0,0,0,0,32,PROPIA,POSGRADO,0
2.01408e+16,119,RECHAZADA,PENDIENTE,RECHAZADO,MALO,0.0,,SIN_CUENTA,0.0,0.0,0.0,RECIBO DE NOMINA,MEDIO_A,NO_CLIENTE,0,ALTO,0.0,4,96,0,0,0,0,37,HIPOTECA,PREPARATORIA,0
2.01407e+16,140,RECHAZADA,PENDIENTE,RECHAZADO,MALO,0.0,,SIN_CUENTA,0.0,0.0,0.0,RECIBO DE NOMINA,MEDIO_A,NO_CLIENTE,0,ALTO,0.0,2,97,0,0,0,0,40,HIPOTECA,PREPARATORIA,0
2.01407e+16,112,RECHAZADA,PENDIENTE,RECHAZADO,MALO,0.0,,SIN_CUENTA,0.0,0.0,0.0,INVERSIONES,ALTO_B,NO_CLIENTE,0,ALTO,0.0,2,101,0,0,0,0,35,HIPOTECA,POSGRADO,0
2.01408e+16,137,RECHAZADA,PENDIENTE,RECHAZADO,MALO,0.0,,SIN_CUENTA,0.0,0.0,0.0,RECIBO DE NOMINA,ALTO_B,NO_CLIENTE,0,ALTO,0.0,0,101,0,0,0,0,34,HIPOTECA,POSGRADO,0
2.01408e+16,161,RECHAZADA,PENDIENTE,RECHAZADO,MALO,0.0,,SIN_CUENTA,0.0,0.0,0.0,INVERSIONES,ALTO_B,NO_CLIENTE,0,ALTO,0.0,0,101,0,0,0,0,45,RENTA,POSGRADO,0
2.01408e+16,116,RECHAZADA,PENDIENTE,RECHAZADO,MALO,0.0,,SIN_CUENTA,0.0,0.0,0.0,INVERSIONES,MEDIO_B,NO_CLIENTE,0,ALTO,0.0,5,89,0,0,0,0,30,FAMILIARES,PREPARATORIA,0
2.01408e+16,130,RECHAZADA,PENDIENTE,RECHAZADO,MALO,0.0,,SIN_CUENTA,0.0,0.0,0.0,RECIBO DE NOMINA,ALTO_A,NO_CLIENTE,0,ALTO,0.0,2,91,0,0,0,0,39,PROPIA,POSGRADO,0
2.01408e+16,156,RECHAZADA,PENDIENTE,RECHAZADO,MALO,0.0,,SIN_CUENTA,0.0,0.0,0.0,RECIBO DE NOMINA,MEDIO_A,NO_CLIENTE,0,ALTO,0.0,3,92,0,0,0,0,26,HIPOTECA,PREPARATORIA,0
2.01407e+16,201,RECHAZADA,PENDIENTE,RECHAZADO,MALO,0.0,,0,0.0,0.0,0.0,INVERSIONES,MEDIO_B,NO_CLIENTE,0,ALTO,0.0,3,94,0,13003,1000,0,32,RENTA,LICENCIATURA,0
2.01408e+16,182,RECHAZADA,PENDIENTE,RECHAZADO,MALO,0.0,,0,0.0,0.0,0.0,INVERSIONES,ALTO_B,NO_CLIENTE,0,ALTO,0.0,1,94,0,4118,250,0,34,HIPOTECA,POSGRADO,0
2.01408e+16,121,RECHAZADA,PENDIENTE,RECHAZADO,MALO,0.0,,SIN_CUENTA,0.0,0.0,0.0,RECIBO DE NOMINA,MEDIO_A,NO_CLIENTE,0,ALTO,0.0,2,96,0,0,0,0,52,HIPOTECA,PREPARATORIA,0
2.01408e+16,162,RECHAZADA,PENDIENTE,RECHAZADO,MALO,0.0,,SIN_CUENTA,0.0,0.0,0.0,INVERSIONES,ALTO_A,NO_CLIENTE,0,ALTO,0.0,5,97,0,0,0,0,26,PROPIA,POSGRADO,0
2.01407e+16,163,RECHAZADA,PENDIENTE,RECHAZADO,MALO,0.0,,0,0.0,0.0,0.0,INVERSIONES,ALTO_B,NO_CLIENTE,0,ALTO,0.0,3,100,0,944,411,0,54,HIPOTECA,POSGRADO,0
2.01408e+16,112,RECHAZADA,PENDIENTE,RECHAZADO,MALO,0.0,,SIN_CUENTA,0.0,0.0,0.0,RECIBO DE NOMINA,MEDIO_B,NO_CLIENTE,0,ALTO,0.0,3,90,0,0,0,0,41,RENTA,PREPARATORIA,0
2.01407e+16,141,RECHAZADA,PENDIENTE,RECHAZADO,MALO,0.0,,SIN_CUENTA,0.0,0.0,0.0,INVERSIONES,MEDIO_A,NO_CLIENTE,0,ALTO,0.0,3,92,0,0,0,0,38,PROPIA,LICENCIATURA,0
2.01408e+16,157,RECHAZADA,PENDIENTE,RECHAZADO,MALO,0.0,,SIN_CUENTA,0.0,0.0,0.0,INVERSIONES,ALTO_B,NO_CLIENTE,0,ALTO,0.0,3,94,0,0,0,0,41,HIPOTECA,POSGRADO,0
2.01407e+16,164,RECHAZADA,PENDIENTE,RECHAZADO,MALO,0.0,,2,0.0,0.0,0.0,INVERSIONES,MEDIO_B,NO_CLIENTE,0,ALTO,0.0,4,97,0,1271,820,0,40,RENTA,PREPARATORIA,0
2.01408e+16,111,RECHAZADA,PENDIENTE,RECHAZADO,MALO,0.0,,SIN_CUENTA,0.0,0.0,0.0,INVERSIONES,MEDIO_B,NO_CLIENTE,0,ALTO,0.0,2,100,0,0,0,0,60,FAMILIARES,LICENCIATURA,0
2.01407e+16,155,RECHAZADA,PENDIENTE,RECHAZADO,MALO,0.0,,SIN_CUENTA,0.0,0.0,0.0,INVERSIONES,ALTO_B,NO_CLIENTE,0,ALTO,0.0,5,89,0,0,0,0,58,FAMILIARES,POSGRADO,0
2.01408e+16,127,RECHAZADA,PENDIENTE,RECHAZADO,MALO,0.0,,SIN_CUENTA,0.0,0.0,0.0,RECIBO DE NOMINA,MEDIO_A,NO_CLIENTE,0,ALTO,0.0,4,92,0,0,0,0,26,HIPOTECA,LICENCIATURA,0
2.01407e+16,190,RECHAZADA,PENDIENTE,RECHAZADO,MALO,0.0,,SIN_CUENTA,0.0,0.0,0.0,INVERSIONES,MEDIO_A,NO_CLIENTE,0,ALTO,0.0,4,94,0,0,0,0,32,HIPOTECA,PREPARATORIA,0
2.01407e+16,113,RECHAZADA,PENDIENTE,RECHAZADO,MALO,0.0,,SIN_CUENTA,0.0,0.0,0.0,INVERSIONES,MEDIO_B,NO_CLIENTE,0,ALTO,0.0,2,97,0,0,0,0,60,FAMILIARES,LICENCIATURA,0
2.01408e+16,168,RECHAZADA,PENDIENTE,RECHAZADO,MALO,0.0,,SIN_CUENTA,0.0,0.0,0.0,RECIBO DE NOMINA,MEDIO_A,NO_CLIENTE,0,ALTO,0.0,2,98,0,0,0,0,51,PROPIA,LICENCIATURA,0
2.01408e+16,144,RECHAZADA,PENDIENTE,RECHAZADO,MALO,0.0,,SIN_CUENTA,0.0,0.0,0.0,RECIBO DE NOMINA,MEDIO_A,NO_CLIENTE,0,ALTO,0.0,0,100,0,0,0,0,59,HIPOTECA,PREPARATORIA,0
2.01408e+16,141,RECHAZADA,PENDIENTE,RECHAZADO,MALO,0.0,,SIN_CUENTA,0.0,0.0,0.0,RECIBO DE NOMINA,MEDIO_B,NO_CLIENTE,0,ALTO,0.0,4,89,0,0,0,0,53,RENTA,LICENCIATURA,0
2.01401e+16,186,RECHAZADA,PENDIENTE,RECHAZADO,MALO,0.0,,0,0.0,0.0,8553.0,INVERSIONES,MEDIO_B,CLIENTE_BANCO,10000,ALTO,0.0,5,90,0,14113,14113,0,58,PROPIA,LICENCIATURA,0
2.01408e+16,116,RECHAZADA,PENDIENTE,RECHAZADO,MALO,0.0,,SIN_CUENTA,0.0,0.0,0.0,INVERSIONES,MEDIO_A,NO_CLIENTE,0,ALTO,0.0,5,92,0,0,0,0,26,PROPIA,LICENCIATURA,0
2.01407e+16,139,RECHAZADA,PENDIENTE,RECHAZADO,MALO,0.0,,SIN_CUENTA,0.0,0.0,0.0,INVERSIONES,ALTO_B,NO_CLIENTE,0,ALTO,0.0,4,93,0,0,0,0,53,RENTA,POSGRADO,0
2.01408e+16,156,RECHAZADA,PENDIENTE,RECHAZADO,MALO,0.0,,SIN_CUENTA,0.0,0.0,0.0,RECIBO DE NOMINA,ALTO_B,NO_CLIENTE,0,ALTO,0.0,4,96,0,0,0,0,25,HIPOTECA,POSGRADO,0
2.01407e+16,173,RECHAZADA,PENDIENTE,RECHAZADO,MALO,0.0,,SIN_CUENTA,0.0,0.0,0.0,RECIBO DE NOMINA,MEDIO_B,NO_CLIENTE,0,ALTO,0.0,3,97,0,0,0,0,60,FAMILIARES,PREPARATORIA,0
2.01407e+16,117,RECHAZADA,PENDIENTE,RECHAZADO,MALO,0.0,,SIN_CUENTA,0.0,0.0,0.0,RECIBO DE NOMINA,ALTO_B,NO_CLIENTE,0,ALTO,0.0,4,99,0,0,0,0,47,FAMILIARES,POSGRADO,0
2.01406e+16,196,RECHAZADA,PENDIENTE,RECHAZADO,MALO,0.0,,0,0.0,0.0,0.0,INVERSIONES,MEDIO_B,NO_CLIENTE,0,ALTO,0.0,4,90,0,711,0,0,36,RENTA,LICENCIATURA,0
2.01406e+16,124,RECHAZADA,PENDIENTE,RECHAZADO,MALO,0.0,,1,0.0,0.0,0.0,INVERSIONES,MEDIO_B,NO_CLIENTE,0,ALTO,0.0,4,91,0,4895,0,0,42,FAMILIARES,PREPARATORIA,0
2.01407e+16,200,RECHAZADA,PENDIENTE,RECHAZADO,MALO,0.0,,SIN_CUENTA,0.0,0.0,0.0,RECIBO DE NOMINA,MEDIO_B,NO_CLIENTE,0,ALTO,0.0,3,94,0,0,0,0,47,FAMILIARES,LICENCIATURA,0
2.01408e+16,110,RECHAZADA,PENDIENTE,RECHAZADO,MALO,0.0,,0,0.0,0.0,0.0,INVERSIONES,MEDIO_A,NO_CLIENTE,0,ALTO,0.0,2,96,0,13012,0,0,44,HIPOTECA,LICENCIATURA,0
2.01408e+16,149,RECHAZADA,PENDIENTE,RECHAZADO,MALO,0.0,,0,0.0,0.0,0.0,RECIBO DE NOMINA,MEDIO_A,NO_CLIENTE,0,ALTO,0.0,3,100,0,5640,5640,0,57,PROPIA,LICENCIATURA,0
2.01407e+16,148,EN_PROCESO,PENDIENTE,RECHAZADO,MALO,0.0,,SIN_CUENTA,0.0,0.0,0.0,INVERSIONES,MEDIO_A,NO_CLIENTE,0,ALTO,0.0,3,92,0,0,0,0,27,RENTA,POSGRADO,0
2.01408e+16,207,RECHAZADA,PENDIENTE,RECHAZADO,MALO,0.0,,SIN_CUENTA,0.0,0.0,0.0,INVERSIONES,MEDIO_B,NO_CLIENTE,0,ALTO,0.0,5,94,0,0,0,0,46,RENTA,LICENCIATURA,0
2.01408e+16,130,RECHAZADA,PENDIENTE,RECHAZADO,MALO,0.0,,SIN_CUENTA,0.0,0.0,0.0,INVERSIONES,ALTO_B,NO_CLIENTE,0,ALTO,0.0,5,95,0,0,0,0,41,HIPOTECA,POSGRADO,0
2.01407e+16,187,RECHAZADA,PENDIENTE,RECHAZADO,MALO,0.0,,SIN_CUENTA,0.0,0.0,0.0,INVERSIONES,MEDIO_A,NO_CLIENTE,0,ALTO,0.0,5,98,0,0,0,0,48,HIPOTECA,PREPARATORIA,0
2.01407e+16,164,RECHAZADA,PENDIENTE,RECHAZADO,MALO,0.0,,SIN_CUENTA,0.0,0.0,0.0,RECIBO DE NOMINA,MEDIO_B,NO_CLIENTE,0,ALTO,0.0,3,98,0,0,0,0,29,FAMILIARES,PREPARATORIA,0
2.01407e+16,140,RECHAZADA,PENDIENTE,RECHAZADO,MALO,0.0,,SIN_CUENTA,0.0,0.0,0.0,RECIBO DE NOMINA,MEDIO_A,NO_CLIENTE,0,ALTO,0.0,3,99,0,0,0,0,27,PROPIA,LICENCIATURA,0
2.01407e+16,156,RECHAZADA,PENDIENTE,RECHAZADO,MALO,0.0,,SIN_CUENTA,0.0,0.0,0.0,RECIBO DE NOMINA,MEDIO_A,NO_CLIENTE,0,ALTO,0.0,1,90,0,0,0,0,41,HIPOTECA,PREPARATORIA,0
2.01408e+16,168,RECHAZADA,PENDIENTE,RECHAZADO,MALO,0.0,,SIN_CUENTA,0.0,0.0,0.0,RECIBO DE NOMINA,MEDIO_B,NO_CLIENTE,0,ALTO,0.0,3,90,0,0,0,0,35,RENTA,PREPARATORIA,0
2.01408e+16,113,RECHAZADA,PENDIENTE,RECHAZADO,MALO,0.0,,SIN_CUENTA,0.0,0.0,0.0,RECIBO DE NOMINA,MEDIO_A,NO_CLIENTE,0,ALTO,0.0,5,91,0,0,0,0,53,HIPOTECA,PREPARATORIA,0
2.01408e+16,187,EN_PROCESO,PENDIENTE,RECHAZADO,MALO,0.0,,SIN_CUENTA,0.0,0.0,0.0,INVERSIONES,BAJO_B,NO_CLIENTE,0,ALTO,0.0,2,99,0,0,0,0,37,RENTA,PREPARATORIA,0
2.01408e+16,150,RECHAZADA,PENDIENTE,RECHAZADO,MALO,0.0,,0,0.0,0.0,0.0,RECIBO DE NOMINA,ALTO_A,NO_CLIENTE,75000,ALTO,0.0,0,101,0,23628,940,0,49,PROPIA,POSGRADO,0
2.01407e+16,158,RECHAZADA,PENDIENTE,RECHAZADO,MALO,0.0,,SIN_CUENTA,0.0,0.0,0.0,RECIBO DE NOMINA,BAJO_B,NO_CLIENTE,0,ALTO,0.0,2,90,0,0,0,0,29,RENTA,SECUNDARIA,0
2.01408e+16,161,RECHAZADA,PENDIENTE,RECHAZADO,MALO,0.0,,SIN_CUENTA,0.0,0.0,0.0,RECIBO DE NOMINA,ALTO_B,NO_CLIENTE,0,ALTO,0.0,5,91,0,0,0,0,57,RENTA,POSGRADO,0
2.01408e+16,190,RECHAZADA,PENDIENTE,RECHAZADO,MALO,0.0,,1,0.0,0.0,0.0,INVERSIONES,MEDIO_B,NO_CLIENTE,19900,ALTO,0.0,4,93,0,19538,1420,0,33,RENTA,PREPARATORIA,0
2.01408e+16,190,RECHAZADA,PENDIENTE,RECHAZADO,MALO,0.0,,0,0.0,0.0,0.0,RECIBO DE NOMINA,MEDIO_A,NO_CLIENTE,31900,ALTO,0.0,3,95,0,20455,2060,0,37,PROPIA,LICENCIATURA,0
2.01408e+16,163,RECHAZADA,PENDIENTE,RECHAZADO,MALO,0.0,,SIN_CUENTA,0.0,0.0,0.0,RECIBO DE NOMINA,MEDIO_A,NO_CLIENTE,0,ALTO,0.0,5,95,0,0,0,0,40,HIPOTECA,PREPARATORIA,0
2.01406e+16,209,RECHAZADA,PENDIENTE,RECHAZADO,MALO,0.0,,SIN_CUENTA,0.0,0.0,0.0,RECIBO DE NOMINA,ALTO_B,NO_CLIENTE,0,ALTO,0.0,4,97,0,0,0,0,49,HIPOTECA,POSGRADO,0
2.01408e+16,203,RECHAZADA,PENDIENTE,RECHAZADO,MALO,0.0,,SIN_CUENTA,0.0,0.0,0.0,INVERSIONES,MEDIO_A,NO_CLIENTE,0,ALTO,0.0,2,97,0,0,0,0,38,HIPOTECA,PREPARATORIA,0
2.01407e+16,139,RECHAZADA,PENDIENTE,RECHAZADO,MALO,0.0,,SIN_CUENTA,0.0,0.0,0.0,RECIBO DE NOMINA,MEDIO_B,NO_CLIENTE,0,ALTO,0.0,3,92,0,0,0,0,41,FAMILIARES,LICENCIATURA,0
2.01407e+16,200,RECHAZADA,PENDIENTE,RECHAZADO,MALO,0.0,,SIN_CUENTA,0.0,0.0,0.0,RECIBO DE NOMINA,MEDIO_A,NO_CLIENTE,0,ALTO,0.0,2,92,0,0,0,0,27,HIPOTECA,PREPARATORIA,0
2.01408e+16,192,RECHAZADA,PENDIENTE,RECHAZADO,MALO,0.0,,0,0.0,0.0,0.0,INVERSIONES,ALTO_B,NO_CLIENTE,0,ALTO,0.0,0,101,0,26284,26284,0,33,RENTA,POSGRADO,0
2.01408e+16,165,RECHAZADA,PENDIENTE,RECHAZADO,MALO,0.0,,SIN_CUENTA,0.0,0.0,0.0,RECIBO DE NOMINA,MEDIO_B,NO_CLIENTE,0,ALTO,0.0,4,89,0,0,0,0,40,FAMILIARES,LICENCIATURA,0
2.01408e+16,130,RECHAZADA,PENDIENTE,RECHAZADO,MALO,0.0,,1,0.0,0.0,0.0,RECIBO DE NOMINA,MEDIO_B,NO_CLIENTE,3000,ALTO,0.0,3,90,0,3537,100,0,51,FAMILIARES,PREPARATORIA,0
2.01406e+16,163,RECHAZADA,PENDIENTE,RECHAZADO,MALO,0.0,,SIN_CUENTA,0.0,0.0,0.0,RECIBO DE NOMINA,MEDIO_A,NO_CLIENTE,0,ALTO,0.0,4,90,0,0,0,0,31,HIPOTECA,LICENCIATURA,0
2.01408e+16,146,RECHAZADA,PENDIENTE,RECHAZADO,MALO,0.0,,SIN_CUENTA,0.0,0.0,0.0,INVERSIONES,ALTO_B,NO_CLIENTE,0,ALTO,0.0,5,93,0,0,0,0,45,FAMILIARES,POSGRADO,0
2.01407e+16,196,RECHAZADA,PENDIENTE,RECHAZADO,MALO,0.0,,SIN_CUENTA,0.0,0.0,0.0,RECIBO DE NOMINA,ALTO_B,NO_CLIENTE,0,ALTO,0.0,4,95,0,0,0,0,41,FAMILIARES,POSGRADO,0
2.01407e+16,196,RECHAZADA,PENDIENTE,RECHAZADO,MALO,0.0,,0,0.0,0.0,0.0,INVERSIONES,MEDIO_A,NO_CLIENTE,0,ALTO,0.0,2,95,0,10546,589,0,58,HIPOTECA,LICENCIATURA,0
2.01408e+16,133,RECHAZADA,PENDIENTE,RECHAZADO,MALO,0.0,,SIN_CUENTA,0.0,0.0,0.0,RECIBO DE NOMINA,ALTO_B,NO_CLIENTE,0,ALTO,0.0,3,95,0,0,0,0,27,FAMILIARES,POSGRADO,0
2.01408e+16,141,RECHAZADA,PENDIENTE,RECHAZADO,MALO,0.0,,SIN_CUENTA,0.0,0.0,0.0,RECIBO DE NOMINA,ALTO_B,NO_CLIENTE,0,ALTO,0.0,5,97,0,0,0,0,27,RENTA,POSGRADO,0
2.01407e+16,202,RECHAZADA,PENDIENTE,RECHAZADO,MALO,0.0,,SIN_CUENTA,0.0,0.0,0.0,RECIBO DE NOMINA,MEDIO_A,NO_CLIENTE,0,ALTO,0.0,2,98,0,0,0,0,36,HIPOTECA,PREPARATORIA,0
2.01407e+16,148,RECHAZADA,PENDIENTE,RECHAZADO,MALO,0.0,,SIN_CUENTA,0.0,0.0,0.0,INVERSIONES,MEDIO_B,NO_CLIENTE,0,ALTO,0.0,1,101,0,0,0,0,33,FAMILIARES,LICENCIATURA,0
2.01408e+16,141,RECHAZADA,PENDIENTE,RECHAZADO,MALO,0.0,,2,0.0,0.0,0.0,INVERSIONES,MEDIO_B,NO_CLIENTE,6000,ALTO,0.0,2,91,0,1356,250,0,35,FAMILIARES,LICENCIATURA,0
2.01407e+16,168,RECHAZADA,PENDIENTE,RECHAZADO,MALO,0.0,,SIN_CUENTA,0.0,0.0,0.0,RECIBO DE NOMINA,MEDIO_B,NO_CLIENTE,0,ALTO,0.0,2,96,0,0,0,0,60,FAMILIARES,LICENCIATURA,0
2.01407e+16,167,RECHAZADA,PENDIENTE,RECHAZADO,MALO,0.0,,SIN_CUENTA,0.0,0.0,0.0,RECIBO DE NOMINA,MEDIO_A,NO_CLIENTE,0,ALTO,0.0,2,97,0,0,0,0,50,HIPOTECA,LICENCIATURA,0
2.01408e+16,174,RECHAZADA,PENDIENTE,RECHAZADO,MALO,0.0,,SIN_CUENTA,0.0,0.0,0.0,RECIBO DE NOMINA,MEDIO_B,NO_CLIENTE,0,ALTO,0.0,3,97,0,0,0,0,35,FAMILIARES,PREPARATORIA,0
2.01407e+16,183,RECHAZADA,PENDIENTE,RECHAZADO,MALO,0.0,,SIN_CUENTA,0.0,0.0,0.0,INVERSIONES,ALTO_B,NO_CLIENTE,0,ALTO,0.0,3,98,0,0,0,0,53,FAMILIARES,POSGRADO,0
2.01407e+16,199,RECHAZADA,PENDIENTE,RECHAZADO,MALO,0.0,,SIN_CUENTA,0.0,0.0,0.0,RECIBO DE NOMINA,MEDIO_B,NO_CLIENTE,0,ALTO,0.0,3,98,0,0,0,0,37,FAMILIARES,LICENCIATURA,0
2.01408e+16,115,RECHAZADA,PENDIENTE,RECHAZADO,MALO,0.0,,SIN_CUENTA,0.0,0.0,0.0,RECIBO DE NOMINA,MEDIO_B,NO_CLIENTE,0,ALTO,0.0,1,90,0,0,0,0,55,FAMILIARES,LICENCIATURA,0
2.01408e+16,116,RECHAZADA,PENDIENTE,RECHAZADO,MALO,0.0,,1,0.0,0.0,0.0,INVERSIONES,MEDIO_B,NO_CLIENTE,10000,ALTO,0.0,3,90,0,5691,0,0,54,RENTA,PREPARATORIA,0
2.01407e+16,124,RECHAZADA,PENDIENTE,RECHAZADO,MALO,0.0,,SIN_CUENTA,0.0,0.0,0.0,RECIBO DE NOMINA,MEDIO_B,NO_CLIENTE,0,ALTO,0.0,3,91,0,0,0,0,44,RENTA,PREPARATORIA,0
2.01408e+16,208,RECHAZADA,PENDIENTE,RECHAZADO,MALO,0.0,,SIN_CUENTA,0.0,0.0,0.0,RECIBO DE NOMINA,MEDIO_B,NO_CLIENTE,0,ALTO,0.0,2,91,0,0,0,0,34,RENTA,PREPARATORIA,0
2.01407e+16,123,RECHAZADA,PENDIENTE,RECHAZADO,MALO,0.0,,SIN_CUENTA,0.0,0.0,0.0,RECIBO DE NOMINA,MEDIO_A,NO_CLIENTE,0,ALTO,0.0,2,95,0,0,0,0,39,HIPOTECA,PREPARATORIA,0
2.01407e+16,140,RECHAZADA,PENDIENTE,RECHAZADO,MALO,0.0,,SIN_CUENTA,0.0,0.0,0.0,RECIBO DE NOMINA,ALTO_B,NO_CLIENTE,0,ALTO,0.0,3,97,0,0,0,0,45,FAMILIARES,POSGRADO,0
2.01407e+16,145,RECHAZADA,PENDIENTE,RECHAZADO,MALO,0.0,,SIN_CUENTA,0.0,0.0,0.0,RECIBO DE NOMINA,ALTO_B,NO_CLIENTE,0,ALTO,0.0,2,101,0,0,0,0,55,FAMILIARES,POSGRADO,0
2.01408e+16,185,RECHAZADA,PENDIENTE,RECHAZADO,MALO,0.0,,1,0.0,0.0,0.0,RECIBO DE NOMINA,ALTO_A,NO_CLIENTE,15,ALTO,0.0,2,101,0,0,0,0,25,PROPIA,POSGRADO,0
2.01406e+16,163,RECHAZADA,PENDIENTE,RECHAZADO,MALO,0.0,,SIN_CUENTA,0.0,0.0,0.0,RECIBO DE NOMINA,MEDIO_B,NO_CLIENTE,0,ALTO,0.0,4,92,0,0,0,0,33,RENTA,LICENCIATURA,0
2.01407e+16,187,RECHAZADA,PENDIENTE,RECHAZADO,MALO,0.0,,SIN_CUENTA,0.0,0.0,0.0,RECIBO DE NOMINA,MEDIO_B,NO_CLIENTE,0,ALTO,0.0,2,95,0,0,0,0,37,FAMILIARES,PREPARATORIA,0
2.01408e+16,198,RECHAZADA,PENDIENTE,RECHAZADO,MALO,0.0,,SIN_CUENTA,0.0,0.0,0.0,RECIBO DE NOMINA,MEDIO_A,NO_CLIENTE,0,ALTO,0.0,1,98,0,0,0,0,38,HIPOTECA,PREPARATORIA,0
2.01407e+16,196,RECHAZADA,PENDIENTE,RECHAZADO,MALO,0.0,,SIN_CUENTA,0.0,0.0,0.0,INVERSIONES,MEDIO_A,NO_CLIENTE,0,ALTO,0.0,2,100,0,0,0,0,34,HIPOTECA,PREPARATORIA,0
2.01408e+16,179,RECHAZADA,PENDIENTE,RECHAZADO,MALO,0.0,,1,0.0,0.0,0.0,RECIBO DE NOMINA,ALTO_B,NO_CLIENTE,35900,ALTO,0.0,0,100,0,34675,0,0,57,HIPOTECA,POSGRADO,0
2.01407e+16,126,RECHAZADA,PENDIENTE,RECHAZADO,MALO,0.0,,SIN_CUENTA,0.0,0.0,0.0,RECIBO DE NOMINA,MEDIO_B,NO_CLIENTE,0,ALTO,0.0,3,101,0,0,0,0,47,RENTA,PREPARATORIA,0
2.01408e+16,153,RECHAZADA,PENDIENTE,RECHAZADO,MALO,0.0,,0,0.0,0.0,0.0,INVERSIONES,MEDIO_B,NO_CLIENTE,341000,ALTO,0.0,4,101,0,187878,9900,0,57,FAMILIARES,LICENCIATURA,0
2.01408e+16,162,RECHAZADA,PENDIENTE,RECHAZADO,MALO,0.0,,SIN_CUENTA,0.0,0.0,0.0,RECIBO DE NOMINA,MEDIO_A,NO_CLIENTE,0,ALTO,0.0,5,89,0,0,0,0,30,HIPOTECA,LICENCIATURA,0
2.01408e+16,122,RECHAZADA,PENDIENTE,RECHAZADO,MALO,0.0,,SIN_CUENTA,0.0,0.0,0.0,INVERSIONES,ALTO_B,NO_CLIENTE,0,ALTO,0.0,3,91,0,0,0,0,54,HIPOTECA,POSGRADO,0
2.01408e+16,180,RECHAZADA,PENDIENTE,RECHAZADO,MALO,0.0,,0,0.0,0.0,0.0,INVERSIONES,ALTO_B,NO_CLIENTE,3000,ALTO,0.0,3,97,0,2807,250,0,57,FAMILIARES,POSGRADO,0
2.01408e+16,167,RECHAZADA,PENDIENTE,RECHAZADO,MALO,0.0,,SIN_CUENTA,0.0,0.0,0.0,DECLARACION ANUAL,MEDIO_A,NO_CLIENTE,0,ALTO,0.0,4,97,0,0,0,0,50,HIPOTECA,LICENCIATURA,0
2.01407e+16,137,RECHAZADA,PENDIENTE,RECHAZADO,MALO,0.0,,SIN_CUENTA,0.0,0.0,0.0,INVERSIONES,MEDIO_A,NO_CLIENTE,0,ALTO,0.0,2,99,0,0,0,0,45,HIPOTECA,LICENCIATURA,0
2.01408e+16,182,RECHAZADA,PENDIENTE,RECHAZADO,MALO,0.0,,1,0.0,0.0,0.0,INVERSIONES,ALTO_A,NO_CLIENTE,6100,ALTO,0.0,5,89,0,192,0,0,46,PROPIA,POSGRADO,0
2.01408e+16,149,RECHAZADA,PENDIENTE,RECHAZADO,MALO,0.0,,SIN_CUENTA,0.0,0.0,0.0,INVERSIONES,MEDIO_B,NO_CLIENTE,0,ALTO,0.0,3,90,0,0,0,0,26,FAMILIARES,LICENCIATURA,0
2.01407e+16,216,RECHAZADA,PENDIENTE,RECHAZADO,MALO,0.0,,SIN_CUENTA,0.0,0.0,0.0,INVERSIONES,ALTO_B,NO_CLIENTE,0,ALTO,0.0,5,93,0,0,0,0,36,FAMILIARES,POSGRADO,0
2.01408e+16,137,RECHAZADA,PENDIENTE,RECHAZADO,MALO,0.0,,SIN_CUENTA,0.0,0.0,0.0,RECIBO DE NOMINA,MEDIO_B,NO_CLIENTE,0,ALTO,0.0,3,93,0,0,0,0,55,FAMILIARES,PREPARATORIA,0
2.01408e+16,169,RECHAZADA,PENDIENTE,RECHAZADO,MALO,0.0,,SIN_CUENTA,0.0,0.0,0.0,RECIBO DE NOMINA,MEDIO_B,NO_CLIENTE,0,ALTO,0.0,2,95,0,0,0,0,31,FAMILIARES,PREPARATORIA,0
2.01408e+16,133,RECHAZADA,PENDIENTE,RECHAZADO,MALO,0.0,,1,0.0,0.0,0.0,INVERSIONES,ALTO_B,NO_CLIENTE,5500,ALTO,0.0,3,96,0,0,0,0,37,HIPOTECA,POSGRADO,0
2.01408e+16,201,RECHAZADA,PENDIENTE,RECHAZADO,MALO,0.0,,0,0.0,0.0,0.0,RECIBO DE NOMINA,MEDIO_B,NO_CLIENTE,47000,ALTO,0.0,4,97,0,47491,2670,0,40,FAMILIARES,PREPARATORIA,0
2.01408e+16,160,RECHAZADA,PENDIENTE,RECHAZADO,MALO,0.0,,SIN_CUENTA,0.0,0.0,0.0,RECIBO DE NOMINA,MEDIO_A,NO_CLIENTE,0,ALTO,0.0,5,99,0,0,0,0,52,HIPOTECA,PREPARATORIA,0
2.01407e+16,184,RECHAZADA,PENDIENTE,RECHAZADO,MALO,0.0,,SIN_CUENTA,0.0,0.0,0.0,RECIBO DE NOMINA,MEDIO_B,NO_CLIENTE,0,ALTO,0.0,4,100,0,0,0,0,25,RENTA,LICENCIATURA,0
2.01408e+16,117,RECHAZADA,PENDIENTE,RECHAZADO,MALO,0.0,,SIN_CUENTA,0.0,0.0,0.0,RECIBO DE NOMINA,ALTO_A,NO_CLIENTE,0,ALTO,0.0,2,100,0,0,0,0,38,PROPIA,POSGRADO,0
2.01407e+16,166,RECHAZADA,PENDIENTE,RECHAZADO,MALO,0.0,,SIN_CUENTA,0.0,0.0,0.0,RECIBO DE NOMINA,MEDIO_A,NO_CLIENTE,0,ALTO,0.0,2,97,0,0,0,0,32,HIPOTECA,PREPARATORIA,0
2.01408e+16,137,RECHAZADA,PENDIENTE,RECHAZADO,MALO,0.0,,1,0.0,0.0,0.0,INVERSIONES,MEDIO_A,NO_CLIENTE,15400,ALTO,0.0,1,99,0,4277,400,0,60,HIPOTECA,PREPARATORIA,0
2.01407e+16,202,RECHAZADA,PENDIENTE,RECHAZADO,MALO,0.0,,SIN_CUENTA,0.0,0.0,0.0,RECIBO DE NOMINA,MEDIO_A,NO_CLIENTE,0,ALTO,0.0,2,101,0,0,0,0,51,PROPIA,LICENCIATURA,0
2.01407e+16,137,RECHAZADA,PENDIENTE,RECHAZADO,MALO,0.0,,1,0.0,0.0,0.0,INVERSIONES,BAJO_B,NO_CLIENTE,94000,ALTO,0.0,3,90,0,0,0,0,49,FAMILIARES,SECUNDARIA,0
2.01407e+16,217,RECHAZADA,PENDIENTE,RECHAZADO,MALO,0.0,,SIN_CUENTA,0.0,0.0,0.0,RECIBO DE NOMINA,MEDIO_A,NO_CLIENTE,0,ALTO,0.0,3,91,0,0,0,0,30,HIPOTECA,PREPARATORIA,0
2.01407e+16,212,RECHAZADA,PENDIENTE,RECHAZADO,MALO,0.0,,SIN_CUENTA,0.0,0.0,0.0,RECIBO DE NOMINA,MEDIO_A,NO_CLIENTE,0,ALTO,0.0,3,91,0,0,0,0,25,PROPIA,LICENCIATURA,0
2.01407e+16,190,RECHAZADA,PENDIENTE,RECHAZADO,MALO,0.0,,SIN_CUENTA,0.0,0.0,0.0,DECLARACION ANUAL,ALTO_B,NO_CLIENTE,0,ALTO,0.0,1,92,0,0,0,0,38,FAMILIARES,POSGRADO,0
2.01408e+16,191,RECHAZADA,PENDIENTE,RECHAZADO,MALO,0.0,,SIN_CUENTA,0.0,0.0,0.0,INVERSIONES,ALTO_B,NO_CLIENTE,0,ALTO,0.0,5,92,0,0,0,0,46,HIPOTECA,POSGRADO,0
2.01408e+16,171,RECHAZADA,PENDIENTE,RECHAZADO,MALO,0.0,,SIN_CUENTA,0.0,0.0,0.0,RECIBO DE NOMINA,MEDIO_B,NO_CLIENTE,0,ALTO,0.0,4,92,0,0,0,0,39,FAMILIARES,LICENCIATURA,0
2.01407e+16,175,RECHAZADA,PENDIENTE,RECHAZADO,MALO,0.0,,SIN_CUENTA,0.0,0.0,0.0,RECIBO DE NOMINA,MEDIO_B,NO_CLIENTE,0,ALTO,0.0,2,96,0,0,0,0,49,RENTA,LICENCIATURA,0
2.01408e+16,139,RECHAZADA,PENDIENTE,RECHAZADO,MALO,0.0,,0,0.0,0.0,0.0,RECIBO DE NOMINA,MEDIO_A,NO_CLIENTE,28000,ALTO,0.0,1,97,0,0,0,0,41,PROPIA,LICENCIATURA,0
2.01408e+16,184,RECHAZADA,PENDIENTE,RECHAZADO,MALO,0.0,,SIN_CUENTA,0.0,0.0,0.0,RECIBO DE NOMINA,MEDIO_A,NO_CLIENTE,0,ALTO,0.0,3,98,0,0,0,0,55,HIPOTECA,LICENCIATURA,0
2.01408e+16,128,RECHAZADA,PENDIENTE,RECHAZADO,MALO,0.0,,SIN_CUENTA,0.0,0.0,0.0,RECIBO DE NOMINA,MEDIO_B,NO_CLIENTE,0,ALTO,0.0,3,98,0,0,0,0,32,FAMILIARES,LICENCIATURA,0
2.01407e+16,121,RECHAZADA,PENDIENTE,RECHAZADO,MALO,0.0,,0,0.0,0.0,0.0,RECIBO DE NOMINA,ALTO_A,NO_CLIENTE,0,ALTO,0.0,3,100,0,19439,1690,0,52,PROPIA,POSGRADO,0
2.01408e+16,163,RECHAZADA,PENDIENTE,RECHAZADO,MALO,0.0,,SIN_CUENTA,0.0,0.0,0.0,RECIBO DE NOMINA,MEDIO_A,NO_CLIENTE,0,ALTO,0.0,0,101,0,0,0,0,37,HIPOTECA,PREPARATORIA,0
2.01408e+16,188,RECHAZADA,PENDIENTE,RECHAZADO,MALO,0.0,,0,0.0,0.0,0.0,INVERSIONES,MEDIO_A,NO_CLIENTE,28000,ALTO,0.0,3,90,0,1193,0,0,25,PROPIA,LICENCIATURA,0
2.01408e+16,139,RECHAZADA,PENDIENTE,RECHAZADO,MALO,0.0,,SIN_CUENTA,0.0,0.0,0.0,RECIBO DE NOMINA,MEDIO_A,NO_CLIENTE,0,ALTO,0.0,3,98,0,0,0,0,31,HIPOTECA,LICENCIATURA,0
2.01408e+16,205,RECHAZADA,PENDIENTE,RECHAZADO,MALO,0.0,,SIN_CUENTA,0.0,0.0,0.0,RECIBO DE NOMINA,MEDIO_A,NO_CLIENTE,0,ALTO,0.0,3,100,0,0,0,0,38,PROPIA,LICENCIATURA,0
2.01407e+16,212,RECHAZADA,PENDIENTE,RECHAZADO,MALO,0.0,,0,0.0,0.0,0.0,RECIBO DE NOMINA,ALTO_B,NO_CLIENTE,0,ALTO,0.0,3,101,0,6351,6351,0,60,FAMILIARES,POSGRADO,0
2.01407e+16,177,RECHAZADA,PENDIENTE,RECHAZADO,MALO,0.0,,0,0.0,0.0,0.0,INVERSIONES,ALTO_B,NO_CLIENTE,0,ALTO,0.0,4,91,0,8968,250,0,57,FAMILIARES,POSGRADO,0
2.01408e+16,213,RECHAZADA,PENDIENTE,RECHAZADO,MALO,0.0,,SIN_CUENTA,0.0,0.0,0.0,RECIBO DE NOMINA,ALTO_B,NO_CLIENTE,0,ALTO,0.0,2,92,0,0,0,0,54,RENTA,POSGRADO,0
2.01407e+16,205,RECHAZADA,PENDIENTE,RECHAZADO,MALO,0.0,,SIN_CUENTA,0.0,0.0,0.0,RECIBO DE NOMINA,MEDIO_A,NO_CLIENTE,0,ALTO,0.0,2,93,0,0,0,0,44,HIPOTECA,LICENCIATURA,0
2.01407e+16,160,RECHAZADA,PENDIENTE,RECHAZADO,MALO,0.0,,0,0.0,0.0,0.0,INVERSIONES,MEDIO_B,NO_CLIENTE,0,ALTO,0.0,4,94,0,37717,6880,0,44,FAMILIARES,LICENCIATURA,0
2.01408e+16,166,RECHAZADA,PENDIENTE,RECHAZADO,MALO,0.0,,SIN_CUENTA,0.0,0.0,0.0,INVERSIONES,ALTO_A,NO_CLIENTE,0,ALTO,0.0,5,99,0,0,0,0,50,PROPIA,POSGRADO,0
2.01408e+16,182,RECHAZADA,PENDIENTE,RECHAZADO,MALO,0.0,,SIN_CUENTA,0.0,0.0,0.0,RECIBO DE NOMINA,MEDIO_A,NO_CLIENTE,0,ALTO,0.0,3,100,0,0,0,0,29,PROPIA,LICENCIATURA,0
2.01407e+16,147,RECHAZADA,PENDIENTE,RECHAZADO,MALO,0.0,,0,0.0,0.0,0.0,RECIBO DE NOMINA,ALTO_B,NO_CLIENTE,0,ALTO,0.0,4,89,0,1042,0,0,57,RENTA,POSGRADO,0
2.01407e+16,178,RECHAZADA,PENDIENTE,RECHAZADO,MALO,0.0,,SIN_CUENTA,0.0,0.0,0.0,RECIBO DE NOMINA,ALTO_B,NO_CLIENTE,0,ALTO,0.0,3,91,0,0,0,0,51,RENTA,POSGRADO,0
2.01408e+16,140,RECHAZADA,PENDIENTE,RECHAZADO,MALO,0.0,,0,0.0,0.0,0.0,INVERSIONES,MEDIO_B,NO_CLIENTE,16500,ALTO,0.0,3,94,0,2320,250,0,25,RENTA,LICENCIATURA,0
2.01407e+16,146,RECHAZADA,PENDIENTE,RECHAZADO,MALO,0.0,,SIN_CUENTA,0.0,0.0,0.0,INVERSIONES,ALTO_B,NO_CLIENTE,0,ALTO,0.0,3,98,0,0,0,0,36,FAMILIARES,POSGRADO,0
2.01407e+16,201,RECHAZADA,PENDIENTE,RECHAZADO,MALO,0.0,,SIN_CUENTA,0.0,0.0,0.0,RECIBO DE NOMINA,MEDIO_A,NO_CLIENTE,0,ALTO,0.0,3,98,0,0,0,0,26,HIPOTECA,LICENCIATURA,0
2.01407e+16,177,RECHAZADA,PENDIENTE,RECHAZADO,MALO,0.0,,1,0.0,0.0,0.0,INVERSIONES,MEDIO_B,NO_CLIENTE,0,ALTO,0.0,4,89,0,43161,0,0,43,RENTA,PREPARATORIA,0
2.01408e+16,202,RECHAZADA,PENDIENTE,RECHAZADO,MALO,0.0,,0,0.0,0.0,0.0,INVERSIONES,ALTO_B,NO_CLIENTE,142900,ALTO,0.0,5,90,0,114888,18750,0,28,FAMILIARES,POSGRADO,0
2.01408e+16,149,RECHAZADA,PENDIENTE,RECHAZADO,MALO,0.0,,SIN_CUENTA,0.0,0.0,0.0,RECIBO DE NOMINA,ALTO_B,NO_CLIENTE,0,ALTO,0.0,4,93,0,0,0,0,35,RENTA,POSGRADO,0
2.01407e+16,221,RECHAZADA,PENDIENTE,RECHAZADO,MALO,0.0,,SIN_CUENTA,0.0,0.0,0.0,RECIBO DE NOMINA,ALTO_A,NO_CLIENTE,0,ALTO,0.0,2,94,0,0,0,0,29,PROPIA,POSGRADO,0
2.01408e+16,193,RECHAZADA,PENDIENTE,RECHAZADO,MALO,0.0,,SIN_CUENTA,0.0,0.0,0.0,RECIBO DE NOMINA,ALTO_B,NO_CLIENTE,0,ALTO,0.0,2,94,0,0,0,0,28,RENTA,POSGRADO,0
2.01408e+16,141,RECHAZADA,PENDIENTE,RECHAZADO,MALO,0.0,,0,0.0,0.0,0.0,RECIBO DE NOMINA,MEDIO_A,NO_CLIENTE,0,ALTO,0.0,4,94,0,3893,0,0,56,PROPIA,LICENCIATURA,0
2.01407e+16,190,RECHAZADA,PENDIENTE,RECHAZADO,MALO,0.0,,SIN_CUENTA,0.0,0.0,0.0,RECIBO DE NOMINA,ALTO_B,NO_CLIENTE,0,ALTO,0.0,3,95,0,0,0,0,53,RENTA,POSGRADO,0
2.01407e+16,133,RECHAZADA,PENDIENTE,RECHAZADO,MALO,0.0,,0,0.0,0.0,0.0,INVERSIONES,MEDIO_B,NO_CLIENTE,0,ALTO,0.0,3,98,0,2520,1500,0,28,RENTA,LICENCIATURA,0
2.01407e+16,133,RECHAZADA,PENDIENTE,RECHAZADO,MALO,0.0,,SIN_CUENTA,0.0,0.0,0.0,RECIBO DE NOMINA,MEDIO_A,NO_CLIENTE,0,ALTO,0.0,2,99,0,0,0,0,52,PROPIA,LICENCIATURA,0
2.01407e+16,200,RECHAZADA,PENDIENTE,RECHAZADO,MALO,0.0,,SIN_CUENTA,0.0,0.0,0.0,RECIBO DE NOMINA,ALTO_B,NO_CLIENTE,0,ALTO,0.0,2,93,0,0,0,0,41,HIPOTECA,POSGRADO,0
2.01408e+16,177,RECHAZADA,PENDIENTE,RECHAZADO,MALO,0.0,,2,0.0,0.0,0.0,INVERSIONES,MEDIO_B,NO_CLIENTE,3000,ALTO,0.0,3,94,0,0,0,0,34,RENTA,LICENCIATURA,0
2.01408e+16,204,RECHAZADA,PENDIENTE,RECHAZADO,MALO,0.0,,1,0.0,0.0,0.0,INVERSIONES,ALTO_B,NO_CLIENTE,10400,ALTO,0.0,2,94,0,2488,250,0,47,FAMILIARES,POSGRADO,0
2.01408e+16,138,RECHAZADA,PENDIENTE,RECHAZADO,MALO,0.0,,1,0.0,0.0,0.0,INVERSIONES,MEDIO_A,NO_CLIENTE,5004,ALTO,0.0,4,94,0,5206,0,0,57,HIPOTECA,PREPARATORIA,0
2.01408e+16,139,RECHAZADA,PENDIENTE,RECHAZADO,MALO,0.0,,SIN_CUENTA,0.0,0.0,0.0,RECIBO DE NOMINA,ALTO_B,NO_CLIENTE,0,ALTO,0.0,3,95,0,0,0,0,37,RENTA,POSGRADO,0
2.01408e+16,201,RECHAZADA,PENDIENTE,RECHAZADO,MALO,0.0,,SIN_CUENTA,0.0,0.0,0.0,INVERSIONES,MEDIO_A,NO_CLIENTE,0,ALTO,0.0,2,97,0,0,0,0,57,HIPOTECA,PREPARATORIA,0
2.01408e+16,219,RECHAZADA,PENDIENTE,RECHAZADO,MALO,0.0,,SIN_CUENTA,0.0,0.0,0.0,RECIBO DE NOMINA,ALTO_B,NO_CLIENTE,0,ALTO,0.0,0,100,0,0,0,0,55,HIPOTECA,POSGRADO,0
2.01408e+16,131,RECHAZADA,PENDIENTE,RECHAZADO,MALO,0.0,,SIN_CUENTA,0.0,0.0,0.0,RECIBO DE NOMINA,MEDIO_B,NO_CLIENTE,0,ALTO,0.0,5,89,0,0,0,0,40,RENTA,LICENCIATURA,0
2.01408e+16,222,RECHAZADA,PENDIENTE,RECHAZADO,MALO,0.0,,SIN_CUENTA,0.0,0.0,0.0,RECIBO DE NOMINA,MEDIO_B,NO_CLIENTE,0,ALTO,0.0,5,89,0,0,0,0,44,RENTA,LICENCIATURA,0
2.01408e+16,218,RECHAZADA,PENDIENTE,RECHAZADO,MALO,0.0,,SIN_CUENTA,0.0,0.0,0.0,DECLARACION ANUAL,MEDIO_A,NO_CLIENTE,0,ALTO,0.0,3,93,0,0,0,0,34,HIPOTECA,PREPARATORIA,0
2.01408e+16,195,RECHAZADA,PENDIENTE,RECHAZADO,MALO,0.0,,SIN_CUENTA,0.0,0.0,0.0,RECIBO DE NOMINA,MEDIO_A,NO_CLIENTE,0,ALTO,0.0,2,101,0,0,0,0,47,PROPIA,LICENCIATURA,0
2.01407e+16,186,RECHAZADA,PENDIENTE,RECHAZADO,MALO,0.0,,1,0.0,0.0,0.0,INVERSIONES,MEDIO_A,NO_CLIENTE,0,ALTO,0.0,3,92,0,4729,380,0,55,HIPOTECA,PREPARATORIA,0
2.01407e+16,201,RECHAZADA,PENDIENTE,RECHAZADO,MALO,0.0,,SIN_CUENTA,0.0,0.0,0.0,RECIBO DE NOMINA,MEDIO_B,NO_CLIENTE,0,ALTO,0.0,1,95,0,0,0,0,56,FAMILIARES,LICENCIATURA,0
2.01408e+16,142,RECHAZADA,PENDIENTE,RECHAZADO,MALO,0.0,,SIN_CUENTA,0.0,0.0,0.0,RECIBO DE NOMINA,ALTO_B,NO_CLIENTE,0,ALTO,0.0,4,95,0,0,0,0,46,HIPOTECA,POSGRADO,0
2.01407e+16,138,RECHAZADA,PENDIENTE,RECHAZADO,MALO,0.0,,SIN_CUENTA,0.0,0.0,0.0,RECIBO DE NOMINA,MEDIO_A,NO_CLIENTE,0,ALTO,0.0,2,97,0,0,0,0,33,HIPOTECA,LICENCIATURA,0
2.01408e+16,223,RECHAZADA,PENDIENTE,RECHAZADO,MALO,0.0,,SIN_CUENTA,0.0,0.0,0.0,INVERSIONES,MEDIO_B,NO_CLIENTE,0,ALTO,0.0,2,101,0,0,0,0,50,FAMILIARES,LICENCIATURA,0
2.01407e+16,201,RECHAZADA,PENDIENTE,RECHAZADO,MALO,0.0,,SIN_CUENTA,0.0,0.0,0.0,RECIBO DE NOMINA,MEDIO_A,NO_CLIENTE,0,ALTO,0.0,3,92,0,0,0,0,33,PROPIA,LICENCIATURA,0
2.01408e+16,177,RECHAZADA,PENDIENTE,RECHAZADO,MALO,0.0,,SIN_CUENTA,0.0,0.0,0.0,INVERSIONES,MEDIO_A,NO_CLIENTE,0,ALTO,0.0,4,92,0,0,0,0,47,HIPOTECA,PREPARATORIA,0
2.01408e+16,157,RECHAZADA,PENDIENTE,RECHAZADO,MALO,0.0,,SIN_CUENTA,0.0,0.0,0.0,RECIBO DE NOMINA,MEDIO_B,NO_CLIENTE,0,ALTO,0.0,5,92,0,0,0,0,54,RENTA,PREPARATORIA,0
2.01407e+16,170,RECHAZADA,PENDIENTE,RECHAZADO,MALO,0.0,,SIN_CUENTA,0.0,0.0,0.0,DECLARACION ANUAL,MEDIO_B,NO_CLIENTE,0,ALTO,0.0,3,99,0,0,0,0,40,RENTA,PREPARATORIA,0
2.01408e+16,154,RECHAZADA,PENDIENTE,RECHAZADO,MALO,0.0,,1,0.0,0.0,0.0,INVERSIONES,ALTO_B,NO_CLIENTE,45000,ALTO,0.0,3,100,0,1412,0,0,28,RENTA,POSGRADO,0
2.01407e+16,223,RECHAZADA,PENDIENTE,RECHAZADO,MALO,0.0,,0,0.0,0.0,0.0,INVERSIONES,ALTO_B,NO_CLIENTE,0,ALTO,0.0,4,101,0,733,250,0,34,HIPOTECA,POSGRADO,0
2.01408e+16,204,RECHAZADA,PENDIENTE,RECHAZADO,MALO,0.0,,SIN_CUENTA,0.0,0.0,0.0,RECIBO DE NOMINA,ALTO_B,NO_CLIENTE,0,ALTO,0.0,0,101,0,0,0,0,26,RENTA,POSGRADO,0
2.01408e+16,187,RECHAZADA,PENDIENTE,RECHAZADO,MALO,0.0,,0,0.0,0.0,0.0,INVERSIONES,ALTO_A,NO_CLIENTE,73500,ALTO,0.0,3,91,0,9638,920,0,32,PROPIA,POSGRADO,0
2.01407e+16,189,RECHAZADA,PENDIENTE,RECHAZADO,MALO,0.0,,SIN_CUENTA,0.0,0.0,0.0,RECIBO DE NOMINA,MEDIO_B,NO_CLIENTE,0,ALTO,0.0,2,101,0,0,0,0,30,RENTA,LICENCIATURA,0
2.01408e+16,175,RECHAZADA,PENDIENTE,RECHAZADO,MALO,0.0,,SIN_CUENTA,0.0,0.0,0.0,RECIBO DE NOMINA,MEDIO_B,NO_CLIENTE,0,ALTO,0.0,1,90,0,0,0,0,58,RENTA,LICENCIATURA,0
2.01407e+16,189,RECHAZADA,PENDIENTE,RECHAZADO,MALO,0.0,,SIN_CUENTA,0.0,0.0,0.0,INVERSIONES,MEDIO_B,NO_CLIENTE,0,ALTO,0.0,3,91,0,0,0,0,38,RENTA,LICENCIATURA,0
2.01408e+16,199,RECHAZADA,PENDIENTE,RECHAZADO,MALO,0.0,,SIN_CUENTA,0.0,0.0,0.0,RECIBO DE NOMINA,MEDIO_A,NO_CLIENTE,0,ALTO,0.0,1,92,0,0,0,0,59,PROPIA,LICENCIATURA,0
2.01408e+16,170,RECHAZADA,PENDIENTE,RECHAZADO,MALO,0.0,,0,0.0,0.0,0.0,INVERSIONES,ALTO_B,NO_CLIENTE,0,ALTO,0.0,3,92,0,15129,9020,0,38,FAMILIARES,POSGRADO,0
2.01408e+16,200,RECHAZADA,PENDIENTE,RECHAZADO,MALO,0.0,,SIN_CUENTA,0.0,0.0,0.0,RECIBO DE NOMINA,ALTO_B,NO_CLIENTE,0,ALTO,0.0,5,94,0,0,0,0,30,RENTA,POSGRADO,0
2.01408e+16,154,RECHAZADA,PENDIENTE,RECHAZADO,MALO,0.0,,1,0.0,0.0,0.0,RECIBO DE NOMINA,MEDIO_A,NO_CLIENTE,9800,ALTO,0.0,2,96,0,6205,250,0,31,HIPOTECA,PREPARATORIA,0
2.01408e+16,201,RECHAZADA,PENDIENTE,RECHAZADO,MALO,0.0,,SIN_CUENTA,0.0,0.0,0.0,RECIBO DE NOMINA,MEDIO_A,NO_CLIENTE,0,ALTO,0.0,4,98,0,0,0,0,46,HIPOTECA,PREPARATORIA,0
2.01407e+16,133,RECHAZADA,PENDIENTE,RECHAZADO,MALO,0.0,,SIN_CUENTA,0.0,0.0,0.0,RECIBO DE NOMINA,ALTO_B,NO_CLIENTE,0,ALTO,0.0,3,99,0,0,0,0,55,RENTA,POSGRADO,0
2.01407e+16,170,RECHAZADA,PENDIENTE,RECHAZADO,MALO,0.0,,SIN_CUENTA,0.0,0.0,0.0,RECIBO DE NOMINA,MEDIO_B,NO_CLIENTE,0,ALTO,0.0,1,99,0,0,0,0,35,RENTA,PREPARATORIA,0
2.01408e+16,148,RECHAZADA,PENDIENTE,RECHAZADO,MALO,0.0,,SIN_CUENTA,0.0,0.0,0.0,RECIBO DE NOMINA,ALTO_A,NO_CLIENTE,0,ALTO,0.0,0,101,0,0,0,0,31,PROPIA,POSGRADO,0
2.01408e+16,152,RECHAZADA,PENDIENTE,RECHAZADO,MALO,0.0,,SIN_CUENTA,0.0,0.0,0.0,INVERSIONES,ALTO_B,NO_CLIENTE,0,ALTO,0.0,4,89,0,0,0,0,58,RENTA,POSGRADO,0
2.01407e+16,165,RECHAZADA,PENDIENTE,RECHAZADO,MALO,0.0,,SIN_CUENTA,0.0,0.0,0.0,RECIBO DE NOMINA,MEDIO_B,NO_CLIENTE,0,ALTO,0.0,4,91,0,0,0,0,26,RENTA,PREPARATORIA,0
2.01407e+16,132,RECHAZADA,PENDIENTE,RECHAZADO,MALO,0.0,,SIN_CUENTA,0.0,0.0,0.0,RECIBO DE NOMINA,MEDIO_A,NO_CLIENTE,0,ALTO,0.0,1,94,0,0,0,0,33,HIPOTECA,PREPARATORIA,0
2.01407e+16,206,RECHAZADA,PENDIENTE,RECHAZADO,MALO,0.0,,SIN_CUENTA,0.0,0.0,0.0,RECIBO DE NOMINA,MEDIO_A,NO_CLIENTE,0,ALTO,0.0,3,95,0,0,0,0,37,HIPOTECA,PREPARATORIA,0
2.01408e+16,222,RECHAZADA,PENDIENTE,RECHAZADO,MALO,0.0,,SIN_CUENTA,0.0,0.0,0.0,INVERSIONES,MEDIO_B,NO_CLIENTE,0,ALTO,0.0,4,99,0,0,0,0,45,RENTA,LICENCIATURA,0
2.01408e+16,145,RECHAZADA,PENDIENTE,RECHAZADO,MALO,0.0,,SIN_CUENTA,0.0,0.0,0.0,INVERSIONES,MEDIO_A,NO_CLIENTE,0,ALTO,0.0,5,99,0,0,0,0,58,HIPOTECA,LICENCIATURA,0
2.01407e+16,153,RECHAZADA,PENDIENTE,RECHAZADO,MALO,0.0,,SIN_CUENTA,0.0,0.0,0.0,RECIBO DE NOMINA,MEDIO_A,NO_CLIENTE,0,ALTO,0.0,1,101,0,0,0,0,42,PROPIA,LICENCIATURA,0
2.01408e+16,192,RECHAZADA,PENDIENTE,RECHAZADO,MALO,0.0,,SIN_CUENTA,0.0,0.0,0.0,RECIBO DE NOMINA,ALTO_B,NO_CLIENTE,0,ALTO,0.0,3,90,0,0,0,0,35,RENTA,POSGRADO,0
2.01408e+16,168,RECHAZADA,PENDIENTE,RECHAZADO,MALO,0.0,,SIN_CUENTA,0.0,0.0,0.0,INVERSIONES,BAJO_B,NO_CLIENTE,0,ALTO,0.0,4,91,0,0,0,0,46,FAMILIARES,PREPARATORIA,0
2.01407e+16,175,RECHAZADA,PENDIENTE,RECHAZADO,MALO,0.0,,SIN_CUENTA,0.0,0.0,0.0,RECIBO DE NOMINA,MEDIO_B,NO_CLIENTE,0,ALTO,0.0,3,92,0,0,0,0,35,FAMILIARES,LICENCIATURA,0
2.01407e+16,222,RECHAZADA,PENDIENTE,RECHAZADO,MALO,0.0,,SIN_CUENTA,0.0,0.0,0.0,RECIBO DE NOMINA,MEDIO_A,NO_CLIENTE,0,ALTO,0.0,4,93,0,0,0,0,45,HIPOTECA,PREPARATORIA,0
2.01408e+16,193,RECHAZADA,PENDIENTE,RECHAZADO,MALO,0.0,,SIN_CUENTA,0.0,0.0,0.0,RECIBO DE NOMINA,MEDIO_A,NO_CLIENTE,0,ALTO,0.0,4,95,0,0,0,0,52,HIPOTECA,LICENCIATURA,0
2.01408e+16,133,EN_PROCESO,PENDIENTE,RECHAZADO,MALO,0.0,,SIN_CUENTA,0.0,0.0,0.0,RECIBO DE NOMINA,BAJO_B,NO_CLIENTE,0,ALTO,0.0,5,98,0,0,0,0,59,HIPOTECA,LICENCIATURA,0
2.01408e+16,198,RECHAZADA,PENDIENTE,RECHAZADO,MALO,0.0,,SIN_CUENTA,0.0,0.0,0.0,INVERSIONES,MEDIO_A,NO_CLIENTE,0,ALTO,0.0,2,101,0,0,0,0,27,HIPOTECA,PREPARATORIA,0
2.01407e+16,141,RECHAZADA,PENDIENTE,RECHAZADO,MALO,0.0,,SIN_CUENTA,0.0,0.0,0.0,INVERSIONES,MEDIO_B,NO_CLIENTE,0,ALTO,0.0,3,92,0,0,0,0,40,FAMILIARES,PREPARATORIA,0
2.01407e+16,143,RECHAZADA,PENDIENTE,RECHAZADO,MALO,0.0,,SIN_CUENTA,0.0,0.0,0.0,RECIBO DE NOMINA,ALTO_A,NO_CLIENTE,0,ALTO,0.0,1,93,0,0,0,0,29,PROPIA,POSGRADO,0
2.01407e+16,157,RECHAZADA,PENDIENTE,RECHAZADO,MALO,0.0,,SIN_CUENTA,0.0,0.0,0.0,INVERSIONES,MEDIO_B,NO_CLIENTE,0,ALTO,0.0,5,94,0,0,0,0,30,RENTA,LICENCIATURA,0
2.01408e+16,141,RECHAZADA,PENDIENTE,RECHAZADO,MALO,0.0,,SIN_CUENTA,0.0,0.0,0.0,INVERSIONES,ALTO_B,NO_CLIENTE,0,ALTO,0.0,4,95,0,0,0,0,25,HIPOTECA,POSGRADO,0
2.01407e+16,228,RECHAZADA,PENDIENTE,RECHAZADO,MALO,0.0,,0,0.0,0.0,0.0,RECIBO DE NOMINA,ALTO_B,NO_CLIENTE,0,ALTO,0.0,3,96,0,2477,250,0,26,HIPOTECA,POSGRADO,0
2.01407e+16,143,RECHAZADA,PENDIENTE,RECHAZADO,MALO,0.0,,0,0.0,0.0,0.0,INVERSIONES,MEDIO_B,NO_CLIENTE,0,ALTO,0.0,2,96,0,520,0,0,31,FAMILIARES,LICENCIATURA,0
2.01408e+16,180,RECHAZADA,PENDIENTE,RECHAZADO,MALO,0.0,,SIN_CUENTA,0.0,0.0,0.0,RECIBO DE NOMINA,ALTO_A,NO_CLIENTE,0,ALTO,0.0,4,99,0,0,0,0,35,PROPIA,POSGRADO,0
2.01407e+16,160,RECHAZADA,PENDIENTE,RECHAZADO,MALO,0.0,,SIN_CUENTA,0.0,0.0,0.0,INVERSIONES,MEDIO_A,NO_CLIENTE,0,ALTO,0.0,2,101,0,0,0,0,45,HIPOTECA,LICENCIATURA,0
2.01407e+16,185,RECHAZADA,PENDIENTE,RECHAZADO,MALO,0.0,,1,0.0,0.0,0.0,INVERSIONES,MEDIO_B,NO_CLIENTE,0,ALTO,0.0,5,94,0,4523,660,0,58,FAMILIARES,PREPARATORIA,0
2.01408e+16,133,RECHAZADA,PENDIENTE,RECHAZADO,MALO,0.0,,SIN_CUENTA,0.0,0.0,0.0,RECIBO DE NOMINA,MEDIO_B,NO_CLIENTE,0,ALTO,0.0,3,95,0,0,0,0,57,FAMILIARES,PREPARATORIA,0
2.01407e+16,218,RECHAZADA,PENDIENTE,RECHAZADO,MALO,0.0,,0,0.0,0.0,0.0,INVERSIONES,ALTO_B,NO_CLIENTE,0,ALTO,0.0,3,96,0,2302,2302,0,38,FAMILIARES,POSGRADO,0
2.01408e+16,140,RECHAZADA,PENDIENTE,RECHAZADO,MALO,0.0,,SIN_CUENTA,0.0,0.0,0.0,INVERSIONES,MEDIO_B,NO_CLIENTE,0,ALTO,0.0,4,97,0,0,0,0,33,FAMILIARES,LICENCIATURA,0
2.01408e+16,193,RECHAZADA,PENDIENTE,RECHAZADO,MALO,0.0,,0,0.0,0.0,0.0,INVERSIONES,ALTO_B,NO_CLIENTE,15000,ALTO,0.0,0,100,0,6771,530,0,34,HIPOTECA,POSGRADO,0
2.01406e+16,194,RECHAZADA,PENDIENTE,RECHAZADO,MALO,0.0,,0,0.0,0.0,0.0,INVERSIONES,ALTO_A,NO_CLIENTE,0,ALTO,0.0,4,89,0,15690,1230,0,34,PROPIA,POSGRADO,0
2.01407e+16,229,RECHAZADA,PENDIENTE,RECHAZADO,MALO,0.0,,SIN_CUENTA,0.0,0.0,0.0,RECIBO DE NOMINA,MEDIO_B,NO_CLIENTE,0,ALTO,0.0,3,90,0,0,0,0,31,FAMILIARES,LICENCIATURA,0
2.01408e+16,166,RECHAZADA,PENDIENTE,RECHAZADO,MALO,0.0,,SIN_CUENTA,0.0,0.0,0.0,RECIBO DE NOMINA,MEDIO_B,NO_CLIENTE,0,ALTO,0.0,5,91,0,0,0,0,59,FAMILIARES,PREPARATORIA,0
2.01407e+16,191,RECHAZADA,PENDIENTE,RECHAZADO,MALO,0.0,,0,0.0,0.0,0.0,INVERSIONES,MEDIO_A,NO_CLIENTE,0,ALTO,0.0,4,92,0,8359,250,0,42,HIPOTECA,LICENCIATURA,0
2.01407e+16,207,RECHAZADA,PENDIENTE,RECHAZADO,MALO,0.0,,SIN_CUENTA,0.0,0.0,0.0,RECIBO DE NOMINA,BAJO_B,NO_CLIENTE,0,ALTO,0.0,4,99,0,0,0,0,34,RENTA,SECUNDARIA,0
2.01408e+16,189,RECHAZADA,PENDIENTE,RECHAZADO,MALO,0.0,,SIN_CUENTA,0.0,0.0,0.0,RECIBO DE NOMINA,ALTO_B,NO_CLIENTE,0,ALTO,0.0,5,89,0,0,0,0,57,RENTA,POSGRADO,0
2.01408e+16,155,RECHAZADA,PENDIENTE,RECHAZADO,MALO,0.0,,SIN_CUENTA,0.0,0.0,0.0,DECLARACION ANUAL,MEDIO_B,NO_CLIENTE,0,ALTO,0.0,3,91,0,0,0,0,45,RENTA,PREPARATORIA,0
2.01408e+16,192,RECHAZADA,PENDIENTE,RECHAZADO,MALO,0.0,,SIN_CUENTA,0.0,0.0,0.0,RECIBO DE NOMINA,ALTO_B,NO_CLIENTE,0,ALTO,0.0,5,93,0,0,0,0,51,RENTA,POSGRADO,0
2.01407e+16,166,RECHAZADA,PENDIENTE,RECHAZADO,MALO,0.0,,SIN_CUENTA,0.0,0.0,0.0,INVERSIONES,ALTO_B,NO_CLIENTE,0,ALTO,0.0,3,95,0,0,0,0,59,HIPOTECA,POSGRADO,0
2.01408e+16,205,RECHAZADA,PENDIENTE,RECHAZADO,MALO,0.0,,0,0.0,0.0,0.0,INVERSIONES,ALTO_A,NO_CLIENTE,27500,ALTO,0.0,5,96,0,33412,30564,0,58,PROPIA,POSGRADO,0
2.01407e+16,141,RECHAZADA,PENDIENTE,RECHAZADO,MALO,0.0,,SIN_CUENTA,0.0,0.0,0.0,INVERSIONES,MEDIO_A,NO_CLIENTE,0,ALTO,0.0,3,97,0,0,0,0,36,HIPOTECA,PREPARATORIA,0
2.01408e+16,169,RECHAZADA,PENDIENTE,RECHAZADO,MALO,0.0,,SIN_CUENTA,0.0,0.0,0.0,RECIBO DE NOMINA,ALTO_A,NO_CLIENTE,0,ALTO,0.0,3,98,0,0,0,0,34,PROPIA,POSGRADO,0
2.01408e+16,214,RECHAZADA,PENDIENTE,RECHAZADO,MALO,0.0,,SIN_CUENTA,0.0,0.0,0.0,RECIBO DE NOMINA,MEDIO_B,NO_CLIENTE,0,ALTO,0.0,1,98,0,0,0,0,52,RENTA,LICENCIATURA,0
2.01408e+16,213,RECHAZADA,PENDIENTE,RECHAZADO,MALO,0.0,,SIN_CUENTA,0.0,0.0,0.0,RECIBO DE NOMINA,MEDIO_A,NO_CLIENTE,0,ALTO,0.0,4,99,0,0,0,0,54,HIPOTECA,PREPARATORIA,0
2.01407e+16,145,RECHAZADA,PENDIENTE,RECHAZADO,MALO,0.0,,SIN_CUENTA,0.0,0.0,0.0,RECIBO DE NOMINA,MEDIO_B,NO_CLIENTE,0,ALTO,0.0,1,100,0,0,0,0,43,FAMILIARES,PREPARATORIA,0
2.01407e+16,200,RECHAZADA,PENDIENTE,RECHAZADO,MALO,0.0,,SIN_CUENTA,0.0,0.0,0.0,RECIBO DE NOMINA,MEDIO_A,NO_CLIENTE,0,ALTO,0.0,4,100,0,0,0,0,49,HIPOTECA,LICENCIATURA,0
2.01407e+16,228,RECHAZADA,PENDIENTE,RECHAZADO,MALO,0.0,,SIN_CUENTA,0.0,0.0,0.0,RECIBO DE NOMINA,ALTO_B,NO_CLIENTE,0,ALTO,0.0,3,90,0,0,0,0,41,FAMILIARES,POSGRADO,0
2.01407e+16,140,RECHAZADA,PENDIENTE,RECHAZADO,MALO,0.0,,SIN_CUENTA,0.0,0.0,0.0,RECIBO DE NOMINA,MEDIO_B,NO_CLIENTE,0,ALTO,0.0,3,90,0,0,0,0,26,RENTA,LICENCIATURA,0
2.01408e+16,196,RECHAZADA,PENDIENTE,RECHAZADO,MALO,0.0,,SIN_CUENTA,0.0,0.0,0.0,RECIBO DE NOMINA,MEDIO_B,NO_CLIENTE,0,ALTO,0.0,3,90,0,0,0,0,52,FAMILIARES,PREPARATORIA,0
2.01408e+16,208,RECHAZADA,PENDIENTE,RECHAZADO,MALO,0.0,,SIN_CUENTA,0.0,0.0,0.0,INVERSIONES,MEDIO_B,NO_CLIENTE,0,ALTO,0.0,5,91,0,0,0,0,46,RENTA,LICENCIATURA,0
2.01408e+16,139,RECHAZADA,PENDIENTE,RECHAZADO,MALO,0.0,,SIN_CUENTA,0.0,0.0,0.0,RECIBO DE NOMINA,ALTO_B,NO_CLIENTE,0,ALTO,0.0,4,98,0,0,0,0,40,FAMILIARES,POSGRADO,0
2.01406e+16,185,RECHAZADA,PENDIENTE,RECHAZADO,MALO,0.0,,SIN_CUENTA,0.0,0.0,0.0,RECIBO DE NOMINA,MEDIO_A,NO_CLIENTE,0,ALTO,0.0,2,100,0,0,0,0,29,PROPIA,LICENCIATURA,0
2.01407e+16,188,RECHAZADA,PENDIENTE,RECHAZADO,MALO,0.0,,SIN_CUENTA,0.0,0.0,0.0,RECIBO DE NOMINA,MEDIO_B,NO_CLIENTE,0,ALTO,0.0,2,101,0,0,0,0,55,FAMILIARES,LICENCIATURA,0
2.01408e+16,161,EN_PROCESO,PENDIENTE,RECHAZADO,MALO,0.0,,SIN_CUENTA,0.0,0.0,0.0,INVERSIONES,MEDIO_A,NO_CLIENTE,0,ALTO,0.0,5,90,0,0,0,0,36,HIPOTECA,PREPARATORIA,0
2.01408e+16,197,RECHAZADA,PENDIENTE,RECHAZADO,MALO,0.0,,SIN_CUENTA,0.0,0.0,0.0,RECIBO DE NOMINA,MEDIO_A,NO_CLIENTE,0,ALTO,0.0,3,94,0,0,0,0,27,HIPOTECA,PREPARATORIA,0
2.01408e+16,194,RECHAZADA,PENDIENTE,RECHAZADO,MALO,0.0,,1,0.0,0.0,0.0,INVERSIONES,ALTO_B,NO_CLIENTE,16899,ALTO,0.0,4,98,0,0,0,0,27,RENTA,POSGRADO,0
2.01407e+16,168,RECHAZADA,PENDIENTE,RECHAZADO,MALO,0.0,,SIN_CUENTA,0.0,0.0,0.0,RECIBO DE NOMINA,MEDIO_A,NO_CLIENTE,0,ALTO,0.0,1,90,0,0,0,0,31,HIPOTECA,PREPARATORIA,0
2.01406e+16,145,RECHAZADA,PENDIENTE,RECHAZADO,MALO,0.0,,SIN_CUENTA,0.0,0.0,0.0,RECIBO DE NOMINA,MEDIO_A,NO_CLIENTE,0,ALTO,0.0,4,90,0,0,0,0,47,HIPOTECA,POSGRADO,0
2.01407e+16,207,RECHAZADA,PENDIENTE,RECHAZADO,MALO,0.0,,SIN_CUENTA,0.0,0.0,0.0,RECIBO DE NOMINA,MEDIO_B,NO_CLIENTE,0,ALTO,0.0,2,91,0,0,0,0,52,RENTA,LICENCIATURA,0
2.01406e+16,235,RECHAZADA,PENDIENTE,RECHAZADO,MALO,0.0,,SIN_CUENTA,0.0,0.0,0.0,DECLARACION ANUAL,MEDIO_B,NO_CLIENTE,0,ALTO,0.0,1,99,0,0,0,0,55,FAMILIARES,POSGRADO,0
2.01407e+16,157,RECHAZADA,PENDIENTE,RECHAZADO,MALO,0.0,,SIN_CUENTA,0.0,0.0,0.0,RECIBO DE NOMINA,MEDIO_B,NO_CLIENTE,0,ALTO,0.0,3,90,0,0,0,0,32,RENTA,PREPARATORIA,0
2.01408e+16,220,RECHAZADA,PENDIENTE,RECHAZADO,MALO,0.0,,0,0.0,0.0,0.0,RECIBO DE NOMINA,ALTO_B,NO_CLIENTE,3000,ALTO,0.0,4,90,0,2932,260,0,26,FAMILIARES,POSGRADO,0
2.01407e+16,197,RECHAZADA,PENDIENTE,RECHAZADO,MALO,0.0,,SIN_CUENTA,0.0,0.0,0.0,INVERSIONES,MEDIO_A,NO_CLIENTE,0,ALTO,0.0,4,93,0,0,0,0,36,HIPOTECA,PREPARATORIA,0
2.01407e+16,167,RECHAZADA,PENDIENTE,RECHAZADO,MALO,0.0,,SIN_CUENTA,0.0,0.0,0.0,RECIBO DE NOMINA,ALTO_B,NO_CLIENTE,0,ALTO,0.0,4,94,0,0,0,0,51,RENTA,POSGRADO,0
2.01408e+16,150,RECHAZADA,PENDIENTE,RECHAZADO,MALO,0.0,,SIN_CUENTA,0.0,0.0,0.0,RECIBO DE NOMINA,ALTO_B,NO_CLIENTE,0,ALTO,0.0,2,95,0,0,0,0,54,RENTA,POSGRADO,0
2.01408e+16,144,RECHAZADA,PENDIENTE,RECHAZADO,MALO,0.0,,SIN_CUENTA,0.0,0.0,0.0,RECIBO DE NOMINA,MEDIO_A,NO_CLIENTE,0,ALTO,0.0,3,96,0,0,0,0,48,PROPIA,LICENCIATURA,0
2.01407e+16,226,RECHAZADA,PENDIENTE,RECHAZADO,MALO,0.0,,SIN_CUENTA,0.0,0.0,0.0,RECIBO DE NOMINA,ALTO_A,NO_CLIENTE,0,ALTO,0.0,3,97,0,0,0,0,39,PROPIA,POSGRADO,0
2.01407e+16,150,RECHAZADA,PENDIENTE,RECHAZADO,MALO,0.0,,1,0.0,0.0,0.0,INVERSIONES,BAJO_B,NO_CLIENTE,0,ALTO,0.0,3,97,0,12525,1080,0,29,FAMILIARES,SECUNDARIA,0
2.01408e+16,188,RECHAZADA,PENDIENTE,RECHAZADO,MALO,0.0,,1,0.0,0.0,0.0,INVERSIONES,MEDIO_A,NO_CLIENTE,42600,ALTO,0.0,1,98,0,28352,1190,0,39,PROPIA,LICENCIATURA,0
2.01408e+16,145,RECHAZADA,PENDIENTE,RECHAZADO,MALO,0.0,,SIN_CUENTA,0.0,0.0,0.0,RECIBO DE NOMINA,MEDIO_B,NO_CLIENTE,0,ALTO,0.0,2,93,0,0,0,0,49,RENTA,PREPARATORIA,0
2.01408e+16,166,RECHAZADA,PENDIENTE,RECHAZADO,MALO,0.0,,SIN_CUENTA,0.0,0.0,0.0,RECIBO DE NOMINA,MEDIO_B,NO_CLIENTE,0,ALTO,0.0,4,96,0,0,0,0,26,RENTA,PREPARATORIA,0
2.01408e+16,214,RECHAZADA,PENDIENTE,RECHAZADO,MALO,0.0,,2,0.0,0.0,0.0,RECIBO DE NOMINA,ALTO_A,NO_CLIENTE,14700,ALTO,0.0,5,96,0,15242,980,0,55,PROPIA,POSGRADO,0
2.01407e+16,178,RECHAZADA,PENDIENTE,RECHAZADO,MALO,0.0,,SIN_CUENTA,0.0,0.0,0.0,RECIBO DE NOMINA,ALTO_B,NO_CLIENTE,0,ALTO,0.0,2,99,0,0,0,0,57,HIPOTECA,POSGRADO,0
2.01407e+16,171,RECHAZADA,PENDIENTE,RECHAZADO,MALO,0.0,,SIN_CUENTA,0.0,0.0,0.0,RECIBO DE NOMINA,MEDIO_B,NO_CLIENTE,0,ALTO,0.0,3,99,0,0,0,0,48,RENTA,PREPARATORIA,0
2.01407e+16,184,RECHAZADA,PENDIENTE,RECHAZADO,MALO,0.0,,SIN_CUENTA,0.0,0.0,0.0,INVERSIONES,ALTO_A,NO_CLIENTE,0,ALTO,0.0,4,101,0,0,0,0,37,PROPIA,POSGRADO,0
2.01408e+16,196,RECHAZADA,PENDIENTE,RECHAZADO,MALO,0.0,,SIN_CUENTA,0.0,0.0,0.0,RECIBO DE NOMINA,ALTO_A,NO_CLIENTE,0,ALTO,0.0,5,89,0,0,0,0,37,PROPIA,POSGRADO,0
2.01407e+16,166,RECHAZADA,PENDIENTE,RECHAZADO,MALO,0.0,,SIN_CUENTA,0.0,0.0,0.0,INVERSIONES,ALTO_B,NO_CLIENTE,0,ALTO,0.0,1,93,0,0,0,0,27,FAMILIARES,POSGRADO,0
2.01407e+16,178,RECHAZADA,PENDIENTE,RECHAZADO,MALO,0.0,,2,0.0,0.0,0.0,INVERSIONES,MEDIO_B,NO_CLIENTE,0,ALTO,0.0,4,96,0,5121,1380,0,39,RENTA,PREPARATORIA,0
2.01408e+16,227,RECHAZADA,PENDIENTE,RECHAZADO,MALO,0.0,,SIN_CUENTA,0.0,0.0,0.0,RECIBO DE NOMINA,MEDIO_A,NO_CLIENTE,0,ALTO,0.0,5,96,0,0,0,0,33,PROPIA,LICENCIATURA,0
2.01408e+16,173,RECHAZADA,PENDIENTE,RECHAZADO,MALO,0.0,,1,0.0,0.0,0.0,INVERSIONES,MEDIO_A,NO_CLIENTE,5804,ALTO,0.0,4,98,0,4726,300,0,39,HIPOTECA,PREPARATORIA,0
2.01408e+16,210,RECHAZADA,PENDIENTE,RECHAZADO,MALO,0.0,,SIN_CUENTA,0.0,0.0,0.0,RECIBO DE NOMINA,MEDIO_B,NO_CLIENTE,0,ALTO,0.0,0,101,0,0,0,0,54,RENTA,PREPARATORIA,0
2.01407e+16,209,RECHAZADA,PENDIENTE,RECHAZADO,MALO,0.0,,2,0.0,0.0,0.0,RECIBO DE NOMINA,MEDIO_A,NO_CLIENTE,0,ALTO,0.0,1,91,0,1097,250,0,56,HIPOTECA,PREPARATORIA,0
2.01408e+16,240,RECHAZADA,PENDIENTE,RECHAZADO,MALO,0.0,,1,0.0,0.0,0.0,INVERSIONES,MEDIO_B,NO_CLIENTE,15000,ALTO,0.0,4,92,0,0,0,0,49,FAMILIARES,PREPARATORIA,0
2.01408e+16,166,RECHAZADA,PENDIENTE,RECHAZADO,MALO,0.0,,SIN_CUENTA,0.0,0.0,0.0,RECIBO DE NOMINA,MEDIO_B,NO_CLIENTE,0,ALTO,0.0,3,93,0,0,0,0,27,FAMILIARES,LICENCIATURA,0
2.01408e+16,157,RECHAZADA,PENDIENTE,RECHAZADO,MALO,0.0,,SIN_CUENTA,0.0,0.0,0.0,RECIBO DE NOMINA,MEDIO_A,NO_CLIENTE,0,ALTO,0.0,5,94,0,0,0,0,37,HIPOTECA,PREPARATORIA,0
2.01408e+16,160,RECHAZADA,PENDIENTE,RECHAZADO,MALO,0.0,,SIN_CUENTA,0.0,0.0,0.0,RECIBO DE NOMINA,ALTO_B,NO_CLIENTE,0,ALTO,0.0,5,95,0,0,0,0,46,FAMILIARES,POSGRADO,0
2.01408e+16,228,RECHAZADA,PENDIENTE,RECHAZADO,MALO,0.0,,SIN_CUENTA,0.0,0.0,0.0,RECIBO DE NOMINA,MEDIO_A,NO_CLIENTE,0,ALTO,0.0,4,97,0,0,0,0,54,PROPIA,LICENCIATURA,0
2.01407e+16,182,RECHAZADA,PENDIENTE,RECHAZADO,MALO,0.0,,0,0.0,0.0,0.0,RECIBO DE NOMINA,ALTO_B,NO_CLIENTE,0,ALTO,0.0,3,90,0,21764,1310,0,49,FAMILIARES,POSGRADO,0
2.01408e+16,193,RECHAZADA,PENDIENTE,RECHAZADO,MALO,0.0,,SIN_CUENTA,0.0,0.0,0.0,INVERSIONES,MEDIO_A,NO_CLIENTE,0,ALTO,0.0,2,92,0,0,0,0,47,HIPOTECA,LICENCIATURA,0
2.01408e+16,160,RECHAZADA,PENDIENTE,RECHAZADO,MALO,0.0,,2,0.0,0.0,0.0,RECIBO DE NOMINA,MEDIO_A,NO_CLIENTE,0,ALTO,0.0,2,94,0,71894,71894,0,45,HIPOTECA,PREPARATORIA,0
2.01406e+16,234,RECHAZADA,PENDIENTE,RECHAZADO,MALO,0.0,,0,0.0,0.0,0.0,RECIBO DE NOMINA,MEDIO_A,NO_CLIENTE,0,ALTO,0.0,5,97,0,3991,250,0,43,HIPOTECA,LICENCIATURA,0
2.01408e+16,210,RECHAZADA,PENDIENTE,RECHAZADO,MALO,0.0,,SIN_CUENTA,0.0,0.0,0.0,RECIBO DE NOMINA,MEDIO_B,NO_CLIENTE,0,ALTO,0.0,4,99,0,0,0,0,37,FAMILIARES,LICENCIATURA,0
2.01407e+16,154,RECHAZADA,PENDIENTE,RECHAZADO,MALO,0.0,,SIN_CUENTA,0.0,0.0,0.0,INVERSIONES,MEDIO_B,NO_CLIENTE,0,ALTO,0.0,3,100,0,0,0,0,36,FAMILIARES,LICENCIATURA,0
2.01408e+16,184,EN_PROCESO,PENDIENTE,RECHAZADO,MALO,0.0,,SIN_CUENTA,0.0,0.0,0.0,INVERSIONES,BAJO_B,NO_CLIENTE,0,ALTO,0.0,5,89,0,0,0,0,58,FAMILIARES,LICENCIATURA,0
2.01408e+16,196,EN_PROCESO,PENDIENTE,RECHAZADO,MALO,0.0,,SIN_CUENTA,0.0,0.0,0.0,RECIBO DE NOMINA,MEDIO_B,NO_CLIENTE,0,ALTO,0.0,4,89,0,0,0,0,53,HIPOTECA,LICENCIATURA,0
2.01408e+16,234,RECHAZADA,PENDIENTE,RECHAZADO,MALO,0.0,,SIN_CUENTA,0.0,0.0,0.0,RECIBO DE NOMINA,ALTO_B,NO_CLIENTE,0,ALTO,0.0,3,91,0,0,0,0,54,HIPOTECA,POSGRADO,0
2.01407e+16,192,RECHAZADA,PENDIENTE,RECHAZADO,MALO,0.0,,SIN_CUENTA,0.0,0.0,0.0,RECIBO DE NOMINA,MEDIO_B,NO_CLIENTE,0,ALTO,0.0,2,92,0,0,0,0,36,FAMILIARES,LICENCIATURA,0
2.01406e+16,185,RECHAZADA,PENDIENTE,RECHAZADO,MALO,0.0,,SIN_CUENTA,0.0,0.0,0.0,RECIBO DE NOMINA,ALTO_B,NO_CLIENTE,0,ALTO,0.0,2,93,0,0,0,0,54,FAMILIARES,POSGRADO,0
2.01406e+16,228,RECHAZADA,PENDIENTE,RECHAZADO,MALO,0.0,,SIN_CUENTA,0.0,0.0,0.0,RECIBO DE NOMINA,MEDIO_B,CLIENTE_BANCO,0,ALTO,0.0,2,95,0,0,0,0,50,FAMILIARES,POSGRADO,0
2.01408e+16,220,RECHAZADA,PENDIENTE,RECHAZADO,MALO,0.0,,SIN_CUENTA,0.0,0.0,0.0,RECIBO DE NOMINA,MEDIO_A,NO_CLIENTE,0,ALTO,0.0,5,96,0,0,0,0,37,PROPIA,LICENCIATURA,0
2.01408e+16,164,RECHAZADA,PENDIENTE,RECHAZADO,MALO,0.0,,SIN_CUENTA,0.0,0.0,0.0,RECIBO DE NOMINA,ALTO_A,NO_CLIENTE,0,ALTO,0.0,2,99,0,0,0,0,42,PROPIA,POSGRADO,0
2.01408e+16,230,RECHAZADA,PENDIENTE,RECHAZADO,MALO,0.0,,SIN_CUENTA,0.0,0.0,0.0,RECIBO DE NOMINA,MEDIO_B,NO_CLIENTE,0,ALTO,0.0,3,90,0,0,0,0,55,RENTA,PREPARATORIA,0
2.01407e+16,155,RECHAZADA,PENDIENTE,RECHAZADO,MALO,0.0,,0,0.0,0.0,0.0,INVERSIONES,ALTO_A,NO_CLIENTE,0,ALTO,0.0,4,92,0,1874,500,0,31,PROPIA,POSGRADO,0
2.01407e+16,189,RECHAZADA,PENDIENTE,RECHAZADO,MALO,0.0,,SIN_CUENTA,0.0,0.0,0.0,RECIBO DE NOMINA,MEDIO_B,NO_CLIENTE,0,ALTO,0.0,4,93,0,0,0,0,45,FAMILIARES,LICENCIATURA,0
2.01407e+16,237,EN_PROCESO,PENDIENTE,RECHAZADO,MALO,0.0,,SIN_CUENTA,0.0,0.0,0.0,INVERSIONES,MEDIO_A,NO_CLIENTE,0,ALTO,0.0,4,98,0,0,0,0,26,HIPOTECA,POSGRADO,0
2.01408e+16,169,RECHAZADA,PENDIENTE,RECHAZADO,MALO,0.0,,1,0.0,0.0,0.0,INVERSIONES,MEDIO_B,NO_CLIENTE,135500,ALTO,0.0,2,100,0,7341,0,0,40,FAMILIARES,LICENCIATURA,0
2.01407e+16,240,RECHAZADA,PENDIENTE,RECHAZADO,MALO,0.0,,SIN_CUENTA,0.0,0.0,0.0,RECIBO DE NOMINA,MEDIO_A,NO_CLIENTE,0,ALTO,0.0,3,101,0,0,0,0,42,HIPOTECA,LICENCIATURA,0
2.01407e+16,171,RECHAZADA,PENDIENTE,RECHAZADO,MALO,0.0,,SIN_CUENTA,0.0,0.0,0.0,SIN COMPROBANTE,MEDIO_B,NO_CLIENTE,0,ALTO,0.0,4,89,0,0,0,0,59,FAMILIARES,PREPARATORIA,0
2.01407e+16,147,RECHAZADA,PENDIENTE,RECHAZADO,MALO,0.0,,0,0.0,0.0,0.0,RECIBO DE NOMINA,MEDIO_B,NO_CLIENTE,0,ALTO,0.0,4,89,0,423,0,0,54,RENTA,LICENCIATURA,0
2.01407e+16,187,RECHAZADA,PENDIENTE,RECHAZADO,MALO,0.0,,1,0.0,0.0,0.0,INVERSIONES,MEDIO_A,NO_CLIENTE,0,ALTO,0.0,3,90,0,768,0,0,35,HIPOTECA,PREPARATORIA,0
2.01408e+16,223,RECHAZADA,PENDIENTE,RECHAZADO,MALO,0.0,,SIN_CUENTA,0.0,0.0,0.0,RECIBO DE NOMINA,ALTO_A,NO_CLIENTE,0,ALTO,0.0,5,91,0,0,0,0,55,PROPIA,POSGRADO,0
2.01407e+16,203,RECHAZADA,PENDIENTE,RECHAZADO,MALO,0.0,,SIN_CUENTA,0.0,0.0,0.0,RECIBO DE NOMINA,MEDIO_A,NO_CLIENTE,0,ALTO,0.0,4,93,0,0,0,0,56,HIPOTECA,PREPARATORIA,0
2.01408e+16,148,RECHAZADA,PENDIENTE,RECHAZADO,MALO,0.0,,SIN_CUENTA,0.0,0.0,0.0,RECIBO DE NOMINA,MEDIO_B,NO_CLIENTE,0,ALTO,0.0,5,94,0,0,0,0,60,RENTA,LICENCIATURA,0
2.01407e+16,229,RECHAZADA,PENDIENTE,RECHAZADO,MALO,0.0,,SIN_CUENTA,0.0,0.0,0.0,INVERSIONES,MEDIO_A,NO_CLIENTE,0,ALTO,0.0,2,96,0,0,0,0,53,PROPIA,LICENCIATURA,0
2.01408e+16,168,RECHAZADA,PENDIENTE,RECHAZADO,MALO,0.0,,2,0.0,0.0,0.0,RECIBO DE NOMINA,MEDIO_A,NO_CLIENTE,13000,ALTO,0.0,2,97,0,1307,0,0,31,HIPOTECA,LICENCIATURA,0
2.01408e+16,231,RECHAZADA,PENDIENTE,RECHAZADO,MALO,0.0,,SIN_CUENTA,0.0,0.0,0.0,INVERSIONES,MEDIO_B,NO_CLIENTE,0,ALTO,0.0,4,97,0,0,0,0,41,FAMILIARES,PREPARATORIA,0
2.01406e+16,148,RECHAZADA,PENDIENTE,RECHAZADO,MALO,0.0,,SIN_CUENTA,0.0,0.0,0.0,RECIBO DE NOMINA,MEDIO_B,NO_CLIENTE,0,ALTO,0.0,3,100,0,0,0,0,34,FAMILIARES,PREPARATORIA,0
2.01407e+16,154,RECHAZADA,PENDIENTE,RECHAZADO,MALO,0.0,,0,0.0,0.0,0.0,RECIBO DE NOMINA,MEDIO_A,NO_CLIENTE,0,ALTO,0.0,3,100,0,35482,0,0,32,HIPOTECA,LICENCIATURA,0
2.01406e+16,163,RECHAZADA,PENDIENTE,RECHAZADO,MALO,0.0,,SIN_CUENTA,0.0,0.0,13365.0,RECIBO DE NOMINA,MEDIO_B,NO_CLIENTE,0,ALTO,0.0,5,93,0,0,0,0,47,HIPOTECA,LICENCIATURA,0
2.01406e+16,192,RECHAZADA,PENDIENTE,RECHAZADO,MALO,0.0,,SIN_CUENTA,0.0,0.0,0.0,RECIBO DE NOMINA,MEDIO_A,NO_CLIENTE,0,ALTO,0.0,4,94,0,0,0,0,26,HIPOTECA,PREPARATORIA,0
2.01407e+16,231,RECHAZADA,PENDIENTE,RECHAZADO,MALO,0.0,,SIN_CUENTA,0.0,0.0,0.0,RECIBO DE NOMINA,MEDIO_A,NO_CLIENTE,0,ALTO,0.0,2,101,0,0,0,0,51,PROPIA,LICENCIATURA,0
2.01408e+16,217,RECHAZADA,PENDIENTE,RECHAZADO,MALO,0.0,,1,0.0,0.0,0.0,RECIBO DE NOMINA,MEDIO_A,NO_CLIENTE,19100,ALTO,0.0,0,101,0,0,0,0,44,HIPOTECA,LICENCIATURA,0
2.01408e+16,246,RECHAZADA,PENDIENTE,RECHAZADO,MALO,0.0,,SIN_CUENTA,0.0,0.0,0.0,RECIBO DE NOMINA,ALTO_A,NO_CLIENTE,0,ALTO,0.0,1,101,0,0,0,0,39,PROPIA,POSGRADO,0
2.01408e+16,159,RECHAZADA,PENDIENTE,RECHAZADO,MALO,0.0,,SIN_CUENTA,0.0,0.0,0.0,INVERSIONES,MEDIO_A,NO_CLIENTE,0,ALTO,0.0,4,89,0,0,0,0,57,HIPOTECA,PREPARATORIA,0
2.01407e+16,191,RECHAZADA,PENDIENTE,RECHAZADO,MALO,0.0,,SIN_CUENTA,0.0,0.0,0.0,RECIBO DE NOMINA,ALTO_B,NO_CLIENTE,0,ALTO,0.0,3,92,0,0,0,0,30,FAMILIARES,POSGRADO,0
2.01407e+16,204,RECHAZADA,PENDIENTE,RECHAZADO,MALO,0.0,,SIN_CUENTA,0.0,0.0,0.0,RECIBO DE NOMINA,MEDIO_A,NO_CLIENTE,0,ALTO,0.0,2,93,0,0,0,0,40,HIPOTECA,PREPARATORIA,0
2.01408e+16,206,RECHAZADA,PENDIENTE,RECHAZADO,MALO,0.0,,0,0.0,0.0,0.0,RECIBO DE NOMINA,ALTO_B,NO_CLIENTE,15,ALTO,0.0,4,94,0,0,0,0,52,HIPOTECA,POSGRADO,0
2.01408e+16,193,RECHAZADA,PENDIENTE,RECHAZADO,MALO,0.0,,SIN_CUENTA,0.0,0.0,0.0,INVERSIONES,MEDIO_A,NO_CLIENTE,0,ALTO,0.0,5,97,0,0,0,0,28,HIPOTECA,LICENCIATURA,0
2.01407e+16,152,RECHAZADA,PENDIENTE,RECHAZADO,MALO,0.0,,0,0.0,0.0,0.0,RECIBO DE NOMINA,MEDIO_B,NO_CLIENTE,0,ALTO,0.0,1,99,0,32185,1900,0,50,FAMILIARES,LICENCIATURA,0
2.01407e+16,241,RECHAZADA,PENDIENTE,RECHAZADO,MALO,0.0,,0,0.0,0.0,0.0,RECIBO DE NOMINA,ALTO_B,NO_CLIENTE,0,ALTO,0.0,2,101,0,1147,250,0,55,HIPOTECA,POSGRADO,0
2.01406e+16,159,RECHAZADA,PENDIENTE,RECHAZADO,MALO,0.0,,SIN_CUENTA,0.0,0.0,0.0,INVERSIONES,ALTO_B,NO_CLIENTE,0,ALTO,0.0,4,91,0,0,0,0,42,FAMILIARES,POSGRADO,0
2.01406e+16,153,RECHAZADA,PENDIENTE,RECHAZADO,MALO,0.0,,SIN_CUENTA,0.0,0.0,9606.0,INVERSIONES,MEDIO_B,NO_CLIENTE,0,ALTO,0.0,4,94,0,0,0,0,27,HIPOTECA,PREPARATORIA,0
2.01406e+16,181,RECHAZADA,PENDIENTE,RECHAZADO,MALO,0.0,,SIN_CUENTA,0.0,0.0,0.0,RECIBO DE NOMINA,MEDIO_A,NO_CLIENTE,0,ALTO,0.0,4,95,0,0,0,0,43,HIPOTECA,LICENCIATURA,0
2.01408e+16,248,RECHAZADA,PENDIENTE,RECHAZADO,MALO,0.0,,SIN_CUENTA,0.0,0.0,0.0,RECIBO DE NOMINA,MEDIO_A,NO_CLIENTE,0,ALTO,0.0,5,96,0,0,0,0,40,PROPIA,LICENCIATURA,0
2.01407e+16,241,RECHAZADA,PENDIENTE,RECHAZADO,MALO,0.0,,SIN_CUENTA,0.0,0.0,0.0,RECIBO DE NOMINA,ALTO_B,NO_CLIENTE,0,ALTO,0.0,3,97,0,0,0,0,38,RENTA,POSGRADO,0
2.01408e+16,209,RECHAZADA,PENDIENTE,RECHAZADO,MALO,0.0,,SIN_CUENTA,0.0,0.0,0.0,INVERSIONES,BAJO_B,NO_CLIENTE,0,ALTO,0.0,2,98,0,0,0,0,48,FAMILIARES,SECUNDARIA,0
2.01407e+16,250,RECHAZADA,PENDIENTE,RECHAZADO,MALO,0.0,,SIN_CUENTA,0.0,0.0,0.0,RECIBO DE NOMINA,MEDIO_A,NO_CLIENTE,0,ALTO,0.0,3,100,0,0,0,0,28,HIPOTECA,LICENCIATURA,0
2.01408e+16,226,RECHAZADA,PENDIENTE,RECHAZADO,MALO,0.0,,SIN_CUENTA,0.0,0.0,0.0,RECIBO DE NOMINA,MEDIO_B,NO_CLIENTE,0,ALTO,0.0,3,100,0,0,0,0,50,FAMILIARES,LICENCIATURA,0
2.01408e+16,237,RECHAZADA,PENDIENTE,RECHAZADO,MALO,0.0,,SIN_CUENTA,0.0,0.0,0.0,RECIBO DE NOMINA,MEDIO_A,NO_CLIENTE,0,ALTO,0.0,2,101,0,0,0,0,58,PROPIA,LICENCIATURA,0
2.01408e+16,228,RECHAZADA,PENDIENTE,RECHAZADO,MALO,0.0,,SIN_CUENTA,0.0,0.0,0.0,RECIBO DE NOMINA,MEDIO_A,NO_CLIENTE,0,ALTO,0.0,4,92,0,0,0,0,25,HIPOTECA,PREPARATORIA,0
2.01408e+16,181,RECHAZADA,PENDIENTE,RECHAZADO,MALO,0.0,,SIN_CUENTA,0.0,0.0,0.0,RECIBO DE NOMINA,ALTO_A,NO_CLIENTE,0,ALTO,0.0,2,93,0,0,0,0,58,PROPIA,POSGRADO,0
2.01408e+16,213,RECHAZADA,PENDIENTE,RECHAZADO,MALO,0.0,,SIN_CUENTA,0.0,0.0,0.0,RECIBO DE NOMINA,MEDIO_B,NO_CLIENTE,0,ALTO,0.0,2,94,0,0,0,0,32,RENTA,PREPARATORIA,0
2.01407e+16,151,RECHAZADA,PENDIENTE,RECHAZADO,MALO,0.0,,SIN_CUENTA,0.0,0.0,0.0,RECIBO DE NOMINA,ALTO_B,NO_CLIENTE,0,ALTO,0.0,3,95,0,0,0,0,58,HIPOTECA,POSGRADO,0
2.01407e+16,194,RECHAZADA,PENDIENTE,RECHAZADO,MALO,0.0,,SIN_CUENTA,0.0,0.0,0.0,RECIBO DE NOMINA,MEDIO_B,NO_CLIENTE,0,ALTO,0.0,3,96,0,0,0,0,38,RENTA,LICENCIATURA,0
2.01407e+16,248,RECHAZADA,PENDIENTE,RECHAZADO,MALO,0.0,,SIN_CUENTA,0.0,0.0,0.0,DECLARACION ANUAL,ALTO_B,NO_CLIENTE,0,ALTO,0.0,3,100,0,0,0,0,29,HIPOTECA,POSGRADO,0
2.01408e+16,175,RECHAZADA,PENDIENTE,RECHAZADO,MALO,0.0,,1,0.0,0.0,0.0,RECIBO DE NOMINA,MEDIO_B,NO_CLIENTE,49999,ALTO,0.0,2,100,0,1164,630,0,55,RENTA,LICENCIATURA,0
2.01408e+16,249,RECHAZADA,PENDIENTE,RECHAZADO,MALO,0.0,,SIN_CUENTA,0.0,0.0,0.0,RECIBO DE NOMINA,MEDIO_A,NO_CLIENTE,0,ALTO,0.0,0,100,0,0,0,0,35,HIPOTECA,PREPARATORIA,0
2.01407e+16,240,RECHAZADA,PENDIENTE,RECHAZADO,MALO,0.0,,SIN_CUENTA,0.0,0.0,0.0,RECIBO DE NOMINA,MEDIO_B,NO_CLIENTE,0,ALTO,0.0,1,101,0,0,0,0,53,FAMILIARES,LICENCIATURA,0
2.01407e+16,202,RECHAZADA,PENDIENTE,RECHAZADO,MALO,0.0,,SIN_CUENTA,0.0,0.0,0.0,RECIBO DE NOMINA,MEDIO_A,NO_CLIENTE,0,ALTO,0.0,3,101,0,0,0,0,52,HIPOTECA,PREPARATORIA,0
2.01408e+16,245,RECHAZADA,PENDIENTE,RECHAZADO,MALO,0.0,,SIN_CUENTA,0.0,0.0,0.0,INVERSIONES,ALTO_B,NO_CLIENTE,0,ALTO,0.0,4,89,0,0,0,0,30,HIPOTECA,POSGRADO,0
2.01408e+16,231,RECHAZADA,PENDIENTE,RECHAZADO,MALO,0.0,,SIN_CUENTA,0.0,0.0,0.0,INVERSIONES,MEDIO_B,NO_CLIENTE,0,ALTO,0.0,5,89,0,0,0,0,31,FAMILIARES,LICENCIATURA,0
2.01407e+16,173,RECHAZADA,PENDIENTE,RECHAZADO,MALO,0.0,,SIN_CUENTA,0.0,0.0,0.0,RECIBO DE NOMINA,ALTO_B,NO_CLIENTE,0,ALTO,0.0,3,93,0,0,0,0,59,HIPOTECA,POSGRADO,0
2.01406e+16,177,RECHAZADA,PENDIENTE,RECHAZADO,MALO,0.0,,SIN_CUENTA,0.0,0.0,0.0,RECIBO DE NOMINA,MEDIO_B,NO_CLIENTE,0,ALTO,0.0,4,94,0,0,0,0,27,RENTA,PREPARATORIA,0
2.01407e+16,189,RECHAZADA,PENDIENTE,RECHAZADO,MALO,0.0,,SIN_CUENTA,0.0,0.0,0.0,RECIBO DE NOMINA,MEDIO_A,NO_CLIENTE,0,ALTO,0.0,1,96,0,0,0,0,30,HIPOTECA,PREPARATORIA,0
2.01407e+16,213,EN_PROCESO,PENDIENTE,RECHAZADO,MALO,0.0,,SIN_CUENTA,0.0,0.0,0.0,INVERSIONES,MEDIO_A,NO_CLIENTE,0,ALTO,0.0,1,100,0,0,0,0,45,FAMILIARES,POSGRADO,0
2.01407e+16,243,RECHAZADA,PENDIENTE,RECHAZADO,MALO,0.0,,SIN_CUENTA,0.0,0.0,0.0,RECIBO DE NOMINA,MEDIO_A,NO_CLIENTE,0,ALTO,0.0,5,89,0,0,0,0,32,HIPOTECA,PREPARATORIA,0
2.01408e+16,168,RECHAZADA,PENDIENTE,RECHAZADO,MALO,0.0,,SIN_CUENTA,0.0,0.0,0.0,RECIBO DE NOMINA,ALTO_B,NO_CLIENTE,0,ALTO,0.0,4,89,0,0,0,0,55,FAMILIARES,POSGRADO,0
2.01408e+16,237,RECHAZADA,PENDIENTE,RECHAZADO,MALO,0.0,,SIN_CUENTA,0.0,0.0,0.0,DECLARACION ANUAL,MEDIO_B,NO_CLIENTE,0,ALTO,0.0,2,92,0,0,0,0,60,RENTA,LICENCIATURA,0
2.01408e+16,237,RECHAZADA,PENDIENTE,RECHAZADO,MALO,0.0,,0,0.0,0.0,0.0,INVERSIONES,ALTO_B,NO_CLIENTE,12300,ALTO,0.0,5,92,0,11486,750,0,42,HIPOTECA,POSGRADO,0
2.01407e+16,202,RECHAZADA,PENDIENTE,RECHAZADO,MALO,0.0,,SIN_CUENTA,0.0,0.0,0.0,INVERSIONES,MEDIO_A,NO_CLIENTE,0,ALTO,0.0,2,96,0,0,0,0,25,PROPIA,LICENCIATURA,0
2.01407e+16,183,RECHAZADA,PENDIENTE,RECHAZADO,MALO,0.0,,SIN_CUENTA,0.0,0.0,0.0,RECIBO DE NOMINA,ALTO_B,NO_CLIENTE,0,ALTO,0.0,3,97,0,0,0,0,48,FAMILIARES,POSGRADO,0
2.01408e+16,245,RECHAZADA,PENDIENTE,RECHAZADO,MALO,0.0,,SIN_CUENTA,0.0,0.0,0.0,INVERSIONES,ALTO_A,NO_CLIENTE,0,ALTO,0.0,5,97,0,0,0,0,32,PROPIA,POSGRADO,0
2.01408e+16,162,RECHAZADA,PENDIENTE,RECHAZADO,MALO,0.0,,SIN_CUENTA,0.0,0.0,0.0,RECIBO DE NOMINA,MEDIO_A,NO_CLIENTE,0,ALTO,0.0,5,97,0,0,0,0,26,HIPOTECA,PREPARATORIA,0
2.01407e+16,208,RECHAZADA,PENDIENTE,RECHAZADO,MALO,0.0,,SIN_CUENTA,0.0,0.0,0.0,RECIBO DE NOMINA,MEDIO_A,NO_CLIENTE,0,ALTO,0.0,4,98,0,0,0,0,36,PROPIA,LICENCIATURA,0
2.01407e+16,201,RECHAZADA,PENDIENTE,RECHAZADO,MALO,0.0,,SIN_CUENTA,0.0,0.0,0.0,RECIBO DE NOMINA,ALTO_B,NO_CLIENTE,0,ALTO,0.0,2,100,0,0,0,0,50,HIPOTECA,POSGRADO,0
2.01407e+16,158,RECHAZADA,PENDIENTE,RECHAZADO,MALO,0.0,,2,0.0,0.0,0.0,INVERSIONES,MEDIO_B,NO_CLIENTE,0,ALTO,0.0,0,101,0,7234,570,0,58,FAMILIARES,PREPARATORIA,0
2.01407e+16,158,RECHAZADA,PENDIENTE,RECHAZADO,MALO,0.0,,0,0.0,0.0,0.0,RECIBO DE NOMINA,ALTO_B,NO_CLIENTE,0,ALTO,0.0,4,89,0,1665,450,0,25,RENTA,POSGRADO,0
2.01407e+16,182,RECHAZADA,PENDIENTE,RECHAZADO,MALO,0.0,,SIN_CUENTA,0.0,0.0,0.0,RECIBO DE NOMINA,MEDIO_A,NO_CLIENTE,0,ALTO,0.0,3,96,0,0,0,0,49,HIPOTECA,LICENCIATURA,0
2.01408e+16,177,RECHAZADA,PENDIENTE,RECHAZADO,MALO,0.0,,SIN_CUENTA,0.0,0.0,0.0,INVERSIONES,ALTO_B,NO_CLIENTE,0,ALTO,0.0,2,97,0,0,0,0,56,FAMILIARES,POSGRADO,0
2.01408e+16,209,RECHAZADA,PENDIENTE,RECHAZADO,MALO,0.0,,0,0.0,0.0,0.0,INVERSIONES,ALTO_B,NO_CLIENTE,55700,ALTO,0.0,1,100,0,29735,0,0,34,RENTA,POSGRADO,0
2.01408e+16,235,RECHAZADA,PENDIENTE,RECHAZADO,MALO,0.0,,SIN_CUENTA,0.0,0.0,0.0,RECIBO DE NOMINA,MEDIO_A,NO_CLIENTE,0,ALTO,0.0,5,89,0,0,0,0,40,PROPIA,LICENCIATURA,0
2.01408e+16,240,RECHAZADA,PENDIENTE,RECHAZADO,MALO,0.0,,SIN_CUENTA,0.0,0.0,0.0,RECIBO DE NOMINA,MEDIO_A,NO_CLIENTE,0,ALTO,0.0,4,90,0,0,0,0,29,HIPOTECA,PREPARATORIA,0
2.01407e+16,220,RECHAZADA,PENDIENTE,RECHAZADO,MALO,0.0,,SIN_CUENTA,0.0,0.0,0.0,INVERSIONES,MEDIO_B,NO_CLIENTE,0,ALTO,0.0,5,93,0,0,0,0,39,RENTA,LICENCIATURA,0
2.01407e+16,231,RECHAZADA,PENDIENTE,RECHAZADO,MALO,0.0,,1,0.0,0.0,0.0,RECIBO DE NOMINA,MEDIO_A,NO_CLIENTE,0,ALTO,0.0,4,93,0,18949,990,0,54,HIPOTECA,PREPARATORIA,0
2.01407e+16,229,RECHAZADA,PENDIENTE,RECHAZADO,MALO,0.0,,SIN_CUENTA,0.0,0.0,0.0,RECIBO DE NOMINA,MEDIO_A,NO_CLIENTE,0,ALTO,0.0,2,97,0,0,0,0,39,PROPIA,LICENCIATURA,0
2.01407e+16,218,RECHAZADA,PENDIENTE,RECHAZADO,MALO,0.0,,SIN_CUENTA,0.0,0.0,0.0,RECIBO DE NOMINA,ALTO_B,NO_CLIENTE,0,ALTO,0.0,3,90,0,0,0,0,44,RENTA,POSGRADO,0
2.01408e+16,196,RECHAZADA,PENDIENTE,RECHAZADO,MALO,0.0,,1,0.0,0.0,0.0,INVERSIONES,MEDIO_A,NO_CLIENTE,11300,ALTO,0.0,3,91,0,6962,0,0,47,HIPOTECA,PREPARATORIA,0
2.01408e+16,167,RECHAZADA,PENDIENTE,RECHAZADO,MALO,0.0,,SIN_CUENTA,0.0,0.0,0.0,INVERSIONES,MEDIO_A,NO_CLIENTE,0,ALTO,0.0,5,91,0,0,0,0,55,HIPOTECA,PREPARATORIA,0
2.01408e+16,250,RECHAZADA,PENDIENTE,RECHAZADO,MALO,0.0,,SIN_CUENTA,0.0,0.0,0.0,RECIBO DE NOMINA,ALTO_B,NO_CLIENTE,0,ALTO,0.0,4,89,0,0,0,0,46,FAMILIARES,POSGRADO,0
2.01408e+16,236,RECHAZADA,PENDIENTE,RECHAZADO,MALO,0.0,,SIN_CUENTA,0.0,0.0,0.0,INVERSIONES,ALTO_A,NO_CLIENTE,0,ALTO,0.0,3,93,0,0,0,0,35,PROPIA,POSGRADO,0
2.01407e+16,204,RECHAZADA,PENDIENTE,RECHAZADO,MALO,0.0,,SIN_CUENTA,0.0,0.0,0.0,INVERSIONES,ALTO_B,NO_CLIENTE,0,ALTO,0.0,1,95,0,0,0,0,58,RENTA,POSGRADO,0
2.01408e+16,198,RECHAZADA,PENDIENTE,RECHAZADO,MALO,0.0,,0,0.0,0.0,0.0,INVERSIONES,MEDIO_B,NO_CLIENTE,0,ALTO,0.0,1,99,0,7297,0,0,52,FAMILIARES,LICENCIATURA,0
2.01402e+16,237,RECHAZADA,PENDIENTE,RECHAZADO,MALO,0.0,,SIN_CUENTA,0.0,0.0,0.0,RECIBO DE NOMINA,MEDIO_B,NO_CLIENTE,0,ALTO,0.0,5,92,0,0,0,0,53,RENTA,LICENCIATURA,0
2.01408e+16,211,RECHAZADA,PENDIENTE,RECHAZADO,MALO,0.0,,SIN_CUENTA,0.0,0.0,0.0,RECIBO DE NOMINA,MEDIO_A,NO_CLIENTE,0,ALTO,0.0,3,92,0,0,0,0,30,HIPOTECA,PREPARATORIA,0
2.01408e+16,160,RECHAZADA,PENDIENTE,RECHAZADO,MALO,0.0,,SIN_CUENTA,0.0,0.0,0.0,RECIBO DE NOMINA,MEDIO_B,NO_CLIENTE,0,ALTO,0.0,3,92,0,0,0,0,33,RENTA,PREPARATORIA,0
2.01408e+16,238,RECHAZADA,PENDIENTE,RECHAZADO,MALO,0.0,,SIN_CUENTA,0.0,0.0,0.0,RECIBO DE NOMINA,MEDIO_B,NO_CLIENTE,0,ALTO,0.0,3,96,0,0,0,0,44,RENTA,PREPARATORIA,0
2.01407e+16,186,RECHAZADA,PENDIENTE,RECHAZADO,MALO,0.0,,SIN_CUENTA,0.0,0.0,0.0,RECIBO DE NOMINA,ALTO_B,NO_CLIENTE,0,ALTO,0.0,2,97,0,0,0,0,26,RENTA,POSGRADO,0
2.01407e+16,177,RECHAZADA,PENDIENTE,RECHAZADO,MALO,0.0,,SIN_CUENTA,0.0,0.0,0.0,RECIBO DE NOMINA,ALTO_B,NO_CLIENTE,0,ALTO,0.0,3,97,0,0,0,0,45,HIPOTECA,POSGRADO,0
2.01408e+16,163,RECHAZADA,PENDIENTE,RECHAZADO,MALO,0.0,,SIN_CUENTA,0.0,0.0,0.0,INVERSIONES,ALTO_B,NO_CLIENTE,0,ALTO,0.0,4,99,0,0,0,0,32,FAMILIARES,POSGRADO,0
2.01408e+16,159,RECHAZADA,PENDIENTE,RECHAZADO,MALO,0.0,,SIN_CUENTA,0.0,0.0,0.0,INVERSIONES,ALTO_A,NO_CLIENTE,0,ALTO,0.0,1,99,0,0,0,0,54,PROPIA,POSGRADO,0
2.01407e+16,236,RECHAZADA,PENDIENTE,RECHAZADO,MALO,0.0,,SIN_CUENTA,0.0,0.0,0.0,RECIBO DE NOMINA,MEDIO_B,NO_CLIENTE,0,ALTO,0.0,3,100,0,0,0,0,51,FAMILIARES,PREPARATORIA,0
2.01408e+16,192,RECHAZADA,PENDIENTE,RECHAZADO,MALO,0.0,,2,0.0,0.0,0.0,RECIBO DE NOMINA,MEDIO_B,NO_CLIENTE,15600,ALTO,0.0,5,89,0,4437,250,0,39,RENTA,PREPARATORIA,0
2.01408e+16,174,RECHAZADA,PENDIENTE,RECHAZADO,MALO,0.0,,SIN_CUENTA,0.0,0.0,0.0,INVERSIONES,MEDIO_A,NO_CLIENTE,0,ALTO,0.0,4,89,0,0,0,0,47,HIPOTECA,PREPARATORIA,0
2.01408e+16,257,RECHAZADA,PENDIENTE,RECHAZADO,MALO,0.0,,SIN_CUENTA,0.0,0.0,0.0,RECIBO DE NOMINA,MEDIO_B,NO_CLIENTE,0,ALTO,0.0,1,92,0,0,0,0,52,RENTA,LICENCIATURA,0
2.01407e+16,240,RECHAZADA,PENDIENTE,RECHAZADO,MALO,0.0,,SIN_CUENTA,0.0,0.0,0.0,INVERSIONES,ALTO_B,NO_CLIENTE,0,ALTO,0.0,3,96,0,0,0,0,52,HIPOTECA,POSGRADO,0
2.01408e+16,208,RECHAZADA,PENDIENTE,RECHAZADO,MALO,0.0,,SIN_CUENTA,0.0,0.0,0.0,INVERSIONES,MEDIO_A,NO_CLIENTE,0,ALTO,0.0,3,97,0,0,0,0,28,HIPOTECA,PREPARATORIA,0
2.01408e+16,235,RECHAZADA,PENDIENTE,RECHAZADO,MALO,0.0,,SIN_CUENTA,0.0,0.0,0.0,INVERSIONES,ALTO_B,NO_CLIENTE,0,ALTO,0.0,3,97,0,0,0,0,33,HIPOTECA,POSGRADO,0
2.01408e+16,240,RECHAZADA,PENDIENTE,RECHAZADO,MALO,0.0,,1,0.0,0.0,0.0,RECIBO DE NOMINA,MEDIO_B,NO_CLIENTE,5004,ALTO,0.0,4,97,0,935,0,0,26,RENTA,LICENCIATURA,0
2.01408e+16,171,RECHAZADA,PENDIENTE,RECHAZADO,MALO,0.0,,1,0.0,0.0,0.0,INVERSIONES,MEDIO_B,NO_CLIENTE,19500,ALTO,0.0,4,98,0,7205,0,0,49,RENTA,PREPARATORIA,0
2.01408e+16,179,RECHAZADA,PENDIENTE,RECHAZADO,MALO,0.0,,1,0.0,0.0,0.0,INVERSIONES,MEDIO_A,NO_CLIENTE,0,ALTO,0.0,2,100,0,16477,940,0,29,HIPOTECA,PREPARATORIA,0
2.01408e+16,192,RECHAZADA,PENDIENTE,RECHAZADO,MALO,0.0,,SIN_CUENTA,0.0,0.0,0.0,INVERSIONES,ALTO_B,NO_CLIENTE,0,ALTO,0.0,3,90,0,0,0,0,27,HIPOTECA,POSGRADO,0
2.01408e+16,232,RECHAZADA,PENDIENTE,RECHAZADO,MALO,0.0,,SIN_CUENTA,0.0,0.0,0.0,RECIBO DE NOMINA,MEDIO_A,NO_CLIENTE,0,ALTO,0.0,2,90,0,0,0,0,48,HIPOTECA,PREPARATORIA,0
2.01408e+16,188,RECHAZADA,PENDIENTE,RECHAZADO,MALO,0.0,,SIN_CUENTA,0.0,0.0,0.0,RECIBO DE NOMINA,MEDIO_A,NO_CLIENTE,0,ALTO,0.0,1,93,0,0,0,0,34,HIPOTECA,LICENCIATURA,0
2.01408e+16,202,RECHAZADA,PENDIENTE,RECHAZADO,MALO,0.0,,SIN_CUENTA,0.0,0.0,0.0,RECIBO DE NOMINA,ALTO_A,NO_CLIENTE,0,ALTO,0.0,1,93,0,0,0,0,29,PROPIA,POSGRADO,0
2.01407e+16,216,RECHAZADA,PENDIENTE,RECHAZADO,MALO,0.0,,SIN_CUENTA,0.0,0.0,0.0,INVERSIONES,MEDIO_B,NO_CLIENTE,0,ALTO,0.0,3,94,0,0,0,0,54,FAMILIARES,PREPARATORIA,0
2.01408e+16,179,RECHAZADA,PENDIENTE,RECHAZADO,MALO,0.0,,SIN_CUENTA,0.0,0.0,0.0,RECIBO DE NOMINA,BAJO_B,NO_CLIENTE,0,ALTO,0.0,5,96,0,0,0,0,49,FAMILIARES,SECUNDARIA,0
2.01408e+16,201,RECHAZADA,PENDIENTE,RECHAZADO,MALO,0.0,,SIN_CUENTA,0.0,0.0,0.0,RECIBO DE NOMINA,MEDIO_A,NO_CLIENTE,0,ALTO,0.0,1,97,0,0,0,0,25,HIPOTECA,PREPARATORIA,0
2.01408e+16,160,RECHAZADA,PENDIENTE,RECHAZADO,MALO,0.0,,SIN_CUENTA,0.0,0.0,0.0,RECIBO DE NOMINA,MEDIO_B,NO_CLIENTE,0,ALTO,0.0,0,100,0,0,0,0,37,RENTA,PREPARATORIA,0
2.01408e+16,222,RECHAZADA,PENDIENTE,RECHAZADO,MALO,0.0,,SIN_CUENTA,0.0,0.0,0.0,INVERSIONES,MEDIO_A,NO_CLIENTE,0,ALTO,0.0,4,89,0,0,0,0,54,HIPOTECA,LICENCIATURA,0
2.01408e+16,200,RECHAZADA,PENDIENTE,RECHAZADO,MALO,0.0,,SIN_CUENTA,0.0,0.0,0.0,INVERSIONES,MEDIO_A,NO_CLIENTE,0,ALTO,0.0,2,90,0,0,0,0,26,HIPOTECA,LICENCIATURA,0
2.01408e+16,184,RECHAZADA,PENDIENTE,RECHAZADO,MALO,0.0,,SIN_CUENTA,0.0,0.0,0.0,RECIBO DE NOMINA,MEDIO_B,NO_CLIENTE,0,ALTO,0.0,3,92,0,0,0,0,35,RENTA,LICENCIATURA,0
2.01406e+16,214,RECHAZADA,PENDIENTE,RECHAZADO,MALO,0.0,,0,0.0,0.0,0.0,RECIBO DE NOMINA,MEDIO_A,CLIENTE_BANCO,0,ALTO,0.0,4,93,0,44705,44705,0,25,HIPOTECA,LICENCIATURA,0
2.01407e+16,186,RECHAZADA,PENDIENTE,RECHAZADO,MALO,0.0,,SIN_CUENTA,0.0,0.0,0.0,RECIBO DE NOMINA,MEDIO_A,NO_CLIENTE,0,ALTO,0.0,2,94,0,0,0,0,31,HIPOTECA,PREPARATORIA,0
2.01408e+16,192,RECHAZADA,PENDIENTE,RECHAZADO,MALO,0.0,,SIN_CUENTA,0.0,0.0,0.0,RECIBO DE NOMINA,MEDIO_A,NO_CLIENTE,0,ALTO,0.0,4,97,0,0,0,0,46,HIPOTECA,LICENCIATURA,0
2.01407e+16,260,RECHAZADA,PENDIENTE,RECHAZADO,MALO,0.0,,SIN_CUENTA,0.0,0.0,0.0,RECIBO DE NOMINA,BAJO_B,NO_CLIENTE,0,ALTO,0.0,2,98,0,0,0,0,51,FAMILIARES,SECUNDARIA,0
2.01408e+16,221,RECHAZADA,PENDIENTE,RECHAZADO,MALO,0.0,,SIN_CUENTA,0.0,0.0,0.0,RECIBO DE NOMINA,MEDIO_B,NO_CLIENTE,0,ALTO,0.0,3,101,0,0,0,0,48,RENTA,LICENCIATURA,0
2.01408e+16,195,RECHAZADA,PENDIENTE,RECHAZADO,MALO,0.0,,0,0.0,0.0,0.0,INVERSIONES,ALTO_B,NO_CLIENTE,50000,ALTO,0.0,3,93,0,49706,1570,0,31,FAMILIARES,POSGRADO,0
2.01407e+16,185,RECHAZADA,PENDIENTE,RECHAZADO,MALO,0.0,,SIN_CUENTA,0.0,0.0,0.0,DECLARACION ANUAL,MEDIO_B,NO_CLIENTE,0,ALTO,0.0,3,96,0,0,0,0,57,RENTA,LICENCIATURA,0
2.01408e+16,226,EN_PROCESO,PENDIENTE,RECHAZADO,MALO,0.0,,SIN_CUENTA,0.0,0.0,0.0,RECIBO DE NOMINA,MEDIO_A,NO_CLIENTE,0,ALTO,0.0,2,96,0,0,0,0,33,HIPOTECA,PREPARATORIA,0
2.01408e+16,168,RECHAZADA,PENDIENTE,RECHAZADO,MALO,0.0,,SIN_CUENTA,0.0,0.0,0.0,INVERSIONES,MEDIO_A,NO_CLIENTE,0,ALTO,0.0,4,96,0,0,0,0,51,PROPIA,LICENCIATURA,0
2.01407e+16,218,RECHAZADA,PENDIENTE,RECHAZADO,MALO,0.0,,SIN_CUENTA,0.0,0.0,0.0,RECIBO DE NOMINA,MEDIO_B,NO_CLIENTE,0,ALTO,0.0,5,89,0,0,0,0,50,RENTA,PREPARATORIA,0
2.01408e+16,234,RECHAZADA,PENDIENTE,RECHAZADO,MALO,0.0,,SIN_CUENTA,0.0,0.0,0.0,RECIBO DE NOMINA,MEDIO_A,NO_CLIENTE,0,ALTO,0.0,2,92,0,0,0,0,53,HIPOTECA,LICENCIATURA,0
2.01408e+16,178,RECHAZADA,PENDIENTE,RECHAZADO,MALO,0.0,,SIN_CUENTA,0.0,0.0,0.0,RECIBO DE NOMINA,ALTO_A,NO_CLIENTE,0,ALTO,0.0,3,96,0,0,0,0,41,PROPIA,POSGRADO,0
2.01407e+16,199,RECHAZADA,PENDIENTE,RECHAZADO,MALO,0.0,,SIN_CUENTA,0.0,0.0,0.0,RECIBO DE NOMINA,ALTO_B,NO_CLIENTE,0,ALTO,0.0,2,98,0,0,0,0,39,HIPOTECA,POSGRADO,0
2.01408e+16,234,RECHAZADA,PENDIENTE,RECHAZADO,MALO,0.0,,SIN_CUENTA,0.0,0.0,0.0,RECIBO DE NOMINA,ALTO_A,NO_CLIENTE,0,ALTO,0.0,4,98,0,0,0,0,34,PROPIA,POSGRADO,0
2.01408e+16,174,RECHAZADA,PENDIENTE,RECHAZADO,MALO,0.0,,SIN_CUENTA,0.0,0.0,0.0,INVERSIONES,ALTO_A,NO_CLIENTE,0,ALTO,0.0,0,101,0,0,0,0,60,PROPIA,POSGRADO,0
2.01408e+16,195,RECHAZADA,PENDIENTE,RECHAZADO,MALO,0.0,,SIN_CUENTA,0.0,0.0,0.0,RECIBO DE NOMINA,MEDIO_B,NO_CLIENTE,0,ALTO,0.0,4,89,0,0,0,0,52,RENTA,PREPARATORIA,0
2.01407e+16,223,RECHAZADA,PENDIENTE,RECHAZADO,MALO,0.0,,SIN_CUENTA,0.0,0.0,0.0,RECIBO DE NOMINA,ALTO_B,NO_CLIENTE,0,ALTO,0.0,3,92,0,0,0,0,43,RENTA,POSGRADO,0
2.01408e+16,186,RECHAZADA,PENDIENTE,RECHAZADO,MALO,0.0,,SIN_CUENTA,0.0,0.0,0.0,INVERSIONES,ALTO_B,NO_CLIENTE,0,ALTO,0.0,2,93,0,0,0,0,26,RENTA,POSGRADO,0
2.01408e+16,259,RECHAZADA,PENDIENTE,RECHAZADO,MALO,0.0,,SIN_CUENTA,0.0,0.0,0.0,RECIBO DE NOMINA,ALTO_B,NO_CLIENTE,0,ALTO,0.0,5,93,0,0,0,0,43,RENTA,POSGRADO,0
2.01407e+16,228,RECHAZADA,PENDIENTE,RECHAZADO,MALO,0.0,,SIN_CUENTA,0.0,0.0,0.0,RECIBO DE NOMINA,MEDIO_A,NO_CLIENTE,0,ALTO,0.0,2,94,0,0,0,0,28,HIPOTECA,LICENCIATURA,0
2.01407e+16,209,EN_PROCESO,PENDIENTE,RECHAZADO,MALO,0.0,,SIN_CUENTA,0.0,0.0,0.0,INVERSIONES,MEDIO_A,NO_CLIENTE,0,ALTO,0.0,5,98,0,0,0,0,32,RENTA,SECUNDARIA,0
2.01408e+16,178,RECHAZADA,PENDIENTE,RECHAZADO,MALO,0.0,,SIN_CUENTA,0.0,0.0,0.0,RECIBO DE NOMINA,MEDIO_A,NO_CLIENTE,0,ALTO,0.0,1,101,0,0,0,0,52,HIPOTECA,LICENCIATURA,0
2.01408e+16,172,RECHAZADA,PENDIENTE,RECHAZADO,MALO,0.0,,SIN_CUENTA,0.0,0.0,0.0,RECIBO DE NOMINA,ALTO_B,NO_CLIENTE,0,ALTO,0.0,5,94,0,0,0,0,47,FAMILIARES,POSGRADO,0
2.01407e+16,204,RECHAZADA,PENDIENTE,RECHAZADO,MALO,0.0,,0,0.0,0.0,0.0,INVERSIONES,ALTO_B,NO_CLIENTE,0,ALTO,0.0,2,95,0,32621,2170,0,47,RENTA,POSGRADO,0
2.01408e+16,222,RECHAZADA,PENDIENTE,RECHAZADO,MALO,0.0,,SIN_CUENTA,0.0,0.0,0.0,INVERSIONES,ALTO_B,NO_CLIENTE,0,ALTO,0.0,4,99,0,0,0,0,42,FAMILIARES,POSGRADO,0
2.01407e+16,182,RECHAZADA,PENDIENTE,RECHAZADO,MALO,0.0,,SIN_CUENTA,0.0,0.0,0.0,INVERSIONES,ALTO_A,NO_CLIENTE,0,ALTO,0.0,5,89,0,0,0,0,32,PROPIA,POSGRADO,0
2.01407e+16,209,RECHAZADA,PENDIENTE,RECHAZADO,MALO,0.0,,SIN_CUENTA,0.0,0.0,0.0,RECIBO DE NOMINA,ALTO_A,NO_CLIENTE,0,ALTO,0.0,3,95,0,0,0,0,47,PROPIA,POSGRADO,0
2.01407e+16,210,RECHAZADA,PENDIENTE,RECHAZADO,MALO,0.0,,SIN_CUENTA,0.0,0.0,0.0,RECIBO DE NOMINA,MEDIO_A,NO_CLIENTE,0,ALTO,0.0,3,96,0,0,0,0,32,PROPIA,LICENCIATURA,0
2.01406e+16,170,RECHAZADA,PENDIENTE,RECHAZADO,MALO,0.0,,2,0.0,0.0,0.0,INVERSIONES,MEDIO_B,NO_CLIENTE,0,ALTO,0.0,4,99,0,1931,0,0,27,RENTA,PREPARATORIA,0
2.01407e+16,225,RECHAZADA,PENDIENTE,RECHAZADO,MALO,0.0,,SIN_CUENTA,0.0,0.0,0.0,RECIBO DE NOMINA,MEDIO_A,NO_CLIENTE,0,ALTO,0.0,1,101,0,0,0,0,44,HIPOTECA,LICENCIATURA,0
2.01407e+16,211,RECHAZADA,PENDIENTE,RECHAZADO,MALO,0.0,,0,0.0,0.0,0.0,RECIBO DE NOMINA,ALTO_B,NO_CLIENTE,0,ALTO,0.0,2,90,0,2297,1610,0,45,RENTA,POSGRADO,0
2.01407e+16,213,RECHAZADA,PENDIENTE,RECHAZADO,MALO,0.0,,SIN_CUENTA,0.0,0.0,0.0,RECIBO DE NOMINA,MEDIO_A,NO_CLIENTE,0,ALTO,0.0,3,90,0,0,0,0,39,PROPIA,LICENCIATURA,0
2.01408e+16,197,RECHAZADA,PENDIENTE,RECHAZADO,MALO,0.0,,SIN_CUENTA,0.0,0.0,0.0,RECIBO DE NOMINA,ALTO_A,NO_CLIENTE,0,ALTO,0.0,4,92,0,0,0,0,27,PROPIA,POSGRADO,0
2.01408e+16,259,RECHAZADA,PENDIENTE,RECHAZADO,MALO,0.0,,SIN_CUENTA,0.0,0.0,0.0,RECIBO DE NOMINA,MEDIO_A,NO_CLIENTE,0,ALTO,0.0,4,93,0,0,0,0,47,HIPOTECA,LICENCIATURA,0
2.01407e+16,262,RECHAZADA,PENDIENTE,RECHAZADO,MALO,0.0,,0,0.0,0.0,0.0,INVERSIONES,MEDIO_B,NO_CLIENTE,0,ALTO,0.0,2,96,0,5469,0,0,47,FAMILIARES,LICENCIATURA,0
2.01408e+16,228,RECHAZADA,PENDIENTE,RECHAZADO,MALO,0.0,,SIN_CUENTA,0.0,0.0,0.0,INVERSIONES,MEDIO_B,NO_CLIENTE,0,ALTO,0.0,4,98,0,0,0,0,27,FAMILIARES,PREPARATORIA,0
2.01407e+16,194,RECHAZADA,PENDIENTE,RECHAZADO,MALO,0.0,,SIN_CUENTA,0.0,0.0,0.0,RECIBO DE NOMINA,ALTO_A,NO_CLIENTE,0,ALTO,0.0,2,99,0,0,0,0,45,PROPIA,POSGRADO,0
2.01407e+16,265,RECHAZADA,PENDIENTE,RECHAZADO,MALO,0.0,,SIN_CUENTA,0.0,0.0,0.0,RECIBO DE NOMINA,ALTO_B,NO_CLIENTE,0,ALTO,0.0,5,90,0,0,0,0,52,HIPOTECA,POSGRADO,0
2.01408e+16,203,RECHAZADA,PENDIENTE,RECHAZADO,MALO,0.0,,SIN_CUENTA,0.0,0.0,0.0,RECIBO DE NOMINA,MEDIO_B,NO_CLIENTE,0,ALTO,0.0,5,91,0,0,0,0,28,FAMILIARES,LICENCIATURA,0
2.01406e+16,236,RECHAZADA,PENDIENTE,RECHAZADO,MALO,0.0,,SIN_CUENTA,0.0,0.0,0.0,INVERSIONES,MEDIO_A,NO_CLIENTE,0,ALTO,0.0,5,94,0,0,0,0,57,HIPOTECA,PREPARATORIA,0
2.01407e+16,237,RECHAZADA,PENDIENTE,RECHAZADO,MALO,0.0,,2,0.0,0.0,0.0,INVERSIONES,MEDIO_B,NO_CLIENTE,0,ALTO,0.0,3,95,0,46524,2640,0,42,FAMILIARES,PREPARATORIA,0
2.01408e+16,236,RECHAZADA,PENDIENTE,RECHAZADO,MALO,0.0,,SIN_CUENTA,0.0,0.0,0.0,INVERSIONES,MEDIO_B,NO_CLIENTE,0,ALTO,0.0,3,96,0,0,0,0,49,FAMILIARES,PREPARATORIA,0
2.01407e+16,266,RECHAZADA,PENDIENTE,RECHAZADO,MALO,0.0,,SIN_CUENTA,0.0,0.0,0.0,RECIBO DE NOMINA,ALTO_A,NO_CLIENTE,0,ALTO,0.0,2,100,0,0,0,0,30,PROPIA,POSGRADO,0
2.01408e+16,172,RECHAZADA,PENDIENTE,RECHAZADO,MALO,0.0,,SIN_CUENTA,0.0,0.0,0.0,RECIBO DE NOMINA,MEDIO_B,NO_CLIENTE,0,ALTO,0.0,0,100,0,0,0,0,43,RENTA,LICENCIATURA,0
2.01406e+16,214,RECHAZADA,PENDIENTE,RECHAZADO,MALO,0.0,,0,0.0,0.0,0.0,INVERSIONES,MEDIO_A,NO_CLIENTE,0,ALTO,0.0,3,101,0,953,500,0,43,HIPOTECA,LICENCIATURA,0
2.01407e+16,244,RECHAZADA,PENDIENTE,RECHAZADO,MALO,0.0,,SIN_CUENTA,0.0,0.0,0.0,INVERSIONES,MEDIO_B,NO_CLIENTE,0,ALTO,0.0,3,101,0,0,0,0,44,RENTA,PREPARATORIA,0
2.01407e+16,268,RECHAZADA,PENDIENTE,RECHAZADO,MALO,0.0,,SIN_CUENTA,0.0,0.0,0.0,RECIBO DE NOMINA,MEDIO_A,NO_CLIENTE,0,ALTO,0.0,5,93,0,0,0,0,48,HIPOTECA,PREPARATORIA,0
2.01407e+16,227,RECHAZADA,PENDIENTE,RECHAZADO,MALO,0.0,,SIN_CUENTA,0.0,0.0,0.0,RECIBO DE NOMINA,MEDIO_B,NO_CLIENTE,0,ALTO,0.0,2,94,0,0,0,0,29,FAMILIARES,PREPARATORIA,0
2.01408e+16,232,RECHAZADA,PENDIENTE,RECHAZADO,MALO,0.0,,SIN_CUENTA,0.0,0.0,0.0,RECIBO DE NOMINA,MEDIO_A,NO_CLIENTE,0,ALTO,0.0,2,97,0,0,0,0,34,HIPOTECA,PREPARATORIA,0
2.01407e+16,252,RECHAZADA,PENDIENTE,RECHAZADO,MALO,0.0,,SIN_CUENTA,0.0,0.0,0.0,RECIBO DE NOMINA,MEDIO_B,NO_CLIENTE,0,ALTO,0.0,3,98,0,0,0,0,34,RENTA,LICENCIATURA,0
2.01407e+16,217,RECHAZADA,PENDIENTE,RECHAZADO,MALO,0.0,,SIN_CUENTA,0.0,0.0,0.0,RECIBO DE NOMINA,ALTO_B,NO_CLIENTE,0,ALTO,0.0,2,100,0,0,0,0,26,FAMILIARES,POSGRADO,0
2.01408e+16,249,RECHAZADA,PENDIENTE,RECHAZADO,MALO,0.0,,SIN_CUENTA,0.0,0.0,0.0,RECIBO DE NOMINA,MEDIO_B,NO_CLIENTE,0,ALTO,0.0,1,101,0,0,0,0,38,RENTA,PREPARATORIA,0
2.01407e+16,210,RECHAZADA,PENDIENTE,RECHAZADO,MALO,0.0,,SIN_CUENTA,0.0,0.0,0.0,RECIBO DE NOMINA,MEDIO_B,NO_CLIENTE,0,ALTO,0.0,5,91,0,0,0,0,53,RENTA,PREPARATORIA,0
2.01407e+16,226,RECHAZADA,PENDIENTE,RECHAZADO,MALO,0.0,,SIN_CUENTA,0.0,0.0,0.0,RECIBO DE NOMINA,ALTO_A,NO_CLIENTE,0,ALTO,0.0,3,92,0,0,0,0,50,PROPIA,POSGRADO,0
2.01408e+16,185,RECHAZADA,PENDIENTE,RECHAZADO,MALO,0.0,,SIN_CUENTA,0.0,0.0,0.0,RECIBO DE NOMINA,MEDIO_A,NO_CLIENTE,0,ALTO,0.0,2,94,0,0,0,0,45,HIPOTECA,PREPARATORIA,0
2.01408e+16,239,RECHAZADA,PENDIENTE,RECHAZADO,MALO,0.0,,SIN_CUENTA,0.0,0.0,0.0,RECIBO DE NOMINA,MEDIO_B,NO_CLIENTE,0,ALTO,0.0,3,94,0,0,0,0,57,FAMILIARES,PREPARATORIA,0
2.01408e+16,238,RECHAZADA,PENDIENTE,RECHAZADO,MALO,0.0,,SIN_CUENTA,0.0,0.0,0.0,RECIBO DE NOMINA,MEDIO_B,NO_CLIENTE,0,ALTO,0.0,5,95,0,0,0,0,45,FAMILIARES,PREPARATORIA,0
2.01408e+16,208,RECHAZADA,PENDIENTE,RECHAZADO,MALO,0.0,,SIN_CUENTA,0.0,0.0,0.0,RECIBO DE NOMINA,MEDIO_B,NO_CLIENTE,0,ALTO,0.0,2,97,0,0,0,0,44,FAMILIARES,PREPARATORIA,0
2.01408e+16,175,RECHAZADA,PENDIENTE,RECHAZADO,MALO,0.0,,SIN_CUENTA,0.0,0.0,0.0,RECIBO DE NOMINA,ALTO_B,NO_CLIENTE,0,ALTO,0.0,4,99,0,0,0,0,58,RENTA,POSGRADO,0
2.01408e+16,213,RECHAZADA,PENDIENTE,RECHAZADO,MALO,0.0,,SIN_CUENTA,0.0,0.0,0.0,INVERSIONES,MEDIO_A,NO_CLIENTE,0,ALTO,0.0,2,91,0,0,0,0,53,HIPOTECA,PREPARATORIA,0
2.01407e+16,195,RECHAZADA,PENDIENTE,RECHAZADO,MALO,0.0,,SIN_CUENTA,0.0,0.0,0.0,RECIBO DE NOMINA,MEDIO_B,NO_CLIENTE,0,ALTO,0.0,5,93,0,0,0,0,48,RENTA,LICENCIATURA,0
2.01408e+16,233,RECHAZADA,PENDIENTE,RECHAZADO,MALO,0.0,,SIN_CUENTA,0.0,0.0,0.0,INVERSIONES,MEDIO_B,NO_CLIENTE,0,ALTO,0.0,3,94,0,0,0,0,26,RENTA,PREPARATORIA,0
2.01407e+16,195,RECHAZADA,PENDIENTE,RECHAZADO,MALO,0.0,,SIN_CUENTA,0.0,0.0,0.0,RECIBO DE NOMINA,BAJO_B,NO_CLIENTE,0,ALTO,0.0,2,95,0,0,0,0,46,FAMILIARES,SECUNDARIA,0
2.01407e+16,223,RECHAZADA,PENDIENTE,RECHAZADO,MALO,0.0,,SIN_CUENTA,0.0,0.0,0.0,INVERSIONES,MEDIO_B,NO_CLIENTE,0,ALTO,0.0,3,96,0,0,0,0,38,RENTA,PREPARATORIA,0
2.01407e+16,208,RECHAZADA,PENDIENTE,RECHAZADO,MALO,0.0,,SIN_CUENTA,0.0,0.0,0.0,RECIBO DE NOMINA,ALTO_A,NO_CLIENTE,0,ALTO,0.0,4,97,0,0,0,0,60,PROPIA,POSGRADO,0
2.01408e+16,203,RECHAZADA,PENDIENTE,RECHAZADO,MALO,0.0,,SIN_CUENTA,0.0,0.0,0.0,RECIBO DE NOMINA,ALTO_B,NO_CLIENTE,0,ALTO,0.0,4,97,0,0,0,0,55,HIPOTECA,POSGRADO,0
2.01407e+16,271,RECHAZADA,PENDIENTE,RECHAZADO,MALO,0.0,,SIN_CUENTA,0.0,0.0,0.0,RECIBO DE NOMINA,ALTO_A,NO_CLIENTE,0,ALTO,0.0,3,100,0,0,0,0,60,PROPIA,POSGRADO,0
2.01406e+16,248,RECHAZADA,PENDIENTE,RECHAZADO,MALO,0.0,,SIN_CUENTA,0.0,0.0,0.0,RECIBO DE NOMINA,MEDIO_A,NO_CLIENTE,0,ALTO,0.0,2,101,0,0,0,0,37,HIPOTECA,PREPARATORIA,0
2.01408e+16,223,RECHAZADA,PENDIENTE,RECHAZADO,MALO,0.0,,SIN_CUENTA,0.0,0.0,0.0,RECIBO DE NOMINA,MEDIO_B,NO_CLIENTE,0,ALTO,0.0,1,101,0,0,0,0,50,FAMILIARES,PREPARATORIA,0
2.01408e+16,248,RECHAZADA,PENDIENTE,RECHAZADO,MALO,0.0,,SIN_CUENTA,0.0,0.0,0.0,RECIBO DE NOMINA,MEDIO_B,NO_CLIENTE,0,ALTO,0.0,4,92,0,0,0,0,57,FAMILIARES,PREPARATORIA,0
2.01407e+16,252,RECHAZADA,PENDIENTE,RECHAZADO,MALO,0.0,,SIN_CUENTA,0.0,0.0,0.0,RECIBO DE NOMINA,MEDIO_A,NO_CLIENTE,0,ALTO,0.0,5,93,0,0,0,0,58,PROPIA,LICENCIATURA,0
2.01408e+16,240,RECHAZADA,PENDIENTE,RECHAZADO,MALO,0.0,,SIN_CUENTA,0.0,0.0,0.0,INVERSIONES,BAJO_B,NO_CLIENTE,0,ALTO,0.0,3,94,0,0,0,0,55,RENTA,SECUNDARIA,0
2.01407e+16,188,RECHAZADA,PENDIENTE,RECHAZADO,MALO,0.0,,SIN_CUENTA,0.0,0.0,0.0,INVERSIONES,BAJO_B,NO_CLIENTE,0,ALTO,0.0,1,96,0,0,0,0,54,FAMILIARES,SECUNDARIA,0
2.01407e+16,204,RECHAZADA,PENDIENTE,RECHAZADO,MALO,0.0,,SIN_CUENTA,0.0,0.0,0.0,INVERSIONES,MEDIO_B,NO_CLIENTE,0,ALTO,0.0,3,96,0,0,0,0,30,FAMILIARES,LICENCIATURA,0
2.01408e+16,212,RECHAZADA,PENDIENTE,RECHAZADO,MALO,0.0,,SIN_CUENTA,0.0,0.0,0.0,RECIBO DE NOMINA,MEDIO_A,NO_CLIENTE,0,ALTO,0.0,4,99,0,0,0,0,52,HIPOTECA,PREPARATORIA,0
2.01408e+16,245,RECHAZADA,PENDIENTE,RECHAZADO,MALO,0.0,,SIN_CUENTA,0.0,0.0,0.0,RECIBO DE NOMINA,MEDIO_B,NO_CLIENTE,0,ALTO,0.0,5,99,0,0,0,0,49,FAMILIARES,LICENCIATURA,0
2.01408e+16,213,RECHAZADA,PENDIENTE,RECHAZADO,MALO,0.0,,SIN_CUENTA,0.0,0.0,0.0,RECIBO DE NOMINA,MEDIO_B,NO_CLIENTE,0,ALTO,0.0,1,90,0,0,0,0,37,FAMILIARES,LICENCIATURA,0
2.01408e+16,256,RECHAZADA,PENDIENTE,RECHAZADO,MALO,0.0,,1,0.0,0.0,0.0,INVERSIONES,ALTO_A,NO_CLIENTE,167700,ALTO,0.0,2,94,0,91723,1930,0,32,PROPIA,POSGRADO,0
2.01408e+16,241,RECHAZADA,PENDIENTE,RECHAZADO,MALO,0.0,,SIN_CUENTA,0.0,0.0,0.0,RECIBO DE NOMINA,MEDIO_A,NO_CLIENTE,0,ALTO,0.0,2,95,0,0,0,0,55,HIPOTECA,PREPARATORIA,0
2.01408e+16,233,RECHAZADA,PENDIENTE,RECHAZADO,MALO,0.0,,SIN_CUENTA,0.0,0.0,0.0,INVERSIONES,ALTO_A,NO_CLIENTE,0,ALTO,0.0,5,95,0,0,0,0,60,PROPIA,POSGRADO,0
2.01407e+16,220,RECHAZADA,PENDIENTE,RECHAZADO,MALO,0.0,,SIN_CUENTA,0.0,0.0,0.0,INVERSIONES,MEDIO_A,NO_CLIENTE,0,ALTO,0.0,4,97,0,0,0,0,53,HIPOTECA,PREPARATORIA,0
2.01408e+16,253,RECHAZADA,PENDIENTE,RECHAZADO,MALO,0.0,,1,0.0,0.0,0.0,INVERSIONES,ALTO_B,NO_CLIENTE,75500,ALTO,0.0,4,97,0,6511,0,0,47,RENTA,POSGRADO,0
2.01407e+16,235,RECHAZADA,PENDIENTE,RECHAZADO,MALO,0.0,,0,0.0,0.0,0.0,INVERSIONES,MEDIO_A,NO_CLIENTE,0,ALTO,0.0,3,98,0,8121,560,0,32,PROPIA,LICENCIATURA,0
2.01407e+16,213,RECHAZADA,PENDIENTE,RECHAZADO,MALO,0.0,,0,0.0,0.0,0.0,INVERSIONES,ALTO_A,NO_CLIENTE,0,ALTO,0.0,5,99,0,1606,1380,0,32,PROPIA,POSGRADO,0
2.01408e+16,230,RECHAZADA,PENDIENTE,RECHAZADO,MALO,0.0,,0,0.0,0.0,0.0,INVERSIONES,MEDIO_A,NO_CLIENTE,5000,ALTO,0.0,3,90,0,5237,0,0,55,PROPIA,LICENCIATURA,0
2.01408e+16,180,RECHAZADA,PENDIENTE,RECHAZADO,MALO,0.0,,SIN_CUENTA,0.0,0.0,0.0,RECIBO DE NOMINA,ALTO_B,NO_CLIENTE,0,ALTO,0.0,2,90,0,0,0,0,27,HIPOTECA,POSGRADO,0
2.01407e+16,191,RECHAZADA,PENDIENTE,RECHAZADO,MALO,0.0,,SIN_CUENTA,0.0,0.0,0.0,RECIBO DE NOMINA,MEDIO_B,NO_CLIENTE,0,ALTO,0.0,4,92,0,0,0,0,59,FAMILIARES,PREPARATORIA,0
2.01407e+16,263,RECHAZADA,PENDIENTE,RECHAZADO,MALO,0.0,,SIN_CUENTA,0.0,0.0,0.0,INVERSIONES,MEDIO_B,NO_CLIENTE,0,ALTO,0.0,3,94,0,0,0,0,52,FAMILIARES,PREPARATORIA,0
2.01408e+16,269,RECHAZADA,PENDIENTE,RECHAZADO,MALO,0.0,,SIN_CUENTA,0.0,0.0,0.0,INVERSIONES,MEDIO_A,NO_CLIENTE,0,ALTO,0.0,2,97,0,0,0,0,54,HIPOTECA,PREPARATORIA,0
2.01407e+16,246,RECHAZADA,PENDIENTE,RECHAZADO,MALO,0.0,,SIN_CUENTA,0.0,0.0,0.0,RECIBO DE NOMINA,ALTO_B,NO_CLIENTE,0,ALTO,0.0,4,89,0,0,0,0,45,FAMILIARES,POSGRADO,0
2.01408e+16,196,RECHAZADA,PENDIENTE,RECHAZADO,MALO,0.0,,SIN_CUENTA,0.0,0.0,0.0,RECIBO DE NOMINA,MEDIO_A,NO_CLIENTE,0,ALTO,0.0,5,89,0,0,0,0,49,HIPOTECA,PREPARATORIA,0
2.01407e+16,270,RECHAZADA,PENDIENTE,RECHAZADO,MALO,0.0,,SIN_CUENTA,0.0,0.0,0.0,INVERSIONES,MEDIO_B,NO_CLIENTE,0,ALTO,0.0,5,93,0,0,0,0,51,RENTA,PREPARATORIA,0
2.01407e+16,243,RECHAZADA,PENDIENTE,RECHAZADO,MALO,0.0,,SIN_CUENTA,0.0,0.0,0.0,RECIBO DE NOMINA,MEDIO_B,NO_CLIENTE,0,ALTO,0.0,5,93,0,0,0,0,54,RENTA,PREPARATORIA,0
2.01407e+16,205,RECHAZADA,PENDIENTE,RECHAZADO,MALO,0.0,,SIN_CUENTA,0.0,0.0,0.0,RECIBO DE NOMINA,MEDIO_B,NO_CLIENTE,0,ALTO,0.0,4,95,0,0,0,0,55,RENTA,PREPARATORIA,0
2.01408e+16,197,RECHAZADA,PENDIENTE,RECHAZADO,MALO,0.0,,SIN_CUENTA,0.0,0.0,0.0,RECIBO DE NOMINA,ALTO_A,NO_CLIENTE,0,ALTO,0.0,3,95,0,0,0,0,52,PROPIA,POSGRADO,0
2.01408e+16,231,RECHAZADA,PENDIENTE,RECHAZADO,MALO,0.0,,SIN_CUENTA,0.0,0.0,0.0,RECIBO DE NOMINA,ALTO_B,NO_CLIENTE,0,ALTO,0.0,3,97,0,0,0,0,46,FAMILIARES,POSGRADO,0
2.01408e+16,267,RECHAZADA,PENDIENTE,RECHAZADO,MALO,0.0,,SIN_CUENTA,0.0,0.0,0.0,INVERSIONES,MEDIO_A,NO_CLIENTE,0,ALTO,0.0,5,89,0,0,0,0,35,HIPOTECA,PREPARATORIA,0
2.01408e+16,234,RECHAZADA,PENDIENTE,RECHAZADO,MALO,0.0,,SIN_CUENTA,0.0,0.0,0.0,INVERSIONES,ALTO_B,NO_CLIENTE,0,ALTO,0.0,1,90,0,0,0,0,34,HIPOTECA,POSGRADO,0
2.01311e+16,197,RECHAZADA,PENDIENTE,RECHAZADO,MALO,0.0,,SIN_CUENTA,0.0,0.0,0.0,RECIBO DE NOMINA,MEDIO_B,NO_CLIENTE,0,ALTO,0.0,5,90,0,0,0,0,40,RENTA,LICENCIATURA,0
2.01408e+16,228,RECHAZADA,PENDIENTE,RECHAZADO,MALO,0.0,,SIN_CUENTA,0.0,0.0,0.0,RECIBO DE NOMINA,ALTO_A,NO_CLIENTE,0,ALTO,0.0,2,90,0,0,0,0,38,PROPIA,POSGRADO,0
2.01407e+16,240,RECHAZADA,PENDIENTE,RECHAZADO,MALO,0.0,,SIN_CUENTA,0.0,0.0,0.0,RECIBO DE NOMINA,MEDIO_A,NO_CLIENTE,0,ALTO,0.0,4,92,0,0,0,0,58,HIPOTECA,PREPARATORIA,0
2.01408e+16,241,RECHAZADA,PENDIENTE,RECHAZADO,MALO,0.0,,1,0.0,0.0,0.0,INVERSIONES,MEDIO_A,NO_CLIENTE,0,ALTO,0.0,2,95,0,1562,250,0,31,HIPOTECA,PREPARATORIA,0
2.01408e+16,187,RECHAZADA,PENDIENTE,RECHAZADO,MALO,0.0,,SIN_CUENTA,0.0,0.0,15967.0,INVERSIONES,ALTO_A,CLIENTE_BANCO,0,ALTO,0.0,2,95,0,0,0,0,55,PROPIA,LICENCIATURA,0
2.01408e+16,181,RECHAZADA,PENDIENTE,RECHAZADO,MALO,0.0,,1,0.0,0.0,0.0,INVERSIONES,ALTO_B,NO_CLIENTE,11500,ALTO,0.0,3,98,0,11631,700,0,57,RENTA,POSGRADO,0
2.01408e+16,214,RECHAZADA,PENDIENTE,RECHAZADO,MALO,0.0,,SIN_CUENTA,0.0,0.0,0.0,INVERSIONES,MEDIO_A,NO_CLIENTE,0,ALTO,0.0,2,100,0,0,0,0,38,HIPOTECA,PREPARATORIA,0
2.01407e+16,223,RECHAZADA,PENDIENTE,RECHAZADO,MALO,0.0,,SIN_CUENTA,0.0,0.0,0.0,RECIBO DE NOMINA,MEDIO_B,NO_CLIENTE,0,ALTO,0.0,1,90,0,0,0,0,36,FAMILIARES,PREPARATORIA,0
2.01406e+16,254,RECHAZADA,PENDIENTE,RECHAZADO,MALO,0.0,,SIN_CUENTA,0.0,0.0,0.0,INVERSIONES,ALTO_A,NO_CLIENTE,0,ALTO,0.0,5,92,0,0,0,0,53,PROPIA,POSGRADO,0
2.01407e+16,225,RECHAZADA,PENDIENTE,RECHAZADO,MALO,0.0,,SIN_CUENTA,0.0,0.0,0.0,INVERSIONES,MEDIO_B,NO_CLIENTE,0,ALTO,0.0,4,96,0,0,0,0,43,RENTA,PREPARATORIA,0
2.01408e+16,237,RECHAZADA,PENDIENTE,RECHAZADO,MALO,0.0,,SIN_CUENTA,0.0,0.0,0.0,RECIBO DE NOMINA,ALTO_A,NO_CLIENTE,0,ALTO,0.0,1,96,0,0,0,0,37,PROPIA,POSGRADO,0
2.01408e+16,237,RECHAZADA,PENDIENTE,RECHAZADO,MALO,0.0,,0,0.0,0.0,0.0,RECIBO DE NOMINA,ALTO_B,NO_CLIENTE,0,ALTO,0.0,5,98,0,39183,39183,0,33,HIPOTECA,POSGRADO,0
2.01407e+16,202,RECHAZADA,PENDIENTE,RECHAZADO,MALO,0.0,,SIN_CUENTA,0.0,0.0,0.0,INVERSIONES,MEDIO_B,NO_CLIENTE,0,ALTO,0.0,2,100,0,0,0,0,53,FAMILIARES,LICENCIATURA,0
2.01407e+16,254,RECHAZADA,PENDIENTE,RECHAZADO,MALO,0.0,,SIN_CUENTA,0.0,0.0,0.0,RECIBO DE NOMINA,MEDIO_A,NO_CLIENTE,0,ALTO,0.0,3,101,0,0,0,0,29,HIPOTECA,PREPARATORIA,0
2.01408e+16,184,RECHAZADA,PENDIENTE,RECHAZADO,MALO,0.0,,SIN_CUENTA,0.0,0.0,0.0,RECIBO DE NOMINA,ALTO_B,NO_CLIENTE,0,ALTO,0.0,1,90,0,0,0,0,35,RENTA,POSGRADO,0
2.01407e+16,189,RECHAZADA,PENDIENTE,RECHAZADO,MALO,0.0,,SIN_CUENTA,0.0,0.0,0.0,RECIBO DE NOMINA,MEDIO_A,NO_CLIENTE,0,ALTO,0.0,5,91,0,0,0,0,55,PROPIA,LICENCIATURA,0
2.01408e+16,276,RECHAZADA,PENDIENTE,RECHAZADO,MALO,0.0,,SIN_CUENTA,0.0,0.0,0.0,RECIBO DE NOMINA,MEDIO_A,NO_CLIENTE,0,ALTO,0.0,1,94,0,0,0,0,60,PROPIA,LICENCIATURA,0
2.01408e+16,187,RECHAZADA,PENDIENTE,RECHAZADO,MALO,0.0,,SIN_CUENTA,0.0,0.0,0.0,INVERSIONES,MEDIO_B,NO_CLIENTE,0,ALTO,0.0,3,92,0,0,0,0,35,RENTA,PREPARATORIA,0
2.01407e+16,237,RECHAZADA,PENDIENTE,RECHAZADO,MALO,0.0,,SIN_CUENTA,0.0,0.0,0.0,RECIBO DE NOMINA,MEDIO_B,NO_CLIENTE,0,ALTO,0.0,4,93,0,0,0,0,52,FAMILIARES,PREPARATORIA,0
2.01407e+16,207,RECHAZADA,PENDIENTE,RECHAZADO,MALO,0.0,,0,0.0,0.0,0.0,INVERSIONES,ALTO_B,NO_CLIENTE,0,ALTO,0.0,4,94,0,2180,0,0,50,HIPOTECA,POSGRADO,0
2.01407e+16,265,RECHAZADA,PENDIENTE,RECHAZADO,MALO,0.0,,SIN_CUENTA,0.0,0.0,0.0,INVERSIONES,MEDIO_B,NO_CLIENTE,0,ALTO,0.0,4,89,0,0,0,0,33,RENTA,LICENCIATURA,0
2.01407e+16,250,RECHAZADA,PENDIENTE,RECHAZADO,MALO,0.0,,1,0.0,0.0,0.0,INVERSIONES,MEDIO_A,NO_CLIENTE,0,ALTO,0.0,3,91,0,42127,2510,0,56,HIPOTECA,PREPARATORIA,0
2.01408e+16,260,RECHAZADA,PENDIENTE,RECHAZADO,MALO,0.0,,SIN_CUENTA,0.0,0.0,0.0,INVERSIONES,MEDIO_A,NO_CLIENTE,0,ALTO,0.0,5,92,0,0,0,0,29,HIPOTECA,LICENCIATURA,0
2.01408e+16,258,RECHAZADA,PENDIENTE,RECHAZADO,MALO,0.0,,1,0.0,0.0,0.0,RECIBO DE NOMINA,MEDIO_A,NO_CLIENTE,134800,ALTO,0.0,3,95,0,57682,3630,0,48,PROPIA,LICENCIATURA,0
2.01407e+16,199,RECHAZADA,PENDIENTE,RECHAZADO,MALO,0.0,,SIN_CUENTA,0.0,0.0,0.0,INVERSIONES,MEDIO_A,NO_CLIENTE,0,ALTO,0.0,4,96,0,0,0,0,53,PROPIA,LICENCIATURA,0
2.01408e+16,203,RECHAZADA,PENDIENTE,RECHAZADO,MALO,0.0,,SIN_CUENTA,0.0,0.0,0.0,RECIBO DE NOMINA,ALTO_B,NO_CLIENTE,0,ALTO,0.0,5,99,0,0,0,0,28,HIPOTECA,POSGRADO,0
2.01408e+16,230,RECHAZADA,PENDIENTE,RECHAZADO,MALO,0.0,,SIN_CUENTA,0.0,0.0,0.0,INVERSIONES,MEDIO_B,NO_CLIENTE,0,ALTO,0.0,5,89,0,0,0,0,50,RENTA,LICENCIATURA,0
2.01408e+16,261,RECHAZADA,PENDIENTE,RECHAZADO,MALO,0.0,,SIN_CUENTA,0.0,0.0,0.0,RECIBO DE NOMINA,ALTO_B,NO_CLIENTE,0,ALTO,0.0,3,99,0,0,0,0,55,FAMILIARES,POSGRADO,0
2.01407e+16,218,RECHAZADA,PENDIENTE,RECHAZADO,MALO,0.0,,SIN_CUENTA,0.0,0.0,0.0,RECIBO DE NOMINA,ALTO_B,NO_CLIENTE,0,ALTO,0.0,0,101,0,0,0,0,25,HIPOTECA,POSGRADO,0
2.01408e+16,243,RECHAZADA,PENDIENTE,RECHAZADO,MALO,0.0,,SIN_CUENTA,0.0,0.0,0.0,DECLARACION ANUAL,ALTO_B,NO_CLIENTE,0,ALTO,0.0,2,101,0,0,0,0,54,FAMILIARES,POSGRADO,0
2.01408e+16,237,RECHAZADA,PENDIENTE,RECHAZADO,MALO,0.0,,SIN_CUENTA,0.0,0.0,0.0,INVERSIONES,MEDIO_B,NO_CLIENTE,0,ALTO,0.0,3,101,0,0,0,0,59,FAMILIARES,LICENCIATURA,0
2.01408e+16,220,RECHAZADA,PENDIENTE,RECHAZADO,MALO,0.0,,SIN_CUENTA,0.0,0.0,0.0,RECIBO DE NOMINA,MEDIO_A,NO_CLIENTE,0,ALTO,0.0,0,101,0,0,0,0,25,HIPOTECA,PREPARATORIA,0
2.01408e+16,212,RECHAZADA,PENDIENTE,RECHAZADO,MALO,0.0,,0,0.0,0.0,0.0,RECIBO DE NOMINA,ALTO_B,NO_CLIENTE,0,ALTO,0.0,1,101,0,63186,63186,0,50,RENTA,POSGRADO,0
2.01407e+16,260,RECHAZADA,PENDIENTE,RECHAZADO,MALO,0.0,,SIN_CUENTA,0.0,0.0,0.0,RECIBO DE NOMINA,ALTO_B,NO_CLIENTE,0,ALTO,0.0,1,90,0,0,0,0,39,RENTA,POSGRADO,0
2.01408e+16,276,RECHAZADA,PENDIENTE,RECHAZADO,MALO,0.0,,SIN_CUENTA,0.0,0.0,0.0,RECIBO DE NOMINA,MEDIO_B,NO_CLIENTE,0,ALTO,0.0,2,90,0,0,0,0,32,FAMILIARES,PREPARATORIA,0
2.01408e+16,206,RECHAZADA,PENDIENTE,RECHAZADO,MALO,0.0,,SIN_CUENTA,0.0,0.0,0.0,INVERSIONES,ALTO_A,NO_CLIENTE,0,ALTO,0.0,4,90,0,0,0,0,52,PROPIA,POSGRADO,0
2.01408e+16,212,RECHAZADA,PENDIENTE,RECHAZADO,MALO,0.0,,SIN_CUENTA,0.0,0.0,0.0,RECIBO DE NOMINA,MEDIO_B,NO_CLIENTE,0,ALTO,0.0,4,90,0,0,0,0,29,FAMILIARES,PREPARATORIA,0
2.01408e+16,194,RECHAZADA,PENDIENTE,RECHAZADO,MALO,0.0,,1,0.0,0.0,0.0,INVERSIONES,MEDIO_A,NO_CLIENTE,24500,ALTO,0.0,5,97,0,5410,310,0,52,HIPOTECA,PREPARATORIA,0
2.01408e+16,258,RECHAZADA,PENDIENTE,RECHAZADO,MALO,0.0,,SIN_CUENTA,0.0,0.0,0.0,RECIBO DE NOMINA,MEDIO_B,NO_CLIENTE,0,ALTO,0.0,3,98,0,0,0,0,46,FAMILIARES,LICENCIATURA,0
2.01408e+16,193,RECHAZADA,PENDIENTE,RECHAZADO,MALO,0.0,,SIN_CUENTA,0.0,0.0,0.0,RECIBO DE NOMINA,MEDIO_A,NO_CLIENTE,0,ALTO,0.0,0,100,0,0,0,0,54,HIPOTECA,PREPARATORIA,0
2.01408e+16,210,RECHAZADA,PENDIENTE,RECHAZADO,MALO,0.0,,SIN_CUENTA,0.0,0.0,0.0,RECIBO DE NOMINA,MEDIO_B,NO_CLIENTE,0,ALTO,0.0,4,89,0,0,0,0,45,RENTA,LICENCIATURA,0
2.01407e+16,188,RECHAZADA,PENDIENTE,RECHAZADO,MALO,0.0,,1,0.0,0.0,0.0,INVERSIONES,MEDIO_B,NO_CLIENTE,305000,ALTO,0.0,3,96,0,127024,3820,0,40,FAMILIARES,LICENCIATURA,0
2.01408e+16,214,RECHAZADA,PENDIENTE,RECHAZADO,MALO,0.0,,SIN_CUENTA,0.0,0.0,0.0,INVERSIONES,MEDIO_B,NO_CLIENTE,0,ALTO,0.0,2,96,0,0,0,0,25,FAMILIARES,PREPARATORIA,0
2.01407e+16,191,RECHAZADA,PENDIENTE,RECHAZADO,MALO,0.0,,1,0.0,0.0,0.0,INVERSIONES,MEDIO_B,NO_CLIENTE,0,ALTO,0.0,2,98,0,15360,0,0,50,FAMILIARES,PREPARATORIA,0
2.01408e+16,232,RECHAZADA,PENDIENTE,RECHAZADO,MALO,0.0,,SIN_CUENTA,0.0,0.0,0.0,INVERSIONES,MEDIO_A,NO_CLIENTE,0,ALTO,0.0,4,92,0,0,0,0,44,HIPOTECA,PREPARATORIA,0
2.01408e+16,229,RECHAZADA,PENDIENTE,RECHAZADO,MALO,0.0,,0,0.0,0.0,0.0,INVERSIONES,MEDIO_B,NO_CLIENTE,25000,ALTO,0.0,3,93,0,6870,0,0,57,FAMILIARES,PREPARATORIA,0
2.01408e+16,198,RECHAZADA,PENDIENTE,RECHAZADO,MALO,0.0,,SIN_CUENTA,0.0,0.0,0.0,RECIBO DE NOMINA,ALTO_B,NO_CLIENTE,0,ALTO,0.0,2,94,0,0,0,0,59,RENTA,POSGRADO,0
2.01408e+16,197,RECHAZADA,PENDIENTE,RECHAZADO,MALO,0.0,,SIN_CUENTA,0.0,0.0,0.0,RECIBO DE NOMINA,MEDIO_B,NO_CLIENTE,0,ALTO,0.0,5,99,0,0,0,0,54,RENTA,PREPARATORIA,0
2.01408e+16,199,RECHAZADA,PENDIENTE,RECHAZADO,MALO,0.0,,SIN_CUENTA,0.0,0.0,0.0,RECIBO DE NOMINA,ALTO_A,NO_CLIENTE,0,ALTO,0.0,4,90,0,0,0,0,33,PROPIA,POSGRADO,0
2.01408e+16,228,RECHAZADA,PENDIENTE,RECHAZADO,MALO,0.0,,SIN_CUENTA,0.0,0.0,0.0,RECIBO DE NOMINA,MEDIO_A,NO_CLIENTE,0,ALTO,0.0,3,93,0,0,0,0,47,HIPOTECA,PREPARATORIA,0
2.01407e+16,205,RECHAZADA,PENDIENTE,RECHAZADO,MALO,0.0,,2,0.0,0.0,0.0,INVERSIONES,MEDIO_B,NO_CLIENTE,0,ALTO,0.0,3,94,0,347,0,0,46,FAMILIARES,PREPARATORIA,0
2.01408e+16,278,RECHAZADA,PENDIENTE,RECHAZADO,MALO,0.0,,SIN_CUENTA,0.0,0.0,0.0,RECIBO DE NOMINA,ALTO_A,NO_CLIENTE,0,ALTO,0.0,4,95,0,0,0,0,25,PROPIA,POSGRADO,0
2.01406e+16,238,RECHAZADA,PENDIENTE,RECHAZADO,MALO,0.0,,SIN_CUENTA,0.0,0.0,0.0,INVERSIONES,MEDIO_A,NO_CLIENTE,0,ALTO,0.0,4,97,0,0,0,0,38,HIPOTECA,PREPARATORIA,0
2.01408e+16,242,RECHAZADA,PENDIENTE,RECHAZADO,MALO,0.0,,0,0.0,0.0,0.0,INVERSIONES,MEDIO_B,NO_CLIENTE,25600,ALTO,0.0,3,98,0,20447,1290,0,34,FAMILIARES,LICENCIATURA,0
2.01408e+16,243,RECHAZADA,PENDIENTE,RECHAZADO,MALO,0.0,,SIN_CUENTA,0.0,0.0,0.0,RECIBO DE NOMINA,MEDIO_A,NO_CLIENTE,0,ALTO,0.0,3,98,0,0,0,0,58,HIPOTECA,LICENCIATURA,0
2.01407e+16,279,RECHAZADA,PENDIENTE,RECHAZADO,MALO,0.0,,SIN_CUENTA,0.0,0.0,0.0,INVERSIONES,MEDIO_A,NO_CLIENTE,0,ALTO,0.0,3,99,0,0,0,0,41,HIPOTECA,PREPARATORIA,0
2.01408e+16,188,RECHAZADA,PENDIENTE,RECHAZADO,MALO,0.0,,SIN_CUENTA,0.0,0.0,0.0,RECIBO DE NOMINA,MEDIO_A,NO_CLIENTE,0,ALTO,0.0,2,91,0,0,0,0,59,PROPIA,LICENCIATURA,0
2.01408e+16,278,RECHAZADA,PENDIENTE,RECHAZADO,MALO,0.0,,SIN_CUENTA,0.0,0.0,0.0,RECIBO DE NOMINA,ALTO_B,NO_CLIENTE,0,ALTO,0.0,1,91,0,0,0,0,40,RENTA,POSGRADO,0
2.01407e+16,196,RECHAZADA,PENDIENTE,RECHAZADO,MALO,0.0,,SIN_CUENTA,0.0,0.0,0.0,RECIBO DE NOMINA,MEDIO_A,NO_CLIENTE,0,ALTO,0.0,3,96,0,0,0,0,28,HIPOTECA,PREPARATORIA,0
2.01408e+16,264,RECHAZADA,PENDIENTE,RECHAZADO,MALO,0.0,,SIN_CUENTA,0.0,0.0,0.0,RECIBO DE NOMINA,MEDIO_B,NO_CLIENTE,0,ALTO,0.0,5,99,0,0,0,0,38,RENTA,PREPARATORIA,0
2.01407e+16,269,RECHAZADA,PENDIENTE,RECHAZADO,MALO,0.0,,SIN_CUENTA,0.0,0.0,0.0,INVERSIONES,ALTO_B,NO_CLIENTE,0,ALTO,0.0,1,100,0,0,0,0,58,HIPOTECA,POSGRADO,0
2.01407e+16,287,RECHAZADA,PENDIENTE,RECHAZADO,MALO,0.0,,SIN_CUENTA,0.0,0.0,0.0,RECIBO DE NOMINA,MEDIO_B,NO_CLIENTE,0,ALTO,0.0,4,100,0,0,0,0,26,RENTA,PREPARATORIA,0
2.01408e+16,236,RECHAZADA,PENDIENTE,RECHAZADO,MALO,0.0,,SIN_CUENTA,0.0,0.0,0.0,RECIBO DE NOMINA,MEDIO_B,NO_CLIENTE,0,ALTO,0.0,4,89,0,0,0,0,57,RENTA,PREPARATORIA,0
2.01407e+16,218,RECHAZADA,PENDIENTE,RECHAZADO,MALO,0.0,,SIN_CUENTA,0.0,0.0,0.0,RECIBO DE NOMINA,MEDIO_A,NO_CLIENTE,0,ALTO,0.0,4,90,0,0,0,0,33,HIPOTECA,PREPARATORIA,0
2.01407e+16,273,RECHAZADA,PENDIENTE,RECHAZADO,MALO,0.0,,SIN_CUENTA,0.0,0.0,0.0,RECIBO DE NOMINA,MEDIO_B,NO_CLIENTE,0,ALTO,0.0,4,91,0,0,0,0,49,RENTA,PREPARATORIA,0
2.01408e+16,250,RECHAZADA,PENDIENTE,RECHAZADO,MALO,0.0,,SIN_CUENTA,0.0,0.0,0.0,RECIBO DE NOMINA,MEDIO_A,NO_CLIENTE,0,ALTO,0.0,1,100,0,0,0,0,44,HIPOTECA,PREPARATORIA,0
2.01407e+16,263,RECHAZADA,PENDIENTE,RECHAZADO,MALO,0.0,,SIN_CUENTA,0.0,0.0,0.0,RECIBO DE NOMINA,ALTO_B,NO_CLIENTE,0,ALTO,0.0,5,89,0,0,0,0,45,FAMILIARES,POSGRADO,0
2.01407e+16,246,RECHAZADA,PENDIENTE,RECHAZADO,MALO,0.0,,SIN_CUENTA,0.0,0.0,0.0,RECIBO DE NOMINA,MEDIO_A,NO_CLIENTE,0,ALTO,0.0,3,90,0,0,0,0,46,PROPIA,LICENCIATURA,0
2.01407e+16,235,RECHAZADA,PENDIENTE,RECHAZADO,MALO,0.0,,2,0.0,0.0,0.0,RECIBO DE NOMINA,MEDIO_A,NO_CLIENTE,0,ALTO,0.0,1,90,0,4153,0,0,46,HIPOTECA,PREPARATORIA,0
2.01408e+16,232,RECHAZADA,PENDIENTE,RECHAZADO,MALO,0.0,,SIN_CUENTA,0.0,0.0,0.0,RECIBO DE NOMINA,ALTO_A,NO_CLIENTE,0,ALTO,0.0,2,90,0,0,0,0,29,PROPIA,POSGRADO,0
2.01407e+16,205,EN_PROCESO,PENDIENTE,RECHAZADO,MALO,0.0,,SIN_CUENTA,0.0,0.0,0.0,INVERSIONES,MEDIO_A,NO_CLIENTE,0,ALTO,0.0,4,91,0,0,0,0,26,PROPIA,POSGRADO,0
2.01408e+16,240,RECHAZADA,PENDIENTE,RECHAZADO,MALO,0.0,,SIN_CUENTA,0.0,0.0,0.0,RECIBO DE NOMINA,MEDIO_B,NO_CLIENTE,0,ALTO,0.0,2,92,0,0,0,0,46,FAMILIARES,LICENCIATURA,0
2.01408e+16,275,RECHAZADA,PENDIENTE,RECHAZADO,MALO,0.0,,SIN_CUENTA,0.0,0.0,0.0,RECIBO DE NOMINA,MEDIO_B,NO_CLIENTE,0,ALTO,0.0,2,94,0,0,0,0,39,RENTA,PREPARATORIA,0
2.01408e+16,260,RECHAZADA,PENDIENTE,RECHAZADO,MALO,0.0,,SIN_CUENTA,0.0,0.0,0.0,INVERSIONES,ALTO_B,NO_CLIENTE,0,ALTO,0.0,0,100,0,0,0,0,48,FAMILIARES,POSGRADO,0
2.01407e+16,289,RECHAZADA,PENDIENTE,RECHAZADO,MALO,0.0,,SIN_CUENTA,0.0,0.0,0.0,RECIBO DE NOMINA,ALTO_B,NO_CLIENTE,0,ALTO,0.0,3,90,0,0,0,0,51,HIPOTECA,POSGRADO,0
2.01408e+16,198,RECHAZADA,PENDIENTE,RECHAZADO,MALO,0.0,,SIN_CUENTA,0.0,0.0,0.0,RECIBO DE NOMINA,MEDIO_B,NO_CLIENTE,0,ALTO,0.0,3,92,0,0,0,0,37,FAMILIARES,LICENCIATURA,0
2.01407e+16,234,RECHAZADA,PENDIENTE,RECHAZADO,MALO,0.0,,0,0.0,0.0,0.0,INVERSIONES,MEDIO_B,NO_CLIENTE,0,ALTO,0.0,5,94,0,26251,1420,0,32,RENTA,LICENCIATURA,0
2.01408e+16,228,RECHAZADA,PENDIENTE,RECHAZADO,MALO,0.0,,SIN_CUENTA,0.0,0.0,0.0,RECIBO DE NOMINA,ALTO_B,NO_CLIENTE,0,ALTO,0.0,3,96,0,0,0,0,57,FAMILIARES,POSGRADO,0
2.01407e+16,218,RECHAZADA,PENDIENTE,RECHAZADO,MALO,0.0,,SIN_CUENTA,0.0,0.0,0.0,DECLARACION ANUAL,MEDIO_B,NO_CLIENTE,0,ALTO,0.0,2,97,0,0,0,0,60,FAMILIARES,LICENCIATURA,0
2.01407e+16,224,RECHAZADA,PENDIENTE,RECHAZADO,MALO,0.0,,SIN_CUENTA,0.0,0.0,0.0,INVERSIONES,ALTO_B,NO_CLIENTE,0,ALTO,0.0,1,98,0,0,0,0,35,RENTA,POSGRADO,0
2.01408e+16,280,RECHAZADA,PENDIENTE,RECHAZADO,MALO,0.0,,SIN_CUENTA,0.0,0.0,0.0,RECIBO DE NOMINA,MEDIO_B,NO_CLIENTE,0,ALTO,0.0,4,101,0,0,0,0,33,FAMILIARES,LICENCIATURA,0
2.01408e+16,251,RECHAZADA,PENDIENTE,RECHAZADO,MALO,0.0,,0,0.0,0.0,0.0,INVERSIONES,ALTO_B,NO_CLIENTE,3000,ALTO,0.0,4,89,0,1670,250,0,41,RENTA,POSGRADO,0
2.01406e+16,275,RECHAZADA,PENDIENTE,RECHAZADO,MALO,0.0,,SIN_CUENTA,0.0,0.0,0.0,DECLARACION ANUAL,MEDIO_A,NO_CLIENTE,0,ALTO,0.0,4,92,0,0,0,0,40,HIPOTECA,LICENCIATURA,0
2.01408e+16,272,RECHAZADA,PENDIENTE,RECHAZADO,MALO,0.0,,SIN_CUENTA,0.0,0.0,0.0,DECLARACION ANUAL,MEDIO_A,NO_CLIENTE,0,ALTO,0.0,2,98,0,0,0,0,42,HIPOTECA,LICENCIATURA,0
2.01408e+16,287,RECHAZADA,PENDIENTE,RECHAZADO,MALO,0.0,,SIN_CUENTA,0.0,0.0,0.0,INVERSIONES,MEDIO_B,NO_CLIENTE,0,ALTO,0.0,3,90,0,0,0,0,59,FAMILIARES,PREPARATORIA,0
2.01406e+16,271,RECHAZADA,PENDIENTE,RECHAZADO,MALO,0.0,,SIN_CUENTA,0.0,0.0,0.0,RECIBO DE NOMINA,ALTO_B,NO_CLIENTE,0,ALTO,0.0,4,92,0,0,0,0,40,FAMILIARES,POSGRADO,0
2.01407e+16,217,RECHAZADA,PENDIENTE,RECHAZADO,MALO,0.0,,SIN_CUENTA,0.0,0.0,0.0,RECIBO DE NOMINA,MEDIO_A,NO_CLIENTE,0,ALTO,0.0,3,98,0,0,0,0,26,PROPIA,LICENCIATURA,0
2.01408e+16,282,RECHAZADA,PENDIENTE,RECHAZADO,MALO,0.0,,SIN_CUENTA,0.0,0.0,0.0,INVERSIONES,ALTO_B,NO_CLIENTE,0,ALTO,0.0,5,98,0,0,0,0,43,RENTA,POSGRADO,0
2.01408e+16,279,RECHAZADA,PENDIENTE,RECHAZADO,MALO,0.0,,SIN_CUENTA,0.0,0.0,0.0,INVERSIONES,MEDIO_B,NO_CLIENTE,0,ALTO,0.0,5,99,0,0,0,0,27,FAMILIARES,LICENCIATURA,0
2.01407e+16,274,RECHAZADA,PENDIENTE,RECHAZADO,MALO,0.0,,SIN_CUENTA,0.0,0.0,0.0,INVERSIONES,MEDIO_A,NO_CLIENTE,0,ALTO,0.0,3,90,0,0,0,0,52,HIPOTECA,PREPARATORIA,0
2.01408e+16,242,RECHAZADA,PENDIENTE,RECHAZADO,MALO,0.0,,SIN_CUENTA,0.0,0.0,0.0,RECIBO DE NOMINA,MEDIO_B,NO_CLIENTE,0,ALTO,0.0,4,91,0,0,0,0,36,RENTA,LICENCIATURA,0
2.01407e+16,222,RECHAZADA,PENDIENTE,RECHAZADO,MALO,0.0,,SIN_CUENTA,0.0,0.0,0.0,RECIBO DE NOMINA,MEDIO_B,NO_CLIENTE,0,ALTO,0.0,2,92,0,0,0,0,31,FAMILIARES,LICENCIATURA,0
2.01408e+16,196,RECHAZADA,PENDIENTE,RECHAZADO,MALO,0.0,,SIN_CUENTA,0.0,0.0,0.0,INVERSIONES,ALTO_B,NO_CLIENTE,0,ALTO,0.0,3,93,0,0,0,0,33,FAMILIARES,POSGRADO,0
2.01407e+16,206,RECHAZADA,PENDIENTE,RECHAZADO,MALO,0.0,,1,0.0,0.0,0.0,INVERSIONES,MEDIO_B,NO_CLIENTE,0,ALTO,0.0,3,96,0,6286,250,0,46,RENTA,PREPARATORIA,0
2.01407e+16,214,RECHAZADA,PENDIENTE,RECHAZADO,MALO,0.0,,SIN_CUENTA,0.0,0.0,0.0,INVERSIONES,MEDIO_B,NO_CLIENTE,0,ALTO,0.0,2,97,0,0,0,0,45,FAMILIARES,PREPARATORIA,0
2.01408e+16,207,RECHAZADA,PENDIENTE,RECHAZADO,MALO,0.0,,SIN_CUENTA,0.0,0.0,0.0,INVERSIONES,ALTO_B,NO_CLIENTE,0,ALTO,0.0,4,99,0,0,0,0,39,RENTA,POSGRADO,0
2.01408e+16,291,RECHAZADA,PENDIENTE,RECHAZADO,MALO,0.0,,SIN_CUENTA,0.0,0.0,0.0,INVERSIONES,MEDIO_A,NO_CLIENTE,0,ALTO,0.0,5,99,0,0,0,0,26,PROPIA,LICENCIATURA,0
2.01408e+16,211,RECHAZADA,PENDIENTE,RECHAZADO,MALO,0.0,,SIN_CUENTA,0.0,0.0,0.0,RECIBO DE NOMINA,ALTO_B,NO_CLIENTE,0,ALTO,0.0,3,101,0,0,0,0,43,RENTA,POSGRADO,0
2.01408e+16,229,RECHAZADA,PENDIENTE,RECHAZADO,MALO,0.0,,2,0.0,0.0,0.0,INVERSIONES,ALTO_B,NO_CLIENTE,10000,ALTO,0.0,4,95,0,0,0,0,45,HIPOTECA,POSGRADO,0
2.01407e+16,216,RECHAZADA,PENDIENTE,RECHAZADO,MALO,0.0,,SIN_CUENTA,0.0,0.0,0.0,RECIBO DE NOMINA,ALTO_B,NO_CLIENTE,0,ALTO,0.0,2,97,0,0,0,0,37,FAMILIARES,POSGRADO,0
2.01408e+16,240,RECHAZADA,PENDIENTE,RECHAZADO,MALO,0.0,,1,0.0,0.0,0.0,INVERSIONES,ALTO_B,NO_CLIENTE,23900,ALTO,0.0,4,90,0,9850,808,0,44,RENTA,POSGRADO,0
2.01408e+16,251,RECHAZADA,PENDIENTE,RECHAZADO,MALO,0.0,,SIN_CUENTA,0.0,0.0,0.0,RECIBO DE NOMINA,ALTO_B,NO_CLIENTE,0,ALTO,0.0,3,93,0,0,0,0,52,FAMILIARES,POSGRADO,0
2.01408e+16,209,RECHAZADA,PENDIENTE,RECHAZADO,MALO,0.0,,SIN_CUENTA,0.0,0.0,0.0,RECIBO DE NOMINA,MEDIO_B,NO_CLIENTE,0,ALTO,0.0,2,95,0,0,0,0,31,RENTA,LICENCIATURA,0
2.01408e+16,212,RECHAZADA,PENDIENTE,RECHAZADO,MALO,0.0,,SIN_CUENTA,0.0,0.0,0.0,RECIBO DE NOMINA,ALTO_B,NO_CLIENTE,0,ALTO,0.0,5,95,0,0,0,0,60,RENTA,POSGRADO,0
2.01407e+16,264,RECHAZADA,PENDIENTE,RECHAZADO,MALO,0.0,,SIN_CUENTA,0.0,0.0,0.0,INVERSIONES,MEDIO_B,NO_CLIENTE,0,ALTO,0.0,3,96,0,0,0,0,47,RENTA,PREPARATORIA,0
2.01407e+16,215,RECHAZADA,PENDIENTE,RECHAZADO,MALO,0.0,,SIN_CUENTA,0.0,0.0,0.0,RECIBO DE NOMINA,MEDIO_A,NO_CLIENTE,0,ALTO,0.0,5,99,0,0,0,0,60,HIPOTECA,LICENCIATURA,0
2.01407e+16,244,RECHAZADA,PENDIENTE,RECHAZADO,MALO,0.0,,SIN_CUENTA,0.0,0.0,0.0,RECIBO DE NOMINA,MEDIO_B,NO_CLIENTE,0,ALTO,0.0,3,101,0,0,0,0,58,FAMILIARES,PREPARATORIA,0
2.01408e+16,212,RECHAZADA,PENDIENTE,RECHAZADO,MALO,0.0,,SIN_CUENTA,0.0,0.0,0.0,RECIBO DE NOMINA,MEDIO_A,NO_CLIENTE,0,ALTO,0.0,5,91,0,0,0,0,41,HIPOTECA,PREPARATORIA,0
2.01408e+16,213,RECHAZADA,PENDIENTE,RECHAZADO,MALO,0.0,,SIN_CUENTA,0.0,0.0,0.0,INVERSIONES,ALTO_B,NO_CLIENTE,0,ALTO,0.0,5,97,0,0,0,0,28,HIPOTECA,POSGRADO,0
2.01408e+16,293,RECHAZADA,PENDIENTE,RECHAZADO,MALO,0.0,,SIN_CUENTA,0.0,0.0,0.0,RECIBO DE NOMINA,MEDIO_A,NO_CLIENTE,0,ALTO,0.0,2,98,0,0,0,0,34,HIPOTECA,LICENCIATURA,0
2.01407e+16,202,RECHAZADA,PENDIENTE,RECHAZADO,MALO,0.0,,2,0.0,0.0,0.0,INVERSIONES,MEDIO_A,NO_CLIENTE,0,ALTO,0.0,3,101,0,9783,0,0,44,HIPOTECA,PREPARATORIA,0
2.01407e+16,265,RECHAZADA,PENDIENTE,RECHAZADO,MALO,0.0,,SIN_CUENTA,0.0,0.0,0.0,INVERSIONES,MEDIO_A,NO_CLIENTE,0,ALTO,0.0,3,90,0,0,0,0,30,HIPOTECA,PREPARATORIA,0
2.01408e+16,235,RECHAZADA,PENDIENTE,RECHAZADO,MALO,0.0,,SIN_CUENTA,0.0,0.0,0.0,RECIBO DE NOMINA,ALTO_B,NO_CLIENTE,0,ALTO,0.0,2,90,0,0,0,0,39,HIPOTECA,POSGRADO,0
2.01407e+16,289,RECHAZADA,PENDIENTE,RECHAZADO,MALO,0.0,,0,0.0,0.0,0.0,RECIBO DE NOMINA,MEDIO_A,NO_CLIENTE,0,ALTO,0.0,3,91,0,5853,250,0,25,PROPIA,LICENCIATURA,0
2.01407e+16,296,RECHAZADA,PENDIENTE,RECHAZADO,MALO,0.0,,SIN_CUENTA,0.0,0.0,0.0,RECIBO DE NOMINA,ALTO_A,NO_CLIENTE,0,ALTO,0.0,2,91,0,0,0,0,52,PROPIA,POSGRADO,0
2.01407e+16,258,RECHAZADA,PENDIENTE,RECHAZADO,MALO,0.0,,SIN_CUENTA,0.0,0.0,0.0,RECIBO DE NOMINA,MEDIO_B,NO_CLIENTE,0,ALTO,0.0,3,94,0,0,0,0,34,FAMILIARES,LICENCIATURA,0
2.01407e+16,208,RECHAZADA,PENDIENTE,RECHAZADO,MALO,0.0,,0,0.0,0.0,0.0,INVERSIONES,MEDIO_A,NO_CLIENTE,0,ALTO,0.0,3,95,0,9494,0,0,27,PROPIA,LICENCIATURA,0
2.01408e+16,259,RECHAZADA,PENDIENTE,RECHAZADO,MALO,0.0,,SIN_CUENTA,0.0,0.0,0.0,RECIBO DE NOMINA,MEDIO_B,NO_CLIENTE,0,ALTO,0.0,5,95,0,0,0,0,27,FAMILIARES,LICENCIATURA,0
2.01408e+16,254,RECHAZADA,PENDIENTE,RECHAZADO,MALO,0.0,,SIN_CUENTA,0.0,0.0,0.0,RECIBO DE NOMINA,ALTO_B,NO_CLIENTE,0,ALTO,0.0,5,95,0,0,0,0,28,HIPOTECA,POSGRADO,0
2.01408e+16,294,RECHAZADA,PENDIENTE,RECHAZADO,MALO,0.0,,SIN_CUENTA,0.0,0.0,0.0,RECIBO DE NOMINA,ALTO_B,NO_CLIENTE,0,ALTO,0.0,2,97,0,0,0,0,35,FAMILIARES,POSGRADO,0
2.01406e+16,197,RECHAZADA,PENDIENTE,RECHAZADO,MALO,0.0,,SIN_CUENTA,0.0,0.0,0.0,RECIBO DE NOMINA,MEDIO_B,NO_CLIENTE,0,ALTO,0.0,5,99,0,0,0,0,36,FAMILIARES,PREPARATORIA,0
2.01407e+16,213,RECHAZADA,PENDIENTE,RECHAZADO,MALO,0.0,,SIN_CUENTA,0.0,0.0,0.0,INVERSIONES,ALTO_A,NO_CLIENTE,0,ALTO,0.0,3,101,0,0,0,0,44,PROPIA,POSGRADO,0
2.01408e+16,241,RECHAZADA,PENDIENTE,RECHAZADO,MALO,0.0,,SIN_CUENTA,0.0,0.0,0.0,DECLARACION ANUAL,MEDIO_A,NO_CLIENTE,0,ALTO,0.0,5,89,0,0,0,0,57,HIPOTECA,PREPARATORIA,0
2.01407e+16,258,RECHAZADA,PENDIENTE,RECHAZADO,MALO,0.0,,SIN_CUENTA,0.0,0.0,0.0,RECIBO DE NOMINA,MEDIO_A,NO_CLIENTE,0,ALTO,0.0,3,90,0,0,0,0,37,HIPOTECA,LICENCIATURA,0
2.01408e+16,226,RECHAZADA,PENDIENTE,RECHAZADO,MALO,0.0,,SIN_CUENTA,0.0,0.0,0.0,RECIBO DE NOMINA,MEDIO_A,NO_CLIENTE,0,ALTO,0.0,1,97,0,0,0,0,25,HIPOTECA,LICENCIATURA,0
2.01407e+16,199,RECHAZADA,PENDIENTE,RECHAZADO,MALO,0.0,,SIN_CUENTA,0.0,0.0,0.0,RECIBO DE NOMINA,MEDIO_A,NO_CLIENTE,0,ALTO,0.0,4,92,0,0,0,0,47,PROPIA,LICENCIATURA,0
2.01408e+16,281,RECHAZADA,PENDIENTE,RECHAZADO,MALO,0.0,,SIN_CUENTA,0.0,0.0,0.0,INVERSIONES,ALTO_A,NO_CLIENTE,0,ALTO,0.0,3,94,0,0,0,0,29,PROPIA,POSGRADO,0
2.01406e+16,199,RECHAZADA,PENDIENTE,RECHAZADO,MALO,0.0,,SIN_CUENTA,0.0,0.0,0.0,RECIBO DE NOMINA,ALTO_B,NO_CLIENTE,0,ALTO,0.0,3,100,0,0,0,0,51,HIPOTECA,POSGRADO,0
2.01407e+16,294,RECHAZADA,PENDIENTE,RECHAZADO,MALO,0.0,,SIN_CUENTA,0.0,0.0,0.0,INVERSIONES,MEDIO_B,NO_CLIENTE,0,ALTO,0.0,4,94,0,0,0,0,39,FAMILIARES,PREPARATORIA,0
2.01407e+16,204,RECHAZADA,PENDIENTE,RECHAZADO,MALO,0.0,,SIN_CUENTA,0.0,0.0,0.0,RECIBO DE NOMINA,ALTO_A,NO_CLIENTE,0,ALTO,0.0,3,94,0,0,0,0,35,PROPIA,POSGRADO,0
2.01408e+16,296,RECHAZADA,PENDIENTE,RECHAZADO,MALO,0.0,,SIN_CUENTA,0.0,0.0,0.0,INVERSIONES,MEDIO_A,NO_CLIENTE,0,ALTO,0.0,5,96,0,0,0,0,40,HIPOTECA,LICENCIATURA,0
2.01408e+16,257,EN_PROCESO,PENDIENTE,RECHAZADO,MALO,0.0,,SIN_CUENTA,0.0,0.0,0.0,INVERSIONES,MEDIO_A,NO_CLIENTE,0,ALTO,0.0,1,100,0,0,0,0,60,PROPIA,LICENCIATURA,0
2.01408e+16,222,RECHAZADA,PENDIENTE,RECHAZADO,MALO,0.0,,SIN_CUENTA,0.0,0.0,0.0,RECIBO DE NOMINA,MEDIO_B,NO_CLIENTE,0,ALTO,0.0,3,95,0,0,0,0,29,FAMILIARES,LICENCIATURA,0
2.01408e+16,238,RECHAZADA,PENDIENTE,RECHAZADO,MALO,0.0,,SIN_CUENTA,0.0,0.0,0.0,INVERSIONES,ALTO_B,NO_CLIENTE,0,ALTO,0.0,3,95,0,0,0,0,47,FAMILIARES,POSGRADO,0
2.01406e+16,274,RECHAZADA,PENDIENTE,RECHAZADO,MALO,0.0,,SIN_CUENTA,0.0,0.0,0.0,RECIBO DE NOMINA,MEDIO_A,NO_CLIENTE,0,ALTO,0.0,5,98,0,0,0,0,60,RENTA,LICENCIATURA,0
2.01407e+16,237,RECHAZADA,PENDIENTE,RECHAZADO,MALO,0.0,,SIN_CUENTA,0.0,0.0,0.0,RECIBO DE NOMINA,MEDIO_A,NO_CLIENTE,0,ALTO,0.0,2,99,0,0,0,0,25,HIPOTECA,PREPARATORIA,0
2.01408e+16,203,RECHAZADA,PENDIENTE,RECHAZADO,MALO,0.0,,SIN_CUENTA,0.0,0.0,0.0,INVERSIONES,MEDIO_B,NO_CLIENTE,0,ALTO,0.0,4,99,0,0,0,0,59,FAMILIARES,LICENCIATURA,0
