NUM_SOLICITUD,SUCURSAL,STATUS_SOLICITUD,PRODUCTO,APROBACION_TC,TIPO_CTE,LINEA_CREDITO_FINAL,CUENTA_ASIGNADA,MESES_VENCIDOS,SALDO_CUENTA,CAPACIDAD_TC,INGRESO_INFERIDO,COMPROBANTE_INGRESOS,SEGMENTO_CLIENTE,CLIENTE_CDE,SUMA_LINEAS_REVOLVENTES,NIVEL_RIESGO,CAPACIDAD_PAGO_TOTAL,SOLICITUDES_RECHAZADAS,SCORE_CLIENTE,SCORE_COMPORTAMIENTO,SUMA_SALDOS_TARJETAS,SUMA_PAGO_MIN_TARJETAS,NUM_CREDITOS,EDAD,TIPO_VIVIENDA,ESCOLARIDAD
2.01408E+16,113,APROBADA,CREDITO_AUTO,APROBADO,REGULAR,687000,9.98E+14,1,"274,800",60.00%,12281,DECLARACION ANUAL,ALTO_A,NO_CLIENTE,0,BAJO,40%,0,242,780,0,0,0,30,FAMILIARES,PREPARATORIA
2.01408E+16,185,APROBADA,CREDITO_AUTO,APROBADO,BUENO,318000,9.98E+14,1,"365,700",-15.00%,32366,RECIBOS DE NOMINA,MEDIO_A,CLIENTE_BANCO,240000,BAJO,115%,0,251,740,31269,790,0,27,FAMILIARES,LICENCIATURA
2.01408E+16,143,APROBADA,CREDITO_AUTO,APROBADO,BUENO,317001,9.98E+14,0,"288,471",9.00%,44098,RECIBOS DE NOMINA,ALTO_A,CLIENTE_BANCO,127000,BAJO,91%,0,215,704,101992,0,0,28,PROPIA,LICENCIATURA
2.01408E+16,173,APROBADA,CREDITO_AUTO,APROBADO,BUENO,315501,9.98E+14,1,63100,9.00%,44098,RECIBOS DE NOMINA,MEDIO_A,CLIENTE_BANCO,127000,BAJO,0.91,0,215,704,101992,0,0,28,PROPIA,LICENCIATURA
2.01408E+16,180,APROBADA,CREDITO_AUTO,APROBADO,BUENO,311101,9.98E+14,1,62220,9.00%,44098,RECIBOS DE NOMINA,MEDIO_A,CLIENTE_BANCO,127000,BAJO,91%,0,215,704,101992,0,0,28,PROPIA,LICENCIATURA
2.01408E+16,128,APROBADA,CREDITO_AUTO,APROBADO,BUENO,284000,9.98E+14,0,"227,200",20.00%,171596,RECIBOS DE NOMINA,ALTO_A,CLIENTE_BANCO,68000,BAJO,80%,0,245,737,26306,1440,0,44,PROPIA,LICENCIATURA
2.01408E+16,164,APROBADA,CREDITO_AUTO,APROBADO,BUENO,280000,9.98E+14,0,"123,200",56.00%,106125,INVERSIONES,ALTO_A,CLIENTE_BANCO,0,BAJO,44%,0,234,766,0,0,0,26,PROPIA,LICENCIATURA
2.01408E+16,173,APROBADA,CREDITO_AUTO,APROBADO,BUENO,278300,9.98E+14,1,55660,20.00%,171596,RECIBOS DE NOMINA,MEDIO_A,CLIENTE_BANCO,68000,BAJO,80%,0,245,737,26306,1440,0,44,PROPIA,LICENCIATURA
2.01408E+16,151,APROBADA,CREDITO_AUTO,APROBADO,BUENO,277700,9.98E+14,0,39671,20.00%,171596,RECIBOS DE NOMINA,MEDIO_A,CLIENTE_BANCO,68000,BAJO,0.8,0,245,737,26306,1440,0,44,PROPIA,LICENCIATURA
2.01408E+16,111,APROBADA,CREDITO_AUTO,APROBADO,REGULAR,275000,9.98E+14,0,"104,500",62.00%,43708,INVERSIONES,ALTO_A,CLIENTE_BANCO,170000,BAJO,38%,0,277,779,0,0,0,56,FAMILIARES,PREPARATORIA
2.01408E+16,146,APROBADA,CREDITO_AUTO,APROBADO,BUENO,275000,9.98E+14,2,"247,500",10.00%,16333,INVERSIONES,ALTO_A,CLIENTE_BANCO,293000,BAJO,90%,0,270,710,0,0,0,25,PROPIA,POSGRADO
2.01408E+16,180,APROBADA,CREDITO_AUTO,APROBADO,BUENO,275000,9.98E+14,2,"181,500",34.00%,56603,RECIBOS DE NOMINA,ALTO_B,CLIENTE_BANCO,200000,BAJO,66%,0,226,762,1240,0,0,36,PROPIA,LICENCIATURA
2.01408E+16,171,APROBADA,CREDITO_AUTO,APROBADO,REGULAR,274000,9.98E+14,0,"101,380",63.00%,106453,INVERSIONES,ALTO_A,CLIENTE_BANCO,40000,BAJO,37%,0,190,773,0,0,0,44,PROPIA,PREPARATORIA
2.01408E+16,202,APROBADA,TARJETA_ORO,APROBADO,BUENO,273800,9.98E+14,1,45633,56.00%,106125,INVERSIONES,MEDIO_A,CLIENTE_BANCO,0,BAJO,44%,0,234,766,0,0,0,26,PROPIA,LICENCIATURA
2.01408E+16,192,APROBADA,CREDITO_AUTO,APROBADO,BUENO,272000,9.98E+14,1,38857,56.00%,106125,INVERSIONES,MEDIO_A,CLIENTE_BANCO,0,BAJO,0.44,0,234,766,0,0,0,26,PROPIA,LICENCIATURA
2.01408E+16,138,APROBADA,CREDITO_AUTO,APROBADO,REGULAR,271000,9.98E+14,2,"146,340",46.00%,52930,INVERSIONES,ALTO_A,CLIENTE_BANCO,40000,MEDIO ,54%,0,200,687,8176,0,0,56,HIPOTECA,PREPARATORIA
2.01408E+16,189,APROBADA,CREDITO_AUTO,APROBADO,BUENO,267000,9.98E+14,0,"128,160",52.00%,56134,RECIBOS DE NOMINA,ALTO_A,CLIENTE_BANCO,300000,BAJO,48%,0,279,740,13806,3760,0,27,FAMILIARES,PREPARATORIA
2.01408E+16,108,APROBADA,CREDITO_AUTO,APROBADO,BUENO,266000,9.98E+14,2,"297,920",-12.00%,38485,INVERSIONES,ALTO_A,CLIENTE_BANCO,75000,BAJO,112%,0,245,740,36338,0,0,50,HIPOTECA,LICENCIATURA
2.01408E+16,137,APROBADA,TARJETA_ORO,APROBADO,REGULAR,261001,9.98E+14,1,"52,200",80.00%,42652,INVERSIONES,MEDIO_A,CLIENTE_BANCO,182000,BAJO,20%,0,214,744,12195,0,0,38,PROPIA,LICENCIATURA
2.01408E+16,161,APROBADA,CREDITO_AUTO,APROBADO,BUENO,260000,9.98E+14,1,"137,800",47.00%,54683,INVERSIONES,ALTO_A,CLIENTE_BANCO,45000,BAJO,53%,0,203,705,41180,2560,0,58,RENTA,PREPARATORIA
2.01408E+16,129,APROBADA,CREDITO_AUTO,APROBADO,BUENO,256000,9.98E+14,1,"204,800",20.00%,37052,INVERSIONES,ALTO_A,CLIENTE_BANCO,50000,BAJO,80%,0,254,724,1869,0,0,37,HIPOTECA,LICENCIATURA
2.01408E+16,151,APROBADA,TARJETA_ORO,APROBADO,BUENO,251000,9.98E+14,1,"213,350",15.00%,52430,INVERSIONES,MEDIO_A,CLIENTE_BANCO,169500,BAJO,85%,0,238,766,0,0,0,36,PROPIA,LICENCIATURA
2.01407E+16,123,APROBADA,TARJETA_ORO,APROBADO,REGULAR,235000,9.98E+14,0,"91,650",61.00%,4961,INVERSIONES,ALTO_A,CLIENTE_BANCO,102000,BAJO,39%,0,292,757,14565,0,0,60,FAMILIARES,PREPARATORIA
2.01408E+16,199,APROBADA,TARJETA_ORO,APROBADO,REGULAR,233000,9.98E+14,2,"181,740",22.00%,89096,INVERSIONES,MEDIO_A,CLIENTE_BANCO,112000,MEDIO ,78%,0,247,683,35544,0,0,39,RENTA,LICENCIATURA
2.01407E+16,117,APROBADA,TARJETA_ORO,APROBADO,BUENO,231000,9.98E+14,2,"189,420",18.00%,45412,INVERSIONES,ALTO_A,CLIENTE_BANCO,0,BAJO,82%,0,260,760,0,0,0,34,HIPOTECA,POSGRADO
2.01408E+16,192,APROBADA,TARJETA_ORO,APROBADO,BUENO,229000,9.98E+14,0,"169,460",26.00%,28764,INVERSIONES,MEDIO_B,NO_CLIENTE,0,BAJO,74%,0,238,736,0,0,0,42,PROPIA,PREPARATORIA
2.01408E+16,159,APROBADA,CREDITO_AUTO,APROBADO,BUENO,228000,9.98E+14,0,"100,320",56.00%,87099,INVERSIONES,MEDIO_A,CLIENTE_BANCO,170000,BAJO,44%,0,227,740,7876,2130,0,37,RENTA,POSGRADO
2.01408E+16,107,APROBADA,CREDITO_AUTO,APROBADO,REGULAR,227000,9.98E+14,2,"249,700",-10.00%,116935,INVERSIONES,MEDIO_B,CLIENTE_BANCO,0,MEDIO ,110%,0,212,690,0,0,0,36,FAMILIARES,LICENCIATURA
2.01406E+16,170,APROBADA,CREDITO_AUTO,APROBADO,REGULAR,227000,9.98E+14,2,"161,170",29.00%,116123,INVERSIONES,MEDIO_A,CLIENTE_BANCO,214700,ALTO,71%,0,192,500,55,0,0,55,RENTA,POSGRADO
2.01408E+16,184,APROBADA,CREDITO_AUTO,APROBADO,BUENO,211001,9.98E+14,1,"141,371",33.00%,22869,RECIBOS DE NOMINA,MEDIO_A,CLIENTE_BANCO,117000,BAJO,67%,0,211,740,2607,0,0,32,HIPOTECA,PREPARATORIA
2.01406E+16,186,APROBADA,CREDITO_AUTO,APROBADO,BUENO,206000,9.98E+14,0,"119,480",42.00%,114210,INVERSIONES,MEDIO_A,CLIENTE_BANCO,0,BAJO,58%,0,288,731,3949,1320,0,58,PROPIA,LICENCIATURA
2.01408E+16,181,APROBADA,CREDITO_AUTO,APROBADO,BUENO,203000,9.98E+14,2,"223,300",-10.00%,74955,INVERSIONES,MEDIO_A,CLIENTE_BANCO,40004,BAJO,110%,0,265,740,13687,510,0,52,RENTA,PREPARATORIA
2.01406E+16,223,APROBADA,CREDITO_AUTO,APROBADO,BUENO,201000,9.98E+14,1,33500,42.00%,114210,INVERSIONES,MEDIO_A,CLIENTE_BANCO,0,BAJO,0.58,0,288,731,3949,1320,0,58,PROPIA,LICENCIATURA
2.01407E+16,140,APROBADA,CREDITO_AUTO,APROBADO,BUENO,200000,9.98E+14,0,"124,000",38.00%,102210,RECIBOS DE NOMINA,ALTO_A,CLIENTE_BANCO,5300,BAJO,62%,0,234,740,2144,250,0,35,HIPOTECA,LICENCIATURA
2.01407E+16,160,APROBADA,CREDITO_AUTO,APROBADO,BUENO,198400,9.98E+14,0,39680,38.00%,102210,RECIBOS DE NOMINA,MEDIO_A,CLIENTE_BANCO,5300,BAJO,62%,0,234,740,2144,250,0,35,PROPIA,LICENCIATURA
2.01407E+16,186,APROBADA,CREDITO_AUTO,APROBADO,BUENO,198300,9.98E+14,0,24788,38.00%,102210,RECIBOS DE NOMINA,MEDIO_A,CLIENTE_BANCO,5300,BAJO,0.62,0,234,740,2144,250,0,35,PROPIA,LICENCIATURA
2.01406E+16,211,APROBADA,CREDITO_AUTO,APROBADO,BUENO,198100,9.98E+14,1,33017,42.00%,114210,INVERSIONES,MEDIO_A,CLIENTE_BANCO,0,BAJO,58%,0,288,731,3949,1320,0,58,PROPIA,LICENCIATURA
2.01408E+16,124,APROBADA,CREDITO_AUTO,APROBADO,BUENO,198000,9.98E+14,0,"106,920",46.00%,51047,RECIBOS DE NOMINA,MEDIO_A,CLIENTE_BANCO,233000,BAJO,54%,0,227,741,27853,2920,0,46,PROPIA,POSGRADO
2.01408E+16,165,APROBADA,CREDITO_AUTO,APROBADO,BUENO,169001,9.98E+14,1,"163,931",3.00%,34636,RECIBOS DE NOMINA,MEDIO_A,CLIENTE_BANCO,50000,BAJO,97%,0,243,733,1168,630,0,42,HIPOTECA,LICENCIATURA
2.01408E+16,138,APROBADA,CREDITO_AUTO,APROBADO,BUENO,168000,9.98E+14,1,"77,280",54.00%,59155,RECIBOS DE NOMINA,MEDIO_A,CLIENTE_BANCO,325504,BAJO,46%,0,210,737,32108,4080,0,58,RENTA,POSGRADO
2.01408E+16,125,APROBADA,CREDITO_AUTO,APROBADO,REGULAR,164000,9.98E+14,1,"111,520",32.00%,136364,RECIBOS DE NOMINA,MEDIO_A,CLIENTE_BANCO,89000,MEDIO ,68%,0,216,681,26220,1120,0,58,HIPOTECA,LICENCIATURA
2.01408E+16,126,APROBADA,CREDITO_AUTO,APROBADO,BUENO,155002,9.98E+14,2,"97,651",37.00%,29134,RECIBOS DE NOMINA,ALTO_A,CLIENTE_BANCO,30000,BAJO,63%,0,238,737,0,0,0,40,FAMILIARES,POSGRADO
2.01408E+16,101,APROBADA,CREDITO_AUTO,APROBADO,REGULAR,153000,9.98E+14,1,"59,670",61.00%,37505,RECIBOS DE NOMINA,ALTO_A,CLIENTE_BANCO,104900,BAJO,39%,0,197,754,7300,1320,0,59,PROPIA,LICENCIATURA
2.01408E+16,174,APROBADA,CREDITO_AUTO,APROBADO,BUENO,152000,9.98E+14,1,"123,120",19.00%,66840,RECIBOS DE NOMINA,MEDIO_A,CLIENTE_BANCO,18500,BAJO,81%,0,210,707,0,0,0,57,RENTA,PREPARATORIA
2.01408E+16,106,APROBADA,TARJETA_ORO,APROBADO,BUENO,150000,9.98E+14,1,"123,000",18.00%,44968,RECIBOS DE NOMINA,ALTO_A,CLIENTE_BANCO,189500,BAJO,82%,0,297,740,138509,560,0,57,RENTA,LICENCIATURA
2.01408E+16,112,APROBADA,TARJETA_ORO,APROBADO,REGULAR,150000,9.98E+14,0,"31,500",79.00%,28673,INVERSIONES,ALTO_A,NO_CLIENTE,0,BAJO,21%,0,206,789,0,0,0,43,HIPOTECA,POSGRADO
2.01408E+16,124,APROBADA,TARJETA_ORO,APROBADO,REGULAR,150000,9.98E+14,0,"30,000",80.00%,41236,RECIBOS DE NOMINA,MEDIO_A,CLIENTE_BANCO,161500,BAJO,20%,0,271,741,2577,0,0,36,FAMILIARES,PREPARATORIA
2.01408E+16,133,APROBADA,TARJETA_ORO,APROBADO,BUENO,149000,9.98E+14,1,"143,040",4.00%,20447,RECIBOS DE NOMINA,ALTO_B,CLIENTE_BANCO,0,BAJO,96%,0,237,724,0,0,0,58,HIPOTECA,LICENCIATURA
2.01408E+16,199,APROBADA,TARJETA_ORO,APROBADO,REGULAR,144000,9.98E+14,1,"33,120",77.00%,37323,RECIBOS DE NOMINA,MEDIO_A,CLIENTE_BANCO,165000,BAJO,23%,0,242,750,23300,2070,0,42,FAMILIARES,POSGRADO
2.01408E+16,134,APROBADA,TARJETA_ORO,APROBADO,REGULAR,143000,9.98E+14,3,"168,740",-18.00%,20976,RECIBOS DE NOMINA,ALTO_A,CLIENTE_BANCO,75000,ALTO,118%,0,253,603,7775,940,0,46,FAMILIARES,LICENCIATURA
2.01408E+16,167,APROBADA,TARJETA_ORO,APROBADO,REGULAR,143000,9.98E+14,1,"42,900",70.00%,52094,RECIBOS DE NOMINA,MEDIO_A,CLIENTE_BANCO,10500,BAJO,30%,0,245,757,0,0,0,58,FAMILIARES,LICENCIATURA
2.01408E+16,125,APROBADA,TARJETA_ORO,APROBADO,REGULAR,142000,9.98E+14,0,"46,860",67.00%,53141,RECIBOS DE NOMINA,MEDIO_A,CLIENTE_BANCO,181000,BAJO,33%,0,226,727,32125,1210,0,50,RENTA,SECUNDARIA
2.01408E+16,157,APROBADA,TARJETA_ORO,APROBADO,REGULAR,142000,9.98E+14,0,"41,180",71.00%,56573,RECIBOS DE NOMINA,MEDIO_A,CLIENTE_BANCO,58000,BAJO,29%,0,234,740,642,222,0,29,HIPOTECA,LICENCIATURA
2.01408E+16,166,APROBADA,TARJETA_ORO,APROBADO,BUENO,140000,9.98E+14,1,"131,600",6.00%,52600,RECIBOS DE NOMINA,MEDIO_A,CLIENTE_BANCO,72000,BAJO,94%,0,194,744,12488,0,0,38,PROPIA,PREPARATORIA
2.01408E+16,107,APROBADA,TARJETA_ORO,APROBADO,BUENO,138000,9.98E+14,2,"78,660",43.00%,11582,RECIBOS DE NOMINA,MEDIO_A,CLIENTE_BANCO,27500,BAJO,57%,0,231,750,2679,350,0,54,RENTA,POSGRADO
2.01408E+16,130,APROBADA,TARJETA_ORO,APROBADO,BUENO,138000,9.98E+14,2,"154,560",-12.00%,69023,RECIBOS DE NOMINA,MEDIO_A,CLIENTE_BANCO,18000,BAJO,112%,0,224,757,255,0,0,27,HIPOTECA,POSGRADO
2.01406E+16,142,APROBADA,TARJETA_ORO,APROBADO,REGULAR,134000,9.98E+14,0,"28,140",79.00%,74181,INVERSIONES,MEDIO_A,CLIENTE_BANCO,0,MEDIO ,21%,0,237,667,74343,6880,0,50,FAMILIARES,PREPARATORIA
2.01408E+16,124,APROBADA,TARJETA_ORO,APROBADO,BUENO,131000,9.98E+14,1,"111,350",15.00%,17127,RECIBOS DE NOMINA,ALTO_B,CLIENTE_BANCO,37500,BAJO,85%,0,253,772,4486,122,0,44,HIPOTECA,LICENCIATURA
2.01408E+16,159,APROBADA,TARJETA_ORO,APROBADO,BUENO,130000,9.98E+14,2,"130,000",0.00%,34524,RECIBOS DE NOMINA,MEDIO_A,CLIENTE_BANCO,55000,BAJO,100%,0,283,767,3528,690,0,29,FAMILIARES,POSGRADO
2.01407E+16,137,APROBADA,TARJETA_ORO,APROBADO,BUENO,127000,9.98E+14,1,"127,000",0.00%,23896,RECIBOS DE NOMINA,MEDIO_B,NO_CLIENTE,0,BAJO,100%,0,248,720,0,0,0,51,PROPIA,POSGRADO
2.01407E+16,175,APROBADA,TARJETA_ORO,APROBADO,REGULAR,125000,9.98E+14,0,"45,000",64.00%,2617,RECIBOS DE NOMINA,MEDIO_A,CLIENTE_BANCO,13500,BAJO,36%,0,227,723,1100,192,0,31,PROPIA,PREPARATORIA
2.01408E+16,197,APROBADA,CLASICA,APROBADO,BUENO,123000,9.98E+14,1,"81,180",34.00%,37861,RECIBOS DE NOMINA,ALTO_A,NO_CLIENTE,0,BAJO,66%,0,214,754,0,0,0,28,FAMILIARES,LICENCIATURA
2.01407E+16,178,APROBADA,CLASICA,APROBADO,REGULAR,112000,9.98E+14,2,"117,600",-5.00%,26035,DECLARACION ANUAL,MEDIO_B,NO_CLIENTE,0,MEDIO ,105%,0,242,695,0,0,0,47,RENTA,PREPARATORIA
2.01407E+16,101,APROBADA,CLASICA,APROBADO,BUENO,111000,9.98E+14,0,"111,000",0.00%,27926,RECIBOS DE NOMINA,ALTO_B,CLIENTE_BANCO,0,BAJO,100%,0,219,710,0,0,0,49,HIPOTECA,LICENCIATURA
2.01407E+16,146,APROBADA,CLASICA,APROBADO,BUENO,107200,9.98E+14,0,13400,0.00%,27926,RECIBOS DE NOMINA,ALTO_B,CLIENTE_BANCO,0,BAJO,1,0,219,710,0,0,0,49,PROPIA,LICENCIATURA
2.01407E+16,104,APROBADA,CLASICA,APROBADO,BUENO,107000,9.98E+14,1,"77,040",28.00%,6641,RECIBOS DE NOMINA,ALTO_A,CLIENTE_BANCO,15300,BAJO,72%,0,249,723,9801,250,0,32,RENTA,LICENCIATURA
2.01407E+16,130,APROBADA,CLASICA,APROBADO,BUENO,106100,9.98E+14,1,17683,0.00%,27926,RECIBOS DE NOMINA,ALTO_B,CLIENTE_BANCO,0,BAJO,100%,0,219,710,0,0,0,49,PROPIA,LICENCIATURA
2.01408E+16,104,APROBADA,CLASICA,APROBADO,REGULAR,106000,9.98E+14,0,"36,040",66.00%,54855,RECIBOS DE NOMINA,MEDIO_A,CLIENTE_BANCO,38000,BAJO,34%,0,244,727,1612,0,0,36,HIPOTECA,LICENCIATURA
2.01408E+16,186,APROBADA,CLASICA,APROBADO,BUENO,104000,9.98E+14,0,"46,800",55.00%,38630,INVERSIONES,ALTO_B,CLIENTE_BANCO,7200,BAJO,45%,0,202,756,0,0,0,27,PROPIA,PREPARATORIA
2.01407E+16,186,APROBADA,CLASICA,APROBADO,REGULAR,104000,9.98E+14,1,"23,920",77.00%,65236,RECIBOS DE NOMINA,MEDIO_A,CLIENTE_BANCO,94500,BAJO,23%,0,222,714,22236,1610,0,32,PROPIA,LICENCIATURA
2.01408E+16,132,APROBADA,CLASICA,APROBADO,BUENO,102000,9.98E+14,2,"114,240",-12.00%,5120,RECIBOS DE NOMINA,MEDIO_A,CLIENTE_BANCO,146000,BAJO,112%,0,252,740,5706,1200,0,42,FAMILIARES,LICENCIATURA
2.01408E+16,192,APROBADA,CLASICA,APROBADO,REGULAR,101000,9.98E+14,0,"16,160",84.00%,54834,RECIBOS DE NOMINA,MEDIO_A,CLIENTE_BANCO,15800,BAJO,16%,0,231,740,774,0,0,34,HIPOTECA,POSGRADO
2.01406E+16,106,APROBADA,CLASICA,APROBADO,BUENO,100000,9.98E+14,0,"56,000",44.00%,45891,INVERSIONES,ALTO_A,CLIENTE_BANCO,100000,BAJO,56%,0,205,744,5013,0,0,56,PROPIA,LICENCIATURA
2.01407E+16,106,APROBADA,CLASICA,APROBADO,BUENO,100000,9.98E+14,2,"59,000",41.00%,29549,RECIBOS DE NOMINA,ALTO_B,CLIENTE_BANCO,0,BAJO,59%,0,224,741,0,0,0,52,HIPOTECA,LICENCIATURA
2.01408E+16,118,APROBADA,CREDITO_AUTO,APROBADO,REGULAR,100000,9.98E+14,2,"55,000",45.00%,15246,RECIBOS DE NOMINA,MEDIO_A,CLIENTE_BANCO,5600,MEDIO ,55%,0,238,690,5007,350,0,37,HIPOTECA,PREPARATORIA
2.01408E+16,132,APROBADA,CREDITO_AUTO,APROBADO,REGULAR,100000,9.98E+14,1,"105,000",-5.00%,36481,RECIBOS DE NOMINA,MEDIO_A,CLIENTE_BANCO,33000,MEDIO ,105%,0,240,683,3282,420,0,57,PROPIA,PREPARATORIA
2.01408E+16,134,APROBADA,CLASICA,APROBADO,REGULAR,100000,9.98E+14,0,"29,000",71.00%,42009,RECIBOS DE NOMINA,MEDIO_A,CLIENTE_BANCO,0,BAJO,29%,0,232,781,0,0,0,59,FAMILIARES,LICENCIATURA
2.01408E+16,160,APROBADA,CLASICA,APROBADO,REGULAR,100000,9.98E+14,1,"27,000",73.00%,17177,RECIBOS DE NOMINA,ALTO_A,CLIENTE_BANCO,0,BAJO,27%,0,248,793,0,0,0,26,FAMILIARES,PREPARATORIA
2.01406E+16,138,APROBADA,CLASICA,APROBADO,BUENO,98100,9.98E+14,0,19620,44.00%,45891,INVERSIONES,MEDIO_A,CLIENTE_BANCO,100000,BAJO,56%,0,205,744,5013,0,0,56,PROPIA,LICENCIATURA
2.01407E+16,124,APROBADA,CLASICA,APROBADO,REGULAR,96502,9.98E+14,0,"26,056",73.00%,46057,RECIBOS DE NOMINA,MEDIO_A,CLIENTE_BANCO,0,BAJO,27%,0,230,783,0,0,0,60,RENTA,PREPARATORIA
2.01406E+16,146,APROBADA,CLASICA,APROBADO,BUENO,96000,9.98E+14,0,12000,44.00%,45891,INVERSIONES,MEDIO_A,CLIENTE_BANCO,100000,BAJO,0.56,0,205,744,5013,0,0,56,PROPIA,LICENCIATURA
2.01408E+16,111,APROBADA,CLASICA,APROBADO,BUENO,95000,9.98E+14,1,"95,950",-1.00%,52603,RECIBOS DE NOMINA,MEDIO_A,CLIENTE_BANCO,20000,BAJO,101%,0,231,727,9986,440,0,28,FAMILIARES,PREPARATORIA
2.01408E+16,184,APROBADA,CREDITO_AUTO,APROBADO,REGULAR,95000,9.98E+14,0,"37,050",61.00%,60819,RECIBOS DE NOMINA,MEDIO_A,CLIENTE_BANCO,22300,MEDIO ,39%,0,215,685,20898,760,0,57,RENTA,PREPARATORIA
2.01408E+16,123,APROBADA,CLASICA,APROBADO,BUENO,94000,9.98E+14,1,"88,360",6.00%,20721,RECIBOS DE NOMINA,MEDIO_A,CLIENTE_BANCO,103500,BAJO,94%,0,244,740,2275,1070,0,33,FAMILIARES,LICENCIATURA
2.01408E+16,133,APROBADA,CLASICA,APROBADO,REGULAR,94000,9.98E+14,1,"18,800",80.00%,34298,RECIBOS DE NOMINA,MEDIO_A,CLIENTE_BANCO,15000,BAJO,20%,0,222,800,0,0,0,54,HIPOTECA,POSGRADO
2.01408E+16,174,APROBADA,CLASICA,APROBADO,BUENO,94000,9.98E+14,2,"61,100",35.00%,57284,RECIBOS DE NOMINA,ALTO_B,CLIENTE_BANCO,30000,BAJO,65%,0,266,735,0,0,0,48,RENTA,PREPARATORIA
2.01408E+16,176,APROBADA,CLASICA,APROBADO,BUENO,94000,9.98E+14,2,"92,120",2.00%,37995,RECIBOS DE NOMINA,ALTO_B,CLIENTE_BANCO,0,BAJO,98%,0,245,702,0,0,0,37,FAMILIARES,POSGRADO
2.01408E+16,165,APROBADA,CLASICA,APROBADO,BUENO,91000,9.98E+14,2,"95,550",-5.00%,39212,RECIBOS DE NOMINA,MEDIO_A,CLIENTE_BANCO,60000,BAJO,105%,0,250,744,25555,593,0,44,HIPOTECA,POSGRADO
2.01407E+16,178,APROBADA,CLASICA,APROBADO,REGULAR,91000,9.98E+14,2,"104,650",-15.00%,36430,RECIBOS DE NOMINA,MEDIO_B,CLIENTE_BANCO,96000,MEDIO ,115%,0,227,685,8026,1200,0,38,FAMILIARES,LICENCIATURA
2.01408E+16,129,APROBADA,CLASICA,APROBADO,BUENO,89000,9.98E+14,1,"86,330",3.00%,24904,RECIBOS DE NOMINA,ALTO_B,CLIENTE_BANCO,0,BAJO,97%,0,225,723,0,0,0,26,FAMILIARES,POSGRADO
2.01408E+16,150,APROBADA,CLASICA,APROBADO,REGULAR,87000,9.98E+14,0,"33,930",61.00%,33800,RECIBOS DE NOMINA,ALTO_B,CLIENTE_BANCO,50000,BAJO,39%,0,239,771,0,0,0,59,RENTA,PREPARATORIA
2.01408E+16,153,APROBADA,CLASICA,APROBADO,BUENO,87000,9.98E+14,1,"94,830",-9.00%,38679,RECIBOS DE NOMINA,MEDIO_A,CLIENTE_BANCO,166000,BAJO,109%,0,198,744,3443,1140,0,33,FAMILIARES,POSGRADO
2.01408E+16,194,APROBADA,CLASICA,APROBADO,BUENO,87000,9.98E+14,0,"75,690",13.00%,32526,RECIBOS DE NOMINA,MEDIO_A,CLIENTE_BANCO,31000,BAJO,87%,0,254,750,909,390,0,27,FAMILIARES,PREPARATORIA
2.01408E+16,104,APROBADA,CLASICA,APROBADO,BUENO,86000,9.98E+14,0,"59,340",31.00%,64546,RECIBOS DE NOMINA,ALTO_A,CLIENTE_BANCO,97300,BAJO,69%,0,250,727,42648,0,0,56,PROPIA,LICENCIATURA
2.01408E+16,123,APROBADA,CLASICA,APROBADO,REGULAR,86000,9.98E+14,1,"22,360",74.00%,10599,RECIBOS DE NOMINA,MEDIO_A,CLIENTE_BANCO,36000,BAJO,26%,0,241,740,1084,0,0,53,FAMILIARES,PREPARATORIA
2.01407E+16,117,APROBADA,CLASICA,APROBADO,BUENO,83000,9.98E+14,0,"70,550",15.00%,30566,RECIBOS DE NOMINA,ALTO_A,CLIENTE_BANCO,23000,BAJO,85%,0,265,766,0,0,0,33,PROPIA,LICENCIATURA
2.01408E+16,134,APROBADA,CLASICA,APROBADO,BUENO,82100,9.98E+14,0,13683,31.00%,64546,RECIBOS DE NOMINA,MEDIO_A,CLIENTE_BANCO,97300,BAJO,0.69,0,250,727,42648,0,0,56,PROPIA,LICENCIATURA
2.01407E+16,155,APROBADA,CLASICA,APROBADO,BUENO,82000,9.98E+14,1,"86,100",-5.00%,23939,RECIBOS DE NOMINA,ALTO_B,CLIENTE_BANCO,4000,BAJO,105%,0,215,715,0,0,0,56,HIPOTECA,LICENCIATURA
2.01408E+16,140,APROBADA,CLASICA,APROBADO,BUENO,81800,9.98E+14,0,16360,31.00%,64546,RECIBOS DE NOMINA,MEDIO_A,CLIENTE_BANCO,97300,BAJO,69%,0,250,727,42648,0,0,56,PROPIA,LICENCIATURA
2.01408E+16,122,APROBADA,CLASICA,APROBADO,BUENO,81000,9.98E+14,1,"34,020",58.00%,24558,RECIBOS DE NOMINA,ALTO_A,CLIENTE_BANCO,62000,BAJO,42%,0,239,779,0,0,0,30,PROPIA,POSGRADO
2.01407E+16,173,APROBADA,CLASICA,APROBADO,REGULAR,81000,9.98E+14,1,"31,590",61.00%,30970,RECIBOS DE NOMINA,MEDIO_A,CLIENTE_BANCO,4000,BAJO,39%,0,194,703,385,250,0,54,PROPIA,POSGRADO
2.01408E+16,145,APROBADA,CLASICA,APROBADO,BUENO,77000,9.98E+14,0,"31,570",59.00%,16074,RECIBOS DE NOMINA,MEDIO_A,CLIENTE_BANCO,0,BAJO,41%,0,252,769,0,0,0,56,HIPOTECA,POSGRADO
2.01407E+16,163,APROBADA,CLASICA,APROBADO,BUENO,76000,9.98E+14,1,"69,160",9.00%,31352,RECIBOS DE NOMINA,MEDIO_A,CLIENTE_BANCO,31000,BAJO,91%,0,222,757,1800,0,0,32,RENTA,LICENCIATURA
2.01407E+16,142,APROBADA,CLASICA,APROBADO,BUENO,75500,9.98E+14,0,12583,15.00%,30566,RECIBOS DE NOMINA,MEDIO_A,CLIENTE_BANCO,23000,BAJO,85%,0,265,766,0,0,0,33,PROPIA,LICENCIATURA
2.01408E+16,105,APROBADA,CLASICA,APROBADO,BUENO,75000,9.98E+14,0,"34,500",54.00%,62644,RECIBOS DE NOMINA,MEDIO_A,CLIENTE_BANCO,36000,BAJO,46%,0,223,754,1142,0,0,53,FAMILIARES,POSGRADO
2.01407E+16,152,APROBADA,CLASICA,APROBADO,BUENO,75000,9.98E+14,1,"60,000",20.00%,17553,RECIBOS DE NOMINA,MEDIO_A,CLIENTE_BANCO,90000,BAJO,80%,0,231,703,7763,1130,0,33,HIPOTECA,LICENCIATURA
2.01407E+16,163,APROBADA,CLASICA,APROBADO,BUENO,74000,9.98E+14,1,12333,15.00%,30566,RECIBOS DE NOMINA,MEDIO_A,CLIENTE_BANCO,23000,BAJO,0.85,0,265,766,0,0,0,33,PROPIA,LICENCIATURA
2.01407E+16,183,APROBADA,CLASICA,APROBADO,BUENO,73000,9.98E+14,2,"54,020",26.00%,69503,INVERSIONES,ALTO_B,CLIENTE_BANCO,70000,BAJO,74%,0,232,755,25862,970,0,37,FAMILIARES,LICENCIATURA
2.01408E+16,190,APROBADA,CLASICA,APROBADO,BUENO,73000,9.98E+14,0,"30,660",58.00%,31501,RECIBOS DE NOMINA,MEDIO_A,CLIENTE_BANCO,64600,BAJO,42%,0,248,723,13753,410,0,49,PROPIA,PREPARATORIA
2.01408E+16,156,APROBADA,CLASICA,APROBADO,REGULAR,71000,9.98E+14,0,"19,880",72.00%,25983,RECIBOS DE NOMINA,MEDIO_A,CLIENTE_BANCO,129000,BAJO,28%,0,247,744,1673,340,0,46,RENTA,PREPARATORIA
2.01408E+16,165,APROBADA,CLASICA,APROBADO,BUENO,71000,9.98E+14,0,"30,530",57.00%,35663,RECIBOS DE NOMINA,MEDIO_A,CLIENTE_BANCO,5000,BAJO,43%,0,256,772,0,0,0,59,RENTA,POSGRADO
2.01408E+16,101,APROBADA,CLASICA,APROBADO,REGULAR,70000,9.98E+14,1,"21,700",69.00%,18988,RECIBOS DE NOMINA,ALTO_B,CLIENTE_BANCO,64000,BAJO,31%,0,233,779,0,0,0,51,PROPIA,POSGRADO
2.01408E+16,131,APROBADA,CLASICA,APROBADO,REGULAR,70000,9.98E+14,0,"35,000",50.00%,28245,RECIBOS DE NOMINA,MEDIO_A,CLIENTE_BANCO,15600,MEDIO ,50%,0,197,694,13334,0,0,55,PROPIA,LICENCIATURA
2.01408E+16,113,APROBADA,CLASICA,APROBADO,BUENO,68000,9.98E+14,1,"64,600",5.00%,11090,RECIBOS DE NOMINA,MEDIO_A,CLIENTE_BANCO,5000,BAJO,95%,0,248,740,2213,0,0,31,PROPIA,PREPARATORIA
2.01406E+16,124,APROBADA,CLASICA,APROBADO,BUENO,66000,9.98E+14,2,"35,640",46.00%,36862,INVERSIONES,MEDIO_A,CLIENTE_BANCO,0,BAJO,54%,0,218,702,18896,0,0,25,HIPOTECA,PREPARATORIA
2.01406E+16,145,APROBADA,CLASICA,APROBADO,REGULAR,66000,9.98E+14,1,"26,400",60.00%,67819,RECIBOS DE NOMINA,ALTO_B,CLIENTE_BANCO,1,BAJO,40%,0,190,780,0,0,0,27,PROPIA,POSGRADO
2.01408E+16,193,APROBADA,CLASICA,APROBADO,BUENO,66000,9.98E+14,0,"46,860",29.00%,52101,RECIBOS DE NOMINA,MEDIO_A,CLIENTE_BANCO,113000,BAJO,71%,0,232,733,17239,990,0,46,FAMILIARES,PREPARATORIA
2.01407E+16,194,APROBADA,CLASICA,APROBADO,BUENO,66000,9.98E+14,2,"44,880",32.00%,25392,RECIBOS DE NOMINA,MEDIO_A,CLIENTE_BANCO,47000,BAJO,68%,0,225,732,2085,590,0,38,HIPOTECA,POSGRADO
2.01408E+16,173,APROBADA,CLASICA,APROBADO,BUENO,65000,9.98E+14,2,"34,450",47.00%,64586,RECIBOS DE NOMINA,MEDIO_A,CLIENTE_BANCO,369000,BAJO,53%,0,231,723,82387,0,0,32,HIPOTECA,LICENCIATURA
2.01408E+16,167,APROBADA,CLASICA,APROBADO,BUENO,64000,9.98E+14,1,"58,240",9.00%,45802,RECIBOS DE NOMINA,MEDIO_A,CLIENTE_BANCO,298500,BAJO,91%,0,254,744,591,591,0,51,FAMILIARES,PREPARATORIA
2.01408E+16,108,APROBADA,CLASICA,APROBADO,REGULAR,63000,9.98E+14,0,"23,940",62.00%,54315,RECIBOS DE NOMINA,MEDIO_A,CLIENTE_BANCO,75000,BAJO,38%,0,256,756,0,0,0,46,HIPOTECA,LICENCIATURA
2.01408E+16,174,APROBADA,CLASICA,APROBADO,BUENO,63000,9.98E+14,2,"70,560",-12.00%,32826,RECIBOS DE NOMINA,MEDIO_A,CLIENTE_BANCO,14500,BAJO,112%,0,233,740,3613,0,0,55,PROPIA,POSGRADO
2.01407E+16,160,APROBADA,CLASICA,APROBADO,BUENO,62000,9.98E+14,0,"47,120",24.00%,38679,INVERSIONES,MEDIO_A,CLIENTE_BANCO,66000,BAJO,76%,0,226,744,7552,0,0,36,FAMILIARES,PREPARATORIA
2.01408E+16,165,APROBADA,CLASICA,APROBADO,BUENO,62000,9.98E+14,1,"37,820",39.00%,40855,RECIBOS DE NOMINA,MEDIO_A,CLIENTE_BANCO,51000,BAJO,61%,0,229,759,12208,640,0,47,RENTA,POSGRADO
2.01408E+16,162,APROBADA,CLASICA,APROBADO,REGULAR,61000,9.98E+14,3,"73,200",-20.00%,33079,RECIBOS DE NOMINA,MEDIO_B,NO_CLIENTE,61000,ALTO,120%,0,250,583,5323,0,0,58,FAMILIARES,POSGRADO
2.01408E+16,101,APROBADA,CLASICA,APROBADO,REGULAR,60000,9.98E+14,0,"23,400",61.00%,31044,RECIBOS DE NOMINA,MEDIO_A,CLIENTE_BANCO,12600,BAJO,39%,0,206,723,6226,0,0,26,FAMILIARES,PREPARATORIA
2.01408E+16,106,APROBADA,CLASICA,APROBADO,BUENO,60000,9.98E+14,1,"43,800",27.00%,22417,RECIBOS DE NOMINA,MEDIO_A,CLIENTE_BANCO,22500,BAJO,73%,0,224,757,1699,290,0,51,RENTA,LICENCIATURA
2.01407E+16,179,APROBADA,CLASICA,APROBADO,BUENO,60000,9.98E+14,2,"47,400",21.00%,10977,RECIBOS DE NOMINA,ALTO_B,CLIENTE_BANCO,63500,BAJO,79%,0,228,721,0,0,0,55,HIPOTECA,PREPARATORIA
2.01408E+16,120,APROBADA,CLASICA,APROBADO,BUENO,59000,9.98E+14,2,"41,300",30.00%,23623,RECIBOS DE NOMINA,MEDIO_B,NO_CLIENTE,0,BAJO,70%,0,234,730,0,0,0,27,PROPIA,LICENCIATURA
2.01406E+16,191,APROBADA,CLASICA,APROBADO,BUENO,59000,9.98E+14,2,"65,490",-11.00%,43471,INVERSIONES,MEDIO_A,CLIENTE_BANCO,65000,BAJO,111%,0,197,711,32047,1470,0,42,FAMILIARES,SECUNDARIA
2.01407E+16,153,APROBADA,CLASICA,APROBADO,BUENO,58000,9.98E+14,0,"27,840",52.00%,18545,RECIBOS DE NOMINA,MEDIO_A,NO_CLIENTE,0,BAJO,48%,0,245,762,0,0,0,46,HIPOTECA,POSGRADO
2.01408E+16,190,APROBADA,CLASICA,APROBADO,BUENO,58000,9.98E+14,2,"42,920",26.00%,65957,RECIBOS DE NOMINA,ALTO_B,CLIENTE_BANCO,146000,BAJO,74%,0,223,767,14875,1830,1,55,HIPOTECA,POSGRADO
2.01408E+16,198,APROBADA,CLASICA,APROBADO,REGULAR,58000,9.98E+14,0,"16,240",72.00%,12870,RECIBOS DE NOMINA,ALTO_A,CLIENTE_BANCO,62000,BAJO,28%,0,212,782,0,0,0,37,HIPOTECA,LICENCIATURA
2.01408E+16,117,APROBADA,CLASICA,APROBADO,REGULAR,57000,9.98E+14,2,"66,120",-16.00%,31558,RECIBOS DE NOMINA,MEDIO_A,CLIENTE_BANCO,0,MEDIO ,116%,0,266,684,0,0,0,27,PROPIA,PREPARATORIA
2.01408E+16,128,APROBADA,CLASICA,APROBADO,REGULAR,56000,9.98E+14,0,"15,120",73.00%,32753,RECIBOS DE NOMINA,MEDIO_A,CLIENTE_BANCO,122999,MEDIO ,27%,0,229,697,97726,4680,0,25,FAMILIARES,SECUNDARIA
2.01408E+16,134,APROBADA,CLASICA,APROBADO,BUENO,56000,9.98E+14,2,"57,120",-2.00%,35179,RECIBOS DE NOMINA,MEDIO_A,CLIENTE_BANCO,75300,BAJO,102%,0,226,723,15297,852,0,25,HIPOTECA,POSGRADO
2.01408E+16,155,APROBADA,CLASICA,APROBADO,BUENO,56000,9.98E+14,2,"60,480",-8.00%,22550,RECIBOS DE NOMINA,MEDIO_A,CLIENTE_BANCO,58000,BAJO,108%,0,212,757,5997,0,0,58,HIPOTECA,PREPARATORIA
2.01408E+16,156,APROBADA,CLASICA,APROBADO,REGULAR,56000,9.98E+14,0,"21,280",62.00%,31559,RECIBOS DE NOMINA,MEDIO_A,CLIENTE_BANCO,47800,MEDIO ,38%,0,245,694,16665,1297,0,59,FAMILIARES,POSGRADO
2.01408E+16,169,APROBADA,CLASICA,APROBADO,REGULAR,56000,9.98E+14,0,"9,520",83.00%,20110,RECIBOS DE NOMINA,MEDIO_A,CLIENTE_BANCO,61000,BAJO,17%,0,253,753,0,0,0,31,FAMILIARES,LICENCIATURA
2.01408E+16,193,APROBADA,CLASICA,APROBADO,BUENO,56000,9.98E+14,0,"46,480",17.00%,36360,RECIBOS DE NOMINA,ALTO_A,CLIENTE_BANCO,10004,BAJO,83%,0,221,723,4963,250,0,46,PROPIA,LICENCIATURA
2.01408E+16,141,APROBADA,CLASICA,APROBADO,BUENO,55000,9.98E+14,2,"36,850",33.00%,17976,RECIBOS DE NOMINA,ALTO_A,CLIENTE_BANCO,0,BAJO,67%,0,234,733,0,0,0,35,RENTA,LICENCIATURA
2.01408E+16,162,APROBADA,CLASICA,APROBADO,BUENO,55000,9.98E+14,2,"32,450",41.00%,0,RECIBOS DE NOMINA,MEDIO_A,NO_CLIENTE,0,BAJO,59%,0,203,741,0,0,0,40,PROPIA,POSGRADO
2.01408E+16,131,APROBADA,CLASICA,APROBADO,BUENO,54002,9.98E+14,1,"43,202",20.00%,17511,RECIBOS DE NOMINA,MEDIO_A,CLIENTE_BANCO,5500,BAJO,80%,0,233,727,3360,300,0,53,FAMILIARES,POSGRADO
2.01408E+16,125,APROBADA,CLASICA,APROBADO,BUENO,54000,9.98E+14,0,"27,000",50.00%,17053,RECIBOS DE NOMINA,MEDIO_A,CLIENTE_BANCO,250004,BAJO,50%,0,223,712,22994,420,0,59,PROPIA,POSGRADO
2.01408E+16,134,APROBADA,CLASICA,APROBADO,BUENO,54000,9.98E+14,1,"42,120",22.00%,26221,RECIBOS DE NOMINA,MEDIO_B,NO_CLIENTE,0,BAJO,78%,0,226,742,0,0,0,50,RENTA,LICENCIATURA
2.01408E+16,156,APROBADA,CLASICA,APROBADO,REGULAR,54000,9.98E+14,0,"19,440",64.00%,12284,RECIBOS DE NOMINA,MEDIO_A,CLIENTE_BANCO,38000,BAJO,36%,0,217,750,4948,480,0,57,FAMILIARES,POSGRADO
2.01408E+16,170,APROBADA,CLASICA,APROBADO,BUENO,54000,9.98E+14,2,"46,440",14.00%,32498,RECIBOS DE NOMINA,MEDIO_A,CLIENTE_BANCO,50800,BAJO,86%,0,221,731,19340,0,0,55,FAMILIARES,POSGRADO
2.01408E+16,173,APROBADA,CLASICA,APROBADO,BUENO,54000,9.98E+14,0,"24,300",55.00%,32829,RECIBOS DE NOMINA,MEDIO_A,CLIENTE_BANCO,5004,BAJO,45%,0,217,723,790,250,0,31,PROPIA,POSGRADO
2.01408E+16,174,APROBADA,CLASICA,APROBADO,BUENO,54000,9.98E+14,2,"37,260",31.00%,30975,RECIBOS DE NOMINA,MEDIO_A,CLIENTE_BANCO,16300,BAJO,69%,0,229,740,36,0,0,47,PROPIA,POSGRADO
2.01408E+16,190,APROBADA,CLASICA,APROBADO,BUENO,54000,9.98E+14,2,"35,640",34.00%,0,RECIBOS DE NOMINA,MEDIO_A,NO_CLIENTE,100000,BAJO,66%,0,215,734,1488,0,0,42,RENTA,PREPARATORIA
2.01408E+16,197,APROBADA,CLASICA,APROBADO,BUENO,54000,9.98E+14,2,"39,960",26.00%,0,RECIBOS DE NOMINA,MEDIO_A,NO_CLIENTE,0,BAJO,74%,0,204,726,0,0,0,27,PROPIA,PREPARATORIA
2.01408E+16,229,APROBADA,CLASICA,APROBADO,BUENO,53400,9.98E+14,1,7629,17.00%,36360,RECIBOS DE NOMINA,MEDIO_A,CLIENTE_BANCO,10004,BAJO,0.83,0,221,723,4963,250,0,46,PROPIA,LICENCIATURA
2.01408E+16,225,APROBADA,CLASICA,APROBADO,BUENO,53100,9.98E+14,1,8850,17.00%,36360,RECIBOS DE NOMINA,MEDIO_A,CLIENTE_BANCO,10004,BAJO,83%,0,221,723,4963,250,0,46,PROPIA,LICENCIATURA
2.01408E+16,116,APROBADA,CLASICA,APROBADO,REGULAR,53000,9.98E+14,0,"12,720",76.00%,10271,RECIBOS DE NOMINA,MEDIO_A,CLIENTE_BANCO,51000,BAJO,24%,0,234,750,1499,0,0,44,FAMILIARES,LICENCIATURA
2.01407E+16,143,APROBADA,CLASICA,APROBADO,REGULAR,53000,9.98E+14,3,"32,860",38.00%,19428,RECIBOS DE NOMINA,ALTO_B,CLIENTE_BANCO,32800,ALTO,62%,0,206,612,0,0,0,25,HIPOTECA,LICENCIATURA
2.01408E+16,127,APROBADA,CLASICA,APROBADO,BUENO,52000,9.98E+14,2,"42,120",19.00%,19181,RECIBOS DE NOMINA,ALTO_A,CLIENTE_BANCO,24200,BAJO,81%,0,242,771,288,0,0,38,RENTA,LICENCIATURA
2.01408E+16,116,APROBADA,CLASICA,APROBADO,BUENO,51000,9.98E+14,1,"56,100",-10.00%,2405,RECIBOS DE NOMINA,ALTO_A,CLIENTE_BANCO,28000,BAJO,110%,0,224,740,11060,350,0,32,PROPIA,LICENCIATURA
2.01408E+16,117,APROBADA,CLASICA,APROBADO,REGULAR,51000,9.98E+14,0,"18,360",64.00%,27118,RECIBOS DE NOMINA,ALTO_B,NO_CLIENTE,0,BAJO,36%,0,219,774,0,0,0,58,FAMILIARES,PREPARATORIA
2.01407E+16,161,APROBADA,CLASICA,APROBADO,REGULAR,51000,9.98E+14,0,"14,280",72.00%,27986,RECIBOS DE NOMINA,ALTO_A,NO_CLIENTE,0,BAJO,28%,0,230,782,0,0,0,31,RENTA,LICENCIATURA
2.01408E+16,101,APROBADA,CLASICA,APROBADO,REGULAR,50000,9.98E+14,1,"12,000",76.00%,19051,RECIBOS DE NOMINA,MEDIO_A,CLIENTE_BANCO,61000,BAJO,24%,0,240,723,402,0,0,38,FAMILIARES,LICENCIATURA
2.01408E+16,106,APROBADA,CLASICA,APROBADO,BUENO,50000,9.98E+14,0,"23,000",54.00%,13373,RECIBOS DE NOMINA,MEDIO_A,CLIENTE_BANCO,49500,BAJO,46%,0,225,727,14991,830,0,48,RENTA,POSGRADO
2.01407E+16,107,APROBADA,CLASICA,APROBADO,BUENO,50000,9.98E+14,0,"35,000",30.00%,16475,RECIBOS DE NOMINA,MEDIO_B,NO_CLIENTE,0,BAJO,70%,0,212,740,0,0,0,34,RENTA,POSGRADO
2.01408E+16,108,APROBADA,CLASICA,APROBADO,BUENO,50000,9.98E+14,2,"36,500",27.00%,33715,RECIBOS DE NOMINA,MEDIO_A,CLIENTE_BANCO,55000,BAJO,73%,0,205,711,26537,590,0,51,RENTA,LICENCIATURA
2.01408E+16,112,APROBADA,CLASICA,APROBADO,BUENO,50000,9.98E+14,1,"40,000",20.00%,12786,RECIBOS DE NOMINA,MEDIO_B,NO_CLIENTE,0,BAJO,80%,0,226,740,0,0,0,48,RENTA,PREPARATORIA
2.01408E+16,118,APROBADA,CLASICA,APROBADO,BUENO,50000,9.98E+14,1,"37,000",26.00%,11201,RECIBOS DE NOMINA,MEDIO_A,CLIENTE_BANCO,5000,BAJO,74%,0,196,733,1169,0,0,49,HIPOTECA,POSGRADO
2.01408E+16,119,APROBADA,CLASICA,APROBADO,BUENO,50000,9.98E+14,1,"29,500",41.00%,10108,RECIBOS DE NOMINA,ALTO_B,CLIENTE_BANCO,0,BAJO,59%,0,261,761,0,0,0,60,RENTA,PREPARATORIA
2.01408E+16,122,APROBADA,CLASICA,APROBADO,BUENO,50000,9.98E+14,1,"57,500",-15.00%,11462,RECIBOS DE NOMINA,MEDIO_A,CLIENTE_BANCO,15000,BAJO,115%,0,226,757,11784,0,0,46,HIPOTECA,LICENCIATURA
2.01407E+16,123,APROBADA,CLASICA,APROBADO,REGULAR,50000,9.98E+14,2,"56,000",-12.00%,23129,INVERSIONES,MEDIO_B,NO_CLIENTE,0,MEDIO ,112%,0,242,650,0,0,0,42,FAMILIARES,LICENCIATURA
2.01407E+16,132,APROBADA,CLASICA,APROBADO,BUENO,50000,9.98E+14,0,"24,000",52.00%,26636,RECIBOS DE NOMINA,ALTO_B,CLIENTE_BANCO,31000,BAJO,48%,0,205,762,247,247,0,48,PROPIA,PREPARATORIA
2.01408E+16,135,APROBADA,CLASICA,APROBADO,BUENO,50000,9.98E+14,0,"25,000",50.00%,12121,RECIBOS DE NOMINA,MEDIO_A,CLIENTE_BANCO,23100,BAJO,50%,0,217,740,4612,290,0,29,RENTA,POSGRADO
2.01407E+16,135,APROBADA,CLASICA,APROBADO,REGULAR,50000,9.98E+14,1,"17,500",65.00%,71276,RECIBOS DE NOMINA,MEDIO_A,CLIENTE_BANCO,50000,BAJO,35%,0,232,744,237,0,0,40,FAMILIARES,LICENCIATURA
2.01408E+16,143,APROBADA,CLASICA,APROBADO,REGULAR,50000,9.98E+14,1,"8,000",84.00%,34616,RECIBOS DE NOMINA,MEDIO_A,CLIENTE_BANCO,46004,BAJO,16%,0,222,706,24622,1040,0,29,PROPIA,POSGRADO
2.01408E+16,148,APROBADA,CLASICA,APROBADO,BUENO,50000,9.98E+14,1,"38,000",24.00%,30245,RECIBOS DE NOMINA,ALTO_B,CLIENTE_BANCO,5500,BAJO,76%,0,213,756,0,0,0,43,RENTA,POSGRADO
2.01408E+16,151,APROBADA,CLASICA,APROBADO,BUENO,50000,9.98E+14,2,"54,000",-8.00%,99319,RECIBOS DE NOMINA,MEDIO_A,CLIENTE_BANCO,10000,BAJO,108%,0,186,710,7556,0,0,54,RENTA,POSGRADO
2.01407E+16,152,APROBADA,CLASICA,APROBADO,BUENO,50000,9.98E+14,0,"30,000",40.00%,61489,INVERSIONES,MEDIO_B,NO_CLIENTE,0,BAJO,60%,0,209,750,0,0,0,54,FAMILIARES,POSGRADO
2.01408E+16,159,APROBADA,CLASICA,APROBADO,BUENO,50000,9.98E+14,2,"44,000",12.00%,12210,RECIBOS DE NOMINA,MEDIO_A,CLIENTE_BANCO,10000,BAJO,88%,0,203,723,2056,940,0,42,HIPOTECA,POSGRADO
2.01408E+16,168,APROBADA,CLASICA,APROBADO,BUENO,50000,9.98E+14,1,"29,500",41.00%,31267,DECLARACION ANUAL,MEDIO_A,CLIENTE_BANCO,14400,BAJO,59%,0,207,727,3852,250,0,51,HIPOTECA,POSGRADO
2.01408E+16,169,APROBADA,CLASICA,APROBADO,BUENO,50000,9.98E+14,0,"34,500",31.00%,31472,RECIBOS DE NOMINA,ALTO_A,CLIENTE_BANCO,15008,BAJO,69%,0,224,740,6354,250,0,43,PROPIA,LICENCIATURA
2.01408E+16,171,APROBADA,CLASICA,APROBADO,BUENO,50000,9.98E+14,2,"47,000",6.00%,0,RECIBOS DE NOMINA,MEDIO_A,NO_CLIENTE,0,BAJO,94%,0,181,706,0,0,0,58,FAMILIARES,PREPARATORIA
2.01408E+16,172,APROBADA,CLASICA,APROBADO,BUENO,50000,9.98E+14,1,"58,500",-17.00%,46224,RECIBOS DE NOMINA,ALTO_B,CLIENTE_BANCO,0,BAJO,117%,1,178,703,0,0,0,45,HIPOTECA,LICENCIATURA
2.01408E+16,175,APROBADA,CLASICA,APROBADO,BUENO,50000,9.98E+14,2,"45,000",10.00%,27757,RECIBOS DE NOMINA,MEDIO_A,CLIENTE_BANCO,90500,BAJO,90%,0,232,712,27125,1700,0,54,HIPOTECA,LICENCIATURA
2.01408E+16,180,APROBADA,CLASICA,APROBADO,BUENO,50000,9.98E+14,0,"31,500",37.00%,13115,RECIBOS DE NOMINA,ALTO_A,CLIENTE_BANCO,4999,BAJO,63%,0,219,706,598,250,0,28,PROPIA,LICENCIATURA
2.01408E+16,181,APROBADA,CLASICA,APROBADO,BUENO,50000,9.98E+14,1,"52,000",-4.00%,22371,RECIBOS DE NOMINA,ALTO_B,CLIENTE_BANCO,37000,BAJO,104%,0,228,716,5324,0,0,59,RENTA,PREPARATORIA
2.01408E+16,186,APROBADA,CLASICA,APROBADO,BUENO,50000,9.98E+14,2,"38,000",24.00%,26208,RECIBOS DE NOMINA,MEDIO_A,CLIENTE_BANCO,27500,BAJO,76%,0,256,716,11366,830,0,43,HIPOTECA,POSGRADO
2.01408E+16,189,APROBADA,CLASICA,APROBADO,REGULAR,50000,9.98E+14,1,"15,000",70.00%,13373,RECIBOS DE NOMINA,MEDIO_A,CLIENTE_BANCO,40000,BAJO,30%,0,224,711,9520,0,0,52,FAMILIARES,PREPARATORIA
2.01408E+16,193,APROBADA,CLASICA,APROBADO,BUENO,50000,9.98E+14,1,"25,500",49.00%,23726,RECIBOS DE NOMINA,MEDIO_A,CLIENTE_BANCO,59499,BAJO,51%,0,239,737,32393,1170,0,28,RENTA,PREPARATORIA
2.01408E+16,197,APROBADA,CLASICA,APROBADO,REGULAR,50000,9.98E+14,1,"20,000",60.00%,17779,RECIBOS DE NOMINA,MEDIO_A,CLIENTE_BANCO,30200,BAJO,40%,0,217,740,15087,0,0,40,HIPOTECA,POSGRADO
2.01408E+16,198,APROBADA,CLASICA,APROBADO,BUENO,50000,9.98E+14,2,"38,000",24.00%,28598,RECIBOS DE NOMINA,MEDIO_A,CLIENTE_BANCO,47500,BAJO,76%,0,203,714,35012,520,0,43,RENTA,LICENCIATURA
2.01408E+16,199,APROBADA,CLASICA,APROBADO,BUENO,50000,9.98E+14,0,"50,000",0.00%,79162,RECIBOS DE NOMINA,ALTO_A,CLIENTE_BANCO,50001,BAJO,100%,0,214,714,34630,1310,0,52,HIPOTECA,LICENCIATURA
2.01408E+16,101,APROBADA,CLASICA,APROBADO,BUENO,49999,9.98E+14,1,"54,999",-10.00%,70010,RECIBOS DE NOMINA,ALTO_B,CLIENTE_BANCO,0,BAJO,110%,0,229,710,0,0,0,48,PROPIA,POSGRADO
2.01408E+16,101,APROBADA,CLASICA,APROBADO,BUENO,49999,9.98E+14,0,"24,000",52.00%,24400,RECIBOS DE NOMINA,ALTO_B,CLIENTE_BANCO,0,BAJO,48%,0,257,762,0,0,0,39,RENTA,POSGRADO
2.01408E+16,101,APROBADA,CLASICA,APROBADO,REGULAR,49999,9.98E+14,0,"18,500",63.00%,42581,INVERSIONES,MEDIO_A,CLIENTE_BANCO,12000,BAJO,37%,0,259,750,3527,250,0,28,FAMILIARES,LICENCIATURA
2.01408E+16,101,APROBADA,CLASICA,APROBADO,BUENO,49999,9.98E+14,2,"42,999",14.00%,31734,INVERSIONES,MEDIO_A,CLIENTE_BANCO,86500,BAJO,86%,0,265,750,9254,1090,0,34,HIPOTECA,PREPARATORIA
2.01408E+16,101,APROBADA,CLASICA,APROBADO,BUENO,49999,9.98E+14,0,"23,500",53.00%,11533,INVERSIONES,ALTO_A,CLIENTE_BANCO,54000,BAJO,47%,0,272,714,0,0,0,54,PROPIA,LICENCIATURA
2.01408E+16,102,APROBADA,CLASICA,APROBADO,BUENO,49999,9.98E+14,0,"50,499",-1.00%,50323,INVERSIONES,MEDIO_A,CLIENTE_BANCO,27000,BAJO,101%,0,225,731,4064,340,0,36,PROPIA,PREPARATORIA
2.01408E+16,102,APROBADA,CLASICA,APROBADO,BUENO,49999,9.98E+14,0,"22,000",56.00%,23892,INVERSIONES,ALTO_A,NO_CLIENTE,0,BAJO,44%,0,226,766,0,0,0,58,PROPIA,LICENCIATURA
2.01408E+16,105,APROBADA,CLASICA,APROBADO,REGULAR,49999,9.98E+14,0,"12,500",75.00%,29519,RECIBOS DE NOMINA,MEDIO_A,CLIENTE_BANCO,50000,BAJO,25%,0,231,785,0,0,0,55,PROPIA,SECUNDARIA
2.01408E+16,105,APROBADA,CLASICA,APROBADO,REGULAR,49999,9.98E+14,0,"17,000",66.00%,22179,INVERSIONES,ALTO_A,NO_CLIENTE,0,BAJO,34%,0,234,776,0,0,0,41,PROPIA,PREPARATORIA
2.01408E+16,105,APROBADA,CLASICA,APROBADO,BUENO,49999,9.98E+14,0,"24,000",52.00%,16694,INVERSIONES,MEDIO_A,CLIENTE_BANCO,29000,BAJO,48%,0,237,752,52,52,0,36,PROPIA,POSGRADO
2.01408E+16,105,APROBADA,CLASICA,APROBADO,REGULAR,49999,9.98E+14,0,"16,500",67.00%,42467,INVERSIONES,MEDIO_A,CLIENTE_BANCO,69500,BAJO,33%,0,246,750,1591,0,0,30,RENTA,LICENCIATURA
2.01408E+16,106,APROBADA,CLASICA,APROBADO,BUENO,49999,9.98E+14,0,"27,499",45.00%,30279,RECIBOS DE NOMINA,ALTO_A,NO_CLIENTE,0,BAJO,55%,0,211,755,0,0,0,33,PROPIA,LICENCIATURA
2.01408E+16,106,APROBADA,CLASICA,APROBADO,BUENO,49999,9.98E+14,0,"24,500",51.00%,32450,INVERSIONES,ALTO_A,CLIENTE_BANCO,59500,BAJO,49%,0,244,750,483,483,0,46,PROPIA,LICENCIATURA
2.01408E+16,107,APROBADA,CLASICA,APROBADO,BUENO,49999,9.98E+14,0,"23,000",54.00%,18249,INVERSIONES,MEDIO_B,NO_CLIENTE,0,BAJO,46%,0,269,764,0,0,0,45,FAMILIARES,POSGRADO
2.01408E+16,110,APROBADA,CLASICA,APROBADO,BUENO,49999,9.98E+14,0,"26,999",46.00%,24690,RECIBOS DE NOMINA,ALTO_A,CLIENTE_BANCO,0,BAJO,54%,0,243,756,0,0,0,43,PROPIA,PREPARATORIA
2.01408E+16,112,APROBADA,CLASICA,APROBADO,BUENO,49999,9.98E+14,2,"54,499",-9.00%,28911,INVERSIONES,MEDIO_A,CLIENTE_BANCO,40000,BAJO,109%,0,212,740,3218,500,0,52,PROPIA,LICENCIATURA
2.01408E+16,112,APROBADA,CLASICA,APROBADO,BUENO,49999,9.98E+14,1,"37,499",25.00%,80435,INVERSIONES,MEDIO_A,CLIENTE_BANCO,9400,BAJO,75%,0,218,703,2501,880,0,41,FAMILIARES,POSGRADO
2.01407E+16,112,APROBADA,CLASICA,APROBADO,BUENO,49999,9.98E+14,2,"42,499",15.00%,26856,RECIBOS DE NOMINA,MEDIO_A,CLIENTE_BANCO,42000,BAJO,85%,0,237,757,5148,530,0,37,FAMILIARES,LICENCIATURA
2.01408E+16,115,APROBADA,CLASICA,APROBADO,REGULAR,49999,9.98E+14,2,"55,499",-11.00%,53901,RECIBOS DE NOMINA,MEDIO_B,CLIENTE_BANCO,0,MEDIO ,111%,0,227,689,0,0,0,54,FAMILIARES,POSGRADO
2.01408E+16,115,APROBADA,CLASICA,APROBADO,REGULAR,49999,9.98E+14,1,"16,500",67.00%,47716,INVERSIONES,MEDIO_A,CLIENTE_BANCO,0,BAJO,33%,0,247,787,0,0,0,45,FAMILIARES,POSGRADO
2.01408E+16,115,APROBADA,CLASICA,APROBADO,BUENO,49999,9.98E+14,2,"59,999",-20.00%,22676,INVERSIONES,MEDIO_A,CLIENTE_BANCO,93000,BAJO,120%,0,248,750,4656,1170,0,54,RENTA,PREPARATORIA
2.01408E+16,116,APROBADA,CLASICA,APROBADO,BUENO,49999,9.98E+14,0,"42,999",14.00%,24658,INVERSIONES,ALTO_A,CLIENTE_BANCO,33500,BAJO,86%,0,225,750,2243,420,0,56,HIPOTECA,LICENCIATURA
2.01408E+16,116,APROBADA,CLASICA,APROBADO,BUENO,49999,9.98E+14,1,"53,999",-8.00%,41581,RECIBOS DE NOMINA,MEDIO_A,CLIENTE_BANCO,35004,BAJO,108%,0,236,740,3738,440,0,27,RENTA,PREPARATORIA
2.01408E+16,117,APROBADA,CLASICA,APROBADO,BUENO,49999,9.98E+14,0,"40,999",18.00%,41047,INVERSIONES,ALTO_A,CLIENTE_BANCO,20400,BAJO,82%,0,209,767,0,0,0,40,PROPIA,LICENCIATURA
2.01407E+16,117,APROBADA,CLASICA,APROBADO,BUENO,49999,9.98E+14,1,"33,999",32.00%,133589,INVERSIONES,MEDIO_A,CLIENTE_BANCO,53000,BAJO,68%,0,225,711,23251,730,0,48,HIPOTECA,POSGRADO
2.01408E+16,118,APROBADA,CLASICA,APROBADO,REGULAR,49999,9.98E+14,0,"14,500",71.00%,60397,RECIBOS DE NOMINA,ALTO_A,CLIENTE_BANCO,132000,BAJO,29%,0,231,781,6898,0,0,42,HIPOTECA,LICENCIATURA
2.01408E+16,118,APROBADA,CLASICA,APROBADO,REGULAR,49999,9.98E+14,0,"9,000",82.00%,62308,INVERSIONES,MEDIO_A,CLIENTE_BANCO,0,BAJO,18%,0,235,792,0,0,0,27,PROPIA,LICENCIATURA
2.01408E+16,118,APROBADA,CLASICA,APROBADO,BUENO,49999,9.98E+14,2,"53,499",-7.00%,24286,INVERSIONES,MEDIO_A,CLIENTE_BANCO,51000,BAJO,107%,0,239,744,50051,0,0,45,FAMILIARES,POSGRADO
2.01408E+16,119,APROBADA,CLASICA,APROBADO,BUENO,49999,9.98E+14,0,"34,499",31.00%,34052,RECIBOS DE NOMINA,ALTO_B,CLIENTE_BANCO,0,BAJO,69%,0,266,741,0,0,0,29,PROPIA,PREPARATORIA
2.01408E+16,121,APROBADA,CLASICA,APROBADO,REGULAR,49999,9.98E+14,0,"38,999",22.00%,31918,RECIBOS DE NOMINA,MEDIO_A,CLIENTE_BANCO,10500,MEDIO ,78%,0,193,665,11034,270,0,59,HIPOTECA,LICENCIATURA
2.01408E+16,121,APROBADA,CLASICA,APROBADO,BUENO,49999,9.98E+14,2,"25,999",48.00%,25171,INVERSIONES,MEDIO_B,CLIENTE_BANCO,30999,BAJO,52%,0,229,748,1737,390,0,44,FAMILIARES,LICENCIATURA
2.01408E+16,123,APROBADA,CLASICA,APROBADO,BUENO,49999,9.98E+14,0,"24,500",51.00%,21435,INVERSIONES,MEDIO_A,CLIENTE_BANCO,34000,BAJO,49%,0,231,761,12849,0,0,55,RENTA,POSGRADO
2.01408E+16,123,APROBADA,CLASICA,APROBADO,BUENO,49999,9.98E+14,2,"42,999",14.00%,31291,INVERSIONES,ALTO_A,CLIENTE_BANCO,43000,BAJO,86%,0,248,762,765,382,0,34,HIPOTECA,POSGRADO
2.01408E+16,123,APROBADA,CLASICA,APROBADO,BUENO,49999,9.98E+14,0,"39,499",21.00%,33737,INVERSIONES,MEDIO_A,CLIENTE_BANCO,39300,BAJO,79%,0,249,757,5327,500,0,49,PROPIA,POSGRADO
2.01408E+16,125,APROBADA,CLASICA,APROBADO,BUENO,49999,9.98E+14,1,"52,999",-6.00%,58921,RECIBOS DE NOMINA,MEDIO_A,CLIENTE_BANCO,75000,BAJO,106%,0,209,740,23915,940,0,39,PROPIA,LICENCIATURA
2.01408E+16,125,APROBADA,CLASICA,APROBADO,BUENO,49999,9.98E+14,1,"23,500",53.00%,30603,INVERSIONES,ALTO_A,CLIENTE_BANCO,15000,BAJO,47%,0,217,757,1253,250,0,36,HIPOTECA,PREPARATORIA
2.01407E+16,125,APROBADA,CLASICA,APROBADO,BUENO,49999,9.98E+14,0,"28,499",43.00%,10459,RECIBOS DE NOMINA,MEDIO_B,CLIENTE_BANCO,24600,BAJO,57%,0,224,753,0,0,0,55,RENTA,PREPARATORIA
2.01408E+16,125,APROBADA,CLASICA,APROBADO,REGULAR,49999,9.98E+14,1,"17,500",65.00%,37176,RECIBOS DE NOMINA,ALTO_A,CLIENTE_BANCO,207000,BAJO,35%,0,251,744,52719,2590,0,28,HIPOTECA,LICENCIATURA
2.01408E+16,125,APROBADA,CLASICA,APROBADO,BUENO,49999,9.98E+14,2,"31,999",36.00%,21814,INVERSIONES,MEDIO_A,CLIENTE_BANCO,75000,BAJO,64%,0,254,734,0,0,0,52,RENTA,POSGRADO
2.01408E+16,126,APROBADA,CLASICA,APROBADO,BUENO,49999,9.98E+14,2,"37,499",25.00%,45164,INVERSIONES,MEDIO_A,CLIENTE_BANCO,106000,BAJO,75%,0,229,740,1478,0,0,29,PROPIA,LICENCIATURA
2.01408E+16,126,APROBADA,CLASICA,APROBADO,BUENO,49999,9.98E+14,2,"33,499",33.00%,14751,INVERSIONES,MEDIO_B,NO_CLIENTE,0,BAJO,67%,0,231,733,0,0,0,52,HIPOTECA,LICENCIATURA
2.01408E+16,126,APROBADA,CLASICA,APROBADO,REGULAR,49999,9.98E+14,0,"7,500",85.00%,59634,RECIBOS DE NOMINA,MEDIO_A,CLIENTE_BANCO,48000,BAJO,15%,0,250,750,7061,0,0,27,HIPOTECA,POSGRADO
2.01408E+16,127,APROBADA,CLASICA,APROBADO,BUENO,49999,9.98E+14,2,"28,499",43.00%,22384,RECIBOS DE NOMINA,MEDIO_B,NO_CLIENTE,0,BAJO,57%,0,240,743,0,0,0,56,PROPIA,PREPARATORIA
2.01408E+16,127,APROBADA,CLASICA,APROBADO,REGULAR,49999,9.98E+14,2,"55,499",-11.00%,19080,INVERSIONES,MEDIO_B,NO_CLIENTE,0,MEDIO ,111%,0,253,689,0,0,0,38,HIPOTECA,PREPARATORIA
2.01408E+16,127,APROBADA,CLASICA,APROBADO,REGULAR,49999,9.98E+14,1,"16,500",67.00%,37631,INVERSIONES,ALTO_A,CLIENTE_BANCO,69000,BAJO,33%,0,255,787,0,0,0,34,HIPOTECA,PREPARATORIA
2.01408E+16,129,APROBADA,CLASICA,APROBADO,BUENO,49999,9.98E+14,0,"38,499",23.00%,33594,INVERSIONES,ALTO_A,CLIENTE_BANCO,30000,BAJO,77%,0,218,723,427,0,0,56,PROPIA,LICENCIATURA
2.01408E+16,129,APROBADA,CLASICA,APROBADO,BUENO,49999,9.98E+14,0,"25,000",50.00%,20828,INVERSIONES,ALTO_A,CLIENTE_BANCO,15000,BAJO,50%,0,242,772,0,0,0,54,RENTA,PREPARATORIA
2.01408E+16,129,APROBADA,CLASICA,APROBADO,BUENO,49999,9.98E+14,2,"49,999",0.00%,16071,INVERSIONES,MEDIO_A,CLIENTE_BANCO,82500,BAJO,100%,0,261,750,3940,1040,0,56,PROPIA,PREPARATORIA
2.01408E+16,129,APROBADA,CLASICA,APROBADO,BUENO,49999,9.98E+14,1,"57,999",-16.00%,34670,INVERSIONES,MEDIO_A,CLIENTE_BANCO,15000,BAJO,116%,0,264,757,552,0,0,49,FAMILIARES,LICENCIATURA
2.01408E+16,130,APROBADA,CLASICA,APROBADO,BUENO,49999,9.98E+14,1,"45,999",8.00%,19006,INVERSIONES,MEDIO_A,CLIENTE_BANCO,3000,BAJO,92%,0,214,707,1065,0,0,27,HIPOTECA,PREPARATORIA
2.01407E+16,131,APROBADA,CLASICA,APROBADO,BUENO,49999,9.98E+14,1,"43,499",13.00%,38741,INVERSIONES,ALTO_B,CLIENTE_BANCO,0,BAJO,87%,0,231,733,0,0,0,52,HIPOTECA,POSGRADO
2.01408E+16,131,APROBADA,CLASICA,APROBADO,BUENO,49999,9.98E+14,0,"23,000",54.00%,33027,RECIBOS DE NOMINA,ALTO_A,CLIENTE_BANCO,0,BAJO,46%,0,232,764,0,0,0,57,PROPIA,LICENCIATURA
2.01408E+16,131,APROBADA,CLASICA,APROBADO,BUENO,49999,9.98E+14,1,"51,499",-3.00%,96689,RECIBOS DE NOMINA,MEDIO_A,CLIENTE_BANCO,99500,BAJO,103%,0,282,750,46686,1250,0,44,FAMILIARES,PREPARATORIA
2.01408E+16,132,APROBADA,CLASICA,APROBADO,BUENO,49999,9.98E+14,1,"56,999",-14.00%,18883,RECIBOS DE NOMINA,MEDIO_A,CLIENTE_BANCO,75000,BAJO,114%,0,231,744,14705,940,0,57,RENTA,LICENCIATURA
2.01408E+16,132,APROBADA,CLASICA,APROBADO,BUENO,49999,9.98E+14,2,"38,999",22.00%,26892,RECIBOS DE NOMINA,ALTO_A,CLIENTE_BANCO,68000,BAJO,78%,0,258,756,0,0,0,40,RENTA,POSGRADO
2.01408E+16,133,APROBADA,CLASICA,APROBADO,REGULAR,49999,9.98E+14,0,"16,500",67.00%,45941,INVERSIONES,MEDIO_A,CLIENTE_BANCO,5000,BAJO,33%,0,214,737,1241,250,0,37,RENTA,PREPARATORIA
2.01408E+16,133,APROBADA,CLASICA,APROBADO,BUENO,49999,9.98E+14,2,"39,999",20.00%,20741,INVERSIONES,MEDIO_A,CLIENTE_BANCO,19200,BAJO,80%,0,228,703,231,0,0,47,PROPIA,POSGRADO
2.01408E+16,133,APROBADA,CLASICA,APROBADO,BUENO,49999,9.98E+14,0,"40,999",18.00%,60188,INVERSIONES,MEDIO_A,CLIENTE_BANCO,50000,BAJO,82%,0,244,725,1170,337,0,36,HIPOTECA,POSGRADO
2.01408E+16,133,APROBADA,CLASICA,APROBADO,BUENO,49999,9.98E+14,0,"43,499",13.00%,33772,INVERSIONES,ALTO_B,CLIENTE_BANCO,0,BAJO,87%,0,246,723,0,0,0,53,HIPOTECA,PREPARATORIA
2.01408E+16,133,APROBADA,CLASICA,APROBADO,BUENO,49999,9.98E+14,1,"23,500",53.00%,36396,RECIBOS DE NOMINA,ALTO_A,CLIENTE_BANCO,38000,BAJO,47%,0,262,750,26250,0,0,50,FAMILIARES,PREPARATORIA
2.01408E+16,134,APROBADA,CLASICA,APROBADO,REGULAR,49999,9.98E+14,0,"11,000",78.00%,51709,INVERSIONES,MEDIO_A,CLIENTE_BANCO,74000,BAJO,22%,0,220,740,30030,930,0,51,FAMILIARES,POSGRADO
2.01408E+16,134,APROBADA,CLASICA,APROBADO,BUENO,49999,9.98E+14,0,"21,000",58.00%,15003,INVERSIONES,ALTO_A,CLIENTE_BANCO,0,BAJO,42%,0,240,768,0,0,0,58,HIPOTECA,PREPARATORIA
2.01408E+16,135,APROBADA,CLASICA,APROBADO,BUENO,49999,9.98E+14,1,"51,999",-4.00%,21446,INVERSIONES,MEDIO_A,CLIENTE_BANCO,6000,BAJO,104%,0,222,731,406,250,0,33,FAMILIARES,LICENCIATURA
2.01408E+16,136,APROBADA,CLASICA,APROBADO,BUENO,49999,9.98E+14,2,"51,499",-3.00%,84125,INVERSIONES,MEDIO_A,CLIENTE_BANCO,105900,BAJO,103%,0,233,750,14233,1330,0,34,HIPOTECA,LICENCIATURA
2.01408E+16,136,APROBADA,CLASICA,APROBADO,BUENO,49999,9.98E+14,1,"38,499",23.00%,40069,INVERSIONES,ALTO_B,CLIENTE_BANCO,78000,BAJO,77%,0,234,757,2082,0,0,49,HIPOTECA,PREPARATORIA
2.01407E+16,136,APROBADA,CLASICA,APROBADO,BUENO,49999,9.98E+14,1,"30,999",38.00%,32126,INVERSIONES,MEDIO_A,CLIENTE_BANCO,91000,BAJO,62%,0,240,766,0,0,0,25,PROPIA,POSGRADO
2.01408E+16,136,APROBADA,CLASICA,APROBADO,REGULAR,49999,9.98E+14,0,"8,500",83.00%,32563,INVERSIONES,MEDIO_A,CLIENTE_BANCO,23200,BAJO,17%,0,248,746,2875,290,0,48,FAMILIARES,POSGRADO
2.01408E+16,137,APROBADA,CLASICA,APROBADO,REGULAR,49999,9.98E+14,0,"23,000",54.00%,31780,INVERSIONES,MEDIO_A,CLIENTE_BANCO,8300,MEDIO ,46%,0,205,698,7135,0,0,44,PROPIA,POSGRADO
2.01407E+16,138,APROBADA,CLASICA,APROBADO,REGULAR,49999,9.98E+14,0,"18,000",64.00%,24469,INVERSIONES,ALTO_B,CLIENTE_BANCO,24700,BAJO,36%,0,236,774,2653,0,0,57,PROPIA,LICENCIATURA
2.01408E+16,140,APROBADA,CLASICA,APROBADO,BUENO,49999,9.98E+14,0,"21,500",57.00%,56967,INVERSIONES,MEDIO_A,CLIENTE_BANCO,0,BAJO,43%,0,242,767,0,0,0,60,HIPOTECA,PREPARATORIA
2.01408E+16,140,APROBADA,CLASICA,APROBADO,BUENO,49999,9.98E+14,1,"53,499",-7.00%,24843,INVERSIONES,MEDIO_A,CLIENTE_BANCO,14300,BAJO,107%,0,256,723,9194,550,0,50,HIPOTECA,POSGRADO
2.01408E+16,143,APROBADA,CLASICA,APROBADO,BUENO,49999,9.98E+14,2,"43,999",12.00%,23158,INVERSIONES,MEDIO_B,CLIENTE_BANCO,42000,BAJO,88%,0,223,712,0,0,0,51,FAMILIARES,LICENCIATURA
2.01408E+16,143,APROBADA,CLASICA,APROBADO,BUENO,49999,9.98E+14,1,"55,999",-12.00%,19662,INVERSIONES,ALTO_B,CLIENTE_BANCO,0,BAJO,112%,0,260,708,0,0,0,60,PROPIA,POSGRADO
2.01408E+16,144,APROBADA,CLASICA,APROBADO,BUENO,49999,9.98E+14,1,"58,999",-18.00%,42598,INVERSIONES,MEDIO_A,CLIENTE_BANCO,63000,BAJO,118%,0,226,750,29346,1720,0,25,FAMILIARES,POSGRADO
2.01408E+16,144,APROBADA,CLASICA,APROBADO,BUENO,49999,9.98E+14,2,"47,499",5.00%,19303,INVERSIONES,MEDIO_A,CLIENTE_BANCO,25800,BAJO,95%,0,238,705,4472,330,0,51,RENTA,LICENCIATURA
2.01408E+16,145,APROBADA,CLASICA,APROBADO,REGULAR,49999,9.98E+14,2,"56,999",-14.00%,44527,INVERSIONES,ALTO_B,CLIENTE_BANCO,0,MEDIO ,114%,0,217,686,0,0,0,58,PROPIA,PREPARATORIA
2.01408E+16,145,APROBADA,CLASICA,APROBADO,REGULAR,49999,9.98E+14,0,"8,500",83.00%,43183,INVERSIONES,MEDIO_A,CLIENTE_BANCO,0,BAJO,17%,0,230,793,0,0,0,27,RENTA,PREPARATORIA
2.01408E+16,149,APROBADA,CLASICA,APROBADO,BUENO,49999,9.98E+14,1,"44,499",11.00%,15172,RECIBOS DE NOMINA,ALTO_B,CLIENTE_BANCO,8100,BAJO,89%,0,243,731,0,0,0,38,HIPOTECA,POSGRADO
2.01408E+16,149,APROBADA,CLASICA,APROBADO,BUENO,49999,9.98E+14,2,"55,999",-12.00%,63598,INVERSIONES,MEDIO_A,CLIENTE_BANCO,6800,BAJO,112%,0,259,736,0,0,0,40,HIPOTECA,LICENCIATURA
2.01408E+16,150,APROBADA,CLASICA,APROBADO,REGULAR,49999,9.98E+14,1,"17,500",65.00%,18561,INVERSIONES,MEDIO_A,CLIENTE_BANCO,66000,BAJO,35%,0,228,740,17366,0,0,51,RENTA,PREPARATORIA
2.01408E+16,151,APROBADA,CLASICA,APROBADO,REGULAR,49999,9.98E+14,0,"12,000",76.00%,19308,INVERSIONES,ALTO_A,CLIENTE_BANCO,18500,BAJO,24%,0,202,716,0,0,0,40,HIPOTECA,LICENCIATURA
2.01408E+16,152,APROBADA,CLASICA,APROBADO,BUENO,49999,9.98E+14,1,"49,999",0.00%,74532,RECIBOS DE NOMINA,MEDIO_A,CLIENTE_BANCO,50000,BAJO,100%,0,198,704,44339,2720,1,27,FAMILIARES,POSGRADO
2.01408E+16,153,APROBADA,CLASICA,APROBADO,BUENO,49999,9.98E+14,1,"50,999",-2.00%,30729,INVERSIONES,MEDIO_A,CLIENTE_BANCO,37000,BAJO,102%,0,241,742,0,0,0,49,FAMILIARES,LICENCIATURA
2.01408E+16,153,APROBADA,CLASICA,APROBADO,BUENO,49999,9.98E+14,2,"43,999",12.00%,16860,INVERSIONES,MEDIO_A,CLIENTE_BANCO,15000,BAJO,88%,0,262,740,1382,0,0,33,FAMILIARES,PREPARATORIA
2.01408E+16,154,APROBADA,CLASICA,APROBADO,BUENO,49999,9.98E+14,2,"49,999",0.00%,13799,INVERSIONES,ALTO_A,CLIENTE_BANCO,40000,BAJO,100%,0,215,744,2930,500,0,54,PROPIA,LICENCIATURA
2.01408E+16,154,APROBADA,CLASICA,APROBADO,BUENO,49999,9.98E+14,1,"45,499",9.00%,17421,INVERSIONES,ALTO_B,CLIENTE_BANCO,49000,BAJO,91%,0,240,729,0,0,0,57,HIPOTECA,POSGRADO
2.01407E+16,154,APROBADA,CLASICA,APROBADO,REGULAR,49999,9.98E+14,0,"18,000",64.00%,34258,INVERSIONES,ALTO_B,CLIENTE_BANCO,0,BAJO,36%,0,276,774,0,0,0,27,PROPIA,POSGRADO
2.01408E+16,155,APROBADA,CLASICA,APROBADO,BUENO,49999,9.98E+14,2,"26,999",46.00%,22744,RECIBOS DE NOMINA,ALTO_B,CLIENTE_BANCO,0,BAJO,54%,0,197,746,0,0,0,58,FAMILIARES,LICENCIATURA
2.01408E+16,156,APROBADA,CLASICA,APROBADO,BUENO,49999,9.98E+14,2,"43,499",13.00%,58388,INVERSIONES,MEDIO_A,CLIENTE_BANCO,97500,BAJO,87%,0,216,723,33887,1220,0,46,FAMILIARES,SECUNDARIA
2.01407E+16,156,APROBADA,CLASICA,APROBADO,BUENO,49999,9.98E+14,1,"40,499",19.00%,82188,RECIBOS DE NOMINA,ALTO_B,CLIENTE_BANCO,137000,BAJO,81%,0,221,739,0,0,0,50,FAMILIARES,LICENCIATURA
2.01408E+16,156,APROBADA,CLASICA,APROBADO,BUENO,49999,9.98E+14,2,"52,999",-6.00%,23029,INVERSIONES,ALTO_A,CLIENTE_BANCO,68000,BAJO,106%,0,227,754,4495,850,0,56,PROPIA,POSGRADO
2.01408E+16,157,APROBADA,CLASICA,APROBADO,REGULAR,49999,9.98E+14,1,"37,499",25.00%,40294,INVERSIONES,MEDIO_A,CLIENTE_BANCO,43000,MEDIO ,75%,0,197,674,19396,0,0,37,RENTA,POSGRADO
2.01408E+16,157,APROBADA,CLASICA,APROBADO,BUENO,49999,9.98E+14,1,"24,000",52.00%,51289,INVERSIONES,ALTO_A,CLIENTE_BANCO,51000,BAJO,48%,0,223,772,10834,0,0,34,HIPOTECA,POSGRADO
2.01408E+16,158,APROBADA,CLASICA,APROBADO,REGULAR,49999,9.98E+14,1,"46,999",6.00%,44554,INVERSIONES,MEDIO_A,CLIENTE_BANCO,16000,MEDIO ,94%,0,235,673,1870,780,0,47,PROPIA,POSGRADO
2.01407E+16,159,APROBADA,CLASICA,APROBADO,BUENO,49999,9.98E+14,0,"48,499",3.00%,153702,RECIBOS DE NOMINA,ALTO_A,CLIENTE_BANCO,35000,BAJO,97%,0,220,723,26452,440,0,41,PROPIA,LICENCIATURA
2.01408E+16,159,APROBADA,CLASICA,APROBADO,REGULAR,49999,9.98E+14,0,"18,500",63.00%,32564,RECIBOS DE NOMINA,MEDIO_A,CLIENTE_BANCO,49999,BAJO,37%,0,246,773,0,0,0,52,HIPOTECA,LICENCIATURA
2.01408E+16,159,APROBADA,CLASICA,APROBADO,BUENO,49999,9.98E+14,1,"42,499",15.00%,34312,INVERSIONES,MEDIO_A,CLIENTE_BANCO,9600,BAJO,85%,0,260,744,689,0,0,46,HIPOTECA,LICENCIATURA
2.01408E+16,160,APROBADA,CLASICA,APROBADO,BUENO,49999,9.98E+14,2,"40,499",19.00%,55684,INVERSIONES,ALTO_B,CLIENTE_BANCO,38500,BAJO,81%,0,223,719,0,0,0,35,RENTA,POSGRADO
2.01408E+16,161,APROBADA,CLASICA,APROBADO,BUENO,49999,9.98E+14,0,"42,499",15.00%,35311,INVERSIONES,MEDIO_A,CLIENTE_BANCO,54000,BAJO,85%,0,217,707,9823,2850,0,37,FAMILIARES,POSGRADO
2.01408E+16,161,APROBADA,CLASICA,APROBADO,BUENO,49999,9.98E+14,0,"51,999",-4.00%,52856,INVERSIONES,MEDIO_A,CLIENTE_BANCO,9900,BAJO,104%,0,234,740,4378,0,0,51,FAMILIARES,POSGRADO
2.01408E+16,161,APROBADA,CLASICA,APROBADO,REGULAR,49999,9.98E+14,1,"17,500",65.00%,24156,INVERSIONES,ALTO_A,CLIENTE_BANCO,66000,BAJO,35%,0,235,714,7086,830,0,31,PROPIA,LICENCIATURA
2.01408E+16,161,APROBADA,CLASICA,APROBADO,REGULAR,49999,9.98E+14,0,"18,000",64.00%,114900,INVERSIONES,MEDIO_A,CLIENTE_BANCO,50000,BAJO,36%,0,251,740,3662,630,0,54,PROPIA,PREPARATORIA
2.01408E+16,162,APROBADA,CLASICA,APROBADO,BUENO,49999,9.98E+14,0,"43,499",13.00%,31809,INVERSIONES,ALTO_A,CLIENTE_BANCO,70000,BAJO,87%,0,211,711,1609,0,0,30,HIPOTECA,LICENCIATURA
2.01408E+16,162,APROBADA,CLASICA,APROBADO,REGULAR,49999,9.98E+14,0,"20,000",60.00%,18820,INVERSIONES,MEDIO_A,CLIENTE_BANCO,0,BAJO,40%,0,256,770,0,0,0,52,PROPIA,LICENCIATURA
2.01408E+16,163,APROBADA,CLASICA,APROBADO,BUENO,49999,9.98E+14,1,"33,999",32.00%,33474,RECIBOS DE NOMINA,MEDIO_A,CLIENTE_BANCO,73500,BAJO,68%,0,234,761,19860,920,0,60,HIPOTECA,PREPARATORIA
2.01408E+16,163,APROBADA,CLASICA,APROBADO,REGULAR,49999,9.98E+14,0,"18,500",63.00%,49269,INVERSIONES,MEDIO_A,CLIENTE_BANCO,81000,BAJO,37%,0,288,767,4467,1020,0,34,RENTA,POSGRADO
2.01408E+16,165,APROBADA,CLASICA,APROBADO,BUENO,49999,9.98E+14,0,"41,999",16.00%,55758,INVERSIONES,ALTO_A,CLIENTE_BANCO,0,BAJO,84%,0,207,726,0,0,0,47,PROPIA,LICENCIATURA
2.01408E+16,165,APROBADA,CLASICA,APROBADO,BUENO,49999,9.98E+14,1,"57,499",-15.00%,82712,INVERSIONES,ALTO_B,CLIENTE_BANCO,0,BAJO,115%,0,224,705,0,0,0,59,PROPIA,LICENCIATURA
2.01408E+16,165,APROBADA,CLASICA,APROBADO,BUENO,49999,9.98E+14,1,"46,499",7.00%,36995,RECIBOS DE NOMINA,MEDIO_A,CLIENTE_BANCO,33500,BAJO,93%,0,227,740,17129,420,0,42,FAMILIARES,POSGRADO
2.01408E+16,165,APROBADA,CLASICA,APROBADO,BUENO,49999,9.98E+14,2,"56,999",-14.00%,17997,INVERSIONES,MEDIO_A,CLIENTE_BANCO,100000,BAJO,114%,0,235,740,6308,1250,0,28,HIPOTECA,LICENCIATURA
2.01408E+16,165,APROBADA,CLASICA,APROBADO,BUENO,49999,9.98E+14,1,"56,999",-14.00%,45435,INVERSIONES,MEDIO_A,CLIENTE_BANCO,50000,BAJO,114%,0,239,720,6008,630,0,31,RENTA,POSGRADO
2.01408E+16,166,APROBADA,CLASICA,APROBADO,BUENO,49999,9.98E+14,0,"40,999",18.00%,26209,RECIBOS DE NOMINA,ALTO_A,CLIENTE_BANCO,71000,BAJO,82%,0,204,758,0,0,0,53,PROPIA,LICENCIATURA
2.01408E+16,167,APROBADA,CLASICA,APROBADO,BUENO,49999,9.98E+14,2,"48,499",3.00%,34943,RECIBOS DE NOMINA,ALTO_A,CLIENTE_BANCO,40000,BAJO,97%,0,233,703,0,0,0,42,FAMILIARES,PREPARATORIA
2.01408E+16,167,APROBADA,CLASICA,APROBADO,BUENO,49999,9.98E+14,0,"21,000",58.00%,33083,INVERSIONES,ALTO_A,CLIENTE_BANCO,142500,BAJO,42%,0,256,750,10137,0,0,43,HIPOTECA,LICENCIATURA
2.01408E+16,168,APROBADA,CLASICA,APROBADO,REGULAR,49999,9.98E+14,0,"10,500",79.00%,33543,INVERSIONES,MEDIO_A,CLIENTE_BANCO,145500,BAJO,21%,0,229,760,0,0,0,48,PROPIA,PREPARATORIA
2.01408E+16,168,APROBADA,CLASICA,APROBADO,BUENO,49999,9.98E+14,2,"35,999",28.00%,20617,INVERSIONES,MEDIO_A,CLIENTE_BANCO,84000,BAJO,72%,0,258,706,3565,1050,0,41,FAMILIARES,LICENCIATURA
2.01408E+16,168,APROBADA,CLASICA,APROBADO,BUENO,49999,9.98E+14,2,"56,999",-14.00%,42002,RECIBOS DE NOMINA,MEDIO_A,CLIENTE_BANCO,12000,BAJO,114%,0,258,727,5098,300,0,29,PROPIA,POSGRADO
2.01408E+16,169,APROBADA,CLASICA,APROBADO,REGULAR,49999,9.98E+14,0,"19,500",61.00%,16225,INVERSIONES,MEDIO_A,CLIENTE_BANCO,214000,BAJO,39%,0,227,733,43266,2680,0,46,HIPOTECA,POSGRADO
2.01408E+16,169,APROBADA,CLASICA,APROBADO,BUENO,49999,9.98E+14,1,"39,499",21.00%,20351,INVERSIONES,MEDIO_B,NO_CLIENTE,0,BAJO,79%,0,241,741,0,0,0,49,RENTA,PREPARATORIA
2.01408E+16,170,APROBADA,CLASICA,APROBADO,REGULAR,49999,9.98E+14,2,"50,499",-1.00%,53123,INVERSIONES,ALTO_B,CLIENTE_BANCO,0,MEDIO ,101%,0,235,699,0,0,0,38,RENTA,POSGRADO
2.01408E+16,170,APROBADA,CLASICA,APROBADO,BUENO,49999,9.98E+14,0,"31,499",37.00%,21372,INVERSIONES,ALTO_A,CLIENTE_BANCO,75000,BAJO,63%,0,245,779,0,0,0,36,FAMILIARES,PREPARATORIA
2.01408E+16,171,APROBADA,CLASICA,APROBADO,BUENO,49999,9.98E+14,2,"46,499",7.00%,34185,INVERSIONES,MEDIO_A,CLIENTE_BANCO,9900,BAJO,93%,0,222,727,353,0,0,37,HIPOTECA,PREPARATORIA
2.01408E+16,171,APROBADA,CLASICA,APROBADO,BUENO,49999,9.98E+14,1,"47,999",4.00%,9053,INVERSIONES,ALTO_A,CLIENTE_BANCO,13600,BAJO,96%,0,228,721,2617,250,0,29,PROPIA,PREPARATORIA
2.01408E+16,171,APROBADA,CLASICA,APROBADO,REGULAR,49999,9.98E+14,0,"9,000",82.00%,31858,INVERSIONES,MEDIO_A,CLIENTE_BANCO,47000,BAJO,18%,0,231,731,9197,620,0,27,RENTA,PREPARATORIA
2.01408E+16,171,APROBADA,CLASICA,APROBADO,REGULAR,49999,9.98E+14,1,"19,000",62.00%,57936,RECIBOS DE NOMINA,MEDIO_A,CLIENTE_BANCO,154000,BAJO,38%,0,250,741,2341,1188,0,59,PROPIA,POSGRADO
2.01408E+16,172,APROBADA,CLASICA,APROBADO,BUENO,49999,9.98E+14,1,"54,499",-9.00%,7207,INVERSIONES,MEDIO_A,CLIENTE_BANCO,21800,BAJO,109%,0,205,706,13824,710,0,38,FAMILIARES,POSGRADO
2.01408E+16,172,APROBADA,CLASICA,APROBADO,BUENO,49999,9.98E+14,0,"25,499",49.00%,34557,DECLARACION ANUAL,ALTO_B,CLIENTE_BANCO,46000,BAJO,51%,0,218,762,0,0,0,52,PROPIA,LICENCIATURA
2.01408E+16,173,APROBADA,CLASICA,APROBADO,BUENO,49999,9.98E+14,2,"50,499",-1.00%,18124,DECLARACION ANUAL,MEDIO_A,CLIENTE_BANCO,115000,BAJO,101%,0,233,757,91337,0,0,60,FAMILIARES,LICENCIATURA
2.01408E+16,173,APROBADA,CLASICA,APROBADO,BUENO,49999,9.98E+14,1,"39,999",20.00%,22647,INVERSIONES,MEDIO_A,CLIENTE_BANCO,53000,BAJO,80%,0,245,738,0,0,0,54,HIPOTECA,PREPARATORIA
2.01408E+16,174,APROBADA,CLASICA,APROBADO,BUENO,49999,9.98E+14,0,"22,500",55.00%,30043,INVERSIONES,MEDIO_A,CLIENTE_BANCO,0,BAJO,45%,0,198,765,0,0,0,27,PROPIA,PREPARATORIA
2.01407E+16,174,APROBADA,CLASICA,APROBADO,REGULAR,49999,9.98E+14,1,"12,500",75.00%,68455,RECIBOS DE NOMINA,MEDIO_A,CLIENTE_BANCO,15000,BAJO,25%,0,214,750,0,0,0,46,HIPOTECA,LICENCIATURA
2.01408E+16,176,APROBADA,CLASICA,APROBADO,BUENO,49999,9.98E+14,2,"33,999",32.00%,13692,INVERSIONES,MEDIO_A,CLIENTE_BANCO,25000,BAJO,68%,0,212,710,3303,0,0,57,FAMILIARES,POSGRADO
2.01408E+16,176,APROBADA,CLASICA,APROBADO,BUENO,49999,9.98E+14,0,"23,000",54.00%,34865,INVERSIONES,MEDIO_A,CLIENTE_BANCO,50000,BAJO,46%,0,221,740,0,0,0,44,RENTA,PREPARATORIA
2.01408E+16,176,APROBADA,CLASICA,APROBADO,BUENO,49999,9.98E+14,1,"34,999",30.00%,66784,INVERSIONES,MEDIO_A,CLIENTE_BANCO,17000,BAJO,70%,0,259,757,0,0,0,30,PROPIA,LICENCIATURA
2.01408E+16,176,APROBADA,CLASICA,APROBADO,REGULAR,49999,9.98E+14,0,"19,500",61.00%,31435,INVERSIONES,MEDIO_A,CLIENTE_BANCO,10400,BAJO,39%,0,263,756,0,0,0,34,RENTA,POSGRADO
2.01408E+16,177,APROBADA,CLASICA,APROBADO,BUENO,49999,9.98E+14,0,"23,500",53.00%,34568,INVERSIONES,ALTO_B,CLIENTE_BANCO,25000,BAJO,47%,0,224,779,8517,0,0,52,RENTA,PREPARATORIA
2.01408E+16,177,APROBADA,CLASICA,APROBADO,BUENO,49999,9.98E+14,0,"40,999",18.00%,41645,INVERSIONES,MEDIO_A,CLIENTE_BANCO,82500,BAJO,82%,0,227,723,64436,1040,0,60,FAMILIARES,PREPARATORIA
2.01408E+16,178,APROBADA,CLASICA,APROBADO,REGULAR,49999,9.98E+14,0,"24,500",51.00%,30480,INVERSIONES,MEDIO_A,CLIENTE_BANCO,39000,MEDIO ,49%,0,208,668,404,0,0,26,PROPIA,PREPARATORIA
2.01408E+16,178,APROBADA,CLASICA,APROBADO,BUENO,49999,9.98E+14,2,"30,499",39.00%,37524,INVERSIONES,MEDIO_A,CLIENTE_BANCO,31500,BAJO,61%,0,209,727,8553,0,0,57,RENTA,LICENCIATURA
2.01407E+16,178,APROBADA,CLASICA,APROBADO,BUENO,49999,9.98E+14,2,"58,499",-17.00%,55707,INVERSIONES,ALTO_A,CLIENTE_BANCO,72500,BAJO,117%,0,246,761,9069,0,0,27,FAMILIARES,PREPARATORIA
2.01408E+16,179,APROBADA,CLASICA,APROBADO,REGULAR,49999,9.98E+14,3,"58,499",-17.00%,26364,INVERSIONES,ALTO_A,CLIENTE_BANCO,30000,ALTO,117%,0,238,640,3661,380,0,56,HIPOTECA,POSGRADO
2.01408E+16,180,APROBADA,CLASICA,APROBADO,BUENO,49999,9.98E+14,1,"53,999",-8.00%,26770,RECIBOS DE NOMINA,ALTO_A,CLIENTE_BANCO,18000,BAJO,108%,0,238,757,0,0,0,27,HIPOTECA,LICENCIATURA
2.01408E+16,181,APROBADA,CLASICA,APROBADO,REGULAR,49999,9.98E+14,0,"14,500",71.00%,32652,INVERSIONES,ALTO_A,CLIENTE_BANCO,103000,BAJO,29%,0,242,781,0,0,0,46,FAMILIARES,LICENCIATURA
2.01408E+16,182,APROBADA,CLASICA,APROBADO,BUENO,49999,9.98E+14,0,"46,499",7.00%,15292,INVERSIONES,MEDIO_B,NO_CLIENTE,0,BAJO,93%,0,218,717,0,0,0,27,PROPIA,POSGRADO
2.01408E+16,182,APROBADA,CLASICA,APROBADO,REGULAR,49999,9.98E+14,1,"17,500",65.00%,25772,RECIBOS DE NOMINA,ALTO_A,NO_CLIENTE,0,BAJO,35%,0,241,785,0,0,0,54,FAMILIARES,LICENCIATURA
2.01408E+16,182,APROBADA,CLASICA,APROBADO,BUENO,49999,9.98E+14,1,"37,499",25.00%,17650,RECIBOS DE NOMINA,MEDIO_B,NO_CLIENTE,0,BAJO,75%,0,248,745,0,0,0,53,RENTA,POSGRADO
2.01408E+16,182,APROBADA,CLASICA,APROBADO,BUENO,49999,9.98E+14,1,"46,499",7.00%,31795,INVERSIONES,MEDIO_A,CLIENTE_BANCO,25000,BAJO,93%,0,250,740,5069,380,0,58,RENTA,PREPARATORIA
2.01408E+16,182,APROBADA,CLASICA,APROBADO,BUENO,49999,9.98E+14,1,"25,999",48.00%,22837,INVERSIONES,MEDIO_B,CLIENTE_BANCO,0,BAJO,52%,0,258,768,0,0,0,34,HIPOTECA,POSGRADO
2.01407E+16,183,APROBADA,CLASICA,APROBADO,BUENO,49999,9.98E+14,0,"45,999",8.00%,33429,RECIBOS DE NOMINA,ALTO_A,CLIENTE_BANCO,32000,BAJO,92%,0,225,721,31737,560,0,59,PROPIA,LICENCIATURA
2.01408E+16,184,APROBADA,CLASICA,APROBADO,BUENO,49999,9.98E+14,0,"28,499",43.00%,26440,INVERSIONES,MEDIO_A,CLIENTE_BANCO,69000,BAJO,57%,0,226,753,0,0,0,41,RENTA,PREPARATORIA
2.01408E+16,186,APROBADA,CLASICA,APROBADO,REGULAR,49999,9.98E+14,0,"14,500",71.00%,59329,DECLARACION ANUAL,ALTO_A,CLIENTE_BANCO,48000,BAJO,29%,0,265,767,4354,0,0,43,HIPOTECA,LICENCIATURA
2.01408E+16,188,APROBADA,CLASICA,APROBADO,BUENO,49999,9.98E+14,1,"30,999",38.00%,31544,INVERSIONES,ALTO_A,CLIENTE_BANCO,59999,BAJO,62%,0,243,717,9093,9093,0,46,PROPIA,PREPARATORIA
2.01408E+16,190,APROBADA,CLASICA,APROBADO,BUENO,49999,9.98E+14,2,"54,999",-10.00%,25981,RECIBOS DE NOMINA,MEDIO_A,CLIENTE_BANCO,20000,BAJO,110%,0,190,740,6073,390,0,25,RENTA,PREPARATORIA
2.01408E+16,190,APROBADA,CLASICA,APROBADO,REGULAR,49999,9.98E+14,0,"19,500",61.00%,32869,RECIBOS DE NOMINA,ALTO_A,CLIENTE_BANCO,160000,BAJO,39%,0,242,757,7013,0,0,34,HIPOTECA,PREPARATORIA
2.01408E+16,191,APROBADA,CLASICA,APROBADO,REGULAR,49999,9.98E+14,0,"20,000",60.00%,37562,INVERSIONES,MEDIO_A,CLIENTE_BANCO,99000,BAJO,40%,0,247,744,30564,1240,0,38,HIPOTECA,PREPARATORIA
2.01408E+16,191,APROBADA,CLASICA,APROBADO,BUENO,49999,9.98E+14,0,"20,500",59.00%,40373,INVERSIONES,ALTO_A,CLIENTE_BANCO,32000,BAJO,41%,0,249,751,11852,400,0,51,PROPIA,PREPARATORIA
2.01408E+16,191,APROBADA,CLASICA,APROBADO,BUENO,49999,9.98E+14,0,"38,999",22.00%,25122,INVERSIONES,MEDIO_A,CLIENTE_BANCO,89000,BAJO,78%,0,256,744,1385,926,0,55,FAMILIARES,PREPARATORIA
2.01408E+16,191,APROBADA,CLASICA,APROBADO,REGULAR,49999,9.98E+14,1,"16,000",68.00%,31118,INVERSIONES,ALTO_A,CLIENTE_BANCO,0,BAJO,32%,0,265,788,0,0,0,31,RENTA,POSGRADO
2.01408E+16,191,APROBADA,CLASICA,APROBADO,BUENO,49999,9.98E+14,2,"27,999",44.00%,40223,RECIBOS DE NOMINA,MEDIO_A,CLIENTE_BANCO,118000,BAJO,56%,0,275,757,20444,1480,0,35,RENTA,PREPARATORIA
2.01408E+16,193,APROBADA,CLASICA,APROBADO,BUENO,49999,9.98E+14,2,"30,999",38.00%,56167,INVERSIONES,MEDIO_A,CLIENTE_BANCO,3000,BAJO,62%,0,217,737,1712,250,0,59,FAMILIARES,LICENCIATURA
2.01408E+16,193,APROBADA,CLASICA,APROBADO,BUENO,49999,9.98E+14,1,"52,499",-5.00%,47838,INVERSIONES,MEDIO_A,CLIENTE_BANCO,34000,BAJO,105%,0,219,723,1320,0,0,42,PROPIA,PREPARATORIA
2.01408E+16,193,APROBADA,CLASICA,APROBADO,BUENO,49999,9.98E+14,0,"41,499",17.00%,22120,INVERSIONES,ALTO_B,CLIENTE_BANCO,55000,BAJO,83%,0,225,727,150,150,0,58,PROPIA,LICENCIATURA
2.01408E+16,193,APROBADA,CLASICA,APROBADO,REGULAR,49999,9.98E+14,0,"8,500",83.00%,25349,INVERSIONES,MEDIO_A,CLIENTE_BANCO,37000,MEDIO ,17%,0,245,698,301,0,0,41,FAMILIARES,LICENCIATURA
2.01408E+16,194,APROBADA,CLASICA,APROBADO,REGULAR,49999,9.98E+14,0,"16,500",67.00%,41672,INVERSIONES,ALTO_A,CLIENTE_BANCO,7000,BAJO,33%,0,195,779,0,0,0,37,RENTA,LICENCIATURA
2.01408E+16,194,APROBADA,CLASICA,APROBADO,BUENO,49999,9.98E+14,0,"50,499",-1.00%,42055,INVERSIONES,ALTO_A,CLIENTE_BANCO,21300,BAJO,101%,0,238,709,4404,0,0,49,PROPIA,LICENCIATURA
2.01408E+16,194,APROBADA,CLASICA,APROBADO,BUENO,49999,9.98E+14,0,"47,499",5.00%,23832,RECIBOS DE NOMINA,MEDIO_A,CLIENTE_BANCO,129500,BAJO,95%,0,245,737,6653,0,0,35,PROPIA,PREPARATORIA
2.01408E+16,194,APROBADA,CLASICA,APROBADO,REGULAR,49999,9.98E+14,0,"15,500",69.00%,73699,INVERSIONES,ALTO_B,CLIENTE_BANCO,50000,BAJO,31%,0,255,779,0,0,0,40,PROPIA,PREPARATORIA
2.01408E+16,195,APROBADA,CLASICA,APROBADO,REGULAR,49999,9.98E+14,1,"9,000",82.00%,32138,INVERSIONES,MEDIO_A,CLIENTE_BANCO,30000,BAJO,18%,0,223,740,8554,380,0,29,FAMILIARES,PREPARATORIA
2.01408E+16,195,APROBADA,CLASICA,APROBADO,BUENO,49999,9.98E+14,1,"50,999",-2.00%,59577,RECIBOS DE NOMINA,MEDIO_A,CLIENTE_BANCO,66500,BAJO,102%,0,234,712,41972,2110,0,52,PROPIA,LICENCIATURA
2.01408E+16,197,APROBADA,CLASICA,APROBADO,BUENO,49999,9.98E+14,1,"21,500",57.00%,84026,INVERSIONES,ALTO_A,NO_CLIENTE,0,BAJO,43%,3,177,777,0,0,0,34,PROPIA,POSGRADO
2.01408E+16,197,APROBADA,CLASICA,APROBADO,REGULAR,49999,9.98E+14,1,"13,000",74.00%,17107,RECIBOS DE NOMINA,MEDIO_B,NO_CLIENTE,0,BAJO,26%,0,261,794,0,0,0,30,PROPIA,PREPARATORIA
2.01408E+16,198,APROBADA,CLASICA,APROBADO,BUENO,49999,9.98E+14,1,"44,999",10.00%,3653,RECIBOS DE NOMINA,MEDIO_A,CLIENTE_BANCO,104500,BAJO,90%,0,236,744,8062,1310,0,28,FAMILIARES,LICENCIATURA
2.01408E+16,199,APROBADA,CLASICA,APROBADO,BUENO,49999,9.98E+14,1,"26,499",47.00%,31299,INVERSIONES,MEDIO_A,CLIENTE_BANCO,18000,BAJO,53%,0,238,710,3618,250,0,41,HIPOTECA,PREPARATORIA
2.01408E+16,115,APROBADA,CLASICA,APROBADO,BUENO,49000,9.98E+14,0,"26,950",45.00%,10641,RECIBOS DE NOMINA,ALTO_B,NO_CLIENTE,0,BAJO,55%,0,215,755,0,0,0,29,PROPIA,POSGRADO
2.01408E+16,158,APROBADA,CLASICA,APROBADO,REGULAR,49000,9.98E+14,0,"12,740",74.00%,16569,RECIBOS DE NOMINA,MEDIO_A,CLIENTE_BANCO,36000,BAJO,26%,0,221,744,1823,0,0,57,PROPIA,LICENCIATURA
2.01408E+16,112,APROBADA,CLASICA,APROBADO,BUENO,48999,9.98E+14,0,"25,479",48.00%,15086,INVERSIONES,MEDIO_A,CLIENTE_BANCO,20500,BAJO,52%,0,213,733,2905,0,0,25,RENTA,PREPARATORIA
2.01408E+16,174,APROBADA,CLASICA,APROBADO,BUENO,48999,9.98E+14,0,"34,789",29.00%,17829,RECIBOS DE NOMINA,MEDIO_B,CLIENTE_BANCO,24500,BAJO,71%,0,241,739,2177,310,0,34,FAMILIARES,POSGRADO
2.01408E+16,191,APROBADA,CLASICA,APROBADO,BUENO,48999,9.98E+14,0,"25,479",48.00%,19069,INVERSIONES,MEDIO_A,CLIENTE_BANCO,44000,BAJO,52%,0,199,733,5012,328,0,39,PROPIA,POSGRADO
2.01408E+16,185,APROBADA,CLASICA,APROBADO,BUENO,48599,9.98E+14,0,9720,13.00%,31809,INVERSIONES,MEDIO_A,CLIENTE_BANCO,70000,BAJO,87%,0,211,711,1609,0,0,30,PROPIA,LICENCIATURA
2.01407E+16,207,APROBADA,CLASICA,APROBADO,BUENO,48399,9.98E+14,0,8067,3.00%,153702,RECIBOS DE NOMINA,ALTO_A,CLIENTE_BANCO,35000,BAJO,97%,0,220,723,26452,440,0,41,PROPIA,LICENCIATURA
2.01408E+16,161,APROBADA,CLASICA,APROBADO,BUENO,48199,9.98E+14,1,6025,14.00%,24658,INVERSIONES,MEDIO_A,CLIENTE_BANCO,33500,BAJO,0.86,0,225,750,2243,420,0,56,PROPIA,LICENCIATURA
2.01408E+16,213,APROBADA,CLASICA,APROBADO,BUENO,48199,9.98E+14,0,8033,49.00%,34557,DECLARACION ANUAL,ALTO_B,CLIENTE_BANCO,46000,BAJO,51%,0,218,762,0,0,0,52,PROPIA,LICENCIATURA
2.01408E+16,102,APROBADA,CLASICA,APROBADO,REGULAR,48000,9.98E+14,0,"8,640",82.00%,36623,RECIBOS DE NOMINA,MEDIO_A,CLIENTE_BANCO,41500,BAJO,18%,0,239,744,8719,520,0,26,RENTA,LICENCIATURA
2.01406E+16,115,APROBADA,CLASICA,APROBADO,REGULAR,48000,9.98E+14,0,"16,800",65.00%,26224,INVERSIONES,MEDIO_A,CLIENTE_BANCO,0,BAJO,35%,0,190,775,0,0,0,36,PROPIA,POSGRADO
2.01408E+16,121,APROBADA,CLASICA,APROBADO,BUENO,48000,9.98E+14,0,"43,200",10.00%,18865,RECIBOS DE NOMINA,ALTO_A,NO_CLIENTE,0,BAJO,90%,0,203,720,0,0,0,39,HIPOTECA,LICENCIATURA
2.01408E+16,141,APROBADA,CLASICA,APROBADO,REGULAR,48000,9.98E+14,1,"18,720",61.00%,22699,RECIBOS DE NOMINA,ALTO_A,NO_CLIENTE,0,BAJO,39%,0,236,781,0,0,0,38,HIPOTECA,POSGRADO
2.01408E+16,182,APROBADA,CLASICA,APROBADO,BUENO,47699,9.98E+14,0,5962,13.00%,31809,INVERSIONES,MEDIO_A,CLIENTE_BANCO,70000,BAJO,0.87,0,211,711,1609,0,0,30,PROPIA,LICENCIATURA
2.01408E+16,150,APROBADA,CLASICA,APROBADO,BUENO,47599,9.98E+14,0,7933,56.00%,23892,INVERSIONES,MEDIO_A,NO_CLIENTE,0,BAJO,0.44,0,226,766,0,0,0,58,PROPIA,LICENCIATURA
2.01408E+16,146,APROBADA,CLASICA,APROBADO,BUENO,47499,9.98E+14,0,5937,51.00%,32450,INVERSIONES,MEDIO_A,CLIENTE_BANCO,59500,BAJO,49%,0,244,750,483,483,0,46,PROPIA,LICENCIATURA
2.01408E+16,137,APROBADA,CLASICA,APROBADO,BUENO,47399,9.98E+14,1,7900,18.00%,41047,INVERSIONES,MEDIO_A,CLIENTE_BANCO,20400,BAJO,82%,0,209,767,0,0,0,40,PROPIA,LICENCIATURA
2.01408E+16,192,APROBADA,CLASICA,APROBADO,BUENO,47299,9.98E+14,0,7883,18.00%,26209,RECIBOS DE NOMINA,ALTO_A,CLIENTE_BANCO,71000,BAJO,82%,0,204,758,0,0,0,53,PROPIA,LICENCIATURA
2.01408E+16,153,APROBADA,CLASICA,APROBADO,BUENO,47199,9.98E+14,1,7867,45.00%,30279,RECIBOS DE NOMINA,MEDIO_A,NO_CLIENTE,0,BAJO,0.55,0,211,755,0,0,0,33,PROPIA,LICENCIATURA
2.01408E+16,150,APROBADA,CLASICA,APROBADO,BUENO,47001,9.98E+14,0,"46,531",1.00%,28415,INVERSIONES,ALTO_A,CLIENTE_BANCO,15400,BAJO,99%,0,269,757,6533,250,0,41,PROPIA,LICENCIATURA
2.01408E+16,107,APROBADA,CLASICA,APROBADO,REGULAR,47000,9.98E+14,0,"15,510",67.00%,30643,RECIBOS DE NOMINA,MEDIO_A,CLIENTE_BANCO,2,BAJO,33%,0,203,777,0,0,0,34,HIPOTECA,LICENCIATURA
2.01408E+16,134,APROBADA,CLASICA,APROBADO,BUENO,47000,9.98E+14,1,"48,410",-3.00%,46799,RECIBOS DE NOMINA,MEDIO_B,NO_CLIENTE,0,BAJO,103%,0,218,717,0,0,0,31,PROPIA,PREPARATORIA
2.01406E+16,165,APROBADA,CLASICA,APROBADO,REGULAR,47000,9.98E+14,0,"12,220",74.00%,26025,RECIBOS DE NOMINA,MEDIO_A,CLIENTE_BANCO,0,BAJO,26%,0,263,784,0,0,0,28,PROPIA,POSGRADO
2.01408E+16,118,APROBADA,CLASICA,APROBADO,BUENO,46999,9.98E+14,0,"20,210",57.00%,18897,INVERSIONES,ALTO_A,NO_CLIENTE,0,BAJO,43%,0,237,767,0,0,0,40,PROPIA,LICENCIATURA
2.01408E+16,142,APROBADA,CLASICA,APROBADO,REGULAR,46999,9.98E+14,0,"21,150",55.00%,4236,INVERSIONES,MEDIO_A,CLIENTE_BANCO,18700,MEDIO ,45%,0,195,694,16424,790,0,33,HIPOTECA,PREPARATORIA
2.01408E+16,167,APROBADA,CLASICA,APROBADO,BUENO,46999,9.98E+14,0,"37,129",21.00%,17039,RECIBOS DE NOMINA,MEDIO_A,CLIENTE_BANCO,20000,BAJO,79%,0,194,740,1777,0,0,36,PROPIA,PREPARATORIA
2.01408E+16,191,APROBADA,CLASICA,APROBADO,BUENO,46999,9.98E+14,0,6714,58.00%,33083,INVERSIONES,MEDIO_A,CLIENTE_BANCO,142500,BAJO,0.42,0,256,750,10137,0,0,43,PROPIA,LICENCIATURA
2.01408E+16,203,APROBADA,CLASICA,APROBADO,BUENO,46999,9.98E+14,0,6714,16.00%,55758,INVERSIONES,MEDIO_B,CLIENTE_BANCO,0,BAJO,84%,0,207,726,0,0,0,47,PROPIA,LICENCIATURA
2.01408E+16,150,APROBADA,CLASICA,APROBADO,BUENO,46799,9.98E+14,0,6686,14.00%,24658,INVERSIONES,MEDIO_A,CLIENTE_BANCO,33500,BAJO,86%,0,225,750,2243,420,0,56,PROPIA,LICENCIATURA
2.01408E+16,137,APROBADA,CLASICA,APROBADO,BUENO,46099,9.98E+14,0,6586,53.00%,11533,INVERSIONES,MEDIO_A,CLIENTE_BANCO,54000,BAJO,0.47,0,272,714,0,0,0,54,PROPIA,LICENCIATURA
2.01408E+16,123,APROBADA,CLASICA,APROBADO,BUENO,46000,9.98E+14,2,"26,220",43.00%,18116,RECIBOS DE NOMINA,ALTO_B,NO_CLIENTE,0,BAJO,57%,0,197,743,0,0,0,33,HIPOTECA,LICENCIATURA
2.01408E+16,115,APROBADA,CLASICA,APROBADO,REGULAR,45999,9.98E+14,2,"46,459",-1.00%,18144,INVERSIONES,MEDIO_B,NO_CLIENTE,0,MEDIO ,101%,0,229,699,0,0,0,31,FAMILIARES,LICENCIATURA
2.01408E+16,120,APROBADA,CLASICA,APROBADO,BUENO,45999,9.98E+14,1,"39,099",15.00%,17543,INVERSIONES,MEDIO_A,CLIENTE_BANCO,4000,BAJO,85%,0,229,723,348,0,0,29,PROPIA,PREPARATORIA
2.01408E+16,163,APROBADA,CLASICA,APROBADO,REGULAR,45999,9.98E+14,1,"9,200",80.00%,17982,INVERSIONES,MEDIO_A,CLIENTE_BANCO,4002,BAJO,20%,0,260,740,162,162,0,48,HIPOTECA,PREPARATORIA
2.01407E+16,183,APROBADA,CLASICA,APROBADO,BUENO,45999,9.98E+14,1,"44,159",4.00%,20244,RECIBOS DE NOMINA,MEDIO_A,CLIENTE_BANCO,33500,BAJO,96%,0,244,737,7267,420,0,31,PROPIA,LICENCIATURA
2.01408E+16,125,APROBADA,CLASICA,APROBADO,BUENO,45999,9.98E+14,1,6571,53.00%,11533,INVERSIONES,MEDIO_A,CLIENTE_BANCO,54000,BAJO,47%,0,272,714,0,0,0,54,PROPIA,LICENCIATURA
2.01408E+16,198,APROBADA,CLASICA,APROBADO,BUENO,45900,9.98E+14,1,5738,31.00%,31472,RECIBOS DE NOMINA,MEDIO_A,CLIENTE_BANCO,15008,BAJO,69%,0,224,740,6354,250,0,43,PROPIA,LICENCIATURA
2.01408E+16,228,APROBADA,CLASICA,APROBADO,BUENO,45500,9.98E+14,1,9100,37.00%,13115,RECIBOS DE NOMINA,MEDIO_A,CLIENTE_BANCO,4999,BAJO,0.63,0,219,706,598,250,0,28,PROPIA,LICENCIATURA
2.01408E+16,157,APROBADA,CLASICA,APROBADO,BUENO,45099,9.98E+14,0,7517,54.00%,33027,RECIBOS DE NOMINA,ALTO_A,CLIENTE_BANCO,0,BAJO,0.46,0,232,764,0,0,0,57,PROPIA,LICENCIATURA
2.01408E+16,120,APROBADA,CLASICA,APROBADO,REGULAR,45000,9.98E+14,0,"12,600",72.00%,0,RECIBOS DE NOMINA,ALTO_B,NO_CLIENTE,0,BAJO,28%,0,216,782,0,0,0,42,HIPOTECA,POSGRADO
2.01408E+16,151,APROBADA,CLASICA,APROBADO,REGULAR,45000,9.98E+14,0,"11,700",74.00%,15598,RECIBOS DE NOMINA,ALTO_B,CLIENTE_BANCO,0,BAJO,26%,0,241,784,0,0,0,54,FAMILIARES,POSGRADO
2.01408E+16,158,APROBADA,CLASICA,APROBADO,REGULAR,45000,9.98E+14,0,"11,250",75.00%,17334,RECIBOS DE NOMINA,ALTO_B,CLIENTE_BANCO,0,BAJO,25%,0,209,785,0,0,0,47,PROPIA,PREPARATORIA
2.01408E+16,164,APROBADA,CLASICA,APROBADO,BUENO,45000,9.98E+14,1,"47,700",-6.00%,12515,RECIBOS DE NOMINA,MEDIO_A,CLIENTE_BANCO,0,BAJO,106%,0,263,714,0,0,0,52,FAMILIARES,LICENCIATURA
2.01408E+16,167,APROBADA,CLASICA,APROBADO,BUENO,45000,9.98E+14,2,"34,200",24.00%,17274,RECIBOS DE NOMINA,MEDIO_A,CLIENTE_BANCO,0,BAJO,76%,0,251,724,0,0,0,56,RENTA,PREPARATORIA
2.01408E+16,174,APROBADA,CLASICA,APROBADO,BUENO,45000,9.98E+14,2,"29,700",34.00%,9511,RECIBOS DE NOMINA,MEDIO_A,CLIENTE_BANCO,0,BAJO,66%,0,261,734,0,0,0,60,FAMILIARES,PREPARATORIA
2.01408E+16,182,APROBADA,CLASICA,APROBADO,BUENO,45000,9.98E+14,0,"19,350",57.00%,23009,RECIBOS DE NOMINA,MEDIO_A,CLIENTE_BANCO,6200,BAJO,43%,0,215,711,4939,250,0,52,RENTA,PREPARATORIA
2.01408E+16,189,APROBADA,CLASICA,APROBADO,BUENO,45000,9.98E+14,1,"46,800",-4.00%,10021,RECIBOS DE NOMINA,MEDIO_A,CLIENTE_BANCO,0,BAJO,104%,0,277,716,0,0,0,46,HIPOTECA,POSGRADO
2.01407E+16,195,APROBADA,CLASICA,APROBADO,BUENO,45000,9.98E+14,1,"29,700",34.00%,22852,RECIBOS DE NOMINA,MEDIO_A,CLIENTE_BANCO,0,BAJO,66%,0,232,754,0,0,0,60,PROPIA,POSGRADO
2.01408E+16,111,APROBADA,CLASICA,APROBADO,BUENO,44999,9.98E+14,1,"50,399",-12.00%,18963,INVERSIONES,ALTO_A,CLIENTE_BANCO,10000,BAJO,112%,0,242,762,0,0,0,31,FAMILIARES,LICENCIATURA
2.01408E+16,121,APROBADA,CLASICA,APROBADO,REGULAR,44999,9.98E+14,0,"10,350",77.00%,16482,INVERSIONES,MEDIO_A,CLIENTE_BANCO,4002,BAJO,23%,0,217,723,2541,250,0,30,PROPIA,PREPARATORIA
2.01408E+16,177,APROBADA,CLASICA,APROBADO,BUENO,44299,9.98E+14,1,8860,23.00%,33594,INVERSIONES,MEDIO_A,CLIENTE_BANCO,30000,BAJO,77%,0,218,723,427,0,0,56,PROPIA,LICENCIATURA
2.01408E+16,219,APROBADA,CLASICA,APROBADO,BUENO,44200,9.98E+14,0,8840,37.00%,13115,RECIBOS DE NOMINA,MEDIO_A,CLIENTE_BANCO,4999,BAJO,63%,0,219,706,598,250,0,28,PROPIA,LICENCIATURA
2.01408E+16,140,APROBADA,CLASICA,APROBADO,BUENO,44099,9.98E+14,1,5512,18.00%,41047,INVERSIONES,MEDIO_A,CLIENTE_BANCO,20400,BAJO,0.82,0,209,767,0,0,0,40,PROPIA,LICENCIATURA
2.01408E+16,175,APROBADA,CLASICA,APROBADO,BUENO,44099,9.98E+14,0,6300,23.00%,33594,INVERSIONES,MEDIO_A,CLIENTE_BANCO,30000,BAJO,0.77,0,218,723,427,0,0,56,PROPIA,LICENCIATURA
2.01408E+16,134,APROBADA,CLASICA,APROBADO,REGULAR,44000,9.98E+14,0,"16,720",62.00%,17974,RECIBOS DE NOMINA,MEDIO_A,NO_CLIENTE,0,BAJO,38%,0,204,772,0,0,0,45,HIPOTECA,POSGRADO
2.01408E+16,144,APROBADA,CLASICA,APROBADO,BUENO,44000,9.98E+14,2,"25,960",41.00%,14752,INVERSIONES,ALTO_B,CLIENTE_BANCO,0,BAJO,59%,0,241,741,0,0,0,59,PROPIA,PREPARATORIA
2.01408E+16,109,APROBADA,CLASICA,APROBADO,BUENO,43999,9.98E+14,2,"41,799",5.00%,14269,RECIBOS DE NOMINA,ALTO_A,CLIENTE_BANCO,28000,BAJO,95%,0,221,754,0,0,0,39,FAMILIARES,LICENCIATURA
2.01408E+16,153,APROBADA,CLASICA,APROBADO,REGULAR,43999,9.98E+14,0,"40,919",7.00%,27919,INVERSIONES,MEDIO_A,CLIENTE_BANCO,34500,MEDIO ,93%,0,225,691,6590,880,0,41,HIPOTECA,POSGRADO
2.01408E+16,184,APROBADA,CLASICA,APROBADO,BUENO,43999,9.98E+14,2,"41,359",6.00%,16079,INVERSIONES,ALTO_A,CLIENTE_BANCO,34000,BAJO,94%,0,203,757,0,0,0,28,HIPOTECA,LICENCIATURA
2.01408E+16,198,APROBADA,CLASICA,APROBADO,BUENO,43999,9.98E+14,0,"37,839",14.00%,28633,INVERSIONES,ALTO_A,NO_CLIENTE,0,BAJO,86%,0,218,724,0,0,0,58,HIPOTECA,LICENCIATURA
2.01407E+16,181,APROBADA,CLASICA,APROBADO,BUENO,43799,9.98E+14,1,5475,3.00%,153702,RECIBOS DE NOMINA,ALTO_A,CLIENTE_BANCO,35000,BAJO,0.97,0,220,723,26452,440,0,41,PROPIA,LICENCIATURA
2.01408E+16,221,APROBADA,CLASICA,APROBADO,BUENO,43799,9.98E+14,0,6257,-1.00%,42055,INVERSIONES,MEDIO_B,CLIENTE_BANCO,21300,BAJO,1.01,0,238,709,4404,0,0,49,PROPIA,LICENCIATURA
2.01408E+16,201,APROBADA,CLASICA,APROBADO,BUENO,43799,9.98E+14,0,6257,58.00%,33083,INVERSIONES,MEDIO_A,CLIENTE_BANCO,142500,BAJO,42%,0,256,750,10137,0,0,43,PROPIA,LICENCIATURA
2.01408E+16,225,APROBADA,CLASICA,APROBADO,BUENO,43799,9.98E+14,0,7300,-1.00%,42055,INVERSIONES,MEDIO_B,CLIENTE_BANCO,21300,BAJO,101%,0,238,709,4404,0,0,49,PROPIA,LICENCIATURA
2.01408E+16,199,APROBADA,CLASICA,APROBADO,BUENO,43699,9.98E+14,0,8740,49.00%,34557,DECLARACION ANUAL,ALTO_B,CLIENTE_BANCO,46000,BAJO,0.51,0,218,762,0,0,0,52,PROPIA,LICENCIATURA
2.01408E+16,242,APROBADA,CLASICA,APROBADO,BUENO,43399,9.98E+14,0,7233,17.00%,22120,INVERSIONES,ALTO_B,CLIENTE_BANCO,55000,BAJO,0.83,0,225,727,150,150,0,58,PROPIA,LICENCIATURA
2.01408E+16,239,APROBADA,CLASICA,APROBADO,BUENO,43399,9.98E+14,1,6200,17.00%,22120,INVERSIONES,ALTO_B,CLIENTE_BANCO,55000,BAJO,83%,0,225,727,150,150,0,58,PROPIA,LICENCIATURA
2.01408E+16,174,APROBADA,CLASICA,APROBADO,BUENO,43299,9.98E+14,1,7217,54.00%,33027,RECIBOS DE NOMINA,ALTO_A,CLIENTE_BANCO,0,BAJO,46%,0,232,764,0,0,0,57,PROPIA,LICENCIATURA
2.01406E+16,127,APROBADA,CLASICA,APROBADO,BUENO,43000,9.98E+14,0,"22,790",47.00%,15271,RECIBOS DE NOMINA,MEDIO_A,CLIENTE_BANCO,111000,BAJO,53%,0,179,723,6151,730,0,49,PROPIA,POSGRADO
2.01408E+16,114,APROBADA,CLASICA,APROBADO,REGULAR,42999,9.98E+14,0,"7,740",82.00%,15672,RECIBOS DE NOMINA,MEDIO_A,NO_CLIENTE,0,BAJO,18%,0,245,792,0,0,0,56,RENTA,LICENCIATURA
2.01408E+16,188,APROBADA,CLASICA,APROBADO,REGULAR,42999,9.98E+14,0,"7,740",82.00%,15892,INVERSIONES,MEDIO_A,CLIENTE_BANCO,24200,BAJO,18%,0,207,740,2197,0,0,58,HIPOTECA,PREPARATORIA
2.01408E+16,193,APROBADA,CLASICA,APROBADO,BUENO,42999,9.98E+14,1,8600,16.00%,55758,INVERSIONES,MEDIO_B,CLIENTE_BANCO,0,BAJO,0.84,0,207,726,0,0,0,47,PROPIA,LICENCIATURA
2.01407E+16,210,APROBADA,CLASICA,APROBADO,BUENO,42999,9.98E+14,1,6143,8.00%,33429,RECIBOS DE NOMINA,MEDIO_A,CLIENTE_BANCO,32000,BAJO,92%,0,225,721,31737,560,0,59,PROPIA,LICENCIATURA
2.01408E+16,223,APROBADA,CLASICA,APROBADO,BUENO,42900,9.98E+14,1,7150,0.00%,79162,RECIBOS DE NOMINA,MEDIO_A,CLIENTE_BANCO,50001,BAJO,100%,0,214,714,34630,1310,0,52,PROPIA,LICENCIATURA
2.01408E+16,163,APROBADA,CLASICA,APROBADO,BUENO,42899,9.98E+14,1,8580,57.00%,18897,INVERSIONES,ALTO_A,NO_CLIENTE,0,BAJO,43%,0,237,767,0,0,0,40,PROPIA,LICENCIATURA
2.01408E+16,106,APROBADA,CLASICA,APROBADO,BUENO,42000,9.98E+14,1,"47,880",-14.00%,14191,RECIBOS DE NOMINA,MEDIO_A,CLIENTE_BANCO,48000,BAJO,114%,0,252,740,15267,600,0,41,FAMILIARES,PREPARATORIA
2.01408E+16,142,APROBADA,CLASICA,APROBADO,BUENO,42000,9.98E+14,1,"31,920",24.00%,27363,RECIBOS DE NOMINA,MEDIO_B,NO_CLIENTE,0,BAJO,76%,0,225,744,0,0,0,28,PROPIA,LICENCIATURA
2.01408E+16,186,APROBADA,CLASICA,APROBADO,REGULAR,42000,9.98E+14,0,"9,240",78.00%,12371,RECIBOS DE NOMINA,ALTO_A,CLIENTE_BANCO,0,BAJO,22%,0,243,788,0,0,0,36,RENTA,LICENCIATURA
2.01408E+16,190,APROBADA,CLASICA,APROBADO,REGULAR,42000,9.98E+14,2,"42,420",-1.00%,23463,RECIBOS DE NOMINA,MEDIO_B,NO_CLIENTE,0,MEDIO ,101%,0,216,699,0,0,0,57,PROPIA,LICENCIATURA
2.01408E+16,238,APROBADA,CLASICA,APROBADO,BUENO,42000,9.98E+14,0,8400,0.00%,79162,RECIBOS DE NOMINA,MEDIO_A,CLIENTE_BANCO,50001,BAJO,1,0,214,714,34630,1310,0,52,PROPIA,LICENCIATURA
2.01408E+16,154,APROBADA,CLASICA,APROBADO,BUENO,41999,9.98E+14,0,"31,499",25.00%,15230,INVERSIONES,MEDIO_B,NO_CLIENTE,0,BAJO,75%,0,212,735,0,0,0,31,HIPOTECA,POSGRADO
2.01408E+16,195,APROBADA,CLASICA,APROBADO,BUENO,41800,9.98E+14,1,5971,31.00%,31472,RECIBOS DE NOMINA,MEDIO_A,CLIENTE_BANCO,15008,BAJO,0.69,0,224,740,6354,250,0,43,PROPIA,LICENCIATURA
2.01408E+16,150,APROBADA,CLASICA,APROBADO,BUENO,41699,9.98E+14,0,6950,56.00%,23892,INVERSIONES,MEDIO_A,NO_CLIENTE,0,BAJO,44%,0,226,766,0,0,0,58,PROPIA,LICENCIATURA
2.01408E+16,181,APROBADA,CLASICA,APROBADO,BUENO,41201,9.98E+14,1,8240,1.00%,28415,INVERSIONES,MEDIO_A,CLIENTE_BANCO,15400,BAJO,0.99,0,269,757,6533,250,0,41,PROPIA,LICENCIATURA
2.01408E+16,108,APROBADA,CLASICA,APROBADO,BUENO,41000,9.98E+14,2,"38,540",6.00%,24671,RECIBOS DE NOMINA,MEDIO_A,CLIENTE_BANCO,34400,BAJO,94%,0,232,723,12932,320,0,38,HIPOTECA,LICENCIATURA
2.01408E+16,112,APROBADA,CLASICA,APROBADO,BUENO,41000,9.98E+14,1,"16,810",59.00%,15020,RECIBOS DE NOMINA,MEDIO_A,CLIENTE_BANCO,35500,BAJO,41%,0,234,747,148,0,0,58,FAMILIARES,POSGRADO
2.01406E+16,123,APROBADA,CLASICA,APROBADO,BUENO,41000,9.98E+14,0,"22,550",45.00%,21256,INVERSIONES,ALTO_B,CLIENTE_BANCO,0,BAJO,55%,0,167,755,0,0,0,45,PROPIA,PREPARATORIA
2.01408E+16,111,APROBADA,CLASICA,APROBADO,REGULAR,40999,9.98E+14,0,"9,020",78.00%,35956,INVERSIONES,MEDIO_A,CLIENTE_BANCO,84500,BAJO,22%,0,250,750,19078,1060,0,44,HIPOTECA,PREPARATORIA
2.01408E+16,121,APROBADA,CLASICA,APROBADO,BUENO,40999,9.98E+14,1,"43,049",-5.00%,12186,RECIBOS DE NOMINA,ALTO_B,CLIENTE_BANCO,73500,BAJO,105%,0,257,715,0,0,0,51,PROPIA,PREPARATORIA
2.01408E+16,157,APROBADA,CLASICA,APROBADO,REGULAR,40999,9.98E+14,0,"9,430",77.00%,11372,RECIBOS DE NOMINA,MEDIO_A,NO_CLIENTE,0,BAJO,23%,0,230,787,0,0,0,59,RENTA,POSGRADO
2.01408E+16,143,APROBADA,CLASICA,APROBADO,BUENO,40999,9.98E+14,0,5125,57.00%,18897,INVERSIONES,ALTO_A,NO_CLIENTE,0,BAJO,0.43,0,237,767,0,0,0,40,PROPIA,LICENCIATURA
2.01408E+16,132,APROBADA,CLASICA,APROBADO,BUENO,40999,9.98E+14,1,5125,45.00%,30279,RECIBOS DE NOMINA,MEDIO_A,NO_CLIENTE,0,BAJO,55%,0,211,755,0,0,0,33,PROPIA,LICENCIATURA
2.01408E+16,199,APROBADA,CLASICA,APROBADO,BUENO,40901,9.98E+14,1,6817,1.00%,28415,INVERSIONES,MEDIO_A,CLIENTE_BANCO,15400,BAJO,99%,0,269,757,6533,250,0,41,PROPIA,LICENCIATURA
2.01408E+16,149,APROBADA,CLASICA,APROBADO,BUENO,40899,9.98E+14,1,6817,51.00%,32450,INVERSIONES,MEDIO_A,CLIENTE_BANCO,59500,BAJO,0.49,0,244,750,483,483,0,46,PROPIA,LICENCIATURA
2.01407E+16,212,APROBADA,CLASICA,APROBADO,BUENO,40899,9.98E+14,1,5112,8.00%,33429,RECIBOS DE NOMINA,MEDIO_A,CLIENTE_BANCO,32000,BAJO,0.92,0,225,721,31737,560,0,59,PROPIA,LICENCIATURA
2.01408E+16,161,APROBADA,CLASICA,APROBADO,BUENO,40700,9.98E+14,1,8140,10.00%,18865,RECIBOS DE NOMINA,MEDIO_B,NO_CLIENTE,0,BAJO,0.9,0,203,720,0,0,0,39,PROPIA,LICENCIATURA
2.01408E+16,202,APROBADA,CLASICA,APROBADO,BUENO,40499,9.98E+14,0,5786,18.00%,26209,RECIBOS DE NOMINA,ALTO_A,CLIENTE_BANCO,71000,BAJO,0.82,0,204,758,0,0,0,53,PROPIA,LICENCIATURA
2.01408E+16,102,APROBADA,CLASICA,APROBADO,REGULAR,40000,9.98E+14,1,"6,800",83.00%,29445,RECIBOS DE NOMINA,ALTO_B,CLIENTE_BANCO,41000,BAJO,17%,0,234,803,0,0,0,56,PROPIA,LICENCIATURA
2.01407E+16,112,APROBADA,CLASICA,APROBADO,BUENO,40000,9.98E+14,1,"32,800",18.00%,8864,INVERSIONES,MEDIO_B,NO_CLIENTE,0,BAJO,82%,0,220,738,0,0,0,52,FAMILIARES,POSGRADO
2.01408E+16,125,APROBADA,CLASICA,APROBADO,REGULAR,40000,9.98E+14,2,"47,600",-19.00%,0,RECIBOS DE NOMINA,MEDIO_A,NO_CLIENTE,0,MEDIO ,119%,0,223,681,0,0,0,50,HIPOTECA,POSGRADO
2.01408E+16,129,APROBADA,CLASICA,APROBADO,BUENO,40000,9.98E+14,0,"19,200",52.00%,13601,RECIBOS DE NOMINA,MEDIO_A,CLIENTE_BANCO,22800,BAJO,48%,0,228,727,2700,250,0,39,RENTA,POSGRADO
2.01408E+16,139,APROBADA,CLASICA,APROBADO,BUENO,40000,9.98E+14,2,"22,400",44.00%,22077,RECIBOS DE NOMINA,MEDIO_A,CLIENTE_BANCO,29000,BAJO,56%,0,227,714,15539,900,0,39,FAMILIARES,PREPARATORIA
2.01408E+16,140,APROBADA,CLASICA,APROBADO,REGULAR,40000,9.98E+14,0,"14,000",65.00%,42216,RECIBOS DE NOMINA,ALTO_A,CLIENTE_BANCO,663000,BAJO,35%,0,245,727,109377,17880,0,29,PROPIA,POSGRADO
2.01408E+16,166,APROBADA,CLASICA,APROBADO,BUENO,40000,9.98E+14,2,"25,200",37.00%,3330,RECIBOS DE NOMINA,MEDIO_A,CLIENTE_BANCO,27500,BAJO,63%,0,227,750,1209,0,0,29,RENTA,PREPARATORIA
2.01407E+16,168,APROBADA,CLASICA,APROBADO,REGULAR,40000,9.98E+14,0,"11,200",72.00%,250000,RECIBOS DE NOMINA,ALTO_A,CLIENTE_BANCO,200000,BAJO,28%,0,242,740,83634,2500,0,45,FAMILIARES,LICENCIATURA
2.01408E+16,177,APROBADA,CLASICA,APROBADO,REGULAR,40000,9.98E+14,2,"43,200",-8.00%,15131,RECIBOS DE NOMINA,MEDIO_A,CLIENTE_BANCO,5004,MEDIO ,108%,0,204,698,2659,0,0,43,RENTA,PREPARATORIA
2.01408E+16,197,APROBADA,CLASICA,APROBADO,REGULAR,40000,9.98E+14,3,"47,200",-18.00%,26448,RECIBOS DE NOMINA,MEDIO_A,CLIENTE_BANCO,77000,ALTO,118%,0,247,640,5756,580,0,60,HIPOTECA,PREPARATORIA
2.01408E+16,153,APROBADA,CLASICA,APROBADO,BUENO,40000,9.98E+14,1,8000,10.00%,18865,RECIBOS DE NOMINA,MEDIO_B,NO_CLIENTE,0,BAJO,90%,0,203,720,0,0,0,39,PROPIA,LICENCIATURA
2.01408E+16,102,APROBADA,CLASICA,APROBADO,BUENO,39999,9.98E+14,1,"31,999",20.00%,24186,INVERSIONES,MEDIO_A,CLIENTE_BANCO,64000,BAJO,80%,0,222,740,1953,0,0,46,PROPIA,POSGRADO
2.01408E+16,105,APROBADA,CLASICA,APROBADO,REGULAR,39999,9.98E+14,1,"8,800",78.00%,31797,INVERSIONES,MEDIO_A,CLIENTE_BANCO,12600,BAJO,22%,0,195,750,173,0,0,32,RENTA,PREPARATORIA
2.01408E+16,105,APROBADA,CLASICA,APROBADO,REGULAR,39999,9.98E+14,1,"9,600",76.00%,7137,INVERSIONES,MEDIO_A,CLIENTE_BANCO,45000,BAJO,24%,0,247,746,4681,0,0,52,RENTA,PREPARATORIA
2.01408E+16,109,APROBADA,CLASICA,APROBADO,BUENO,39999,9.98E+14,2,"24,399",39.00%,27981,INVERSIONES,ALTO_B,CLIENTE_BANCO,38000,BAJO,61%,0,216,739,13346,0,0,32,PROPIA,PREPARATORIA
2.01408E+16,111,APROBADA,CLASICA,APROBADO,BUENO,39999,9.98E+14,1,"28,399",29.00%,13031,RECIBOS DE NOMINA,ALTO_B,CLIENTE_BANCO,0,BAJO,71%,0,249,749,0,0,0,43,PROPIA,PREPARATORIA
2.01408E+16,112,APROBADA,CLASICA,APROBADO,BUENO,39999,9.98E+14,0,"17,600",56.00%,25409,INVERSIONES,MEDIO_B,CLIENTE_BANCO,24000,BAJO,44%,0,213,762,0,0,2,57,FAMILIARES,POSGRADO
2.01408E+16,112,APROBADA,CLASICA,APROBADO,REGULAR,39999,9.98E+14,0,"10,800",73.00%,24279,RECIBOS DE NOMINA,MEDIO_A,CLIENTE_BANCO,63000,BAJO,27%,0,239,734,2068,790,0,51,HIPOTECA,PREPARATORIA
2.01408E+16,112,APROBADA,CLASICA,APROBADO,BUENO,39999,9.98E+14,1,"30,799",23.00%,15829,INVERSIONES,ALTO_A,CLIENTE_BANCO,10300,BAJO,77%,0,263,727,4994,260,0,42,RENTA,PREPARATORIA
2.01408E+16,115,APROBADA,CLASICA,APROBADO,BUENO,39999,9.98E+14,1,"35,599",11.00%,35633,INVERSIONES,MEDIO_A,CLIENTE_BANCO,50000,BAJO,89%,0,228,766,0,0,0,35,PROPIA,LICENCIATURA
2.01408E+16,118,APROBADA,CLASICA,APROBADO,REGULAR,39999,9.98E+14,0,"10,000",75.00%,27043,INVERSIONES,MEDIO_A,CLIENTE_BANCO,20600,MEDIO ,25%,0,200,689,15961,870,0,38,PROPIA,POSGRADO
2.01408E+16,127,APROBADA,CLASICA,APROBADO,REGULAR,39999,9.98E+14,0,"13,200",67.00%,15691,RECIBOS DE NOMINA,MEDIO_A,CLIENTE_BANCO,3500,BAJO,33%,0,220,733,2413,250,0,52,PROPIA,PREPARATORIA
2.01408E+16,127,APROBADA,CLASICA,APROBADO,BUENO,39999,9.98E+14,1,"27,199",32.00%,18388,INVERSIONES,MEDIO_A,NO_CLIENTE,0,BAJO,68%,0,225,752,0,0,0,34,FAMILIARES,LICENCIATURA
2.01408E+16,130,APROBADA,CLASICA,APROBADO,BUENO,39999,9.98E+14,2,"22,799",43.00%,5486,INVERSIONES,MEDIO_B,CLIENTE_BANCO,31500,BAJO,57%,0,218,757,5624,400,0,45,RENTA,LICENCIATURA
2.01408E+16,137,APROBADA,CLASICA,APROBADO,REGULAR,39999,9.98E+14,1,"18,400",54.00%,12586,INVERSIONES,MEDIO_A,CLIENTE_BANCO,15000,MEDIO ,46%,0,195,694,14264,760,0,38,PROPIA,LICENCIATURA
2.01408E+16,139,APROBADA,CLASICA,APROBADO,REGULAR,39999,9.98E+14,0,"14,400",64.00%,23038,RECIBOS DE NOMINA,MEDIO_A,CLIENTE_BANCO,20300,BAJO,36%,0,262,711,1192,0,0,41,RENTA,SECUNDARIA
2.01408E+16,143,APROBADA,CLASICA,APROBADO,BUENO,39999,9.98E+14,1,"27,599",31.00%,10551,INVERSIONES,MEDIO_A,CLIENTE_BANCO,12500,BAJO,69%,0,226,740,0,0,0,56,HIPOTECA,PREPARATORIA
2.01408E+16,150,APROBADA,CLASICA,APROBADO,REGULAR,39999,9.98E+14,1,"14,400",64.00%,16837,INVERSIONES,MEDIO_A,CLIENTE_BANCO,7500,MEDIO ,36%,0,209,695,6935,430,0,56,HIPOTECA,PREPARATORIA
2.01408E+16,161,APROBADA,CLASICA,APROBADO,BUENO,39999,9.98E+14,1,"45,199",-13.00%,14041,INVERSIONES,MEDIO_A,CLIENTE_BANCO,10004,BAJO,113%,0,216,724,1818,0,0,33,PROPIA,LICENCIATURA
2.01408E+16,166,APROBADA,CLASICA,APROBADO,REGULAR,39999,9.98E+14,2,"20,399",49.00%,21749,INVERSIONES,MEDIO_A,CLIENTE_BANCO,17700,MEDIO ,51%,0,242,674,17255,850,0,51,RENTA,PREPARATORIA
2.01408E+16,166,APROBADA,CLASICA,APROBADO,BUENO,39999,9.98E+14,1,"28,399",29.00%,26633,INVERSIONES,MEDIO_A,CLIENTE_BANCO,54018,BAJO,71%,0,256,740,4470,0,0,59,PROPIA,POSGRADO
2.01408E+16,169,APROBADA,CLASICA,APROBADO,REGULAR,39999,9.98E+14,1,"14,800",63.00%,6061,INVERSIONES,MEDIO_A,CLIENTE_BANCO,19600,BAJO,37%,0,223,723,6379,250,0,51,PROPIA,PREPARATORIA
2.01408E+16,169,APROBADA,CLASICA,APROBADO,BUENO,39999,9.98E+14,1,"28,799",28.00%,13307,INVERSIONES,MEDIO_A,CLIENTE_BANCO,5004,BAJO,72%,0,234,762,0,0,0,34,FAMILIARES,POSGRADO
2.01408E+16,179,APROBADA,CLASICA,APROBADO,REGULAR,39999,9.98E+14,1,"16,000",60.00%,21589,INVERSIONES,MEDIO_A,CLIENTE_BANCO,63500,BAJO,40%,0,244,734,0,0,0,45,FAMILIARES,LICENCIATURA
2.01408E+16,180,APROBADA,CLASICA,APROBADO,BUENO,39999,9.98E+14,2,"24,399",39.00%,19963,RECIBOS DE NOMINA,ALTO_B,CLIENTE_BANCO,0,BAJO,61%,0,231,739,0,0,0,40,HIPOTECA,POSGRADO
2.01408E+16,185,APROBADA,CLASICA,APROBADO,BUENO,39999,9.98E+14,1,"21,199",47.00%,7443,RECIBOS DE NOMINA,MEDIO_A,CLIENTE_BANCO,7500,BAJO,53%,0,224,737,3411,250,0,58,PROPIA,LICENCIATURA
2.01408E+16,185,APROBADA,CLASICA,APROBADO,BUENO,39999,9.98E+14,0,"39,999",0.00%,26106,INVERSIONES,MEDIO_B,CLIENTE_BANCO,28000,BAJO,100%,0,253,754,2710,0,0,31,HIPOTECA,PREPARATORIA
2.01408E+16,189,APROBADA,CLASICA,APROBADO,BUENO,39999,9.98E+14,0,"30,799",23.00%,13232,INVERSIONES,ALTO_B,CLIENTE_BANCO,16100,BAJO,77%,0,223,757,3807,250,0,35,HIPOTECA,POSGRADO
2.01408E+16,189,APROBADA,CLASICA,APROBADO,BUENO,39999,9.98E+14,1,"23,999",40.00%,18392,RECIBOS DE NOMINA,MEDIO_A,CLIENTE_BANCO,0,BAJO,60%,0,253,760,0,0,0,57,FAMILIARES,LICENCIATURA
2.01408E+16,195,APROBADA,CLASICA,APROBADO,BUENO,39999,9.98E+14,2,"30,799",23.00%,22980,INVERSIONES,MEDIO_B,NO_CLIENTE,0,BAJO,77%,0,247,723,0,0,0,38,HIPOTECA,LICENCIATURA
2.01408E+16,199,APROBADA,CLASICA,APROBADO,BUENO,39999,9.98E+14,0,"37,599",6.00%,8053,RECIBOS DE NOMINA,ALTO_B,CLIENTE_BANCO,0,BAJO,94%,0,220,716,0,0,0,41,FAMILIARES,POSGRADO
2.01407E+16,103,APROBADA,CLASICA,APROBADO,BUENO,38999,9.98E+14,2,"21,059",46.00%,15790,RECIBOS DE NOMINA,MEDIO_B,NO_CLIENTE,0,BAJO,54%,0,218,746,0,0,0,25,PROPIA,POSGRADO
2.01407E+16,108,APROBADA,CLASICA,APROBADO,BUENO,38999,9.98E+14,2,"32,369",17.00%,2397,INVERSIONES,ALTO_B,CLIENTE_BANCO,0,BAJO,83%,0,245,717,0,0,0,48,PROPIA,LICENCIATURA
2.01408E+16,173,APROBADA,CLASICA,APROBADO,REGULAR,38999,9.98E+14,3,"44,459",-14.00%,15032,INVERSIONES,MEDIO_B,CLIENTE_BANCO,13500,ALTO,114%,0,224,605,18,18,0,33,PROPIA,PREPARATORIA
2.01408E+16,110,APROBADA,CLASICA,APROBADO,REGULAR,38000,9.98E+14,1,"7,220",81.00%,27338,RECIBOS DE NOMINA,MEDIO_A,CLIENTE_BANCO,171000,BAJO,19%,0,256,733,59475,1420,0,37,PROPIA,POSGRADO
2.01408E+16,120,APROBADA,CLASICA,APROBADO,REGULAR,38000,9.98E+14,0,"14,060",63.00%,11590,DECLARACION ANUAL,MEDIO_A,NO_CLIENTE,0,BAJO,37%,0,211,773,0,0,0,55,HIPOTECA,POSGRADO
2.01408E+16,153,APROBADA,CLASICA,APROBADO,REGULAR,38000,9.98E+14,0,"11,780",69.00%,14017,RECIBOS DE NOMINA,MEDIO_A,NO_CLIENTE,0,BAJO,31%,0,204,779,0,0,0,60,HIPOTECA,POSGRADO
2.01408E+16,157,APROBADA,CLASICA,APROBADO,REGULAR,38000,9.98E+14,1,"38,000",0.00%,23395,RECIBOS DE NOMINA,MEDIO_A,CLIENTE_BANCO,9300,MEDIO ,100%,0,212,696,5566,250,0,60,PROPIA,PREPARATORIA
2.01408E+16,184,APROBADA,CLASICA,APROBADO,BUENO,38000,9.98E+14,0,"16,720",56.00%,40749,RECIBOS DE NOMINA,ALTO_A,CLIENTE_BANCO,18000,BAJO,44%,0,219,757,5459,320,0,51,PROPIA,LICENCIATURA
2.01408E+16,198,APROBADA,CLASICA,APROBADO,REGULAR,38000,9.98E+14,1,"14,060",63.00%,24402,RECIBOS DE NOMINA,ALTO_B,CLIENTE_BANCO,29000,BAJO,37%,0,232,783,16397,0,0,43,FAMILIARES,POSGRADO
2.01408E+16,184,APROBADA,CLASICA,APROBADO,BUENO,37501,9.98E+14,1,"22,876",39.00%,27112,INVERSIONES,MEDIO_A,CLIENTE_BANCO,16500,BAJO,61%,0,199,723,5653,370,0,44,FAMILIARES,POSGRADO
2.01407E+16,153,APROBADA,CLASICA,APROBADO,BUENO,37000,9.98E+14,0,"17,760",52.00%,13630,RECIBOS DE NOMINA,ALTO_A,NO_CLIENTE,0,BAJO,48%,0,235,762,0,0,0,55,PROPIA,POSGRADO
2.01408E+16,164,APROBADA,CLASICA,APROBADO,REGULAR,37000,9.98E+14,2,"44,400",-20.00%,18265,RECIBOS DE NOMINA,MEDIO_B,CLIENTE_BANCO,0,MEDIO ,120%,0,227,680,0,0,0,33,RENTA,PREPARATORIA
2.01408E+16,183,APROBADA,CLASICA,APROBADO,BUENO,37000,9.98E+14,0,"28,490",23.00%,38679,RECIBOS DE NOMINA,MEDIO_A,CLIENTE_BANCO,64200,BAJO,77%,0,221,737,23679,1407,0,60,RENTA,PREPARATORIA
2.01408E+16,191,APROBADA,CLASICA,APROBADO,BUENO,37000,9.98E+14,2,"41,070",-11.00%,23071,RECIBOS DE NOMINA,MEDIO_A,CLIENTE_BANCO,17200,BAJO,111%,0,225,706,13272,0,0,49,PROPIA,LICENCIATURA
2.01408E+16,221,APROBADA,CLASICA,APROBADO,BUENO,36199,9.98E+14,0,4525,14.00%,28633,INVERSIONES,MEDIO_B,NO_CLIENTE,0,BAJO,0.86,0,218,724,0,0,0,58,PROPIA,LICENCIATURA
2.01408E+16,115,APROBADA,CLASICA,APROBADO,REGULAR,36000,9.98E+14,0,"7,560",79.00%,2389,RECIBOS DE NOMINA,ALTO_A,CLIENTE_BANCO,0,BAJO,21%,0,209,789,0,0,0,26,RENTA,LICENCIATURA
2.01408E+16,121,APROBADA,CLASICA,APROBADO,BUENO,36000,9.98E+14,1,"33,480",7.00%,0,RECIBOS DE NOMINA,ALTO_B,NO_CLIENTE,0,BAJO,93%,1,188,727,0,0,0,45,FAMILIARES,LICENCIATURA
2.01408E+16,134,APROBADA,CLASICA,APROBADO,REGULAR,36000,9.98E+14,1,"7,200",80.00%,18497,RECIBOS DE NOMINA,MEDIO_A,NO_CLIENTE,0,BAJO,20%,0,223,800,0,0,0,34,HIPOTECA,POSGRADO
2.01408E+16,146,APROBADA,CLASICA,APROBADO,BUENO,36000,9.98E+14,0,"15,120",58.00%,19715,RECIBOS DE NOMINA,ALTO_A,CLIENTE_BANCO,5600,BAJO,42%,0,214,767,711,250,0,55,PROPIA,PREPARATORIA
2.01408E+16,148,APROBADA,CLASICA,APROBADO,REGULAR,36000,9.98E+14,1,"9,720",73.00%,22570,RECIBOS DE NOMINA,MEDIO_A,CLIENTE_BANCO,18500,BAJO,27%,0,208,710,0,0,0,55,FAMILIARES,POSGRADO
2.01408E+16,152,APROBADA,CLASICA,APROBADO,BUENO,36000,9.98E+14,1,"19,440",46.00%,13137,RECIBOS DE NOMINA,MEDIO_A,CLIENTE_BANCO,13200,BAJO,54%,0,214,766,0,0,0,42,PROPIA,SECUNDARIA
2.01408E+16,158,APROBADA,CLASICA,APROBADO,BUENO,36000,9.98E+14,0,"19,080",47.00%,21027,RECIBOS DE NOMINA,ALTO_A,CLIENTE_BANCO,9500,BAJO,53%,0,222,757,1333,0,0,37,HIPOTECA,LICENCIATURA
2.01406E+16,160,APROBADA,CLASICA,APROBADO,BUENO,36000,9.98E+14,0,"21,960",39.00%,26636,INVERSIONES,MEDIO_A,CLIENTE_BANCO,15000,BAJO,61%,0,215,731,6889,0,0,54,HIPOTECA,POSGRADO
2.01406E+16,174,APROBADA,CLASICA,APROBADO,BUENO,36000,9.98E+14,2,"19,440",46.00%,27030,INVERSIONES,MEDIO_B,CLIENTE_BANCO,0,BAJO,54%,0,206,750,4707,300,0,29,FAMILIARES,LICENCIATURA
2.01408E+16,110,APROBADA,CLASICA,APROBADO,BUENO,35999,9.98E+14,1,"15,840",56.00%,20892,RECIBOS DE NOMINA,MEDIO_A,CLIENTE_BANCO,10500,BAJO,44%,0,238,750,7728,390,0,44,FAMILIARES,LICENCIATURA
2.01408E+16,126,APROBADA,CLASICA,APROBADO,REGULAR,35000,9.98E+14,2,"39,550",-13.00%,20027,RECIBOS DE NOMINA,ALTO_B,CLIENTE_BANCO,0,MEDIO ,113%,0,226,687,0,0,0,29,FAMILIARES,POSGRADO
2.01408E+16,142,APROBADA,CLASICA,APROBADO,BUENO,35000,9.98E+14,0,"21,700",38.00%,20075,RECIBOS DE NOMINA,ALTO_B,CLIENTE_BANCO,0,BAJO,62%,0,207,748,0,0,0,35,PROPIA,LICENCIATURA
2.01408E+16,148,APROBADA,CLASICA,APROBADO,REGULAR,35000,9.98E+14,0,"12,250",65.00%,28918,RECIBOS DE NOMINA,ALTO_A,CLIENTE_BANCO,0,BAJO,35%,0,207,775,1286,1286,0,42,FAMILIARES,POSGRADO
2.01408E+16,149,APROBADA,CLASICA,APROBADO,REGULAR,35000,9.98E+14,2,"33,250",5.00%,36982,RECIBOS DE NOMINA,MEDIO_A,CLIENTE_BANCO,206500,MEDIO ,95%,0,195,676,116773,6280,0,34,RENTA,PREPARATORIA
2.01408E+16,153,APROBADA,CLASICA,APROBADO,BUENO,35000,9.98E+14,0,"19,600",44.00%,13072,RECIBOS DE NOMINA,ALTO_A,CLIENTE_BANCO,19000,BAJO,56%,0,211,734,3252,440,0,39,HIPOTECA,LICENCIATURA
2.01408E+16,159,APROBADA,CLASICA,APROBADO,REGULAR,35000,9.98E+14,1,"12,250",65.00%,29695,RECIBOS DE NOMINA,MEDIO_A,CLIENTE_BANCO,6500,BAJO,35%,0,237,767,1670,250,0,46,FAMILIARES,PREPARATORIA
2.01406E+16,186,APROBADA,CLASICA,APROBADO,REGULAR,35000,9.98E+14,2,"35,700",-2.00%,28452,INVERSIONES,ALTO_B,CLIENTE_BANCO,0,MEDIO ,102%,0,201,660,0,0,0,48,FAMILIARES,PREPARATORIA
2.01407E+16,105,APROBADA,CLASICA,APROBADO,BUENO,34999,9.98E+14,1,"36,399",-4.00%,14785,RECIBOS DE NOMINA,MEDIO_A,CLIENTE_BANCO,17200,BAJO,104%,0,198,740,2037,0,0,41,PROPIA,PREPARATORIA
2.01408E+16,109,APROBADA,CLASICA,APROBADO,BUENO,34999,9.98E+14,0,"31,149",11.00%,12767,INVERSIONES,MEDIO_A,CLIENTE_BANCO,16800,BAJO,89%,0,216,740,1894,250,0,42,RENTA,PREPARATORIA
2.01408E+16,112,APROBADA,CLASICA,APROBADO,BUENO,34999,9.98E+14,1,"36,049",-3.00%,62773,INVERSIONES,MEDIO_A,CLIENTE_BANCO,263000,BAJO,103%,0,251,723,112491,4580,1,33,FAMILIARES,PREPARATORIA
2.01408E+16,126,APROBADA,CLASICA,APROBADO,BUENO,34999,9.98E+14,1,"21,699",38.00%,12793,INVERSIONES,ALTO_B,CLIENTE_BANCO,26999,BAJO,62%,0,235,757,1676,0,0,42,HIPOTECA,POSGRADO
2.01408E+16,168,APROBADA,CLASICA,APROBADO,REGULAR,34999,9.98E+14,1,"7,000",80.00%,2731,INVERSIONES,MEDIO_A,CLIENTE_BANCO,0,BAJO,20%,0,221,800,0,0,0,60,HIPOTECA,PREPARATORIA
2.01408E+16,176,APROBADA,CLASICA,APROBADO,BUENO,34999,9.98E+14,1,"14,350",59.00%,18925,INVERSIONES,MEDIO_A,CLIENTE_BANCO,8500,BAJO,41%,0,209,740,2051,250,0,42,HIPOTECA,PREPARATORIA
2.01408E+16,190,APROBADA,CLASICA,APROBADO,BUENO,34999,9.98E+14,0,"14,350",59.00%,13855,RECIBOS DE NOMINA,ALTO_A,CLIENTE_BANCO,5004,BAJO,41%,0,212,723,1668,250,0,46,PROPIA,LICENCIATURA
2.01408E+16,222,APROBADA,CLASICA,APROBADO,BUENO,34299,9.98E+14,0,4287,14.00%,28633,INVERSIONES,MEDIO_B,NO_CLIENTE,0,BAJO,86%,0,218,724,0,0,0,58,PROPIA,LICENCIATURA
2.01408E+16,124,APROBADA,CLASICA,APROBADO,BUENO,34000,9.98E+14,0,"33,320",2.00%,13124,RECIBOS DE NOMINA,MEDIO_A,CLIENTE_BANCO,14400,BAJO,98%,0,225,744,717,0,0,32,HIPOTECA,POSGRADO
2.01408E+16,190,APROBADA,CLASICA,APROBADO,REGULAR,34000,9.98E+14,0,"12,580",63.00%,8651,RECIBOS DE NOMINA,ALTO_B,CLIENTE_BANCO,0,BAJO,37%,0,240,773,0,0,0,55,HIPOTECA,PREPARATORIA
2.01407E+16,195,APROBADA,CLASICA,APROBADO,BUENO,34000,9.98E+14,1,"22,100",35.00%,19014,RECIBOS DE NOMINA,MEDIO_A,CLIENTE_BANCO,35000,BAJO,65%,0,234,740,3678,440,0,30,FAMILIARES,LICENCIATURA
2.01408E+16,198,APROBADA,CLASICA,APROBADO,REGULAR,34000,9.98E+14,1,"9,520",72.00%,9333,RECIBOS DE NOMINA,MEDIO_A,CLIENTE_BANCO,13515,BAJO,28%,0,242,757,2891,0,0,27,RENTA,PREPARATORIA
2.01408E+16,113,APROBADA,CLASICA,APROBADO,BUENO,33999,9.98E+14,0,"27,879",18.00%,15980,RECIBOS DE NOMINA,ALTO_A,CLIENTE_BANCO,36500,BAJO,82%,0,223,721,1522,0,0,47,FAMILIARES,PREPARATORIA
2.01408E+16,135,APROBADA,CLASICA,APROBADO,BUENO,33999,9.98E+14,0,"17,339",49.00%,13927,RECIBOS DE NOMINA,ALTO_A,NO_CLIENTE,0,BAJO,51%,0,226,759,0,0,0,30,FAMILIARES,POSGRADO
2.01408E+16,160,APROBADA,CLASICA,APROBADO,REGULAR,33999,9.98E+14,2,"39,099",-15.00%,14933,RECIBOS DE NOMINA,MEDIO_B,NO_CLIENTE,0,MEDIO ,115%,0,242,685,0,0,0,39,RENTA,LICENCIATURA
2.01408E+16,174,APROBADA,CLASICA,APROBADO,BUENO,33999,9.98E+14,0,"19,379",43.00%,17242,DECLARACION ANUAL,ALTO_A,NO_CLIENTE,0,BAJO,57%,0,254,753,0,0,0,48,PROPIA,LICENCIATURA
2.01408E+16,188,APROBADA,CLASICA,APROBADO,BUENO,33999,9.98E+14,0,"22,439",34.00%,12730,RECIBOS DE NOMINA,MEDIO_A,CLIENTE_BANCO,6500,BAJO,66%,0,249,733,2211,600,0,34,HIPOTECA,POSGRADO
2.01408E+16,190,APROBADA,CLASICA,APROBADO,BUENO,33900,9.98E+14,1,5650,38.00%,20075,RECIBOS DE NOMINA,ALTO_B,CLIENTE_BANCO,0,BAJO,62%,0,207,748,0,0,0,35,PROPIA,LICENCIATURA
2.01408E+16,214,APROBADA,CLASICA,APROBADO,BUENO,33499,9.98E+14,1,4786,59.00%,13855,RECIBOS DE NOMINA,MEDIO_A,CLIENTE_BANCO,5004,BAJO,0.41,0,212,723,1668,250,0,46,PROPIA,LICENCIATURA
2.01408E+16,183,APROBADA,CLASICA,APROBADO,BUENO,33200,9.98E+14,1,4743,47.00%,21027,RECIBOS DE NOMINA,ALTO_A,CLIENTE_BANCO,9500,BAJO,53%,0,222,757,1333,0,0,37,PROPIA,LICENCIATURA
2.01408E+16,224,APROBADA,CLASICA,APROBADO,BUENO,33099,9.98E+14,1,6620,59.00%,13855,RECIBOS DE NOMINA,MEDIO_A,CLIENTE_BANCO,5004,BAJO,41%,0,212,723,1668,250,0,46,PROPIA,LICENCIATURA
2.01407E+16,102,APROBADA,CLASICA,APROBADO,BUENO,33000,9.98E+14,1,"27,390",17.00%,21786,DECLARACION ANUAL,MEDIO_B,NO_CLIENTE,0,BAJO,83%,0,221,737,0,0,0,53,RENTA,LICENCIATURA
2.01408E+16,158,APROBADA,CLASICA,APROBADO,BUENO,32999,9.98E+14,1,"36,629",-11.00%,13383,INVERSIONES,MEDIO_A,CLIENTE_BANCO,15000,BAJO,111%,0,214,740,7491,250,0,56,FAMILIARES,POSGRADO
2.01408E+16,213,APROBADA,CLASICA,APROBADO,BUENO,32999,9.98E+14,0,6600,43.00%,17242,DECLARACION ANUAL,MEDIO_A,NO_CLIENTE,0,BAJO,0.57,0,254,753,0,0,0,48,PROPIA,LICENCIATURA
2.01408E+16,169,APROBADA,CLASICA,APROBADO,BUENO,32900,9.98E+14,1,4700,38.00%,20075,RECIBOS DE NOMINA,ALTO_B,CLIENTE_BANCO,0,BAJO,0.62,0,207,748,0,0,0,35,PROPIA,LICENCIATURA
2.01408E+16,115,APROBADA,CLASICA,APROBADO,BUENO,32000,9.98E+14,0,"28,800",10.00%,23072,RECIBOS DE NOMINA,ALTO_B,CLIENTE_BANCO,0,BAJO,90%,0,230,720,0,0,0,50,PROPIA,PREPARATORIA
2.01407E+16,131,APROBADA,CLASICA,APROBADO,BUENO,32000,9.98E+14,1,"28,800",10.00%,13453,INVERSIONES,MEDIO_B,NO_CLIENTE,0,BAJO,90%,0,236,730,0,0,0,59,HIPOTECA,PREPARATORIA
2.01407E+16,158,APROBADA,CLASICA,APROBADO,BUENO,32000,9.98E+14,1,"24,960",22.00%,23290,INVERSIONES,ALTO_A,CLIENTE_BANCO,0,BAJO,78%,0,256,742,0,0,0,53,HIPOTECA,POSGRADO
2.01408E+16,165,APROBADA,CLASICA,APROBADO,REGULAR,32000,9.98E+14,0,"5,760",82.00%,19144,RECIBOS DE NOMINA,ALTO_B,NO_CLIENTE,0,BAJO,18%,0,217,792,0,0,0,44,HIPOTECA,PREPARATORIA
2.01408E+16,171,APROBADA,CLASICA,APROBADO,BUENO,32000,9.98E+14,1,"35,200",-10.00%,27483,RECIBOS DE NOMINA,MEDIO_B,NO_CLIENTE,0,BAJO,110%,0,237,710,0,0,0,35,HIPOTECA,LICENCIATURA
2.01408E+16,181,APROBADA,CLASICA,APROBADO,REGULAR,32000,9.98E+14,2,"35,840",-12.00%,19258,RECIBOS DE NOMINA,MEDIO_B,NO_CLIENTE,0,MEDIO ,112%,0,231,688,0,0,0,59,PROPIA,PREPARATORIA
2.01408E+16,101,APROBADA,CLASICA,APROBADO,BUENO,31999,9.98E+14,0,"23,999",25.00%,11507,RECIBOS DE NOMINA,MEDIO_A,CLIENTE_BANCO,6000,BAJO,75%,0,258,757,1135,250,0,52,RENTA,POSGRADO
2.01408E+16,137,APROBADA,CLASICA,APROBADO,BUENO,31999,9.98E+14,1,"28,799",10.00%,12343,INVERSIONES,MEDIO_A,CLIENTE_BANCO,15000,BAJO,90%,0,208,727,3674,250,0,44,RENTA,LICENCIATURA
2.01408E+16,189,APROBADA,CLASICA,APROBADO,BUENO,31999,9.98E+14,1,"13,760",57.00%,2397,RECIBOS DE NOMINA,MEDIO_A,CLIENTE_BANCO,0,BAJO,43%,0,246,777,0,0,0,30,PROPIA,PREPARATORIA
2.01408E+16,188,APROBADA,CLASICA,APROBADO,BUENO,31800,9.98E+14,0,4543,44.00%,13072,RECIBOS DE NOMINA,MEDIO_A,CLIENTE_BANCO,19000,BAJO,0.56,0,211,734,3252,440,0,39,PROPIA,LICENCIATURA
2.01408E+16,195,APROBADA,CLASICA,APROBADO,BUENO,31600,9.98E+14,1,4514,47.00%,21027,RECIBOS DE NOMINA,ALTO_A,CLIENTE_BANCO,9500,BAJO,0.53,0,222,757,1333,0,0,37,PROPIA,LICENCIATURA
2.01408E+16,112,APROBADA,CLASICA,APROBADO,REGULAR,31000,9.98E+14,0,"5,270",83.00%,24789,RECIBOS DE NOMINA,MEDIO_A,CLIENTE_BANCO,20000,BAJO,17%,0,213,740,9619,250,0,25,FAMILIARES,PREPARATORIA
2.01407E+16,114,APROBADA,CLASICA,APROBADO,REGULAR,31000,9.98E+14,0,"10,850",65.00%,19067,RECIBOS DE NOMINA,MEDIO_A,CLIENTE_BANCO,0,BAJO,35%,0,233,775,0,0,0,58,RENTA,PREPARATORIA
2.01407E+16,139,APROBADA,CLASICA,APROBADO,BUENO,31000,9.98E+14,0,"27,280",12.00%,25598,INVERSIONES,ALTO_B,CLIENTE_BANCO,0,BAJO,88%,0,202,722,0,0,0,49,PROPIA,POSGRADO
2.01408E+16,168,APROBADA,CLASICA,APROBADO,REGULAR,31000,9.98E+14,2,"36,270",-17.00%,11096,RECIBOS DE NOMINA,MEDIO_B,NO_CLIENTE,0,MEDIO ,117%,0,210,683,0,0,0,30,HIPOTECA,PREPARATORIA
2.01406E+16,178,APROBADA,CLASICA,APROBADO,REGULAR,31000,9.98E+14,0,"10,230",67.00%,17493,RECIBOS DE NOMINA,ALTO_A,CLIENTE_BANCO,0,BAJO,33%,0,233,777,0,0,0,28,PROPIA,POSGRADO
2.01408E+16,138,APROBADA,CLASICA,APROBADO,REGULAR,30999,9.98E+14,0,"10,540",66.00%,11375,INVERSIONES,ALTO_B,CLIENTE_BANCO,7100,BAJO,34%,0,203,776,0,0,0,54,RENTA,PREPARATORIA
2.01408E+16,110,APROBADA,CLASICA,APROBADO,BUENO,30000,9.98E+14,0,"13,500",55.00%,16257,RECIBOS DE NOMINA,ALTO_B,NO_CLIENTE,0,BAJO,45%,0,221,765,0,0,0,46,FAMILIARES,PREPARATORIA
2.01408E+16,112,APROBADA,CLASICA,APROBADO,BUENO,30000,9.98E+14,1,"18,900",37.00%,18547,RECIBOS DE NOMINA,MEDIO_A,CLIENTE_BANCO,10300,BAJO,63%,0,231,740,3458,260,0,38,HIPOTECA,LICENCIATURA
2.01408E+16,126,APROBADA,CLASICA,APROBADO,BUENO,30000,9.98E+14,2,"23,400",22.00%,12578,RECIBOS DE NOMINA,MEDIO_B,CLIENTE_BANCO,24500,BAJO,78%,0,226,722,0,0,0,43,PROPIA,PREPARATORIA
2.01408E+16,135,APROBADA,CLASICA,APROBADO,BUENO,30000,9.98E+14,1,"15,300",49.00%,33813,RECIBOS DE NOMINA,MEDIO_A,CLIENTE_BANCO,0,BAJO,51%,0,236,769,0,0,0,37,FAMILIARES,POSGRADO
2.01407E+16,151,APROBADA,CLASICA,APROBADO,REGULAR,30000,9.98E+14,3,"18,900",37.00%,20344,RECIBOS DE NOMINA,MEDIO_B,NO_CLIENTE,18900,ALTO,63%,0,248,578,0,0,0,50,FAMILIARES,POSGRADO
2.01408E+16,161,APROBADA,CLASICA,APROBADO,BUENO,30000,9.98E+14,2,"15,300",49.00%,14120,RECIBOS DE NOMINA,ALTO_B,CLIENTE_BANCO,0,BAJO,51%,0,215,749,0,0,0,54,FAMILIARES,PREPARATORIA
2.01408E+16,161,APROBADA,CLASICA,APROBADO,REGULAR,30000,9.98E+14,1,"8,700",71.00%,55264,RECIBOS DE NOMINA,ALTO_A,CLIENTE_BANCO,0,BAJO,29%,0,229,791,0,0,0,45,HIPOTECA,POSGRADO
2.01408E+16,163,APROBADA,CLASICA,APROBADO,BUENO,30000,9.98E+14,1,"17,400",42.00%,13393,RECIBOS DE NOMINA,ALTO_A,NO_CLIENTE,0,BAJO,58%,0,250,762,0,0,0,37,PROPIA,POSGRADO
2.01406E+16,182,APROBADA,CLASICA,APROBADO,REGULAR,30000,9.98E+14,1,"25,800",14.00%,7957,INVERSIONES,MEDIO_A,CLIENTE_BANCO,16004,ALTO,86%,0,196,628,16731,1190,0,30,FAMILIARES,LICENCIATURA
2.01408E+16,194,APROBADA,CLASICA,APROBADO,BUENO,30000,9.98E+14,2,"25,200",16.00%,16922,RECIBOS DE NOMINA,ALTO_A,CLIENTE_BANCO,0,BAJO,84%,0,239,716,0,0,0,50,PROPIA,PREPARATORIA
2.01408E+16,109,APROBADA,CLASICA,APROBADO,BUENO,29999,9.98E+14,2,"17,099",43.00%,16598,RECIBOS DE NOMINA,MEDIO_A,CLIENTE_BANCO,25000,BAJO,57%,0,238,750,542,0,0,57,HIPOTECA,PREPARATORIA
2.01408E+16,233,APROBADA,CLASICA,APROBADO,BUENO,29500,9.98E+14,1,3688,56.00%,40749,RECIBOS DE NOMINA,MEDIO_A,CLIENTE_BANCO,18000,BAJO,44%,0,219,757,5459,320,0,51,PROPIA,LICENCIATURA
2.01408E+16,197,APROBADA,CLASICA,APROBADO,BUENO,29400,9.98E+14,1,4200,44.00%,13072,RECIBOS DE NOMINA,MEDIO_A,CLIENTE_BANCO,19000,BAJO,56%,0,211,734,3252,440,0,39,PROPIA,LICENCIATURA
2.01408E+16,115,APROBADA,CLASICA,APROBADO,REGULAR,29000,9.98E+14,0,"10,440",64.00%,16217,RECIBOS DE NOMINA,MEDIO_A,CLIENTE_BANCO,12400,BAJO,36%,0,207,706,5618,0,0,50,FAMILIARES,LICENCIATURA
2.01408E+16,126,APROBADA,CLASICA,APROBADO,BUENO,29000,9.98E+14,1,"13,630",53.00%,11761,RECIBOS DE NOMINA,MEDIO_A,NO_CLIENTE,0,BAJO,47%,0,240,773,0,0,0,33,RENTA,POSGRADO
2.01408E+16,138,APROBADA,CLASICA,APROBADO,BUENO,29000,9.98E+14,2,"17,110",41.00%,22009,RECIBOS DE NOMINA,MEDIO_B,CLIENTE_BANCO,103000,BAJO,59%,0,212,741,9649,0,0,53,RENTA,LICENCIATURA
2.01408E+16,144,APROBADA,CLASICA,APROBADO,BUENO,29000,9.98E+14,1,"18,270",37.00%,19994,RECIBOS DE NOMINA,ALTO_A,NO_CLIENTE,0,BAJO,63%,0,235,757,0,0,0,58,PROPIA,POSGRADO
2.01407E+16,148,APROBADA,CLASICA,APROBADO,BUENO,29000,9.98E+14,2,"17,400",40.00%,38633,DECLARACION ANUAL,ALTO_B,CLIENTE_BANCO,103000,BAJO,60%,0,194,763,25188,1290,0,44,HIPOTECA,LICENCIATURA
2.01408E+16,154,APROBADA,CLASICA,APROBADO,BUENO,29000,9.98E+14,0,"30,740",-6.00%,21865,RECIBOS DE NOMINA,MEDIO_A,CLIENTE_BANCO,7500,BAJO,106%,0,253,740,761,250,0,60,RENTA,POSGRADO
2.01407E+16,169,APROBADA,CLASICA,APROBADO,BUENO,29000,9.98E+14,0,"27,550",5.00%,13935,RECIBOS DE NOMINA,MEDIO_B,NO_CLIENTE,0,BAJO,95%,0,236,715,0,0,0,46,HIPOTECA,POSGRADO
2.01408E+16,176,APROBADA,CLASICA,APROBADO,BUENO,29000,9.98E+14,0,"25,230",13.00%,17333,RECIBOS DE NOMINA,MEDIO_A,CLIENTE_BANCO,28000,BAJO,87%,0,235,706,19081,0,0,27,FAMILIARES,POSGRADO
2.01408E+16,187,APROBADA,CLASICA,APROBADO,BUENO,29000,9.98E+14,2,"18,270",37.00%,10782,RECIBOS DE NOMINA,MEDIO_B,NO_CLIENTE,0,BAJO,63%,0,220,737,0,0,0,58,HIPOTECA,POSGRADO
2.01407E+16,101,APROBADA,CLASICA,APROBADO,REGULAR,28999,9.98E+14,0,"7,540",74.00%,11480,INVERSIONES,MEDIO_A,NO_CLIENTE,0,BAJO,26%,0,250,784,0,0,0,44,PROPIA,LICENCIATURA
2.01408E+16,116,APROBADA,CLASICA,APROBADO,BUENO,28999,9.98E+14,0,"21,169",27.00%,21917,RECIBOS DE NOMINA,ALTO_A,CLIENTE_BANCO,5000,BAJO,73%,0,248,702,762,0,0,36,PROPIA,LICENCIATURA
2.01408E+16,211,APROBADA,CLASICA,APROBADO,BUENO,28700,9.98E+14,0,3588,56.00%,40749,RECIBOS DE NOMINA,MEDIO_A,CLIENTE_BANCO,18000,BAJO,0.44,0,219,757,5459,320,0,51,PROPIA,LICENCIATURA
2.01406E+16,134,APROBADA,CLASICA,APROBADO,BUENO,28000,9.98E+14,1,"23,800",15.00%,18471,INVERSIONES,MEDIO_A,CLIENTE_BANCO,0,BAJO,85%,0,254,740,11366,1577,0,31,HIPOTECA,POSGRADO
2.01405E+16,162,APROBADA,CLASICA,APROBADO,REGULAR,28000,9.98E+14,0,"10,080",64.00%,20692,RECIBOS DE NOMINA,ALTO_A,CLIENTE_BANCO,15000,BAJO,36%,0,188,774,0,0,0,56,RENTA,PREPARATORIA
2.01408E+16,180,APROBADA,CLASICA,APROBADO,BUENO,28000,9.98E+14,2,"23,240",17.00%,24326,RECIBOS DE NOMINA,MEDIO_A,CLIENTE_BANCO,50002,BAJO,83%,0,221,714,16970,640,0,36,FAMILIARES,PREPARATORIA
2.01407E+16,192,APROBADA,CLASICA,APROBADO,BUENO,28000,9.98E+14,0,"14,000",50.00%,17978,INVERSIONES,ALTO_A,NO_CLIENTE,0,BAJO,50%,0,254,760,0,0,0,53,HIPOTECA,POSGRADO
2.01408E+16,125,APROBADA,CLASICA,APROBADO,REGULAR,27999,9.98E+14,3,"33,039",-18.00%,18347,INVERSIONES,MEDIO_A,CLIENTE_BANCO,18700,MEDIO ,118%,0,201,650,8123,460,0,59,PROPIA,POSGRADO
2.01408E+16,166,APROBADA,CLASICA,APROBADO,REGULAR,27999,9.98E+14,0,"6,440",77.00%,12164,INVERSIONES,MEDIO_A,CLIENTE_BANCO,27500,BAJO,23%,0,223,711,9031,350,0,41,PROPIA,POSGRADO
2.01408E+16,200,APROBADA,CLASICA,APROBADO,BUENO,27499,9.98E+14,1,3437,43.00%,17242,DECLARACION ANUAL,MEDIO_A,NO_CLIENTE,0,BAJO,57%,0,254,753,0,0,0,48,PROPIA,LICENCIATURA
2.01408E+16,115,APROBADA,CLASICA,APROBADO,BUENO,27000,9.98E+14,2,"16,200",40.00%,12488,RECIBOS DE NOMINA,ALTO_B,CLIENTE_BANCO,0,BAJO,60%,0,205,740,0,0,0,42,FAMILIARES,PREPARATORIA
2.01408E+16,143,APROBADA,CLASICA,APROBADO,BUENO,27000,9.98E+14,0,"19,980",26.00%,17706,RECIBOS DE NOMINA,MEDIO_A,CLIENTE_BANCO,27600,BAJO,74%,0,189,704,17043,250,0,47,PROPIA,PREPARATORIA
2.01408E+16,146,APROBADA,CLASICA,APROBADO,BUENO,27000,9.98E+14,1,"30,510",-13.00%,10663,RECIBOS DE NOMINA,MEDIO_B,NO_CLIENTE,0,BAJO,113%,0,228,707,0,0,0,53,RENTA,LICENCIATURA
2.01408E+16,160,APROBADA,CLASICA,APROBADO,BUENO,27000,9.98E+14,1,"27,270",-1.00%,14200,RECIBOS DE NOMINA,MEDIO_A,CLIENTE_BANCO,11700,BAJO,101%,0,276,750,1619,250,0,55,PROPIA,POSGRADO
2.01408E+16,164,APROBADA,CLASICA,APROBADO,BUENO,27000,9.98E+14,1,"28,890",-7.00%,15641,RECIBOS DE NOMINA,ALTO_B,CLIENTE_BANCO,0,BAJO,107%,0,184,713,0,0,0,32,HIPOTECA,POSGRADO
2.01408E+16,177,APROBADA,CLASICA,APROBADO,BUENO,27000,9.98E+14,2,"15,390",43.00%,15015,RECIBOS DE NOMINA,MEDIO_A,CLIENTE_BANCO,1,BAJO,57%,0,247,743,0,0,0,59,HIPOTECA,POSGRADO
2.01408E+16,197,APROBADA,CLASICA,APROBADO,REGULAR,27000,9.98E+14,0,"10,800",60.00%,0,RECIBOS DE NOMINA,ALTO_A,NO_CLIENTE,0,BAJO,40%,0,194,770,0,0,0,49,FAMILIARES,PREPARATORIA
2.01407E+16,114,APROBADA,CLASICA,APROBADO,BUENO,26999,9.98E+14,2,"14,579",46.00%,40798,RECIBOS DE NOMINA,ALTO_A,CLIENTE_BANCO,0,BAJO,54%,0,244,780,0,0,0,58,PROPIA,PREPARATORIA
2.01408E+16,125,APROBADA,CLASICA,APROBADO,REGULAR,26999,9.98E+14,0,"10,260",62.00%,14092,INVERSIONES,ALTO_A,NO_CLIENTE,0,BAJO,38%,0,186,772,0,0,0,50,HIPOTECA,LICENCIATURA
2.01407E+16,135,APROBADA,CLASICA,APROBADO,REGULAR,26999,9.98E+14,1,"17,549",35.00%,41941,RECIBOS DE NOMINA,MEDIO_A,CLIENTE_BANCO,75000,MEDIO ,65%,0,236,697,62833,2360,0,32,PROPIA,LICENCIATURA
2.01408E+16,154,APROBADA,CLASICA,APROBADO,REGULAR,26999,9.98E+14,0,"7,830",71.00%,26991,INVERSIONES,MEDIO_A,CLIENTE_BANCO,18500,BAJO,29%,0,252,727,8450,400,0,38,RENTA,PREPARATORIA
2.01406E+16,106,APROBADA,CLASICA,APROBADO,BUENO,26000,9.98E+14,1,"18,720",28.00%,21421,RECIBOS DE NOMINA,MEDIO_A,CLIENTE_BANCO,0,BAJO,72%,0,236,748,0,0,0,42,RENTA,LICENCIATURA
2.01407E+16,136,APROBADA,CLASICA,APROBADO,BUENO,26000,9.98E+14,1,"29,640",-14.00%,15548,RECIBOS DE NOMINA,MEDIO_B,NO_CLIENTE,0,BAJO,114%,0,252,706,0,0,0,41,FAMILIARES,LICENCIATURA
2.01408E+16,151,APROBADA,CLASICA,APROBADO,REGULAR,26000,9.98E+14,0,"3,900",85.00%,15670,RECIBOS DE NOMINA,ALTO_A,CLIENTE_BANCO,0,BAJO,15%,0,216,795,0,0,0,45,RENTA,LICENCIATURA
2.01407E+16,160,APROBADA,CLASICA,APROBADO,BUENO,26000,9.98E+14,0,"11,700",55.00%,11751,INVERSIONES,ALTO_A,NO_CLIENTE,0,BAJO,45%,0,226,765,0,0,0,29,HIPOTECA,POSGRADO
2.01408E+16,175,APROBADA,CLASICA,APROBADO,BUENO,26000,9.98E+14,1,"29,380",-13.00%,17279,RECIBOS DE NOMINA,MEDIO_B,NO_CLIENTE,0,BAJO,113%,0,239,707,0,0,0,54,FAMILIARES,POSGRADO
2.01408E+16,130,APROBADA,CLASICA,APROBADO,BUENO,25999,9.98E+14,2,"14,819",43.00%,2405,DECLARACION ANUAL,ALTO_B,CLIENTE_BANCO,0,BAJO,57%,0,274,743,0,0,0,28,RENTA,PREPARATORIA
2.01408E+16,125,APROBADA,CLASICA,APROBADO,BUENO,25000,9.98E+14,1,"12,000",52.00%,26872,RECIBOS DE NOMINA,MEDIO_A,CLIENTE_BANCO,48400,BAJO,48%,0,203,740,14679,610,0,56,FAMILIARES,POSGRADO
2.01408E+16,164,APROBADA,CLASICA,APROBADO,BUENO,25000,9.98E+14,0,"13,500",46.00%,13174,RECIBOS DE NOMINA,ALTO_B,NO_CLIENTE,0,BAJO,54%,0,216,756,0,0,0,26,PROPIA,LICENCIATURA
2.01408E+16,163,APROBADA,CLASICA,APROBADO,BUENO,24999,9.98E+14,0,"11,250",55.00%,32685,RECIBOS DE NOMINA,MEDIO_A,CLIENTE_BANCO,75000,BAJO,45%,0,245,706,7496,1080,0,26,PROPIA,PREPARATORIA
2.01408E+16,188,APROBADA,CLASICA,APROBADO,REGULAR,24900,9.98E+14,2,"27,888",-12.00%,12434,RECIBOS DE NOMINA,MEDIO_B,CLIENTE_BANCO,5000,MEDIO ,112%,0,242,688,0,0,0,40,FAMILIARES,LICENCIATURA
2.01408E+16,116,APROBADA,CLASICA,APROBADO,BUENO,24899,9.98E+14,1,"20,417",18.00%,14975,INVERSIONES,MEDIO_A,CLIENTE_BANCO,75000,BAJO,82%,0,248,731,2112,864,0,41,RENTA,POSGRADO
2.01408E+16,173,APROBADA,CLASICA,APROBADO,BUENO,24700,9.98E+14,1,"11,115",55.00%,13732,RECIBOS DE NOMINA,ALTO_A,CLIENTE_BANCO,0,BAJO,45%,0,256,775,0,0,0,41,PROPIA,POSGRADO
2.01408E+16,144,APROBADA,CLASICA,APROBADO,REGULAR,24600,9.98E+14,2,"25,830",-5.00%,13691,RECIBOS DE NOMINA,MEDIO_A,CLIENTE_BANCO,0,MEDIO ,105%,0,250,695,0,0,0,25,FAMILIARES,PREPARATORIA
2.01408E+16,159,APROBADA,CLASICA,APROBADO,REGULAR,24500,9.98E+14,1,"8,330",66.00%,26961,RECIBOS DE NOMINA,MEDIO_A,NO_CLIENTE,0,BAJO,34%,0,239,786,0,0,0,29,RENTA,PREPARATORIA
2.01408E+16,155,APROBADA,CLASICA,APROBADO,REGULAR,24400,9.98E+14,2,"26,840",-10.00%,17057,RECIBOS DE NOMINA,MEDIO_B,NO_CLIENTE,0,MEDIO ,110%,0,236,690,0,0,0,54,PROPIA,LICENCIATURA
2.01408E+16,120,APROBADA,CLASICA,APROBADO,BUENO,24300,9.98E+14,2,"17,010",30.00%,21326,RECIBOS DE NOMINA,MEDIO_B,NO_CLIENTE,0,BAJO,70%,0,211,730,0,0,0,37,HIPOTECA,LICENCIATURA
2.01408E+16,174,APROBADA,CLASICA,APROBADO,BUENO,24299,9.98E+14,0,"15,794",35.00%,29231,RECIBOS DE NOMINA,MEDIO_A,CLIENTE_BANCO,29500,BAJO,65%,0,220,717,3546,370,0,32,RENTA,POSGRADO
2.01408E+16,108,APROBADA,CLASICA,APROBADO,REGULAR,24200,9.98E+14,0,"8,954",63.00%,15009,RECIBOS DE NOMINA,MEDIO_A,CLIENTE_BANCO,38700,BAJO,37%,0,235,720,5610,490,0,52,RENTA,POSGRADO
2.01408E+16,120,APROBADA,CLASICA,APROBADO,REGULAR,24099,9.98E+14,1,"5,543",77.00%,20627,INVERSIONES,MEDIO_A,CLIENTE_BANCO,65500,BAJO,23%,0,220,727,19025,890,0,54,FAMILIARES,POSGRADO
2.01408E+16,145,APROBADA,CLASICA,APROBADO,BUENO,24002,9.98E+14,1,"25,922",-8.00%,24063,RECIBOS DE NOMINA,MEDIO_A,CLIENTE_BANCO,15000,BAJO,108%,0,244,723,4168,0,0,35,FAMILIARES,LICENCIATURA
2.01406E+16,124,APROBADA,CLASICA,APROBADO,BUENO,23900,9.98E+14,0,"21,510",10.00%,16068,RECIBOS DE NOMINA,ALTO_A,NO_CLIENTE,0,BAJO,90%,0,182,720,0,0,0,46,PROPIA,LICENCIATURA
2.01408E+16,187,APROBADA,CLASICA,APROBADO,BUENO,23800,9.98E+14,2,"23,086",3.00%,0,RECIBOS DE NOMINA,ALTO_A,CLIENTE_BANCO,37500,BAJO,97%,0,191,723,2438,590,0,27,FAMILIARES,PREPARATORIA
2.01408E+16,190,APROBADA,CLASICA,APROBADO,REGULAR,23799,9.98E+14,0,"8,092",66.00%,6197,RECIBOS DE NOMINA,MEDIO_A,NO_CLIENTE,0,BAJO,34%,0,239,776,0,0,0,48,PROPIA,PREPARATORIA
2.01408E+16,156,APROBADA,CLASICA,APROBADO,BUENO,23600,9.98E+14,1,"21,004",11.00%,13395,RECIBOS DE NOMINA,MEDIO_A,CLIENTE_BANCO,17000,BAJO,89%,0,190,715,15216,250,0,36,HIPOTECA,POSGRADO
2.01407E+16,154,APROBADA,CLASICA,APROBADO,BUENO,23400,9.98E+14,0,"11,466",51.00%,12325,RECIBOS DE NOMINA,MEDIO_A,CLIENTE_BANCO,17600,BAJO,49%,0,231,727,2386,0,0,42,PROPIA,PREPARATORIA
2.01408E+16,180,APROBADA,CLASICA,APROBADO,BUENO,23100,9.98E+14,1,"9,471",59.00%,12833,RECIBOS DE NOMINA,MEDIO_A,NO_CLIENTE,0,BAJO,41%,0,242,779,0,0,0,52,RENTA,LICENCIATURA
2.01408E+16,112,APROBADA,CLASICA,APROBADO,BUENO,23000,9.98E+14,2,"16,790",27.00%,15004,RECIBOS DE NOMINA,MEDIO_B,NO_CLIENTE,0,BAJO,73%,0,212,727,0,0,0,49,HIPOTECA,PREPARATORIA
2.01408E+16,194,APROBADA,CLASICA,APROBADO,REGULAR,23000,9.98E+14,2,"25,300",-10.00%,12772,RECIBOS DE NOMINA,MEDIO_A,CLIENTE_BANCO,0,MEDIO ,110%,0,268,690,0,0,0,53,HIPOTECA,LICENCIATURA
2.01408E+16,169,APROBADA,CLASICA,APROBADO,REGULAR,22900,9.98E+14,1,"27,480",-20.00%,28517,RECIBOS DE NOMINA,MEDIO_B,NO_CLIENTE,0,BAJO,120%,0,210,700,0,0,0,59,FAMILIARES,PREPARATORIA
2.01408E+16,171,APROBADA,CLASICA,APROBADO,REGULAR,22900,9.98E+14,0,"7,328",68.00%,14473,RECIBOS DE NOMINA,MEDIO_A,CLIENTE_BANCO,10200,BAJO,32%,0,225,711,3664,250,0,45,RENTA,POSGRADO
2.01408E+16,191,APROBADA,CLASICA,APROBADO,REGULAR,22899,9.98E+14,0,"6,183",73.00%,9690,INVERSIONES,MEDIO_B,NO_CLIENTE,0,BAJO,27%,0,224,783,0,0,0,44,RENTA,LICENCIATURA
2.01408E+16,211,APROBADA,CLASICA,APROBADO,BUENO,22800,9.98E+14,0,3800,46.00%,13174,RECIBOS DE NOMINA,ALTO_B,NO_CLIENTE,0,BAJO,0.54,0,216,756,0,0,0,26,PROPIA,LICENCIATURA
2.01408E+16,158,APROBADA,CLASICA,APROBADO,BUENO,22799,9.98E+14,0,3800,27.00%,21917,RECIBOS DE NOMINA,MEDIO_A,CLIENTE_BANCO,5000,BAJO,73%,0,248,702,762,0,0,36,PROPIA,LICENCIATURA
2.01408E+16,169,APROBADA,CLASICA,APROBADO,REGULAR,22499,9.98E+14,1,"14,174",37.00%,12330,INVERSIONES,MEDIO_A,CLIENTE_BANCO,5004,MEDIO ,63%,0,198,668,0,0,0,53,PROPIA,LICENCIATURA
2.01408E+16,155,APROBADA,CLASICA,APROBADO,BUENO,22399,9.98E+14,1,3733,27.00%,21917,RECIBOS DE NOMINA,MEDIO_A,CLIENTE_BANCO,5000,BAJO,0.73,0,248,702,762,0,0,36,PROPIA,LICENCIATURA
2.01408E+16,145,APROBADA,CLASICA,APROBADO,BUENO,22200,9.98E+14,0,"10,656",52.00%,14016,RECIBOS DE NOMINA,ALTO_A,CLIENTE_BANCO,6000,BAJO,48%,0,218,762,599,0,0,39,HIPOTECA,POSGRADO
2.01408E+16,190,APROBADA,CLASICA,APROBADO,BUENO,22000,9.98E+14,0,"14,080",36.00%,11024,RECIBOS DE NOMINA,MEDIO_A,CLIENTE_BANCO,16300,BAJO,64%,0,205,730,7906,0,0,41,FAMILIARES,PREPARATORIA
2.01408E+16,156,APROBADA,CLASICA,APROBADO,BUENO,21999,9.98E+14,2,"20,239",8.00%,8947,INVERSIONES,MEDIO_B,NO_CLIENTE,0,BAJO,92%,0,238,708,0,0,0,53,HIPOTECA,POSGRADO
2.01408E+16,127,APROBADA,CLASICA,APROBADO,BUENO,21900,9.98E+14,1,"23,433",-7.00%,14256,RECIBOS DE NOMINA,MEDIO_A,CLIENTE_BANCO,35500,BAJO,107%,0,203,740,1721,450,0,41,PROPIA,POSGRADO
2.01407E+16,176,APROBADA,CLASICA,APROBADO,REGULAR,21900,9.98E+14,1,"5,694",74.00%,11597,RECIBOS DE NOMINA,MEDIO_A,NO_CLIENTE,0,BAJO,26%,0,224,794,0,0,0,35,FAMILIARES,POSGRADO
2.01408E+16,163,APROBADA,CLASICA,APROBADO,BUENO,21899,9.98E+14,1,"9,198",58.00%,18459,RECIBOS DE NOMINA,ALTO_B,NO_CLIENTE,0,BAJO,42%,0,253,778,0,0,0,48,HIPOTECA,POSGRADO
2.01406E+16,147,APROBADA,CLASICA,APROBADO,REGULAR,21700,9.98E+14,0,"5,208",76.00%,18267,RECIBOS DE NOMINA,MEDIO_A,CLIENTE_BANCO,0,BAJO,24%,0,236,786,0,0,0,40,FAMILIARES,PREPARATORIA
2.01408E+16,165,APROBADA,CLASICA,APROBADO,BUENO,21700,9.98E+14,1,"9,982",54.00%,7737,RECIBOS DE NOMINA,MEDIO_A,CLIENTE_BANCO,9900,BAJO,46%,0,205,746,4757,250,0,43,FAMILIARES,PREPARATORIA
2.01408E+16,174,APROBADA,CLASICA,APROBADO,REGULAR,21600,9.98E+14,1,"8,424",61.00%,14291,RECIBOS DE NOMINA,ALTO_B,CLIENTE_BANCO,0,BAJO,39%,0,252,781,0,0,0,32,FAMILIARES,PREPARATORIA
2.01407E+16,183,APROBADA,CLASICA,APROBADO,REGULAR,21500,9.98E+14,0,"7,525",65.00%,15774,RECIBOS DE NOMINA,ALTO_B,NO_CLIENTE,0,BAJO,35%,0,212,775,0,0,0,29,PROPIA,POSGRADO
2.01408E+16,183,APROBADA,CLASICA,APROBADO,BUENO,21400,9.98E+14,2,"13,268",38.00%,16715,RECIBOS DE NOMINA,MEDIO_B,NO_CLIENTE,0,BAJO,62%,0,191,738,0,0,0,44,RENTA,POSGRADO
2.01408E+16,162,APROBADA,CLASICA,APROBADO,BUENO,21300,9.98E+14,2,"22,791",-7.00%,57102,RECIBOS DE NOMINA,MEDIO_A,CLIENTE_BANCO,22000,BAJO,107%,0,184,757,748,280,0,53,RENTA,LICENCIATURA
2.01407E+16,168,APROBADA,CLASICA,APROBADO,REGULAR,21200,9.98E+14,1,"4,664",78.00%,14232,RECIBOS DE NOMINA,ALTO_A,CLIENTE_BANCO,1,BAJO,22%,0,214,798,0,0,0,52,PROPIA,LICENCIATURA
2.01407E+16,139,APROBADA,CLASICA,APROBADO,REGULAR,21000,9.98E+14,3,"23,940",-14.00%,7643,RECIBOS DE NOMINA,MEDIO_B,NO_CLIENTE,21000,ALTO,114%,0,256,602,0,0,0,38,RENTA,LICENCIATURA
2.01408E+16,183,APROBADA,CLASICA,APROBADO,BUENO,20800,9.98E+14,0,"14,560",30.00%,12057,RECIBOS DE NOMINA,MEDIO_B,NO_CLIENTE,0,BAJO,70%,0,240,740,0,0,0,56,RENTA,POSGRADO
2.01408E+16,214,APROBADA,CLASICA,APROBADO,BUENO,20800,9.98E+14,0,2971,46.00%,13174,RECIBOS DE NOMINA,ALTO_B,NO_CLIENTE,0,BAJO,54%,0,216,756,0,0,0,26,PROPIA,LICENCIATURA
2.01407E+16,121,APROBADA,CLASICA,APROBADO,REGULAR,20700,9.98E+14,3,"10,971",47.00%,0,RECIBOS DE NOMINA,ALTO_B,NO_CLIENTE,10900,ALTO,53%,2,179,615,0,0,0,33,RENTA,PREPARATORIA
2.01407E+16,120,APROBADA,CLASICA,APROBADO,BUENO,20699,9.98E+14,0,"9,315",55.00%,12793,RECIBOS DE NOMINA,ALTO_A,NO_CLIENTE,0,BAJO,45%,0,213,765,0,0,0,42,PROPIA,LICENCIATURA
2.01408E+16,151,APROBADA,CLASICA,APROBADO,BUENO,20699,9.98E+14,0,"16,145",22.00%,20984,DECLARACION ANUAL,MEDIO_B,NO_CLIENTE,0,BAJO,78%,0,243,732,0,0,0,32,FAMILIARES,POSGRADO
2.01406E+16,155,APROBADA,CLASICA,APROBADO,REGULAR,20500,9.98E+14,3,"22,960",-12.00%,13395,INVERSIONES,MEDIO_A,CLIENTE_BANCO,3000,ALTO,112%,0,212,639,2656,150,0,58,FAMILIARES,LICENCIATURA
2.01408E+16,104,APROBADA,CLASICA,APROBADO,REGULAR,20200,9.98E+14,1,"4,646",77.00%,12274,RECIBOS DE NOMINA,MEDIO_A,CLIENTE_BANCO,15200,BAJO,23%,0,220,706,275,250,0,43,PROPIA,POSGRADO
2.01408E+16,168,APROBADA,CLASICA,APROBADO,BUENO,20200,9.98E+14,1,"9,696",52.00%,21437,RECIBOS DE NOMINA,MEDIO_A,NO_CLIENTE,0,BAJO,48%,0,220,772,0,0,0,30,HIPOTECA,LICENCIATURA
2.01408E+16,184,APROBADA,CLASICA,APROBADO,BUENO,20100,9.98E+14,1,"13,869",31.00%,11170,RECIBOS DE NOMINA,MEDIO_A,CLIENTE_BANCO,0,BAJO,69%,0,273,751,0,0,0,44,FAMILIARES,LICENCIATURA
2.01408E+16,166,APROBADA,CLASICA,APROBADO,BUENO,20001,9.98E+14,0,"15,201",24.00%,11950,INVERSIONES,MEDIO_A,CLIENTE_BANCO,8000,BAJO,76%,0,239,733,1063,250,0,30,HIPOTECA,POSGRADO
2.01408E+16,172,APROBADA,CLASICA,APROBADO,BUENO,20000,9.98E+14,0,"16,800",16.00%,5820,RECIBOS DE NOMINA,ALTO_B,CLIENTE_BANCO,0,BAJO,84%,0,189,726,0,0,0,51,PROPIA,LICENCIATURA
2.01406E+16,133,APROBADA,CLASICA,APROBADO,BUENO,19800,9.98E+14,1,"14,454",27.00%,13135,INVERSIONES,MEDIO_A,CLIENTE_BANCO,20000,BAJO,73%,2,161,702,12102,1060,0,53,FAMILIARES,LICENCIATURA
2.01408E+16,153,APROBADA,CLASICA,APROBADO,BUENO,19700,9.98E+14,0,"15,957",19.00%,22936,RECIBOS DE NOMINA,MEDIO_B,CLIENTE_BANCO,0,BAJO,81%,0,217,729,0,0,0,52,HIPOTECA,POSGRADO
2.01408E+16,153,APROBADA,CLASICA,APROBADO,BUENO,19700,9.98E+14,2,"22,655",-15.00%,12692,RECIBOS DE NOMINA,MEDIO_A,CLIENTE_BANCO,9900,BAJO,115%,0,232,740,7387,420,0,51,RENTA,PREPARATORIA
2.01408E+16,123,APROBADA,CLASICA,APROBADO,REGULAR,19500,9.98E+14,2,"21,450",-10.00%,11066,RECIBOS DE NOMINA,ALTO_B,CLIENTE_BANCO,0,MEDIO ,110%,0,232,690,0,0,0,25,RENTA,LICENCIATURA
2.01407E+16,180,APROBADA,CLASICA,APROBADO,REGULAR,19500,9.98E+14,0,"5,070",74.00%,10841,RECIBOS DE NOMINA,ALTO_B,CLIENTE_BANCO,0,BAJO,26%,0,256,784,0,0,0,35,HIPOTECA,POSGRADO
2.01408E+16,103,APROBADA,CLASICA,APROBADO,REGULAR,19300,9.98E+14,0,"5,790",70.00%,0,RECIBOS DE NOMINA,ALTO_A,NO_CLIENTE,0,BAJO,30%,0,196,780,0,0,0,51,RENTA,PREPARATORIA
2.01408E+16,183,APROBADA,CLASICA,APROBADO,BUENO,19200,9.98E+14,1,"8,256",57.00%,11819,RECIBOS DE NOMINA,MEDIO_A,NO_CLIENTE,0,BAJO,43%,0,208,777,0,0,0,46,RENTA,LICENCIATURA
2.01408E+16,130,APROBADA,CLASICA,APROBADO,BUENO,19100,9.98E+14,0,"8,595",55.00%,10605,RECIBOS DE NOMINA,MEDIO_A,CLIENTE_BANCO,50000,BAJO,45%,0,263,737,3227,300,0,41,HIPOTECA,POSGRADO
2.01406E+16,132,APROBADA,CLASICA,APROBADO,REGULAR,19000,9.98E+14,2,"20,330",-7.00%,0,DECLARACION ANUAL,MEDIO_B,CLIENTE_BANCO,0,MEDIO ,107%,0,217,699,0,0,0,37,PROPIA,POSGRADO
2.01407E+16,119,APROBADA,CLASICA,APROBADO,REGULAR,18900,9.98E+14,0,"6,237",67.00%,10030,RECIBOS DE NOMINA,ALTO_A,NO_CLIENTE,0,BAJO,33%,0,211,777,0,0,0,44,RENTA,POSGRADO
2.01408E+16,214,APROBADA,CLASICA,APROBADO,BUENO,18800,9.98E+14,1,3133,16.00%,5820,RECIBOS DE NOMINA,ALTO_B,CLIENTE_BANCO,0,BAJO,84%,0,189,726,0,0,0,51,PROPIA,LICENCIATURA
2.01408E+16,158,APROBADA,CLASICA,APROBADO,REGULAR,18700,9.98E+14,1,"2,992",84.00%,15274,RECIBOS DE NOMINA,MEDIO_A,NO_CLIENTE,0,BAJO,16%,0,210,804,0,0,0,27,PROPIA,POSGRADO
2.01407E+16,134,APROBADA,CLASICA,APROBADO,BUENO,18600,9.98E+14,2,"9,486",49.00%,34137,INVERSIONES,MEDIO_A,CLIENTE_BANCO,0,BAJO,51%,0,204,755,0,0,0,28,FAMILIARES,POSGRADO
2.01406E+16,156,APROBADA,CLASICA,APROBADO,BUENO,18600,9.98E+14,0,2657,10.00%,16068,RECIBOS DE NOMINA,MEDIO_B,NO_CLIENTE,0,BAJO,0.9,0,182,720,0,0,0,46,PROPIA,LICENCIATURA
2.01407E+16,144,APROBADA,CLASICA,APROBADO,REGULAR,18400,9.98E+14,1,"4,968",73.00%,7242,RECIBOS DE NOMINA,MEDIO_A,NO_CLIENTE,0,BAJO,27%,0,254,793,0,0,0,45,RENTA,LICENCIATURA
2.01408E+16,176,APROBADA,CLASICA,APROBADO,REGULAR,18399,9.98E+14,2,"21,343",-16.00%,14363,RECIBOS DE NOMINA,MEDIO_B,NO_CLIENTE,0,MEDIO ,116%,0,222,684,0,0,0,35,RENTA,LICENCIATURA
2.01408E+16,150,APROBADA,CLASICA,APROBADO,BUENO,18300,9.98E+14,2,"18,117",1.00%,24966,RECIBOS DE NOMINA,ALTO_B,CLIENTE_BANCO,0,BAJO,99%,0,252,701,0,0,0,52,FAMILIARES,LICENCIATURA
2.01408E+16,160,APROBADA,CLASICA,APROBADO,REGULAR,18299,9.98E+14,0,"4,758",74.00%,6053,RECIBOS DE NOMINA,MEDIO_A,CLIENTE_BANCO,23500,BAJO,26%,0,247,750,525,0,0,43,RENTA,POSGRADO
2.01407E+16,155,APROBADA,CLASICA,APROBADO,BUENO,18000,9.98E+14,2,"10,980",39.00%,9524,RECIBOS DE NOMINA,MEDIO_B,NO_CLIENTE,0,BAJO,61%,0,201,739,0,0,0,52,HIPOTECA,POSGRADO
2.01407E+16,167,APROBADA,CLASICA,APROBADO,BUENO,17700,9.98E+14,1,"14,337",19.00%,7551,RECIBOS DE NOMINA,MEDIO_B,NO_CLIENTE,0,BAJO,81%,0,219,739,0,0,0,36,RENTA,LICENCIATURA
2.01408E+16,176,APROBADA,CLASICA,APROBADO,BUENO,17700,9.98E+14,2,"15,576",12.00%,8983,RECIBOS DE NOMINA,MEDIO_A,CLIENTE_BANCO,16200,BAJO,88%,0,255,740,6052,250,0,38,PROPIA,PREPARATORIA
2.01407E+16,182,APROBADA,CLASICA,APROBADO,REGULAR,17500,9.98E+14,0,"3,500",80.00%,9732,RECIBOS DE NOMINA,ALTO_A,CLIENTE_BANCO,0,BAJO,20%,0,247,790,0,0,0,49,FAMILIARES,PREPARATORIA
2.01407E+16,183,APROBADA,CLASICA,APROBADO,BUENO,17400,9.98E+14,1,"11,832",32.00%,0,RECIBOS DE NOMINA,ALTO_A,NO_CLIENTE,0,BAJO,68%,0,204,752,0,0,0,37,FAMILIARES,PREPARATORIA
2.01408E+16,198,APROBADA,CLASICA,APROBADO,BUENO,17300,9.98E+14,1,2471,16.00%,5820,RECIBOS DE NOMINA,ALTO_B,CLIENTE_BANCO,0,BAJO,0.84,0,189,726,0,0,0,51,PROPIA,LICENCIATURA
2.01408E+16,130,APROBADA,CLASICA,APROBADO,REGULAR,17000,9.98E+14,0,"4,420",74.00%,14814,RECIBOS DE NOMINA,MEDIO_A,NO_CLIENTE,0,BAJO,26%,0,215,784,0,0,0,26,RENTA,PREPARATORIA
2.01408E+16,131,APROBADA,CLASICA,APROBADO,BUENO,17000,9.98E+14,1,"15,640",8.00%,24262,RECIBOS DE NOMINA,MEDIO_A,CLIENTE_BANCO,0,BAJO,92%,0,252,728,0,0,0,35,HIPOTECA,PREPARATORIA
2.01408E+16,160,APROBADA,CLASICA,APROBADO,BUENO,17000,9.98E+14,0,"11,560",32.00%,11072,RECIBOS DE NOMINA,ALTO_A,CLIENTE_BANCO,0,BAJO,68%,0,219,742,0,0,0,48,PROPIA,POSGRADO
2.01408E+16,168,APROBADA,CLASICA,APROBADO,REGULAR,17000,9.98E+14,0,"3,570",79.00%,14675,RECIBOS DE NOMINA,MEDIO_B,CLIENTE_BANCO,0,BAJO,21%,0,215,789,0,0,0,49,RENTA,POSGRADO
2.01408E+16,208,APROBADA,CLASICA,APROBADO,BUENO,17000,9.98E+14,0,-284,38.00%,17851,RECIBOS DE NOMINA,MEDIO_A,CLIENTE_BANCO,0,BAJO,0.62,0,276,748,0,0,0,59,PROPIA,LICENCIATURA
2.01408E+16,197,APROBADA,CLASICA,APROBADO,BUENO,17000,9.98E+14,1,340,57.00%,0,RECIBOS DE NOMINA,MEDIO_A,NO_CLIENTE,0,BAJO,43%,0,192,767,0,0,0,46,PROPIA,LICENCIATURA
2.01408E+16,142,APROBADA,CLASICA,APROBADO,BUENO,16800,9.98E+14,1,"12,600",25.00%,0,RECIBOS DE NOMINA,BAJO_A,NO_CLIENTE,0,BAJO,75%,0,203,745,0,0,0,35,PROPIA,LICENCIATURA
2.01408E+16,187,APROBADA,CLASICA,APROBADO,BUENO,16800,9.98E+14,2,"8,904",47.00%,23455,RECIBOS DE NOMINA,MEDIO_B,NO_CLIENTE,0,BAJO,53%,0,217,747,0,0,0,36,HIPOTECA,POSGRADO
2.01408E+16,104,APROBADA,CLASICA,APROBADO,BUENO,16600,9.98E+14,1,"7,636",54.00%,33469,RECIBOS DE NOMINA,ALTO_B,NO_CLIENTE,0,BAJO,46%,0,208,774,0,0,0,41,PROPIA,POSGRADO
2.01408E+16,158,APROBADA,CLASICA,APROBADO,BUENO,16600,9.98E+14,1,"16,932",-2.00%,9228,RECIBOS DE NOMINA,MEDIO_A,CLIENTE_BANCO,0,BAJO,102%,0,243,718,0,0,0,56,HIPOTECA,POSGRADO
2.01408E+16,157,APROBADA,CLASICA,APROBADO,REGULAR,16500,9.98E+14,0,"10,065",39.00%,17199,RECIBOS DE NOMINA,MEDIO_A,CLIENTE_BANCO,7000,MEDIO ,61%,0,203,695,4551,0,0,47,FAMILIARES,LICENCIATURA
2.01408E+16,161,APROBADA,CLASICA,APROBADO,BUENO,16300,9.98E+14,0,"13,040",20.00%,26655,RECIBOS DE NOMINA,ALTO_B,CLIENTE_BANCO,10500,BAJO,80%,0,263,730,0,0,0,38,FAMILIARES,POSGRADO
2.01408E+16,163,APROBADA,CLASICA,APROBADO,BUENO,16300,9.98E+14,2,"15,485",5.00%,18182,RECIBOS DE NOMINA,MEDIO_B,NO_CLIENTE,0,BAJO,95%,0,227,705,0,0,0,26,PROPIA,LICENCIATURA
2.01406E+16,168,APROBADA,CLASICA,APROBADO,BUENO,16300,9.98E+14,0,"7,987",51.00%,9080,RECIBOS DE NOMINA,MEDIO_A,NO_CLIENTE,0,BAJO,49%,0,219,761,0,0,0,47,RENTA,PREPARATORIA
2.01407E+16,111,APROBADA,CLASICA,APROBADO,BUENO,16200,9.98E+14,2,"18,792",-16.00%,39916,RECIBOS DE NOMINA,MEDIO_A,CLIENTE_BANCO,324000,BAJO,116%,0,207,740,71956,4050,0,50,HIPOTECA,PREPARATORIA
2.01408E+16,187,APROBADA,CLASICA,APROBADO,BUENO,16200,9.98E+14,0,"6,642",59.00%,17340,RECIBOS DE NOMINA,MEDIO_A,CLIENTE_BANCO,24300,BAJO,41%,0,207,769,0,0,0,55,FAMILIARES,POSGRADO
2.01408E+16,192,APROBADA,CLASICA,APROBADO,BUENO,16200,9.98E+14,2,"15,714",3.00%,0,INVERSIONES,MEDIO_A,CLIENTE_BANCO,7000,BAJO,97%,0,178,711,1027,250,0,29,PROPIA,PREPARATORIA
2.01407E+16,113,APROBADA,CLASICA,APROBADO,BUENO,16100,9.98E+14,2,"10,787",33.00%,16233,RECIBOS DE NOMINA,ALTO_B,CLIENTE_BANCO,0,BAJO,67%,0,211,733,0,0,0,32,PROPIA,PREPARATORIA
2.01408E+16,141,APROBADA,CLASICA,APROBADO,REGULAR,16099,9.98E+14,0,"3,703",77.00%,25633,INVERSIONES,MEDIO_A,CLIENTE_BANCO,21100,BAJO,23%,0,218,704,19048,1160,0,40,HIPOTECA,PREPARATORIA
2.01408E+16,181,APROBADA,CLASICA,APROBADO,BUENO,16000,9.98E+14,1,"9,280",42.00%,16542,RECIBOS DE NOMINA,ALTO_A,CLIENTE_BANCO,0,BAJO,58%,0,212,762,0,0,0,49,PROPIA,POSGRADO
2.01408E+16,182,APROBADA,CLASICA,APROBADO,BUENO,15999,9.98E+14,1,"13,279",17.00%,11853,RECIBOS DE NOMINA,ALTO_B,CLIENTE_BANCO,0,BAJO,83%,0,245,737,0,0,0,28,PROPIA,LICENCIATURA
2.01408E+16,108,APROBADA,CLASICA,APROBADO,BUENO,15900,9.98E+14,2,"10,017",37.00%,13381,RECIBOS DE NOMINA,MEDIO_B,NO_CLIENTE,0,BAJO,63%,0,223,737,0,0,0,44,RENTA,POSGRADO
2.01408E+16,147,APROBADA,CLASICA,APROBADO,BUENO,15900,9.98E+14,0,"12,879",19.00%,9574,RECIBOS DE NOMINA,MEDIO_B,NO_CLIENTE,0,BAJO,81%,0,217,729,0,0,0,29,RENTA,POSGRADO
2.01408E+16,175,APROBADA,CLASICA,APROBADO,BUENO,15800,9.98E+14,0,"13,272",16.00%,7915,RECIBOS DE NOMINA,MEDIO_B,CLIENTE_BANCO,1,BAJO,84%,0,212,726,0,0,0,50,FAMILIARES,POSGRADO
2.01407E+16,168,APROBADA,CLASICA,APROBADO,REGULAR,15600,9.98E+14,0,"6,084",61.00%,9828,RECIBOS DE NOMINA,MEDIO_A,CLIENTE_BANCO,0,BAJO,39%,0,203,771,0,0,0,36,FAMILIARES,LICENCIATURA
2.01408E+16,151,APROBADA,CLASICA,APROBADO,REGULAR,15499,9.98E+14,1,"17,204",-11.00%,23636,INVERSIONES,MEDIO_A,CLIENTE_BANCO,89500,MEDIO ,111%,0,223,685,9781,4460,0,38,FAMILIARES,PREPARATORIA
2.01408E+16,141,APROBADA,CLASICA,APROBADO,BUENO,15400,9.98E+14,2,"12,628",18.00%,11408,RECIBOS DE NOMINA,ALTO_B,CLIENTE_BANCO,0,BAJO,82%,0,260,718,0,0,0,48,FAMILIARES,POSGRADO
2.01408E+16,161,APROBADA,CLASICA,APROBADO,REGULAR,15400,9.98E+14,1,"4,774",69.00%,0,RECIBOS DE NOMINA,ALTO_A,CLIENTE_BANCO,8700,BAJO,31%,1,166,711,7016,410,0,54,HIPOTECA,PREPARATORIA
2.01408E+16,188,APROBADA,CLASICA,APROBADO,REGULAR,15400,9.98E+14,0,"14,784",4.00%,12464,RECIBOS DE NOMINA,MEDIO_A,CLIENTE_BANCO,3000,MEDIO ,96%,0,207,695,3047,320,0,42,FAMILIARES,PREPARATORIA
2.01406E+16,154,APROBADA,CLASICA,APROBADO,BUENO,15200,9.98E+14,0,2171,10.00%,16068,RECIBOS DE NOMINA,MEDIO_B,NO_CLIENTE,0,BAJO,90%,0,182,720,0,0,0,46,PROPIA,LICENCIATURA
2.01408E+16,134,APROBADA,CLASICA,APROBADO,REGULAR,15100,9.98E+14,1,"17,063",-13.00%,14353,RECIBOS DE NOMINA,MEDIO_A,CLIENTE_BANCO,30500,MEDIO ,113%,0,211,680,30455,0,0,43,HIPOTECA,POSGRADO
2.01407E+16,146,APROBADA,CLASICA,APROBADO,REGULAR,15100,9.98E+14,0,"3,926",74.00%,11681,RECIBOS DE NOMINA,ALTO_B,NO_CLIENTE,0,BAJO,26%,0,187,784,0,0,0,41,HIPOTECA,LICENCIATURA
2.01408E+16,101,APROBADA,CLASICA,APROBADO,BUENO,15000,9.98E+14,2,"14,850",1.00%,12968,RECIBOS DE NOMINA,ALTO_B,CLIENTE_BANCO,0,BAJO,99%,0,207,701,0,0,0,30,PROPIA,LICENCIATURA
2.01407E+16,115,APROBADA,CLASICA,APROBADO,BUENO,15000,9.98E+14,1,"11,400",24.00%,0,INVERSIONES,MEDIO_B,CLIENTE_BANCO,0,BAJO,76%,0,227,744,0,0,0,57,RENTA,PREPARATORIA
2.01408E+16,129,APROBADA,CLASICA,APROBADO,REGULAR,15000,9.98E+14,0,"4,050",73.00%,0,RECIBOS DE NOMINA,ALTO_A,NO_CLIENTE,0,BAJO,27%,1,179,783,0,0,0,33,RENTA,POSGRADO
2.01408E+16,133,APROBADA,CLASICA,APROBADO,BUENO,15000,9.98E+14,0,"12,300",18.00%,0,RECIBOS DE NOMINA,BAJO_A,NO_CLIENTE,0,BAJO,82%,1,172,728,0,0,0,49,FAMILIARES,POSGRADO
2.01408E+16,143,APROBADA,CLASICA,APROBADO,BUENO,15000,9.98E+14,1,"16,950",-13.00%,10223,RECIBOS DE NOMINA,MEDIO_B,NO_CLIENTE,0,BAJO,113%,0,224,707,0,0,0,39,FAMILIARES,POSGRADO
2.01407E+16,154,APROBADA,CLASICA,APROBADO,BUENO,15000,9.98E+14,2,"12,000",20.00%,0,RECIBOS DE NOMINA,BAJO_A,NO_CLIENTE,0,BAJO,80%,0,196,720,0,0,0,58,FAMILIARES,POSGRADO
2.01408E+16,155,APROBADA,CLASICA,APROBADO,REGULAR,15000,9.98E+14,0,"3,000",80.00%,0,RECIBOS DE NOMINA,ALTO_B,NO_CLIENTE,0,BAJO,20%,0,208,790,0,0,0,38,HIPOTECA,LICENCIATURA
2.01408E+16,171,APROBADA,CLASICA,APROBADO,BUENO,15000,9.98E+14,2,"14,400",4.00%,0,RECIBOS DE NOMINA,BAJO_A,NO_CLIENTE,0,BAJO,96%,0,191,704,0,0,0,26,HIPOTECA,PREPARATORIA
2.01408E+16,180,APROBADA,CLASICA,APROBADO,BUENO,15000,9.98E+14,2,"17,100",-14.00%,11409,RECIBOS DE NOMINA,MEDIO_A,CLIENTE_BANCO,15000,BAJO,114%,0,219,710,9675,740,0,38,HIPOTECA,POSGRADO
2.01407E+16,183,APROBADA,CLASICA,APROBADO,REGULAR,15000,9.98E+14,2,"16,200",-8.00%,0,RECIBOS DE NOMINA,MEDIO_B,CLIENTE_BANCO,0,MEDIO ,108%,0,224,692,0,0,0,52,RENTA,POSGRADO
2.01407E+16,192,APROBADA,CLASICA,APROBADO,BUENO,15000,9.98E+14,1,"9,300",38.00%,0,INVERSIONES,BAJO_A,CLIENTE_BANCO,3000,BAJO,62%,0,179,723,1070,250,0,43,PROPIA,PREPARATORIA
2.01408E+16,192,APROBADA,CLASICA,APROBADO,REGULAR,15000,9.98E+14,1,"5,700",62.00%,0,RECIBOS DE NOMINA,MEDIO_A,NO_CLIENTE,0,BAJO,38%,0,240,782,0,0,0,43,FAMILIARES,POSGRADO
2.01408E+16,185,APROBADA,CLASICA,APROBADO,BUENO,15000,9.98E+14,1,0,48.00%,66102,RECIBOS DE NOMINA,MEDIO_B,CLIENTE_BANCO,0,BAJO,0.52,0,220,758,0,0,0,43,PROPIA,LICENCIATURA
2.01407E+16,142,APROBADA,CLASICA,APROBADO,REGULAR,14900,9.98E+14,1,"4,172",72.00%,10269,DECLARACION ANUAL,ALTO_B,NO_CLIENTE,0,BAJO,28%,0,224,792,0,0,0,46,HIPOTECA,PREPARATORIA
2.01407E+16,190,APROBADA,CLASICA,APROBADO,BUENO,14800,9.98E+14,0,"13,912",6.00%,0,RECIBOS DE NOMINA,MEDIO_A,CLIENTE_BANCO,87000,BAJO,94%,0,224,744,7581,1090,0,56,FAMILIARES,PREPARATORIA
2.01408E+16,115,APROBADA,CLASICA,APROBADO,REGULAR,14700,9.98E+14,1,"4,704",68.00%,10902,RECIBOS DE NOMINA,ALTO_B,NO_CLIENTE,0,BAJO,32%,0,237,788,0,0,0,26,RENTA,PREPARATORIA
2.01408E+16,194,APROBADA,CLASICA,APROBADO,BUENO,14700,9.98E+14,2,"8,967",39.00%,8160,RECIBOS DE NOMINA,MEDIO_A,CLIENTE_BANCO,0,BAJO,61%,0,244,739,0,0,0,44,HIPOTECA,POSGRADO
2.01408E+16,125,APROBADA,CLASICA,APROBADO,REGULAR,14600,9.98E+14,2,"16,498",-13.00%,18611,RECIBOS DE NOMINA,MEDIO_B,NO_CLIENTE,0,MEDIO ,113%,0,221,687,0,0,0,31,RENTA,LICENCIATURA
2.01408E+16,167,APROBADA,CLASICA,APROBADO,REGULAR,14600,9.98E+14,0,"2,336",84.00%,8893,RECIBOS DE NOMINA,MEDIO_A,NO_CLIENTE,0,BAJO,16%,0,221,794,0,0,0,53,PROPIA,POSGRADO
2.01407E+16,169,APROBADA,CLASICA,APROBADO,BUENO,14400,9.98E+14,0,"7,776",46.00%,7975,RECIBOS DE NOMINA,ALTO_A,CLIENTE_BANCO,21200,BAJO,54%,0,238,756,283,270,0,27,RENTA,POSGRADO
2.01406E+16,173,APROBADA,CLASICA,APROBADO,BUENO,14300,9.98E+14,2,"9,438",34.00%,11023,RECIBOS DE NOMINA,ALTO_A,NO_CLIENTE,0,BAJO,66%,0,209,765,0,0,0,49,FAMILIARES,PREPARATORIA
2.01407E+16,142,APROBADA,CLASICA,APROBADO,REGULAR,14100,9.98E+14,0,"2,256",84.00%,11596,RECIBOS DE NOMINA,MEDIO_A,NO_CLIENTE,0,BAJO,16%,0,226,794,0,0,0,40,RENTA,POSGRADO
2.01408E+16,102,APROBADA,CLASICA,APROBADO,REGULAR,14000,9.98E+14,1,"4,760",66.00%,10828,RECIBOS DE NOMINA,ALTO_A,CLIENTE_BANCO,0,BAJO,34%,0,234,786,0,0,0,28,PROPIA,PREPARATORIA
2.01408E+16,126,APROBADA,CLASICA,APROBADO,BUENO,14000,9.98E+14,0,-175,25.00%,6628,RECIBOS DE NOMINA,MEDIO_B,NO_CLIENTE,0,BAJO,75%,0,216,735,0,0,0,42,PROPIA,LICENCIATURA
2.01408E+16,139,APROBADA,CLASICA,APROBADO,BUENO,13900,9.98E+14,1,"16,263",-17.00%,13637,RECIBOS DE NOMINA,MEDIO_A,CLIENTE_BANCO,22300,BAJO,117%,0,218,740,9475,0,0,49,HIPOTECA,LICENCIATURA
2.01408E+16,186,APROBADA,CLASICA,APROBADO,REGULAR,13900,9.98E+14,1,"2,641",81.00%,7715,RECIBOS DE NOMINA,MEDIO_A,CLIENTE_BANCO,0,BAJO,19%,0,261,801,0,0,0,38,FAMILIARES,POSGRADO
2.01406E+16,190,APROBADA,CLASICA,APROBADO,BUENO,13800,9.98E+14,1,"11,454",17.00%,8829,RECIBOS DE NOMINA,MEDIO_B,NO_CLIENTE,0,BAJO,83%,0,224,737,0,0,0,32,RENTA,POSGRADO
2.01408E+16,137,APROBADA,CLASICA,APROBADO,BUENO,13500,9.98E+14,2,"14,580",-8.00%,0,RECIBOS DE NOMINA,ALTO_A,CLIENTE_BANCO,31502,BAJO,108%,1,174,723,2906,0,0,43,PROPIA,PREPARATORIA
2.01406E+16,155,APROBADA,CLASICA,APROBADO,REGULAR,13500,9.98E+14,1,"2,025",85.00%,4113,RECIBOS DE NOMINA,ALTO_A,CLIENTE_BANCO,0,BAJO,15%,0,132,805,0,0,0,49,FAMILIARES,PREPARATORIA
2.01407E+16,185,APROBADA,CLASICA,APROBADO,REGULAR,13500,9.98E+14,0,"2,025",85.00%,7087,INVERSIONES,ALTO_A,NO_CLIENTE,0,BAJO,15%,0,222,795,0,0,0,52,PROPIA,POSGRADO
2.01406E+16,126,APROBADA,CLASICA,APROBADO,BUENO,13300,9.98E+14,0,"10,507",21.00%,10319,RECIBOS DE NOMINA,MEDIO_B,NO_CLIENTE,0,BAJO,79%,0,207,731,0,0,0,38,RENTA,PREPARATORIA
2.01408E+16,170,APROBADA,CLASICA,APROBADO,REGULAR,13300,9.98E+14,0,"4,389",67.00%,13950,RECIBOS DE NOMINA,ALTO_A,NO_CLIENTE,0,BAJO,33%,0,224,777,0,0,0,33,RENTA,LICENCIATURA
2.01407E+16,193,APROBADA,CLASICA,APROBADO,REGULAR,13300,9.98E+14,0,"3,192",76.00%,7630,INVERSIONES,MEDIO_A,NO_CLIENTE,0,BAJO,24%,0,233,786,0,0,0,52,PROPIA,PREPARATORIA
2.01408E+16,129,APROBADA,CLASICA,APROBADO,REGULAR,13200,9.98E+14,0,"5,280",60.00%,0,RECIBOS DE NOMINA,ALTO_A,CLIENTE_BANCO,0,BAJO,40%,0,193,770,0,0,0,46,HIPOTECA,PREPARATORIA
2.01408E+16,135,APROBADA,CLASICA,APROBADO,REGULAR,13000,9.98E+14,2,"14,690",-13.00%,10186,RECIBOS DE NOMINA,MEDIO_A,CLIENTE_BANCO,1,MEDIO ,113%,0,267,687,0,0,0,38,RENTA,POSGRADO
2.01408E+16,162,APROBADA,CLASICA,APROBADO,BUENO,13000,9.98E+14,2,"7,020",46.00%,9385,RECIBOS DE NOMINA,ALTO_B,CLIENTE_BANCO,0,BAJO,54%,0,213,746,0,0,0,36,RENTA,POSGRADO
2.01408E+16,184,APROBADA,CLASICA,APROBADO,BUENO,13000,9.98E+14,2,"11,310",13.00%,15930,RECIBOS DE NOMINA,ALTO_B,CLIENTE_BANCO,0,BAJO,87%,0,223,713,0,0,0,29,RENTA,PREPARATORIA
2.01408E+16,199,APROBADA,CLASICA,APROBADO,BUENO,13000,9.98E+14,1,"5,460",58.00%,8111,RECIBOS DE NOMINA,ALTO_A,CLIENTE_BANCO,0,BAJO,42%,0,226,778,0,0,0,47,HIPOTECA,POSGRADO
2.01408E+16,101,APROBADA,CLASICA,APROBADO,REGULAR,12900,9.98E+14,1,"4,257",67.00%,11955,RECIBOS DE NOMINA,MEDIO_B,NO_CLIENTE,0,BAJO,33%,0,217,787,0,0,0,57,HIPOTECA,LICENCIATURA
2.01408E+16,182,APROBADA,CLASICA,APROBADO,BUENO,12900,9.98E+14,1,"8,643",33.00%,0,INVERSIONES,ALTO_A,NO_CLIENTE,0,BAJO,67%,0,167,753,0,0,0,40,RENTA,PREPARATORIA
2.01407E+16,167,APROBADA,CLASICA,APROBADO,BUENO,12899,9.98E+14,0,2150,55.00%,12793,RECIBOS DE NOMINA,MEDIO_A,NO_CLIENTE,0,BAJO,45%,0,213,765,0,0,0,42,PROPIA,LICENCIATURA
2.01407E+16,165,APROBADA,CLASICA,APROBADO,BUENO,12800,9.98E+14,1,"7,552",41.00%,9995,RECIBOS DE NOMINA,ALTO_A,NO_CLIENTE,0,BAJO,59%,0,204,761,0,0,0,25,PROPIA,POSGRADO
2.01408E+16,134,APROBADA,CLASICA,APROBADO,REGULAR,12600,9.98E+14,0,"6,174",51.00%,17993,RECIBOS DE NOMINA,MEDIO_A,CLIENTE_BANCO,7000,MEDIO ,49%,0,261,699,4237,0,0,58,RENTA,POSGRADO
2.01408E+16,164,APROBADA,CLASICA,APROBADO,BUENO,12600,9.98E+14,1,"5,418",57.00%,7018,RECIBOS DE NOMINA,MEDIO_A,NO_CLIENTE,0,BAJO,43%,0,242,777,0,0,0,60,HIPOTECA,PREPARATORIA
2.01408E+16,155,APROBADA,CLASICA,APROBADO,REGULAR,12599,9.98E+14,1,"4,158",67.00%,16465,INVERSIONES,MEDIO_A,CLIENTE_BANCO,69000,BAJO,33%,0,202,723,9340,0,0,38,FAMILIARES,LICENCIATURA
2.01408E+16,199,APROBADA,CLASICA,APROBADO,BUENO,12400,9.98E+14,0,"6,820",45.00%,0,INVERSIONES,MEDIO_A,CLIENTE_BANCO,17500,BAJO,55%,0,183,725,30,30,0,57,HIPOTECA,PREPARATORIA
2.01408E+16,152,APROBADA,CLASICA,APROBADO,REGULAR,12300,9.98E+14,1,"4,059",67.00%,0,INVERSIONES,ALTO_A,CLIENTE_BANCO,0,BAJO,33%,0,204,787,0,0,0,48,FAMILIARES,PREPARATORIA
2.01406E+16,111,APROBADA,CLASICA,APROBADO,REGULAR,12100,9.98E+14,1,"4,356",64.00%,20229,RECIBOS DE NOMINA,MEDIO_A,CLIENTE_BANCO,0,BAJO,36%,1,187,784,0,0,0,38,HIPOTECA,POSGRADO
2.01408E+16,105,APROBADA,CLASICA,APROBADO,BUENO,12000,9.98E+14,1,"13,800",-15.00%,19273,RECIBOS DE NOMINA,ALTO_B,CLIENTE_BANCO,0,BAJO,115%,0,240,705,0,0,0,29,HIPOTECA,LICENCIATURA
2.01408E+16,154,APROBADA,CLASICA,APROBADO,BUENO,12000,9.98E+14,1,-200,53.00%,11276,RECIBOS DE NOMINA,MEDIO_A,NO_CLIENTE,0,BAJO,47%,0,209,763,0,0,0,60,PROPIA,LICENCIATURA
2.01407E+16,153,APROBADA,CLASICA,APROBADO,BUENO,11999,9.98E+14,0,2400,55.00%,12793,RECIBOS DE NOMINA,MEDIO_A,NO_CLIENTE,0,BAJO,0.45,0,213,765,0,0,0,42,PROPIA,LICENCIATURA
2.01407E+16,114,APROBADA,CLASICA,APROBADO,BUENO,11900,9.98E+14,2,"7,854",34.00%,0,RECIBOS DE NOMINA,BAJO_A,NO_CLIENTE,0,BAJO,66%,0,177,734,0,0,0,39,RENTA,POSGRADO
2.01407E+16,109,APROBADA,CLASICA,APROBADO,REGULAR,11800,9.98E+14,0,"2,950",75.00%,10967,INVERSIONES,ALTO_A,NO_CLIENTE,0,BAJO,25%,0,199,785,0,0,0,36,FAMILIARES,POSGRADO
2.01408E+16,155,APROBADA,CLASICA,APROBADO,REGULAR,11800,9.98E+14,0,"4,248",64.00%,1879,RECIBOS DE NOMINA,MEDIO_A,CLIENTE_BANCO,33000,MEDIO ,36%,0,241,685,7695,1500,0,41,PROPIA,POSGRADO
2.01408E+16,196,APROBADA,CLASICA,APROBADO,BUENO,11800,9.98E+14,1,"8,850",25.00%,9701,RECIBOS DE NOMINA,MEDIO_B,NO_CLIENTE,0,BAJO,75%,0,221,745,0,0,0,25,FAMILIARES,POSGRADO
2.01407E+16,145,APROBADA,CLASICA,APROBADO,BUENO,11799,9.98E+14,1,"6,961",41.00%,10735,INVERSIONES,ALTO_B,NO_CLIENTE,0,BAJO,59%,0,233,761,0,0,0,40,HIPOTECA,LICENCIATURA
2.01407E+16,154,APROBADA,CLASICA,APROBADO,REGULAR,11700,9.98E+14,3,"12,402",-6.00%,14846,RECIBOS DE NOMINA,MEDIO_A,CLIENTE_BANCO,13200,MEDIO ,106%,0,200,657,3055,250,0,60,RENTA,PREPARATORIA
2.01408E+16,158,APROBADA,CLASICA,APROBADO,BUENO,11700,9.98E+14,2,"13,221",-13.00%,8240,RECIBOS DE NOMINA,MEDIO_A,CLIENTE_BANCO,49100,BAJO,113%,0,214,727,4336,500,0,41,FAMILIARES,PREPARATORIA
2.01407E+16,135,APROBADA,CLASICA,APROBADO,BUENO,11600,9.98E+14,0,"8,816",24.00%,6451,RECIBOS DE NOMINA,MEDIO_A,NO_CLIENTE,0,BAJO,76%,0,242,734,0,0,0,32,PROPIA,PREPARATORIA
2.01408E+16,151,APROBADA,CLASICA,APROBADO,BUENO,11600,9.98E+14,1,"11,252",3.00%,17511,RECIBOS DE NOMINA,MEDIO_B,NO_CLIENTE,0,BAJO,97%,0,215,723,0,0,0,36,RENTA,PREPARATORIA
2.01408E+16,162,APROBADA,CLASICA,APROBADO,REGULAR,11500,9.98E+14,1,"3,335",71.00%,6396,RECIBOS DE NOMINA,MEDIO_A,CLIENTE_BANCO,0,BAJO,29%,0,256,791,0,0,0,57,HIPOTECA,PREPARATORIA
2.01407E+16,193,APROBADA,CLASICA,APROBADO,REGULAR,11400,9.98E+14,2,"12,084",-6.00%,17342,INVERSIONES,MEDIO_B,NO_CLIENTE,0,MEDIO ,106%,0,236,694,0,0,0,28,HIPOTECA,LICENCIATURA
2.01406E+16,173,APROBADA,CLASICA,APROBADO,REGULAR,11300,9.98E+14,2,"12,882",-14.00%,16578,INVERSIONES,MEDIO_A,CLIENTE_BANCO,164199,ALTO,114%,0,187,622,58447,5770,0,35,HIPOTECA,POSGRADO
2.01408E+16,105,APROBADA,CLASICA,APROBADO,REGULAR,11200,9.98E+14,0,"3,472",69.00%,0,RECIBOS DE NOMINA,MEDIO_A,NO_CLIENTE,0,BAJO,31%,0,180,779,0,0,0,32,HIPOTECA,LICENCIATURA
2.01408E+16,184,APROBADA,CLASICA,APROBADO,REGULAR,11099,9.98E+14,1,"3,108",72.00%,11026,RECIBOS DE NOMINA,ALTO_A,CLIENTE_BANCO,19000,BAJO,28%,0,208,767,1088,250,0,52,RENTA,LICENCIATURA
2.01407E+16,127,APROBADA,CLASICA,APROBADO,REGULAR,11000,9.98E+14,3,"9,900",10.00%,0,RECIBOS DE NOMINA,BAJO_A,NO_CLIENTE,9900,ALTO,90%,0,191,630,0,0,0,57,PROPIA,LICENCIATURA
2.01408E+16,146,APROBADA,CLASICA,APROBADO,BUENO,11000,9.98E+14,1,"13,090",-19.00%,17790,RECIBOS DE NOMINA,ALTO_B,CLIENTE_BANCO,0,BAJO,119%,0,224,701,0,0,0,47,RENTA,POSGRADO
2.01408E+16,121,APROBADA,CLASICA,APROBADO,REGULAR,10800,9.98E+14,0,"5,400",50.00%,29577,RECIBOS DE NOMINA,MEDIO_A,CLIENTE_BANCO,37000,MEDIO ,50%,0,214,689,31373,800,0,56,RENTA,LICENCIATURA
2.01408E+16,101,APROBADA,CLASICA,APROBADO,REGULAR,10700,9.98E+14,2,"11,770",-10.00%,0,RECIBOS DE NOMINA,ALTO_B,NO_CLIENTE,0,MEDIO ,110%,0,213,690,0,0,0,36,RENTA,LICENCIATURA
2.01408E+16,117,APROBADA,CLASICA,APROBADO,BUENO,10700,9.98E+14,2,"10,165",5.00%,14616,RECIBOS DE NOMINA,MEDIO_A,CLIENTE_BANCO,20100,BAJO,95%,0,220,744,2271,260,0,58,FAMILIARES,POSGRADO
2.01407E+16,147,APROBADA,CLASICA,APROBADO,REGULAR,10600,9.98E+14,2,"11,236",-6.00%,10592,RECIBOS DE NOMINA,MEDIO_A,NO_CLIENTE,0,MEDIO ,106%,0,250,694,0,0,0,42,HIPOTECA,POSGRADO
2.01408E+16,172,APROBADA,CLASICA,APROBADO,REGULAR,10500,9.98E+14,1,"1,680",84.00%,0,RECIBOS DE NOMINA,ALTO_A,NO_CLIENTE,0,BAJO,16%,0,195,804,0,0,0,55,PROPIA,POSGRADO
2.01406E+16,179,APROBADA,CLASICA,APROBADO,REGULAR,10500,9.98E+14,0,"3,885",63.00%,13976,RECIBOS DE NOMINA,MEDIO_A,NO_CLIENTE,0,BAJO,37%,0,195,773,0,0,0,33,PROPIA,LICENCIATURA
2.01407E+16,184,APROBADA,CLASICA,APROBADO,REGULAR,10500,9.98E+14,0,"2,940",72.00%,10471,RECIBOS DE NOMINA,ALTO_A,CLIENTE_BANCO,0,BAJO,28%,0,257,782,0,0,0,55,RENTA,LICENCIATURA
2.01408E+16,127,APROBADA,CLASICA,APROBADO,BUENO,10400,9.98E+14,0,"5,720",45.00%,0,INVERSIONES,ALTO_B,NO_CLIENTE,5000,BAJO,55%,0,195,755,0,0,0,36,HIPOTECA,POSGRADO
2.01408E+16,185,APROBADA,CLASICA,APROBADO,BUENO,10399,9.98E+14,0,"4,368",58.00%,5145,INVERSIONES,MEDIO_A,CLIENTE_BANCO,14000,BAJO,42%,0,251,767,553,0,0,58,HIPOTECA,POSGRADO
2.01408E+16,162,APROBADA,CLASICA,APROBADO,BUENO,10300,9.98E+14,1,"8,755",15.00%,0,RECIBOS DE NOMINA,MEDIO_A,NO_CLIENTE,0,BAJO,85%,1,170,735,0,0,0,35,RENTA,PREPARATORIA
2.01407E+16,150,APROBADA,CLASICA,APROBADO,BUENO,10200,9.98E+14,2,"6,936",32.00%,12257,RECIBOS DE NOMINA,ALTO_A,NO_CLIENTE,0,BAJO,68%,0,231,782,0,0,0,37,RENTA,POSGRADO
2.01408E+16,117,APROBADA,CLASICA,APROBADO,BUENO,10099,9.98E+14,1,"10,301",-2.00%,12905,INVERSIONES,MEDIO_B,CLIENTE_BANCO,0,BAJO,102%,0,198,718,0,0,0,31,HIPOTECA,LICENCIATURA
2.01408E+16,102,APROBADA,CLASICA,APROBADO,BUENO,10000,9.98E+14,1,"7,100",29.00%,13187,RECIBOS DE NOMINA,MEDIO_A,CLIENTE_BANCO,0,BAJO,71%,0,227,749,0,0,0,25,FAMILIARES,PREPARATORIA
2.01408E+16,106,APROBADA,CLASICA,APROBADO,BUENO,10000,9.98E+14,1,"8,900",11.00%,36248,RECIBOS DE NOMINA,ALTO_B,CLIENTE_BANCO,0,BAJO,89%,0,239,731,0,0,0,58,PROPIA,PREPARATORIA
2.01408E+16,113,APROBADA,CLASICA,APROBADO,REGULAR,10000,9.98E+14,0,"4,000",60.00%,0,RECIBOS DE NOMINA,MEDIO_A,CLIENTE_BANCO,0,BAJO,40%,0,232,770,0,0,0,25,FAMILIARES,LICENCIATURA
2.01408E+16,126,APROBADA,CLASICA,APROBADO,BUENO,10000,9.98E+14,0,"9,800",2.00%,0,RECIBOS DE NOMINA,BAJO_A,NO_CLIENTE,0,BAJO,98%,1,184,712,0,0,0,37,HIPOTECA,PREPARATORIA
2.01406E+16,134,APROBADA,CLASICA,APROBADO,BUENO,10000,9.98E+14,0,"7,600",24.00%,19110,RECIBOS DE NOMINA,ALTO_B,CLIENTE_BANCO,0,BAJO,76%,0,182,734,0,0,0,38,PROPIA,LICENCIATURA
2.01408E+16,141,APROBADA,CLASICA,APROBADO,BUENO,10000,9.98E+14,0,"8,500",15.00%,0,RECIBOS DE NOMINA,ALTO_A,CLIENTE_BANCO,0,BAJO,85%,0,211,725,0,0,0,57,HIPOTECA,LICENCIATURA
2.01408E+16,145,APROBADA,CLASICA,APROBADO,REGULAR,10000,9.98E+14,2,"10,700",-7.00%,0,RECIBOS DE NOMINA,BAJO_A,NO_CLIENTE,0,MEDIO ,107%,0,188,693,0,0,0,40,FAMILIARES,POSGRADO
2.01408E+16,145,APROBADA,CLASICA,APROBADO,BUENO,10000,9.98E+14,0,"9,000",10.00%,0,RECIBOS DE NOMINA,MEDIO_B,NO_CLIENTE,0,BAJO,90%,0,199,720,0,0,0,60,FAMILIARES,POSGRADO
2.01408E+16,147,APROBADA,CLASICA,APROBADO,REGULAR,10000,9.98E+14,2,"11,600",-16.00%,9757,RECIBOS DE NOMINA,ALTO_B,CLIENTE_BANCO,0,MEDIO ,116%,0,223,684,0,0,0,42,RENTA,POSGRADO
2.01408E+16,153,APROBADA,CLASICA,APROBADO,BUENO,10000,9.98E+14,2,"5,200",48.00%,11741,RECIBOS DE NOMINA,MEDIO_B,NO_CLIENTE,0,BAJO,52%,0,235,748,0,0,0,27,PROPIA,LICENCIATURA
2.01408E+16,154,APROBADA,CLASICA,APROBADO,BUENO,10000,9.98E+14,2,"9,000",10.00%,15906,RECIBOS DE NOMINA,MEDIO_A,CLIENTE_BANCO,6400,BAJO,90%,0,219,733,4471,270,0,51,FAMILIARES,LICENCIATURA
2.01408E+16,157,APROBADA,CLASICA,APROBADO,REGULAR,10000,9.98E+14,0,"3,600",64.00%,0,RECIBOS DE NOMINA,ALTO_A,CLIENTE_BANCO,0,BAJO,36%,0,225,774,0,0,0,50,RENTA,LICENCIATURA
2.01408E+16,168,APROBADA,CLASICA,APROBADO,BUENO,10000,9.98E+14,1,"10,700",-7.00%,0,RECIBOS DE NOMINA,MEDIO_B,NO_CLIENTE,0,BAJO,107%,0,218,713,0,0,0,40,HIPOTECA,PREPARATORIA
2.01407E+16,169,APROBADA,CLASICA,APROBADO,BUENO,10000,9.98E+14,1,"6,000",40.00%,0,INVERSIONES,ALTO_A,NO_CLIENTE,0,BAJO,60%,0,207,760,0,0,0,56,FAMILIARES,LICENCIATURA
2.01407E+16,172,APROBADA,CLASICA,APROBADO,BUENO,10000,9.98E+14,2,"6,000",40.00%,0,RECIBOS DE NOMINA,MEDIO_B,NO_CLIENTE,0,BAJO,60%,0,215,740,0,0,0,51,PROPIA,POSGRADO
2.01407E+16,172,APROBADA,CLASICA,APROBADO,REGULAR,10000,9.98E+14,3,"10,400",-4.00%,0,RECIBOS DE NOMINA,MEDIO_B,NO_CLIENTE,10000,ALTO,104%,0,231,589,0,0,0,55,FAMILIARES,POSGRADO
2.01407E+16,179,APROBADA,CLASICA,APROBADO,REGULAR,10000,9.98E+14,1,"1,500",85.00%,11665,RECIBOS DE NOMINA,MEDIO_A,CLIENTE_BANCO,8300,MEDIO ,15%,0,224,694,5297,390,0,53,FAMILIARES,POSGRADO
2.01408E+16,188,APROBADA,CLASICA,APROBADO,BUENO,10000,9.98E+14,1,"8,500",15.00%,7481,RECIBOS DE NOMINA,MEDIO_A,CLIENTE_BANCO,13000,BAJO,85%,0,231,710,10180,570,0,28,PROPIA,POSGRADO
2.01408E+16,192,APROBADA,CLASICA,APROBADO,REGULAR,10000,9.98E+14,3,"11,800",-18.00%,12512,RECIBOS DE NOMINA,ALTO_B,CLIENTE_BANCO,5504,ALTO,118%,0,240,578,0,0,0,42,PROPIA,LICENCIATURA
2.01408E+16,197,APROBADA,CLASICA,APROBADO,BUENO,10000,9.98E+14,1,"8,400",16.00%,12084,RECIBOS DE NOMINA,MEDIO_B,CLIENTE_BANCO,11700,BAJO,84%,0,247,736,0,0,0,48,HIPOTECA,POSGRADO
2.01408E+16,199,APROBADA,CLASICA,APROBADO,REGULAR,10000,9.98E+14,0,"1,800",82.00%,0,INVERSIONES,MEDIO_A,NO_CLIENTE,0,BAJO,18%,0,246,792,0,0,0,36,HIPOTECA,POSGRADO
2.01408E+16,152,APROBADA,CLASICA,APROBADO,BUENO,10000,9.98E+14,1,14,12.00%,18582,RECIBOS DE NOMINA,MEDIO_A,CLIENTE_BANCO,37700,BAJO,0.88,0,229,716,26268,1490,0,40,PROPIA,LICENCIATURA
2.01408E+16,173,APROBADA,CLASICA,APROBADO,BUENO,10000,9.98E+14,0,0,15.00%,0,RECIBOS DE NOMINA,MEDIO_B,CLIENTE_BANCO,0,BAJO,85%,0,211,725,0,0,0,57,PROPIA,LICENCIATURA
2.01408E+16,223,APROBADA,CLASICA,APROBADO,BUENO,10000,9.98E+14,0,0,38.00%,17851,RECIBOS DE NOMINA,MEDIO_A,CLIENTE_BANCO,0,BAJO,62%,0,276,748,0,0,0,59,PROPIA,LICENCIATURA
2.01408E+16,157,APROBADA,CLASICA,APROBADO,BUENO,9999,9.98E+14,0,"5,699",43.00%,31236,INVERSIONES,ALTO_A,CLIENTE_BANCO,0,BAJO,57%,0,246,753,0,0,0,31,RENTA,PREPARATORIA
2.01408E+16,158,APROBADA,CLASICA,APROBADO,BUENO,9999,9.98E+14,2,"8,399",16.00%,11885,INVERSIONES,MEDIO_B,NO_CLIENTE,0,BAJO,84%,0,213,716,0,0,0,31,FAMILIARES,PREPARATORIA
2.01408E+16,178,APROBADA,CLASICA,APROBADO,REGULAR,9999,9.98E+14,1,"2,000",80.00%,5006,RECIBOS DE NOMINA,MEDIO_A,CLIENTE_BANCO,12100,MEDIO ,20%,0,193,679,2664,290,0,49,RENTA,POSGRADO
2.01407E+16,152,APROBADA,CLASICA,APROBADO,REGULAR,9900,9.98E+14,0,"2,673",73.00%,10103,RECIBOS DE NOMINA,ALTO_B,CLIENTE_BANCO,0,BAJO,27%,0,257,783,0,0,0,60,HIPOTECA,PREPARATORIA
2.01408E+16,101,APROBADA,CLASICA,APROBADO,BUENO,9899,9.98E+14,1,"6,038",39.00%,37108,INVERSIONES,ALTO_A,CLIENTE_BANCO,0,BAJO,61%,0,252,759,0,0,0,41,PROPIA,PREPARATORIA
2.01408E+16,102,APROBADA,CLASICA,APROBADO,REGULAR,9899,9.98E+14,0,"3,960",60.00%,24333,INVERSIONES,MEDIO_A,CLIENTE_BANCO,50000,BAJO,40%,0,230,741,12920,690,0,34,HIPOTECA,POSGRADO
2.01408E+16,103,APROBADA,CLASICA,APROBADO,REGULAR,9899,9.98E+14,2,"11,681",-18.00%,92586,INVERSIONES,MEDIO_A,CLIENTE_BANCO,85500,MEDIO ,118%,0,198,689,85440,0,0,50,PROPIA,LICENCIATURA
2.01408E+16,103,APROBADA,CLASICA,APROBADO,REGULAR,9899,9.98E+14,1,"3,960",60.00%,17654,RECIBOS DE NOMINA,MEDIO_A,CLIENTE_BANCO,18200,MEDIO ,40%,0,210,681,794,0,0,59,RENTA,LICENCIATURA
2.01408E+16,103,APROBADA,CLASICA,APROBADO,BUENO,9899,9.98E+14,1,"8,315",16.00%,31852,INVERSIONES,MEDIO_A,CLIENTE_BANCO,52000,BAJO,84%,0,223,730,8600,0,0,44,RENTA,LICENCIATURA
2.01408E+16,104,APROBADA,CLASICA,APROBADO,REGULAR,9899,9.98E+14,1,"1,782",82.00%,28091,RECIBOS DE NOMINA,ALTO_B,CLIENTE_BANCO,8500,BAJO,18%,0,264,802,0,0,0,27,HIPOTECA,PREPARATORIA
2.01407E+16,105,APROBADA,CLASICA,APROBADO,BUENO,9899,9.98E+14,2,"5,444",45.00%,43090,RECIBOS DE NOMINA,MEDIO_A,CLIENTE_BANCO,51000,BAJO,55%,0,213,748,26644,1120,0,29,RENTA,PREPARATORIA
2.01408E+16,106,APROBADA,CLASICA,APROBADO,BUENO,9899,9.98E+14,2,"6,731",32.00%,28766,INVERSIONES,MEDIO_A,CLIENTE_BANCO,8300,BAJO,68%,0,225,727,6432,330,0,49,FAMILIARES,LICENCIATURA
2.01408E+16,106,APROBADA,CLASICA,APROBADO,REGULAR,9899,9.98E+14,0,"1,782",82.00%,38747,INVERSIONES,ALTO_A,CLIENTE_BANCO,50000,BAJO,18%,0,234,740,708,630,0,42,PROPIA,PREPARATORIA
2.01408E+16,107,APROBADA,CLASICA,APROBADO,BUENO,9899,9.98E+14,1,"8,414",15.00%,49469,INVERSIONES,MEDIO_A,CLIENTE_BANCO,9500,BAJO,85%,0,171,710,7353,310,0,55,FAMILIARES,LICENCIATURA
2.01408E+16,107,APROBADA,CLASICA,APROBADO,BUENO,9899,9.98E+14,2,"10,196",-3.00%,54021,INVERSIONES,MEDIO_A,CLIENTE_BANCO,50000,BAJO,103%,0,228,740,1981,630,0,38,RENTA,PREPARATORIA
2.01408E+16,107,APROBADA,CLASICA,APROBADO,BUENO,9899,9.98E+14,0,"5,048",49.00%,19833,INVERSIONES,MEDIO_A,NO_CLIENTE,0,BAJO,51%,0,242,759,0,0,0,55,RENTA,POSGRADO
2.01408E+16,108,APROBADA,CLASICA,APROBADO,REGULAR,9899,9.98E+14,0,"1,980",80.00%,21437,INVERSIONES,MEDIO_A,CLIENTE_BANCO,20000,BAJO,20%,0,229,727,13784,700,0,56,PROPIA,LICENCIATURA
2.01408E+16,108,APROBADA,CLASICA,APROBADO,BUENO,9899,9.98E+14,1,"9,899",0.00%,39910,RECIBOS DE NOMINA,ALTO_A,CLIENTE_BANCO,34000,BAJO,100%,0,236,720,0,0,0,35,HIPOTECA,PREPARATORIA
2.01408E+16,109,APROBADA,CLASICA,APROBADO,BUENO,9899,9.98E+14,0,"7,325",26.00%,17646,RECIBOS DE NOMINA,MEDIO_B,CLIENTE_BANCO,0,BAJO,74%,0,215,736,0,0,0,35,HIPOTECA,POSGRADO
2.01408E+16,110,APROBADA,CLASICA,APROBADO,REGULAR,9899,9.98E+14,0,"1,980",80.00%,17668,INVERSIONES,MEDIO_A,CLIENTE_BANCO,15000,BAJO,20%,0,233,723,1899,0,0,49,FAMILIARES,POSGRADO
2.01408E+16,110,APROBADA,CLASICA,APROBADO,REGULAR,9899,9.98E+14,1,"2,079",79.00%,41049,INVERSIONES,MEDIO_A,CLIENTE_BANCO,20900,BAJO,21%,0,250,734,0,0,0,28,RENTA,PREPARATORIA
2.01408E+16,110,APROBADA,CLASICA,APROBADO,BUENO,9899,9.98E+14,1,"6,632",33.00%,38664,RECIBOS DE NOMINA,MEDIO_A,CLIENTE_BANCO,0,BAJO,67%,0,252,753,0,0,0,25,RENTA,POSGRADO
2.01408E+16,111,APROBADA,CLASICA,APROBADO,BUENO,9899,9.98E+14,1,"5,444",45.00%,3259,INVERSIONES,MEDIO_A,CLIENTE_BANCO,12500,BAJO,55%,0,216,767,0,0,0,58,FAMILIARES,PREPARATORIA
2.01408E+16,111,APROBADA,CLASICA,APROBADO,REGULAR,9899,9.98E+14,0,"3,267",67.00%,32639,RECIBOS DE NOMINA,MEDIO_A,CLIENTE_BANCO,17600,BAJO,33%,0,217,740,14130,250,0,42,HIPOTECA,POSGRADO
2.01408E+16,111,APROBADA,CLASICA,APROBADO,REGULAR,9899,9.98E+14,1,"1,980",80.00%,19171,INVERSIONES,ALTO_A,CLIENTE_BANCO,9600,BAJO,20%,0,248,800,0,0,0,45,RENTA,LICENCIATURA
2.01408E+16,112,APROBADA,CLASICA,APROBADO,BUENO,9899,9.98E+14,2,"7,325",26.00%,46986,INVERSIONES,MEDIO_A,CLIENTE_BANCO,82500,BAJO,74%,0,211,744,5389,0,0,30,RENTA,LICENCIATURA
2.01408E+16,112,APROBADA,CLASICA,APROBADO,BUENO,9899,9.98E+14,2,"9,404",5.00%,231322,INVERSIONES,MEDIO_A,CLIENTE_BANCO,86500,BAJO,95%,0,215,713,46592,2780,0,43,PROPIA,LICENCIATURA
2.01408E+16,112,APROBADA,CLASICA,APROBADO,BUENO,9899,9.98E+14,2,"7,820",21.00%,52224,INVERSIONES,MEDIO_A,CLIENTE_BANCO,16500,BAJO,79%,0,216,740,2187,250,0,55,FAMILIARES,PREPARATORIA
2.01408E+16,112,APROBADA,CLASICA,APROBADO,BUENO,9899,9.98E+14,1,"4,356",56.00%,28977,INVERSIONES,ALTO_B,CLIENTE_BANCO,3000,BAJO,44%,0,227,751,0,0,0,41,HIPOTECA,POSGRADO
2.01408E+16,112,APROBADA,CLASICA,APROBADO,BUENO,9899,9.98E+14,1,"5,939",40.00%,49977,RECIBOS DE NOMINA,MEDIO_A,CLIENTE_BANCO,18000,BAJO,60%,0,232,706,10936,650,0,59,PROPIA,LICENCIATURA
2.01408E+16,112,APROBADA,CLASICA,APROBADO,REGULAR,9899,9.98E+14,1,"3,267",67.00%,44841,RECIBOS DE NOMINA,MEDIO_A,CLIENTE_BANCO,15000,BAJO,33%,0,236,723,2905,0,0,53,RENTA,PREPARATORIA
2.01408E+16,112,APROBADA,CLASICA,APROBADO,BUENO,9899,9.98E+14,0,"8,414",15.00%,16336,INVERSIONES,ALTO_A,CLIENTE_BANCO,15000,BAJO,85%,0,271,723,2595,250,0,35,RENTA,PREPARATORIA
2.01408E+16,113,APROBADA,CLASICA,APROBADO,REGULAR,9899,9.98E+14,0,"8,018",19.00%,28488,RECIBOS DE NOMINA,MEDIO_A,CLIENTE_BANCO,6300,MEDIO ,81%,0,205,694,5971,370,0,27,FAMILIARES,LICENCIATURA
2.01408E+16,114,APROBADA,CLASICA,APROBADO,REGULAR,9899,9.98E+14,0,"1,980",80.00%,13669,RECIBOS DE NOMINA,ALTO_B,NO_CLIENTE,0,BAJO,20%,0,228,790,0,0,0,50,HIPOTECA,LICENCIATURA
2.01408E+16,114,APROBADA,CLASICA,APROBADO,BUENO,9899,9.98E+14,0,"6,236",37.00%,30361,INVERSIONES,ALTO_A,CLIENTE_BANCO,16500,BAJO,63%,0,241,706,6865,0,0,41,PROPIA,LICENCIATURA
2.01408E+16,115,APROBADA,CLASICA,APROBADO,REGULAR,9899,9.98E+14,0,"3,168",68.00%,10838,INVERSIONES,MEDIO_A,CLIENTE_BANCO,20000,BAJO,32%,0,220,740,6962,320,0,53,FAMILIARES,POSGRADO
2.01408E+16,115,APROBADA,CLASICA,APROBADO,REGULAR,9899,9.98E+14,0,"2,475",75.00%,8963,DECLARACION ANUAL,MEDIO_A,CLIENTE_BANCO,5000,BAJO,25%,0,228,757,3965,250,0,42,FAMILIARES,LICENCIATURA
2.01408E+16,115,APROBADA,CLASICA,APROBADO,BUENO,9899,9.98E+14,1,"4,455",55.00%,16589,INVERSIONES,MEDIO_A,CLIENTE_BANCO,3000,BAJO,45%,0,238,723,2086,250,0,26,HIPOTECA,PREPARATORIA
2.01408E+16,117,APROBADA,CLASICA,APROBADO,BUENO,9899,9.98E+14,2,"6,731",32.00%,40089,RECIBOS DE NOMINA,MEDIO_A,CLIENTE_BANCO,15700,BAJO,68%,0,211,706,8998,510,0,29,FAMILIARES,LICENCIATURA
2.01408E+16,117,APROBADA,CLASICA,APROBADO,BUENO,9899,9.98E+14,1,"10,097",-2.00%,23316,RECIBOS DE NOMINA,ALTO_B,CLIENTE_BANCO,0,BAJO,102%,0,213,718,0,0,0,40,FAMILIARES,POSGRADO
2.01407E+16,117,APROBADA,CLASICA,APROBADO,BUENO,9899,9.98E+14,1,"11,087",-12.00%,38053,INVERSIONES,MEDIO_A,CLIENTE_BANCO,14500,BAJO,112%,0,214,723,8377,340,0,59,HIPOTECA,LICENCIATURA
2.01408E+16,117,APROBADA,CLASICA,APROBADO,REGULAR,9899,9.98E+14,0,"2,475",75.00%,42382,INVERSIONES,MEDIO_A,CLIENTE_BANCO,74500,BAJO,25%,0,215,704,63822,0,0,59,PROPIA,PREPARATORIA
2.01408E+16,117,APROBADA,CLASICA,APROBADO,REGULAR,9899,9.98E+14,1,"7,226",27.00%,15704,INVERSIONES,MEDIO_A,CLIENTE_BANCO,3000,MEDIO ,73%,0,227,698,2442,250,0,45,RENTA,POSGRADO
2.01408E+16,117,APROBADA,CLASICA,APROBADO,REGULAR,9899,9.98E+14,1,"3,861",61.00%,27172,INVERSIONES,MEDIO_A,CLIENTE_BANCO,53000,BAJO,39%,0,232,750,18526,0,0,39,PROPIA,PREPARATORIA
2.01408E+16,117,APROBADA,CLASICA,APROBADO,BUENO,9899,9.98E+14,0,"6,731",32.00%,31496,INVERSIONES,ALTO_B,CLIENTE_BANCO,0,BAJO,68%,0,237,742,0,0,0,31,HIPOTECA,PREPARATORIA
2.01408E+16,118,APROBADA,CLASICA,APROBADO,BUENO,9899,9.98E+14,2,"8,711",12.00%,25909,INVERSIONES,MEDIO_A,CLIENTE_BANCO,15000,BAJO,88%,0,212,711,8580,250,0,34,PROPIA,PREPARATORIA
2.01408E+16,119,APROBADA,CLASICA,APROBADO,REGULAR,9899,9.98E+14,0,"1,881",81.00%,15931,RECIBOS DE NOMINA,ALTO_B,CLIENTE_BANCO,38000,BAJO,19%,0,241,791,15459,0,0,56,HIPOTECA,LICENCIATURA
2.01408E+16,119,APROBADA,CLASICA,APROBADO,BUENO,9899,9.98E+14,1,"4,257",57.00%,83663,INVERSIONES,MEDIO_A,CLIENTE_BANCO,23000,BAJO,43%,0,249,744,11706,290,0,26,FAMILIARES,PREPARATORIA
2.01408E+16,120,APROBADA,CLASICA,APROBADO,REGULAR,9899,9.98E+14,0,"3,762",62.00%,19570,INVERSIONES,MEDIO_A,CLIENTE_BANCO,9999,MEDIO ,38%,0,211,686,2865,250,0,46,RENTA,LICENCIATURA
2.01408E+16,121,APROBADA,CLASICA,APROBADO,BUENO,9899,9.98E+14,1,"4,851",51.00%,20699,INVERSIONES,MEDIO_A,CLIENTE_BANCO,21000,BAJO,49%,0,198,706,16485,0,0,47,PROPIA,POSGRADO
2.01408E+16,121,APROBADA,CLASICA,APROBADO,BUENO,9899,9.98E+14,0,"4,356",56.00%,10134,INVERSIONES,MEDIO_A,NO_CLIENTE,0,BAJO,44%,0,225,766,0,0,0,34,HIPOTECA,PREPARATORIA
2.01408E+16,121,APROBADA,CLASICA,APROBADO,REGULAR,9899,9.98E+14,0,"2,574",74.00%,37519,INVERSIONES,ALTO_A,CLIENTE_BANCO,13600,BAJO,26%,0,231,744,559,250,0,48,FAMILIARES,POSGRADO
2.01408E+16,121,APROBADA,CLASICA,APROBADO,BUENO,9899,9.98E+14,0,"9,107",8.00%,14808,INVERSIONES,ALTO_A,NO_CLIENTE,0,BAJO,92%,0,239,718,0,0,0,52,PROPIA,LICENCIATURA
2.01408E+16,122,APROBADA,CLASICA,APROBADO,REGULAR,9899,9.98E+14,1,"2,970",70.00%,17973,RECIBOS DE NOMINA,MEDIO_A,CLIENTE_BANCO,25000,BAJO,30%,0,246,711,15796,320,0,30,RENTA,PREPARATORIA
2.01408E+16,123,APROBADA,CLASICA,APROBADO,BUENO,9899,9.98E+14,2,"5,642",43.00%,73857,INVERSIONES,ALTO_A,CLIENTE_BANCO,30000,BAJO,57%,0,227,743,0,0,0,44,HIPOTECA,LICENCIATURA
2.01408E+16,123,APROBADA,CLASICA,APROBADO,BUENO,9899,9.98E+14,0,"4,257",57.00%,45136,INVERSIONES,ALTO_A,CLIENTE_BANCO,21500,BAJO,43%,0,240,727,2111,250,0,38,PROPIA,LICENCIATURA
2.01408E+16,123,APROBADA,CLASICA,APROBADO,BUENO,9899,9.98E+14,2,"8,711",12.00%,15594,INVERSIONES,MEDIO_A,CLIENTE_BANCO,15000,BAJO,88%,0,241,744,984,250,0,45,PROPIA,LICENCIATURA
2.01408E+16,124,APROBADA,CLASICA,APROBADO,REGULAR,9899,9.98E+14,2,"8,315",16.00%,9398,INVERSIONES,ALTO_A,CLIENTE_BANCO,15000,MEDIO ,84%,0,219,694,14157,0,0,58,PROPIA,LICENCIATURA
2.01408E+16,124,APROBADA,CLASICA,APROBADO,BUENO,9899,9.98E+14,1,"5,246",47.00%,24550,INVERSIONES,MEDIO_A,CLIENTE_BANCO,30000,BAJO,53%,0,237,757,10873,380,0,28,FAMILIARES,POSGRADO
2.01408E+16,124,APROBADA,CLASICA,APROBADO,REGULAR,9899,9.98E+14,2,"11,483",-16.00%,28273,RECIBOS DE NOMINA,ALTO_A,CLIENTE_BANCO,0,MEDIO ,116%,0,248,684,0,0,0,37,FAMILIARES,POSGRADO
2.01408E+16,125,APROBADA,CLASICA,APROBADO,REGULAR,9899,9.98E+14,0,"1,485",85.00%,59681,INVERSIONES,MEDIO_A,CLIENTE_BANCO,53000,BAJO,15%,0,196,707,40334,0,0,60,HIPOTECA,PREPARATORIA
2.01408E+16,125,APROBADA,CLASICA,APROBADO,BUENO,9899,9.98E+14,1,"10,196",-3.00%,31679,RECIBOS DE NOMINA,MEDIO_A,CLIENTE_BANCO,116000,BAJO,103%,0,197,723,104132,5710,0,41,PROPIA,PREPARATORIA
2.01408E+16,126,APROBADA,CLASICA,APROBADO,BUENO,9899,9.98E+14,2,"11,186",-13.00%,44437,INVERSIONES,MEDIO_A,CLIENTE_BANCO,100000,BAJO,113%,0,218,740,3491,1250,0,45,HIPOTECA,PREPARATORIA
2.01408E+16,126,APROBADA,CLASICA,APROBADO,REGULAR,9899,9.98E+14,0,"1,683",83.00%,11055,INVERSIONES,MEDIO_A,CLIENTE_BANCO,6500,BAJO,17%,0,223,723,3966,250,0,43,PROPIA,SECUNDARIA
2.01408E+16,126,APROBADA,CLASICA,APROBADO,BUENO,9899,9.98E+14,0,"4,158",58.00%,53357,RECIBOS DE NOMINA,MEDIO_A,CLIENTE_BANCO,0,BAJO,42%,0,227,768,0,0,0,53,PROPIA,POSGRADO
2.01408E+16,127,APROBADA,CLASICA,APROBADO,BUENO,9899,9.98E+14,1,"9,206",7.00%,14455,INVERSIONES,MEDIO_A,CLIENTE_BANCO,7000,BAJO,93%,0,212,740,472,0,0,49,FAMILIARES,PREPARATORIA
2.01408E+16,127,APROBADA,CLASICA,APROBADO,REGULAR,9899,9.98E+14,0,"2,970",70.00%,69296,DECLARACION ANUAL,MEDIO_B,CLIENTE_BANCO,50000,BAJO,30%,0,216,780,2187,0,0,43,RENTA,PREPARATORIA
2.01408E+16,127,APROBADA,CLASICA,APROBADO,BUENO,9899,9.98E+14,0,"8,711",12.00%,18582,RECIBOS DE NOMINA,ALTO_A,CLIENTE_BANCO,37700,BAJO,88%,0,229,716,26268,1490,0,40,PROPIA,LICENCIATURA
2.01408E+16,127,APROBADA,CLASICA,APROBADO,BUENO,9899,9.98E+14,1,"5,147",48.00%,42254,INVERSIONES,MEDIO_A,CLIENTE_BANCO,15500,BAJO,52%,0,237,727,5967,0,0,41,FAMILIARES,PREPARATORIA
2.01408E+16,129,APROBADA,CLASICA,APROBADO,BUENO,9899,9.98E+14,0,"6,434",35.00%,38322,INVERSIONES,MEDIO_A,CLIENTE_BANCO,18000,BAJO,65%,0,222,740,0,0,0,34,FAMILIARES,POSGRADO
2.01408E+16,130,APROBADA,CLASICA,APROBADO,REGULAR,9899,9.98E+14,3,"11,780",-19.00%,20455,INVERSIONES,ALTO_B,CLIENTE_BANCO,9899,ALTO,119%,0,221,539,0,0,0,58,FAMILIARES,PREPARATORIA
2.01408E+16,130,APROBADA,CLASICA,APROBADO,REGULAR,9899,9.98E+14,0,"2,772",72.00%,15246,INVERSIONES,ALTO_B,CLIENTE_BANCO,10500,BAJO,28%,0,251,779,105,0,0,51,HIPOTECA,PREPARATORIA
2.01408E+16,131,APROBADA,CLASICA,APROBADO,BUENO,9899,9.98E+14,1,"11,681",-18.00%,26466,INVERSIONES,ALTO_B,CLIENTE_BANCO,10800,BAJO,118%,0,222,702,535,0,0,32,FAMILIARES,POSGRADO
2.01408E+16,131,APROBADA,CLASICA,APROBADO,BUENO,9899,9.98E+14,2,"6,533",34.00%,15607,INVERSIONES,MEDIO_B,NO_CLIENTE,0,BAJO,66%,0,223,734,0,0,0,32,PROPIA,PREPARATORIA
2.01408E+16,131,APROBADA,CLASICA,APROBADO,BUENO,9899,9.98E+14,2,"5,741",42.00%,10338,INVERSIONES,MEDIO_A,CLIENTE_BANCO,3000,BAJO,58%,0,223,740,3081,250,0,47,FAMILIARES,LICENCIATURA
2.01408E+16,131,APROBADA,CLASICA,APROBADO,BUENO,9899,9.98E+14,2,"8,810",11.00%,32109,RECIBOS DE NOMINA,MEDIO_A,CLIENTE_BANCO,18000,BAJO,89%,0,246,740,400,0,0,48,FAMILIARES,POSGRADO
2.01408E+16,132,APROBADA,CLASICA,APROBADO,BUENO,9899,9.98E+14,1,"10,394",-5.00%,9896,INVERSIONES,MEDIO_A,CLIENTE_BANCO,21900,BAJO,105%,0,208,714,19778,440,0,59,RENTA,LICENCIATURA
2.01408E+16,132,APROBADA,CLASICA,APROBADO,BUENO,9899,9.98E+14,2,"5,840",41.00%,33375,INVERSIONES,MEDIO_A,CLIENTE_BANCO,16300,BAJO,59%,0,211,706,13143,0,0,55,HIPOTECA,PREPARATORIA
2.01408E+16,132,APROBADA,CLASICA,APROBADO,REGULAR,9899,9.98E+14,2,"10,889",-10.00%,10810,RECIBOS DE NOMINA,MEDIO_B,NO_CLIENTE,0,MEDIO ,110%,0,217,690,0,0,0,52,PROPIA,LICENCIATURA
2.01408E+16,133,APROBADA,CLASICA,APROBADO,REGULAR,9899,9.98E+14,2,"7,721",22.00%,21300,INVERSIONES,MEDIO_A,CLIENTE_BANCO,5000,MEDIO ,78%,0,212,685,5121,500,0,52,HIPOTECA,POSGRADO
2.01408E+16,133,APROBADA,CLASICA,APROBADO,BUENO,9899,9.98E+14,1,"10,196",-3.00%,15886,RECIBOS DE NOMINA,ALTO_B,NO_CLIENTE,0,BAJO,103%,0,228,717,0,0,0,52,FAMILIARES,LICENCIATURA
2.01408E+16,133,APROBADA,CLASICA,APROBADO,BUENO,9899,9.98E+14,0,"6,038",39.00%,13819,INVERSIONES,ALTO_A,CLIENTE_BANCO,17300,BAJO,61%,0,248,744,793,0,0,40,RENTA,PREPARATORIA
2.01408E+16,134,APROBADA,CLASICA,APROBADO,REGULAR,9899,9.98E+14,0,"3,762",62.00%,30493,INVERSIONES,MEDIO_B,CLIENTE_BANCO,30000,BAJO,38%,0,212,766,0,0,0,60,PROPIA,LICENCIATURA
2.01408E+16,134,APROBADA,CLASICA,APROBADO,BUENO,9899,9.98E+14,1,"9,503",4.00%,250000,RECIBOS DE NOMINA,ALTO_B,CLIENTE_BANCO,0,BAJO,96%,0,214,724,0,0,0,31,RENTA,POSGRADO
2.01408E+16,134,APROBADA,CLASICA,APROBADO,REGULAR,9899,9.98E+14,2,"6,236",37.00%,18439,INVERSIONES,MEDIO_A,CLIENTE_BANCO,34000,ALTO,63%,0,217,639,24705,1180,0,54,HIPOTECA,POSGRADO
2.01408E+16,135,APROBADA,CLASICA,APROBADO,REGULAR,9899,9.98E+14,0,"3,861",61.00%,5130,INVERSIONES,MEDIO_A,CLIENTE_BANCO,5004,BAJO,39%,0,207,744,2062,205,0,28,PROPIA,LICENCIATURA
2.01408E+16,135,APROBADA,CLASICA,APROBADO,REGULAR,9899,9.98E+14,0,"1,782",82.00%,20062,INVERSIONES,MEDIO_A,CLIENTE_BANCO,271000,BAJO,18%,0,235,731,2963,2963,0,37,PROPIA,POSGRADO
2.01408E+16,136,APROBADA,CLASICA,APROBADO,BUENO,9899,9.98E+14,0,"9,998",-1.00%,12371,INVERSIONES,ALTO_B,CLIENTE_BANCO,0,BAJO,101%,0,194,709,0,0,0,44,RENTA,PREPARATORIA
2.01408E+16,136,APROBADA,CLASICA,APROBADO,BUENO,9899,9.98E+14,1,"6,434",35.00%,103099,RECIBOS DE NOMINA,MEDIO_A,CLIENTE_BANCO,19100,BAJO,65%,0,194,711,103,0,0,54,HIPOTECA,LICENCIATURA
2.01408E+16,137,APROBADA,CLASICA,APROBADO,BUENO,9899,9.98E+14,0,"5,147",48.00%,66102,RECIBOS DE NOMINA,ALTO_A,CLIENTE_BANCO,0,BAJO,52%,0,220,758,0,0,0,43,PROPIA,LICENCIATURA
2.01408E+16,137,APROBADA,CLASICA,APROBADO,REGULAR,9899,9.98E+14,2,"5,048",49.00%,34907,RECIBOS DE NOMINA,MEDIO_A,CLIENTE_BANCO,16500,MEDIO ,51%,0,238,675,8790,660,0,41,RENTA,LICENCIATURA
2.01408E+16,137,APROBADA,CLASICA,APROBADO,BUENO,9899,9.98E+14,2,"5,444",45.00%,28938,INVERSIONES,ALTO_B,CLIENTE_BANCO,0,BAJO,55%,0,242,745,0,0,0,51,PROPIA,PREPARATORIA
2.01408E+16,138,APROBADA,CLASICA,APROBADO,REGULAR,9899,9.98E+14,1,"6,533",34.00%,33136,INVERSIONES,MEDIO_A,CLIENTE_BANCO,94500,MEDIO ,66%,1,187,686,51261,0,0,28,PROPIA,LICENCIATURA
2.01408E+16,138,APROBADA,CLASICA,APROBADO,BUENO,9899,9.98E+14,1,"11,087",-12.00%,56961,INVERSIONES,MEDIO_A,CLIENTE_BANCO,33000,BAJO,112%,0,208,702,30740,10,0,40,HIPOTECA,POSGRADO
2.01408E+16,138,APROBADA,CLASICA,APROBADO,BUENO,9899,9.98E+14,0,"10,097",-2.00%,17461,RECIBOS DE NOMINA,ALTO_A,CLIENTE_BANCO,18200,BAJO,102%,0,216,706,8564,470,0,47,HIPOTECA,LICENCIATURA
2.01408E+16,140,APROBADA,CLASICA,APROBADO,BUENO,9899,9.98E+14,0,"5,642",43.00%,23719,RECIBOS DE NOMINA,MEDIO_A,CLIENTE_BANCO,0,BAJO,57%,0,217,753,0,0,0,30,PROPIA,PREPARATORIA
2.01408E+16,140,APROBADA,CLASICA,APROBADO,REGULAR,9899,9.98E+14,1,"3,366",66.00%,41429,INVERSIONES,MEDIO_A,CLIENTE_BANCO,10000,BAJO,34%,0,220,706,5334,370,0,36,FAMILIARES,LICENCIATURA
2.01408E+16,140,APROBADA,CLASICA,APROBADO,REGULAR,9899,9.98E+14,1,"9,998",-1.00%,31661,INVERSIONES,MEDIO_A,CLIENTE_BANCO,53800,MEDIO ,101%,0,238,687,49321,0,0,50,RENTA,POSGRADO
2.01408E+16,141,APROBADA,CLASICA,APROBADO,REGULAR,9899,9.98E+14,1,"2,475",75.00%,33995,RECIBOS DE NOMINA,ALTO_A,CLIENTE_BANCO,36000,BAJO,25%,0,213,795,1500,450,0,60,RENTA,POSGRADO
2.01408E+16,141,APROBADA,CLASICA,APROBADO,BUENO,9899,9.98E+14,0,"7,424",25.00%,36677,INVERSIONES,ALTO_A,CLIENTE_BANCO,33500,BAJO,75%,0,256,772,567,0,0,35,RENTA,POSGRADO
2.01408E+16,142,APROBADA,CLASICA,APROBADO,BUENO,9899,9.98E+14,1,"8,711",12.00%,18515,RECIBOS DE NOMINA,MEDIO_B,CLIENTE_BANCO,0,BAJO,88%,0,217,732,0,0,0,44,RENTA,LICENCIATURA
2.01408E+16,142,APROBADA,CLASICA,APROBADO,BUENO,9899,9.98E+14,1,"5,345",46.00%,32898,INVERSIONES,MEDIO_A,CLIENTE_BANCO,102200,BAJO,54%,0,248,711,9611,0,0,37,FAMILIARES,LICENCIATURA
2.01408E+16,142,APROBADA,CLASICA,APROBADO,BUENO,9899,9.98E+14,0,"7,919",20.00%,32633,INVERSIONES,MEDIO_A,CLIENTE_BANCO,54000,BAJO,80%,0,258,737,2858,680,0,50,PROPIA,PREPARATORIA
2.01408E+16,143,APROBADA,CLASICA,APROBADO,REGULAR,9899,9.98E+14,1,"1,584",84.00%,32877,INVERSIONES,MEDIO_A,CLIENTE_BANCO,16700,BAJO,16%,0,204,704,15927,950,0,27,HIPOTECA,POSGRADO
2.01408E+16,143,APROBADA,CLASICA,APROBADO,REGULAR,9899,9.98E+14,0,"7,028",29.00%,17986,RECIBOS DE NOMINA,MEDIO_A,CLIENTE_BANCO,28000,MEDIO ,71%,0,230,685,28025,2470,0,33,RENTA,PREPARATORIA
2.01408E+16,144,APROBADA,CLASICA,APROBADO,REGULAR,9899,9.98E+14,0,"3,168",68.00%,32456,INVERSIONES,MEDIO_A,CLIENTE_BANCO,13000,BAJO,32%,0,191,723,906,0,0,36,RENTA,PREPARATORIA
2.01408E+16,145,APROBADA,CLASICA,APROBADO,BUENO,9899,9.98E+14,1,"11,582",-17.00%,109152,INVERSIONES,MEDIO_A,CLIENTE_BANCO,10000,BAJO,117%,0,226,740,0,0,0,38,PROPIA,POSGRADO
2.01408E+16,145,APROBADA,CLASICA,APROBADO,REGULAR,9899,9.98E+14,0,"1,782",82.00%,171596,INVERSIONES,ALTO_A,CLIENTE_BANCO,5000,BAJO,18%,0,263,720,763,250,0,34,HIPOTECA,LICENCIATURA
2.01408E+16,146,APROBADA,CLASICA,APROBADO,REGULAR,9899,9.98E+14,1,"2,178",78.00%,51657,INVERSIONES,MEDIO_A,CLIENTE_BANCO,109000,BAJO,22%,0,208,727,54966,2630,0,53,FAMILIARES,LICENCIATURA
2.01408E+16,146,APROBADA,CLASICA,APROBADO,REGULAR,9899,9.98E+14,0,"2,079",79.00%,35285,RECIBOS DE NOMINA,MEDIO_A,CLIENTE_BANCO,14300,BAJO,21%,0,209,744,125,0,0,27,PROPIA,PREPARATORIA
2.01408E+16,146,APROBADA,CLASICA,APROBADO,REGULAR,9899,9.98E+14,1,"7,622",23.00%,31206,INVERSIONES,MEDIO_A,CLIENTE_BANCO,22000,MEDIO ,77%,0,229,689,382,280,0,28,RENTA,PREPARATORIA
2.01408E+16,146,APROBADA,CLASICA,APROBADO,BUENO,9899,9.98E+14,1,"8,711",12.00%,13894,INVERSIONES,MEDIO_A,CLIENTE_BANCO,17500,BAJO,88%,0,230,723,1010,0,0,47,HIPOTECA,LICENCIATURA
2.01408E+16,146,APROBADA,CLASICA,APROBADO,REGULAR,9899,9.98E+14,1,"1,980",80.00%,4397,INVERSIONES,MEDIO_A,CLIENTE_BANCO,12700,BAJO,20%,0,246,740,3131,0,0,54,FAMILIARES,POSGRADO
2.01408E+16,147,APROBADA,CLASICA,APROBADO,REGULAR,9899,9.98E+14,1,"1,584",84.00%,11990,INVERSIONES,MEDIO_A,CLIENTE_BANCO,40000,MEDIO ,16%,0,213,697,33868,1250,0,45,PROPIA,LICENCIATURA
2.01408E+16,147,APROBADA,CLASICA,APROBADO,BUENO,9899,9.98E+14,1,"4,356",56.00%,31997,RECIBOS DE NOMINA,MEDIO_A,CLIENTE_BANCO,5700,BAJO,44%,0,236,723,113,0,0,59,FAMILIARES,PREPARATORIA
2.01408E+16,148,APROBADA,CLASICA,APROBADO,BUENO,9899,9.98E+14,1,"9,602",3.00%,5986,INVERSIONES,ALTO_B,CLIENTE_BANCO,11000,BAJO,97%,0,220,723,0,0,0,51,HIPOTECA,PREPARATORIA
2.01408E+16,149,APROBADA,CLASICA,APROBADO,BUENO,9899,9.98E+14,1,"10,889",-10.00%,31711,INVERSIONES,MEDIO_A,CLIENTE_BANCO,64000,BAJO,110%,0,222,723,37952,2060,0,32,RENTA,POSGRADO
2.01408E+16,149,APROBADA,CLASICA,APROBADO,BUENO,9899,9.98E+14,0,"7,919",20.00%,36640,INVERSIONES,ALTO_B,CLIENTE_BANCO,0,BAJO,80%,0,231,730,0,0,0,42,PROPIA,PREPARATORIA
2.01408E+16,149,APROBADA,CLASICA,APROBADO,REGULAR,9899,9.98E+14,0,"3,069",69.00%,21835,INVERSIONES,MEDIO_A,CLIENTE_BANCO,10700,BAJO,31%,0,245,740,6612,370,0,38,HIPOTECA,LICENCIATURA
2.01408E+16,150,APROBADA,CLASICA,APROBADO,BUENO,9899,9.98E+14,0,"8,414",15.00%,11071,RECIBOS DE NOMINA,MEDIO_B,CLIENTE_BANCO,0,BAJO,85%,0,213,725,0,0,0,27,HIPOTECA,POSGRADO
2.01408E+16,150,APROBADA,CLASICA,APROBADO,REGULAR,9899,9.98E+14,0,"2,970",70.00%,10314,INVERSIONES,MEDIO_A,NO_CLIENTE,0,BAJO,30%,0,224,780,0,0,0,28,FAMILIARES,LICENCIATURA
2.01408E+16,151,APROBADA,CLASICA,APROBADO,REGULAR,9899,9.98E+14,0,"1,584",84.00%,17652,RECIBOS DE NOMINA,MEDIO_A,CLIENTE_BANCO,36000,MEDIO ,16%,0,243,685,26812,1520,0,37,PROPIA,POSGRADO
2.01408E+16,151,APROBADA,CLASICA,APROBADO,REGULAR,9899,9.98E+14,1,"1,485",85.00%,13617,RECIBOS DE NOMINA,ALTO_B,CLIENTE_BANCO,13000,BAJO,15%,0,257,805,0,0,0,30,HIPOTECA,LICENCIATURA
2.01408E+16,151,APROBADA,CLASICA,APROBADO,BUENO,9899,9.98E+14,0,"5,246",47.00%,17486,INVERSIONES,ALTO_A,CLIENTE_BANCO,0,BAJO,53%,0,278,757,0,0,0,54,HIPOTECA,PREPARATORIA
2.01408E+16,152,APROBADA,CLASICA,APROBADO,REGULAR,9899,9.98E+14,1,"8,117",18.00%,35179,INVERSIONES,MEDIO_A,CLIENTE_BANCO,76000,MEDIO ,82%,0,209,696,23091,1450,0,34,PROPIA,POSGRADO
2.01408E+16,152,APROBADA,CLASICA,APROBADO,BUENO,9899,9.98E+14,1,"7,325",26.00%,21736,RECIBOS DE NOMINA,ALTO_A,CLIENTE_BANCO,0,BAJO,74%,0,217,746,0,0,0,44,PROPIA,LICENCIATURA
2.01408E+16,152,APROBADA,CLASICA,APROBADO,BUENO,9899,9.98E+14,0,"8,513",14.00%,11211,RECIBOS DE NOMINA,ALTO_A,CLIENTE_BANCO,14000,BAJO,86%,0,221,724,0,0,0,29,RENTA,PREPARATORIA
2.01408E+16,152,APROBADA,CLASICA,APROBADO,REGULAR,9899,9.98E+14,0,"2,871",71.00%,28647,INVERSIONES,ALTO_A,CLIENTE_BANCO,20200,BAJO,29%,0,243,781,8577,260,0,52,FAMILIARES,PREPARATORIA
2.01408E+16,153,APROBADA,CLASICA,APROBADO,REGULAR,9899,9.98E+14,1,"9,998",-1.00%,41521,DECLARACION ANUAL,MEDIO_A,CLIENTE_BANCO,77500,MEDIO ,101%,0,204,695,68455,0,0,31,FAMILIARES,LICENCIATURA
2.01408E+16,153,APROBADA,CLASICA,APROBADO,BUENO,9899,9.98E+14,0,"4,356",56.00%,26071,INVERSIONES,MEDIO_A,CLIENTE_BANCO,97000,BAJO,44%,0,209,744,13226,1220,0,57,PROPIA,POSGRADO
2.01408E+16,153,APROBADA,CLASICA,APROBADO,BUENO,9899,9.98E+14,0,"9,998",-1.00%,56464,INVERSIONES,ALTO_A,CLIENTE_BANCO,38000,BAJO,101%,0,226,766,113,0,0,43,RENTA,POSGRADO
2.01408E+16,154,APROBADA,CLASICA,APROBADO,REGULAR,9899,9.98E+14,0,"6,731",32.00%,34069,INVERSIONES,MEDIO_A,CLIENTE_BANCO,50000,MEDIO ,68%,0,175,685,50100,3180,0,45,HIPOTECA,POSGRADO
2.01408E+16,154,APROBADA,CLASICA,APROBADO,REGULAR,9899,9.98E+14,0,"3,465",65.00%,43470,INVERSIONES,MEDIO_A,CLIENTE_BANCO,25000,BAJO,35%,0,208,744,0,0,0,50,PROPIA,POSGRADO
2.01408E+16,154,APROBADA,CLASICA,APROBADO,REGULAR,9899,9.98E+14,0,"3,465",65.00%,14685,RECIBOS DE NOMINA,MEDIO_A,CLIENTE_BANCO,0,BAJO,35%,0,255,775,0,0,0,33,FAMILIARES,LICENCIATURA
2.01408E+16,155,APROBADA,CLASICA,APROBADO,BUENO,9899,9.98E+14,2,"10,889",-10.00%,54015,INVERSIONES,MEDIO_A,CLIENTE_BANCO,32300,BAJO,110%,0,219,727,14803,600,0,52,RENTA,LICENCIATURA
2.01408E+16,155,APROBADA,CLASICA,APROBADO,BUENO,9899,9.98E+14,1,"6,929",30.00%,13083,RECIBOS DE NOMINA,ALTO_A,CLIENTE_BANCO,3000,BAJO,70%,0,237,750,0,0,0,55,FAMILIARES,POSGRADO
2.01408E+16,156,APROBADA,CLASICA,APROBADO,BUENO,9899,9.98E+14,2,"6,533",34.00%,33549,RECIBOS DE NOMINA,MEDIO_A,CLIENTE_BANCO,10004,BAJO,66%,0,205,723,6668,430,0,42,FAMILIARES,POSGRADO
2.01408E+16,156,APROBADA,CLASICA,APROBADO,REGULAR,9899,9.98E+14,0,"1,683",83.00%,14426,RECIBOS DE NOMINA,MEDIO_A,CLIENTE_BANCO,9100,BAJO,17%,0,208,723,2614,250,0,31,FAMILIARES,LICENCIATURA
2.01408E+16,156,APROBADA,CLASICA,APROBADO,REGULAR,9899,9.98E+14,1,"5,345",46.00%,21749,RECIBOS DE NOMINA,MEDIO_A,CLIENTE_BANCO,3000,MEDIO ,54%,0,222,690,1214,0,0,54,PROPIA,PREPARATORIA
2.01408E+16,156,APROBADA,CLASICA,APROBADO,BUENO,9899,9.98E+14,1,"8,513",14.00%,35368,INVERSIONES,MEDIO_A,CLIENTE_BANCO,90000,BAJO,86%,0,224,726,89505,0,0,53,RENTA,PREPARATORIA
2.01408E+16,156,APROBADA,CLASICA,APROBADO,REGULAR,9899,9.98E+14,0,"1,485",85.00%,9338,INVERSIONES,MEDIO_A,CLIENTE_BANCO,5100,BAJO,15%,0,225,711,5866,0,0,35,FAMILIARES,PREPARATORIA
2.01408E+16,156,APROBADA,CLASICA,APROBADO,REGULAR,9899,9.98E+14,0,"1,584",84.00%,25004,INVERSIONES,MEDIO_A,CLIENTE_BANCO,20000,BAJO,16%,0,257,727,751,0,0,57,PROPIA,LICENCIATURA
2.01408E+16,157,APROBADA,CLASICA,APROBADO,REGULAR,9899,9.98E+14,1,"11,186",-13.00%,12375,INVERSIONES,MEDIO_A,CLIENTE_BANCO,17000,MEDIO ,113%,0,204,684,10076,0,0,60,HIPOTECA,LICENCIATURA
2.01408E+16,157,APROBADA,CLASICA,APROBADO,BUENO,9899,9.98E+14,2,"11,681",-18.00%,31807,RECIBOS DE NOMINA,ALTO_A,CLIENTE_BANCO,55900,BAJO,118%,0,240,740,2752,0,0,56,RENTA,POSGRADO
2.01408E+16,158,APROBADA,CLASICA,APROBADO,BUENO,9899,9.98E+14,1,"7,424",25.00%,32260,INVERSIONES,MEDIO_A,CLIENTE_BANCO,38200,BAJO,75%,0,204,713,37894,1690,0,37,HIPOTECA,POSGRADO
2.01408E+16,158,APROBADA,CLASICA,APROBADO,BUENO,9899,9.98E+14,1,"10,592",-7.00%,7968,INVERSIONES,MEDIO_A,CLIENTE_BANCO,5000,BAJO,107%,0,205,734,2489,250,0,39,FAMILIARES,PREPARATORIA
2.01408E+16,158,APROBADA,CLASICA,APROBADO,REGULAR,9899,9.98E+14,1,"2,079",79.00%,4241,INVERSIONES,MEDIO_A,CLIENTE_BANCO,28000,BAJO,21%,0,219,733,66,66,0,55,RENTA,LICENCIATURA
2.01408E+16,158,APROBADA,CLASICA,APROBADO,BUENO,9899,9.98E+14,1,"8,414",15.00%,9014,INVERSIONES,MEDIO_A,CLIENTE_BANCO,30000,BAJO,85%,0,241,702,1264,0,0,57,PROPIA,POSGRADO
2.01408E+16,159,APROBADA,CLASICA,APROBADO,BUENO,9899,9.98E+14,2,"9,503",4.00%,16837,INVERSIONES,MEDIO_A,CLIENTE_BANCO,7100,BAJO,96%,0,219,740,2842,0,0,32,FAMILIARES,PREPARATORIA
2.01408E+16,159,APROBADA,CLASICA,APROBADO,BUENO,9899,9.98E+14,2,"9,008",9.00%,76702,INVERSIONES,MEDIO_A,CLIENTE_BANCO,17100,BAJO,91%,0,221,750,11204,0,0,35,RENTA,PREPARATORIA
2.01408E+16,160,APROBADA,CLASICA,APROBADO,BUENO,9899,9.98E+14,0,"6,632",33.00%,19321,RECIBOS DE NOMINA,MEDIO_A,CLIENTE_BANCO,14000,BAJO,67%,0,214,727,1419,250,0,60,FAMILIARES,POSGRADO
2.01408E+16,160,APROBADA,CLASICA,APROBADO,BUENO,9899,9.98E+14,0,"7,424",25.00%,28309,INVERSIONES,MEDIO_A,CLIENTE_BANCO,28000,BAJO,75%,0,230,723,9909,580,0,31,HIPOTECA,POSGRADO
2.01408E+16,160,APROBADA,CLASICA,APROBADO,BUENO,9899,9.98E+14,2,"8,612",13.00%,14467,INVERSIONES,MEDIO_B,NO_CLIENTE,0,BAJO,87%,0,236,713,0,0,0,46,PROPIA,LICENCIATURA
2.01408E+16,160,APROBADA,CLASICA,APROBADO,REGULAR,9899,9.98E+14,0,"3,663",63.00%,19339,INVERSIONES,ALTO_B,CLIENTE_BANCO,8100,BAJO,37%,0,240,773,0,0,0,54,PROPIA,POSGRADO
2.01408E+16,160,APROBADA,CLASICA,APROBADO,BUENO,9899,9.98E+14,1,"11,582",-17.00%,14352,RECIBOS DE NOMINA,ALTO_B,CLIENTE_BANCO,0,BAJO,117%,0,243,703,0,0,0,53,PROPIA,POSGRADO
2.01408E+16,162,APROBADA,CLASICA,APROBADO,BUENO,9899,9.98E+14,1,"10,196",-3.00%,53546,RECIBOS DE NOMINA,MEDIO_B,CLIENTE_BANCO,21500,BAJO,103%,0,198,754,2000,270,0,48,RENTA,LICENCIATURA
2.01408E+16,162,APROBADA,CLASICA,APROBADO,BUENO,9899,9.98E+14,2,"8,117",18.00%,10408,INVERSIONES,ALTO_B,CLIENTE_BANCO,6800,BAJO,82%,0,210,718,0,0,0,27,FAMILIARES,PREPARATORIA
2.01408E+16,163,APROBADA,CLASICA,APROBADO,REGULAR,9899,9.98E+14,1,"3,267",67.00%,16401,RECIBOS DE NOMINA,MEDIO_A,CLIENTE_BANCO,20200,BAJO,33%,0,222,744,433,260,0,53,FAMILIARES,PREPARATORIA
2.01408E+16,163,APROBADA,CLASICA,APROBADO,BUENO,9899,9.98E+14,1,"4,455",55.00%,53855,INVERSIONES,MEDIO_A,CLIENTE_BANCO,8800,BAJO,45%,0,234,740,1281,250,0,58,FAMILIARES,LICENCIATURA
2.01408E+16,163,APROBADA,CLASICA,APROBADO,BUENO,9899,9.98E+14,1,"4,950",50.00%,121426,INVERSIONES,MEDIO_A,CLIENTE_BANCO,25000,BAJO,50%,0,242,711,19475,880,0,56,PROPIA,PREPARATORIA
2.01408E+16,164,APROBADA,CLASICA,APROBADO,BUENO,9899,9.98E+14,1,"11,681",-18.00%,21751,INVERSIONES,ALTO_B,CLIENTE_BANCO,0,BAJO,118%,0,170,702,0,0,0,59,RENTA,POSGRADO
2.01408E+16,164,APROBADA,CLASICA,APROBADO,BUENO,9899,9.98E+14,0,"6,830",31.00%,15986,INVERSIONES,MEDIO_A,CLIENTE_BANCO,5200,BAJO,69%,0,204,734,100,100,0,57,FAMILIARES,PREPARATORIA
2.01408E+16,164,APROBADA,CLASICA,APROBADO,BUENO,9899,9.98E+14,1,"8,117",18.00%,13714,DECLARACION ANUAL,MEDIO_A,CLIENTE_BANCO,15000,BAJO,82%,0,214,711,517,0,0,29,HIPOTECA,POSGRADO
2.01408E+16,164,APROBADA,CLASICA,APROBADO,REGULAR,9899,9.98E+14,0,"3,366",66.00%,32273,RECIBOS DE NOMINA,MEDIO_A,CLIENTE_BANCO,15000,BAJO,34%,0,240,776,0,0,0,39,FAMILIARES,PREPARATORIA
2.01408E+16,166,APROBADA,CLASICA,APROBADO,BUENO,9899,9.98E+14,1,"6,830",31.00%,11806,RECIBOS DE NOMINA,MEDIO_A,CLIENTE_BANCO,18600,BAJO,69%,0,217,717,10176,810,0,41,RENTA,POSGRADO
2.01408E+16,167,APROBADA,CLASICA,APROBADO,BUENO,9899,9.98E+14,1,"5,345",46.00%,42267,INVERSIONES,MEDIO_A,CLIENTE_BANCO,122000,BAJO,54%,0,185,723,77260,0,0,54,RENTA,PREPARATORIA
2.01408E+16,167,APROBADA,CLASICA,APROBADO,BUENO,9899,9.98E+14,2,"6,731",32.00%,41007,INVERSIONES,ALTO_B,CLIENTE_BANCO,0,BAJO,68%,0,223,732,0,0,0,44,RENTA,POSGRADO
2.01408E+16,169,APROBADA,CLASICA,APROBADO,BUENO,9899,9.98E+14,2,"8,216",17.00%,25682,INVERSIONES,ALTO_B,CLIENTE_BANCO,50000,BAJO,83%,0,233,717,1098,630,0,29,FAMILIARES,LICENCIATURA
2.01408E+16,170,APROBADA,CLASICA,APROBADO,BUENO,9899,9.98E+14,1,"6,038",39.00%,11432,INVERSIONES,MEDIO_A,CLIENTE_BANCO,9800,BAJO,61%,0,223,707,1579,250,0,38,RENTA,PREPARATORIA
2.01408E+16,171,APROBADA,CLASICA,APROBADO,BUENO,9899,9.98E+14,1,"4,059",59.00%,36495,INVERSIONES,MEDIO_A,CLIENTE_BANCO,200000,BAJO,41%,0,216,740,14148,2500,0,59,FAMILIARES,LICENCIATURA
2.01408E+16,171,APROBADA,CLASICA,APROBADO,REGULAR,9899,9.98E+14,1,"3,069",69.00%,68806,INVERSIONES,MEDIO_A,CLIENTE_BANCO,29000,BAJO,31%,0,244,789,0,0,0,49,HIPOTECA,PREPARATORIA
2.01408E+16,171,APROBADA,CLASICA,APROBADO,REGULAR,9899,9.98E+14,0,"2,871",71.00%,53954,INVERSIONES,MEDIO_A,CLIENTE_BANCO,13200,BAJO,29%,0,245,706,479,0,0,28,RENTA,PREPARATORIA
2.01408E+16,172,APROBADA,CLASICA,APROBADO,BUENO,9899,9.98E+14,0,"7,919",20.00%,12844,RECIBOS DE NOMINA,MEDIO_A,CLIENTE_BANCO,16400,BAJO,80%,0,205,740,2958,250,0,39,RENTA,POSGRADO
2.01408E+16,172,APROBADA,CLASICA,APROBADO,REGULAR,9899,9.98E+14,3,"11,483",-16.00%,22367,RECIBOS DE NOMINA,MEDIO_B,CLIENTE_BANCO,7900,ALTO,116%,0,222,550,23435,0,0,30,RENTA,LICENCIATURA
2.01408E+16,174,APROBADA,CLASICA,APROBADO,REGULAR,9899,9.98E+14,0,"3,762",62.00%,55576,INVERSIONES,MEDIO_A,CLIENTE_BANCO,52000,MEDIO ,38%,0,212,697,41051,2620,0,34,FAMILIARES,POSGRADO
2.01408E+16,175,APROBADA,CLASICA,APROBADO,BUENO,9899,9.98E+14,1,"7,424",25.00%,39394,INVERSIONES,MEDIO_A,CLIENTE_BANCO,46500,BAJO,75%,0,217,772,0,0,0,56,RENTA,PREPARATORIA
2.01408E+16,175,APROBADA,CLASICA,APROBADO,REGULAR,9899,9.98E+14,2,"10,790",-9.00%,7626,INVERSIONES,MEDIO_A,CLIENTE_BANCO,11800,MEDIO ,109%,0,218,694,9053,570,0,32,RENTA,PREPARATORIA
2.01408E+16,175,APROBADA,CLASICA,APROBADO,REGULAR,9899,9.98E+14,1,"11,186",-13.00%,24495,INVERSIONES,MEDIO_A,CLIENTE_BANCO,20604,MEDIO ,113%,0,218,694,13448,630,0,58,RENTA,PREPARATORIA
2.01408E+16,176,APROBADA,CLASICA,APROBADO,BUENO,9899,9.98E+14,2,"11,186",-13.00%,40069,RECIBOS DE NOMINA,MEDIO_A,CLIENTE_BANCO,50000,BAJO,113%,0,202,744,1294,0,0,55,PROPIA,POSGRADO
2.01408E+16,176,APROBADA,CLASICA,APROBADO,BUENO,9899,9.98E+14,1,"5,840",41.00%,51760,INVERSIONES,MEDIO_A,CLIENTE_BANCO,83500,BAJO,59%,0,232,760,0,0,0,37,HIPOTECA,LICENCIATURA
2.01408E+16,179,APROBADA,CLASICA,APROBADO,REGULAR,9899,9.98E+14,1,"2,079",79.00%,10828,INVERSIONES,MEDIO_A,CLIENTE_BANCO,3000,MEDIO ,21%,0,212,686,2660,250,0,48,FAMILIARES,POSGRADO
2.01408E+16,180,APROBADA,CLASICA,APROBADO,REGULAR,9899,9.98E+14,1,"7,325",26.00%,33977,INVERSIONES,MEDIO_A,CLIENTE_BANCO,38000,MEDIO ,74%,0,197,697,29721,1460,0,38,HIPOTECA,POSGRADO
2.01408E+16,180,APROBADA,CLASICA,APROBADO,BUENO,9899,9.98E+14,0,"5,048",49.00%,7438,RECIBOS DE NOMINA,ALTO_A,CLIENTE_BANCO,0,BAJO,51%,0,232,759,0,0,0,25,PROPIA,LICENCIATURA
2.01408E+16,180,APROBADA,CLASICA,APROBADO,REGULAR,9899,9.98E+14,0,"2,079",79.00%,15315,INVERSIONES,MEDIO_A,CLIENTE_BANCO,17000,BAJO,21%,0,248,740,2407,0,0,34,FAMILIARES,SECUNDARIA
2.01408E+16,181,APROBADA,CLASICA,APROBADO,REGULAR,9899,9.98E+14,0,"3,762",62.00%,38571,RECIBOS DE NOMINA,MEDIO_A,CLIENTE_BANCO,26000,BAJO,38%,0,209,746,0,0,0,60,FAMILIARES,POSGRADO
2.01408E+16,181,APROBADA,CLASICA,APROBADO,BUENO,9899,9.98E+14,2,"6,632",33.00%,52083,INVERSIONES,MEDIO_A,CLIENTE_BANCO,36000,BAJO,67%,0,220,706,20769,1100,0,40,FAMILIARES,LICENCIATURA
2.01408E+16,182,APROBADA,CLASICA,APROBADO,BUENO,9899,9.98E+14,2,"5,345",46.00%,40915,INVERSIONES,MEDIO_A,CLIENTE_BANCO,5400,BAJO,54%,0,206,737,1583,0,0,25,RENTA,LICENCIATURA
2.01408E+16,182,APROBADA,CLASICA,APROBADO,BUENO,9899,9.98E+14,1,"10,493",-6.00%,56110,INVERSIONES,MEDIO_A,CLIENTE_BANCO,35000,BAJO,106%,0,216,721,1298,1199,0,42,FAMILIARES,POSGRADO
2.01408E+16,182,APROBADA,CLASICA,APROBADO,BUENO,9899,9.98E+14,1,"4,059",59.00%,33669,RECIBOS DE NOMINA,ALTO_A,CLIENTE_BANCO,52000,BAJO,41%,0,234,754,5310,0,0,41,RENTA,LICENCIATURA
2.01408E+16,183,APROBADA,CLASICA,APROBADO,REGULAR,9899,9.98E+14,1,"1,980",80.00%,22535,INVERSIONES,MEDIO_A,CLIENTE_BANCO,24000,BAJO,20%,0,235,724,8647,520,0,47,RENTA,PREPARATORIA
2.01408E+16,183,APROBADA,CLASICA,APROBADO,BUENO,9899,9.98E+14,0,"4,356",56.00%,44349,INVERSIONES,ALTO_A,CLIENTE_BANCO,82500,BAJO,44%,0,242,704,45322,2760,0,39,PROPIA,LICENCIATURA
2.01408E+16,184,APROBADA,CLASICA,APROBADO,BUENO,9899,9.98E+14,2,"9,107",8.00%,23244,INVERSIONES,ALTO_A,CLIENTE_BANCO,0,BAJO,92%,0,234,708,0,0,0,40,HIPOTECA,LICENCIATURA
2.01408E+16,184,APROBADA,CLASICA,APROBADO,BUENO,9899,9.98E+14,1,"6,533",34.00%,42055,INVERSIONES,MEDIO_A,CLIENTE_BANCO,62000,BAJO,66%,0,259,744,9074,2410,0,44,HIPOTECA,PREPARATORIA
2.01408E+16,185,APROBADA,CLASICA,APROBADO,BUENO,9899,9.98E+14,0,"10,097",-2.00%,57920,INVERSIONES,MEDIO_A,CLIENTE_BANCO,75000,BAJO,102%,0,187,703,26450,1940,0,52,RENTA,PREPARATORIA
2.01408E+16,185,APROBADA,CLASICA,APROBADO,REGULAR,9899,9.98E+14,0,"8,414",15.00%,74812,INVERSIONES,MEDIO_A,CLIENTE_BANCO,104500,MEDIO ,85%,0,203,695,78268,0,0,51,HIPOTECA,LICENCIATURA
2.01408E+16,185,APROBADA,CLASICA,APROBADO,BUENO,9899,9.98E+14,1,"11,285",-14.00%,22345,DECLARACION ANUAL,MEDIO_A,CLIENTE_BANCO,15000,BAJO,114%,0,204,727,4340,250,0,41,RENTA,POSGRADO
2.01408E+16,186,APROBADA,CLASICA,APROBADO,BUENO,9899,9.98E+14,0,"5,939",40.00%,1317,DECLARACION ANUAL,ALTO_A,CLIENTE_BANCO,11000,BAJO,60%,0,214,723,5062,0,0,28,PROPIA,LICENCIATURA
2.01408E+16,186,APROBADA,CLASICA,APROBADO,BUENO,9899,9.98E+14,0,"9,800",1.00%,44731,INVERSIONES,ALTO_A,CLIENTE_BANCO,117000,BAJO,99%,0,229,740,9053,1470,0,25,PROPIA,LICENCIATURA
2.01408E+16,187,APROBADA,CLASICA,APROBADO,BUENO,9899,9.98E+14,1,"5,246",47.00%,38531,INVERSIONES,ALTO_B,CLIENTE_BANCO,10004,BAJO,53%,0,206,767,8512,250,0,25,HIPOTECA,POSGRADO
2.01408E+16,188,APROBADA,CLASICA,APROBADO,REGULAR,9899,9.98E+14,0,"3,663",63.00%,7743,RECIBOS DE NOMINA,MEDIO_A,CLIENTE_BANCO,7300,BAJO,37%,0,218,727,4896,250,0,35,RENTA,PREPARATORIA
2.01408E+16,189,APROBADA,CLASICA,APROBADO,REGULAR,9899,9.98E+14,1,"4,455",55.00%,13405,INVERSIONES,ALTO_A,CLIENTE_BANCO,41999,MEDIO ,45%,0,208,685,37886,0,0,54,PROPIA,PREPARATORIA
2.01408E+16,190,APROBADA,CLASICA,APROBADO,REGULAR,9899,9.98E+14,0,"2,277",77.00%,49993,INVERSIONES,MEDIO_A,CLIENTE_BANCO,20100,BAJO,23%,0,211,712,11142,0,0,38,HIPOTECA,POSGRADO
2.01408E+16,190,APROBADA,CLASICA,APROBADO,BUENO,9899,9.98E+14,1,"6,632",33.00%,52839,INVERSIONES,MEDIO_A,CLIENTE_BANCO,61000,BAJO,67%,0,226,710,44818,1660,0,33,FAMILIARES,POSGRADO
2.01408E+16,191,APROBADA,CLASICA,APROBADO,REGULAR,9899,9.98E+14,1,"6,236",37.00%,19137,INVERSIONES,MEDIO_A,CLIENTE_BANCO,16500,MEDIO ,63%,0,221,697,12154,0,0,52,RENTA,PREPARATORIA
2.01408E+16,191,APROBADA,CLASICA,APROBADO,BUENO,9899,9.98E+14,2,"10,196",-3.00%,41524,INVERSIONES,MEDIO_A,CLIENTE_BANCO,42000,BAJO,103%,0,221,705,6847,530,0,42,HIPOTECA,POSGRADO
2.01408E+16,191,APROBADA,CLASICA,APROBADO,BUENO,9899,9.98E+14,1,"8,810",11.00%,33147,DECLARACION ANUAL,ALTO_B,CLIENTE_BANCO,0,BAJO,89%,0,242,731,0,0,0,47,RENTA,LICENCIATURA
2.01408E+16,191,APROBADA,CLASICA,APROBADO,BUENO,9899,9.98E+14,0,"8,513",14.00%,160580,RECIBOS DE NOMINA,ALTO_B,CLIENTE_BANCO,0,BAJO,86%,0,252,724,0,0,0,29,PROPIA,LICENCIATURA
2.01408E+16,193,APROBADA,CLASICA,APROBADO,REGULAR,9899,9.98E+14,0,"9,206",7.00%,13563,DECLARACION ANUAL,MEDIO_A,CLIENTE_BANCO,24504,MEDIO ,93%,0,195,694,6372,0,0,56,RENTA,LICENCIATURA
2.01408E+16,193,APROBADA,CLASICA,APROBADO,BUENO,9899,9.98E+14,2,"8,315",16.00%,33786,INVERSIONES,MEDIO_A,CLIENTE_BANCO,50000,BAJO,84%,0,228,737,13047,0,0,26,HIPOTECA,LICENCIATURA
2.01408E+16,193,APROBADA,CLASICA,APROBADO,BUENO,9899,9.98E+14,2,"10,295",-4.00%,19599,INVERSIONES,MEDIO_A,CLIENTE_BANCO,11800,BAJO,104%,0,231,707,2969,250,0,30,FAMILIARES,SECUNDARIA
2.01408E+16,193,APROBADA,CLASICA,APROBADO,BUENO,9899,9.98E+14,0,"10,592",-7.00%,13222,INVERSIONES,MEDIO_A,CLIENTE_BANCO,15000,BAJO,107%,0,237,723,0,0,0,44,FAMILIARES,POSGRADO
2.01408E+16,193,APROBADA,CLASICA,APROBADO,REGULAR,9899,9.98E+14,2,"9,008",9.00%,13029,INVERSIONES,MEDIO_A,CLIENTE_BANCO,37000,MEDIO ,91%,0,252,694,27309,0,0,41,HIPOTECA,PREPARATORIA
2.01408E+16,194,APROBADA,CLASICA,APROBADO,REGULAR,9899,9.98E+14,0,"2,574",74.00%,14568,INVERSIONES,ALTO_A,CLIENTE_BANCO,23000,BAJO,26%,0,205,767,5035,290,0,38,FAMILIARES,PREPARATORIA
2.01408E+16,194,APROBADA,CLASICA,APROBADO,REGULAR,9899,9.98E+14,1,"8,315",16.00%,103684,INVERSIONES,MEDIO_A,CLIENTE_BANCO,17200,MEDIO ,84%,0,206,697,15001,940,0,55,HIPOTECA,PREPARATORIA
2.01408E+16,194,APROBADA,CLASICA,APROBADO,BUENO,9899,9.98E+14,0,"9,899",0.00%,12709,INVERSIONES,MEDIO_A,CLIENTE_BANCO,10200,BAJO,100%,0,210,713,6996,250,0,54,RENTA,PREPARATORIA
2.01408E+16,194,APROBADA,CLASICA,APROBADO,BUENO,9899,9.98E+14,1,"8,414",15.00%,37611,INVERSIONES,MEDIO_A,CLIENTE_BANCO,48500,BAJO,85%,0,231,733,22447,1450,0,38,RENTA,LICENCIATURA
2.01408E+16,195,APROBADA,CLASICA,APROBADO,BUENO,9899,9.98E+14,2,"7,226",27.00%,30891,INVERSIONES,MEDIO_A,CLIENTE_BANCO,50000,BAJO,73%,0,206,740,1743,630,0,50,PROPIA,POSGRADO
2.01408E+16,195,APROBADA,CLASICA,APROBADO,BUENO,9899,9.98E+14,2,"5,048",49.00%,42090,INVERSIONES,MEDIO_A,CLIENTE_BANCO,20500,BAJO,51%,0,248,740,1260,0,0,28,HIPOTECA,PREPARATORIA
2.01408E+16,196,APROBADA,CLASICA,APROBADO,BUENO,9899,9.98E+14,2,"9,800",1.00%,19434,INVERSIONES,ALTO_B,CLIENTE_BANCO,0,BAJO,99%,0,208,701,0,0,0,51,PROPIA,PREPARATORIA
2.01408E+16,196,APROBADA,CLASICA,APROBADO,BUENO,9899,9.98E+14,2,"9,899",0.00%,29937,INVERSIONES,MEDIO_A,CLIENTE_BANCO,12000,BAJO,100%,0,210,744,2006,250,0,59,FAMILIARES,PREPARATORIA
2.01408E+16,197,APROBADA,CLASICA,APROBADO,BUENO,9899,9.98E+14,0,"4,752",52.00%,21214,RECIBOS DE NOMINA,ALTO_B,CLIENTE_BANCO,21000,BAJO,48%,0,218,754,1369,0,0,51,PROPIA,POSGRADO
2.01408E+16,198,APROBADA,CLASICA,APROBADO,BUENO,9899,9.98E+14,2,"7,424",25.00%,27489,RECIBOS DE NOMINA,MEDIO_A,CLIENTE_BANCO,21800,BAJO,75%,0,220,714,9272,600,0,34,RENTA,POSGRADO
2.01408E+16,199,APROBADA,CLASICA,APROBADO,REGULAR,9899,9.98E+14,0,"2,970",70.00%,15201,INVERSIONES,MEDIO_A,CLIENTE_BANCO,8000,MEDIO ,30%,0,216,698,6871,0,0,46,FAMILIARES,LICENCIATURA
2.01408E+16,146,APROBADA,CLASICA,APROBADO,BUENO,9800,9.98E+14,2,"10,976",-12.00%,14435,RECIBOS DE NOMINA,MEDIO_A,CLIENTE_BANCO,42000,BAJO,112%,0,213,740,30224,530,0,56,RENTA,LICENCIATURA
2.01406E+16,191,APROBADA,CLASICA,APROBADO,REGULAR,9800,9.98E+14,2,"10,780",-10.00%,7234,RECIBOS DE NOMINA,MEDIO_A,CLIENTE_BANCO,0,ALTO,110%,0,169,450,0,0,0,41,FAMILIARES,LICENCIATURA
2.01407E+16,109,APROBADA,CLASICA,APROBADO,REGULAR,9700,9.98E+14,3,"5,626",42.00%,0,RECIBOS DE NOMINA,ALTO_B,NO_CLIENTE,5000,ALTO,58%,2,169,529,0,0,0,44,HIPOTECA,SECUNDARIA
2.01408E+16,140,APROBADA,CLASICA,APROBADO,BUENO,9700,9.98E+14,0,"4,462",54.00%,0,RECIBOS DE NOMINA,ALTO_B,NO_CLIENTE,0,BAJO,46%,1,186,764,0,0,0,26,PROPIA,LICENCIATURA
2.01406E+16,196,APROBADA,CLASICA,APROBADO,BUENO,9600,9.98E+14,0,"4,512",53.00%,7967,RECIBOS DE NOMINA,ALTO_B,CLIENTE_BANCO,0,BAJO,47%,0,228,763,0,0,0,36,PROPIA,POSGRADO
2.01408E+16,102,APROBADA,CLASICA,APROBADO,REGULAR,9500,9.98E+14,0,"3,420",64.00%,12546,RECIBOS DE NOMINA,ALTO_A,NO_CLIENTE,0,BAJO,36%,0,220,774,0,0,0,33,PROPIA,LICENCIATURA
2.01406E+16,129,APROBADA,CLASICA,APROBADO,BUENO,9400,9.98E+14,2,"7,708",18.00%,7856,INVERSIONES,MEDIO_A,CLIENTE_BANCO,0,BAJO,82%,0,238,710,3914,250,0,48,FAMILIARES,PREPARATORIA
2.01407E+16,152,APROBADA,CLASICA,APROBADO,BUENO,9300,9.98E+14,0,"6,510",30.00%,7107,RECIBOS DE NOMINA,MEDIO_B,NO_CLIENTE,0,BAJO,70%,0,212,740,0,0,0,32,HIPOTECA,PREPARATORIA
2.01408E+16,193,APROBADA,CLASICA,APROBADO,BUENO,9300,9.98E+14,1,"7,719",17.00%,7885,RECIBOS DE NOMINA,MEDIO_B,NO_CLIENTE,0,BAJO,83%,0,244,737,0,0,0,39,HIPOTECA,LICENCIATURA
2.01406E+16,112,APROBADA,CLASICA,APROBADO,BUENO,9200,9.98E+14,0,"7,728",16.00%,6823,RECIBOS DE NOMINA,MEDIO_B,NO_CLIENTE,0,BAJO,84%,2,145,726,0,0,0,27,RENTA,POSGRADO
2.01408E+16,145,APROBADA,CLASICA,APROBADO,REGULAR,9100,9.98E+14,0,"1,820",80.00%,0,RECIBOS DE NOMINA,ALTO_A,NO_CLIENTE,0,BAJO,20%,0,189,790,0,0,0,54,PROPIA,LICENCIATURA
2.01408E+16,157,APROBADA,CLASICA,APROBADO,REGULAR,9100,9.98E+14,0,"3,640",60.00%,0,RECIBOS DE NOMINA,ALTO_A,NO_CLIENTE,0,BAJO,40%,0,170,770,0,0,0,47,HIPOTECA,PREPARATORIA
2.01407E+16,179,APROBADA,CLASICA,APROBADO,BUENO,9000,9.98E+14,1,"6,480",28.00%,0,RECIBOS DE NOMINA,ALTO_B,NO_CLIENTE,0,BAJO,72%,0,174,748,0,0,0,49,PROPIA,POSGRADO
2.01408E+16,139,APROBADA,CLASICA,APROBADO,BUENO,8999,9.98E+14,0,"5,129",43.00%,11079,RECIBOS DE NOMINA,MEDIO_A,NO_CLIENTE,0,BAJO,57%,0,240,753,0,0,0,39,RENTA,POSGRADO
2.01407E+16,146,APROBADA,CLASICA,APROBADO,BUENO,8600,9.98E+14,2,"7,138",17.00%,0,RECIBOS DE NOMINA,BAJO_A,CLIENTE_BANCO,0,BAJO,83%,0,210,717,0,0,0,29,HIPOTECA,PREPARATORIA
2.01408E+16,174,APROBADA,CLASICA,APROBADO,BUENO,8600,9.98E+14,1,"6,622",23.00%,0,RECIBOS DE NOMINA,BAJO_A,NO_CLIENTE,0,BAJO,77%,1,216,743,0,0,0,32,HIPOTECA,PREPARATORIA
2.01408E+16,114,APROBADA,CLASICA,APROBADO,BUENO,8500,9.98E+14,0,"5,865",31.00%,12548,INVERSIONES,MEDIO_B,NO_CLIENTE,0,BAJO,69%,0,218,741,0,0,0,31,FAMILIARES,PREPARATORIA
2.01408E+16,131,APROBADA,CLASICA,APROBADO,REGULAR,8500,9.98E+14,1,"3,315",61.00%,0,RECIBOS DE NOMINA,MEDIO_A,CLIENTE_BANCO,6000,BAJO,39%,0,224,716,4980,0,0,57,HIPOTECA,POSGRADO
2.01312E+16,107,APROBADA,CLASICA,APROBADO,REGULAR,8300,9.98E+14,1,"5,561",33.00%,8340,INVERSIONES,MEDIO_A,CLIENTE_BANCO,7600,MEDIO ,67%,0,176,676,7185,0,0,51,FAMILIARES,POSGRADO
2.01408E+16,184,APROBADA,CLASICA,APROBADO,REGULAR,8300,9.98E+14,0,"2,656",68.00%,0,RECIBOS DE NOMINA,MEDIO_A,NO_CLIENTE,0,BAJO,32%,0,177,778,0,0,0,31,HIPOTECA,LICENCIATURA
2.01408E+16,185,APROBADA,CLASICA,APROBADO,BUENO,8300,9.98E+14,2,"5,312",36.00%,9118,RECIBOS DE NOMINA,ALTO_B,CLIENTE_BANCO,13400,BAJO,64%,0,213,736,0,0,0,33,PROPIA,PREPARATORIA
2.01407E+16,156,APROBADA,CLASICA,APROBADO,REGULAR,8200,9.98E+14,2,"9,348",-14.00%,0,RECIBOS DE NOMINA,ALTO_B,CLIENTE_BANCO,12000,MEDIO ,114%,0,220,660,0,0,0,31,HIPOTECA,POSGRADO
2.01408E+16,159,APROBADA,CLASICA,APROBADO,REGULAR,8200,9.98E+14,0,"2,706",67.00%,13497,RECIBOS DE NOMINA,MEDIO_A,CLIENTE_BANCO,10800,MEDIO ,33%,0,206,694,8697,500,0,43,PROPIA,LICENCIATURA
2.01407E+16,169,APROBADA,CLASICA,APROBADO,BUENO,8100,9.98E+14,2,"4,617",43.00%,7250,RECIBOS DE NOMINA,MEDIO_B,NO_CLIENTE,0,BAJO,57%,0,193,743,0,0,0,27,FAMILIARES,LICENCIATURA
2.01408E+16,117,APROBADA,CLASICA,APROBADO,BUENO,8000,9.98E+14,0,"3,760",53.00%,11276,RECIBOS DE NOMINA,ALTO_A,NO_CLIENTE,0,BAJO,47%,0,209,763,0,0,0,60,HIPOTECA,LICENCIATURA
2.01406E+16,177,APROBADA,CLASICA,APROBADO,BUENO,8000,9.98E+14,1,-100,0.00%,13230,INVERSIONES,ALTO_B,CLIENTE_BANCO,36000,BAJO,1,0,199,710,0,0,0,41,PROPIA,LICENCIATURA
2.01408E+16,119,APROBADA,CLASICA,APROBADO,BUENO,7900,9.98E+14,2,"5,293",33.00%,5869,RECIBOS DE NOMINA,ALTO_B,CLIENTE_BANCO,0,BAJO,67%,0,233,733,0,0,0,39,PROPIA,PREPARATORIA
2.01407E+16,196,APROBADA,CLASICA,APROBADO,BUENO,7800,9.98E+14,1,"8,502",-9.00%,12488,INVERSIONES,MEDIO_B,NO_CLIENTE,0,BAJO,109%,0,211,711,0,0,0,35,HIPOTECA,POSGRADO
2.01408E+16,176,APROBADA,CLASICA,APROBADO,BUENO,7800,9.98E+14,1,1300,54.00%,0,RECIBOS DE NOMINA,ALTO_B,NO_CLIENTE,0,BAJO,46%,1,186,764,0,0,0,26,PROPIA,LICENCIATURA
2.01406E+16,127,APROBADA,CLASICA,APROBADO,BUENO,7300,9.98E+14,1,"7,154",2.00%,4038,RECIBOS DE NOMINA,MEDIO_A,CLIENTE_BANCO,0,BAJO,98%,0,242,722,0,0,0,48,RENTA,LICENCIATURA
2.01408E+16,216,APROBADA,CLASICA,APROBADO,BUENO,7300,9.98E+14,0,-913,22.00%,11089,RECIBOS DE NOMINA,ALTO_B,CLIENTE_BANCO,0,BAJO,78%,0,224,732,0,0,0,41,PROPIA,LICENCIATURA
2.01408E+16,129,APROBADA,CLASICA,APROBADO,BUENO,7200,9.98E+14,2,"6,408",11.00%,18467,RECIBOS DE NOMINA,MEDIO_A,CLIENTE_BANCO,67000,BAJO,89%,0,216,740,8705,840,0,34,FAMILIARES,POSGRADO
2.01408E+16,146,APROBADA,CLASICA,APROBADO,BUENO,7200,9.98E+14,0,"5,328",26.00%,0,RECIBOS DE NOMINA,BAJO_A,NO_CLIENTE,0,BAJO,74%,2,171,736,0,0,0,40,PROPIA,PREPARATORIA
2.01408E+16,190,APROBADA,CLASICA,APROBADO,REGULAR,7200,9.98E+14,1,"2,088",71.00%,0,RECIBOS DE NOMINA,MEDIO_A,NO_CLIENTE,0,BAJO,29%,0,188,791,0,0,0,46,HIPOTECA,POSGRADO
2.01406E+16,119,APROBADA,CLASICA,APROBADO,REGULAR,7100,9.98E+14,3,"7,739",-9.00%,5885,RECIBOS DE NOMINA,MEDIO_A,NO_CLIENTE,7200,ALTO,109%,0,224,589,0,0,0,59,HIPOTECA,POSGRADO
2.01408E+16,121,APROBADA,CLASICA,APROBADO,BUENO,7100,9.98E+14,2,"4,402",38.00%,0,RECIBOS DE NOMINA,MEDIO_A,NO_CLIENTE,0,BAJO,62%,0,196,738,0,0,0,36,HIPOTECA,PREPARATORIA
2.01407E+16,174,APROBADA,CLASICA,APROBADO,BUENO,7002,9.98E+14,2,"7,562",-8.00%,13265,RECIBOS DE NOMINA,MEDIO_A,CLIENTE_BANCO,6500,BAJO,108%,0,211,750,3508,250,0,27,FAMILIARES,PREPARATORIA
2.01407E+16,104,APROBADA,CLASICA,APROBADO,REGULAR,7000,9.98E+14,2,"7,420",-6.00%,0,RECIBOS DE NOMINA,MEDIO_A,NO_CLIENTE,0,MEDIO ,106%,0,185,694,0,0,0,27,FAMILIARES,LICENCIATURA
2.01408E+16,110,APROBADA,CLASICA,APROBADO,REGULAR,7000,9.98E+14,2,"8,330",-19.00%,0,RECIBOS DE NOMINA,MEDIO_B,NO_CLIENTE,0,MEDIO ,119%,0,203,681,0,0,0,39,PROPIA,POSGRADO
2.01407E+16,115,APROBADA,CLASICA,APROBADO,REGULAR,7000,9.98E+14,0,"1,120",84.00%,0,INVERSIONES,ALTO_B,NO_CLIENTE,0,BAJO,16%,0,196,794,0,0,0,54,RENTA,PREPARATORIA
2.01408E+16,116,APROBADA,CLASICA,APROBADO,REGULAR,7000,9.98E+14,0,"2,240",68.00%,0,INVERSIONES,ALTO_A,NO_CLIENTE,0,BAJO,32%,0,200,778,0,0,0,40,FAMILIARES,POSGRADO
2.01408E+16,122,APROBADA,CLASICA,APROBADO,REGULAR,7000,9.98E+14,0,"1,190",83.00%,0,INVERSIONES,MEDIO_A,NO_CLIENTE,1,BAJO,17%,1,193,793,0,0,0,27,HIPOTECA,PREPARATORIA
2.01407E+16,125,APROBADA,CLASICA,APROBADO,BUENO,7000,9.98E+14,1,"3,150",55.00%,0,INVERSIONES,ALTO_B,NO_CLIENTE,0,BAJO,45%,0,195,775,0,0,0,26,RENTA,POSGRADO
2.01407E+16,125,APROBADA,CLASICA,APROBADO,BUENO,7000,9.98E+14,1,"3,290",53.00%,0,RECIBOS DE NOMINA,MEDIO_A,NO_CLIENTE,0,BAJO,47%,0,201,773,0,0,0,41,PROPIA,PREPARATORIA
2.01408E+16,128,APROBADA,CLASICA,APROBADO,BUENO,7000,9.98E+14,1,"3,220",54.00%,0,RECIBOS DE NOMINA,ALTO_A,NO_CLIENTE,0,BAJO,46%,0,193,774,0,0,0,50,PROPIA,POSGRADO
2.01408E+16,133,APROBADA,CLASICA,APROBADO,BUENO,7000,9.98E+14,0,"3,430",51.00%,0,INVERSIONES,MEDIO_A,NO_CLIENTE,0,BAJO,49%,0,204,761,0,0,0,39,RENTA,PREPARATORIA
2.01407E+16,136,APROBADA,CLASICA,APROBADO,REGULAR,7000,9.98E+14,0,"2,450",65.00%,0,RECIBOS DE NOMINA,ALTO_B,NO_CLIENTE,0,BAJO,35%,0,213,775,0,0,0,28,HIPOTECA,LICENCIATURA
2.01407E+16,137,APROBADA,CLASICA,APROBADO,BUENO,7000,9.98E+14,0,"5,880",16.00%,0,RECIBOS DE NOMINA,MEDIO_A,NO_CLIENTE,0,BAJO,84%,0,187,726,0,0,0,44,PROPIA,PREPARATORIA
2.01407E+16,137,APROBADA,CLASICA,APROBADO,BUENO,7000,9.98E+14,2,"4,410",37.00%,0,INVERSIONES,MEDIO_B,NO_CLIENTE,0,BAJO,63%,0,193,737,0,0,0,54,PROPIA,LICENCIATURA
2.01407E+16,139,APROBADA,CLASICA,APROBADO,BUENO,7000,9.98E+14,0,"4,340",38.00%,0,RECIBOS DE NOMINA,MEDIO_B,NO_CLIENTE,0,BAJO,62%,0,195,748,0,0,0,49,HIPOTECA,PREPARATORIA
2.01407E+16,140,APROBADA,CLASICA,APROBADO,BUENO,7000,9.98E+14,1,"5,040",28.00%,0,INVERSIONES,MEDIO_A,NO_CLIENTE,0,BAJO,72%,0,197,748,0,0,0,28,RENTA,PREPARATORIA
2.01408E+16,140,APROBADA,CLASICA,APROBADO,BUENO,7000,9.98E+14,1,"3,150",55.00%,0,INVERSIONES,ALTO_B,NO_CLIENTE,0,BAJO,45%,0,199,775,0,0,0,33,FAMILIARES,PREPARATORIA
2.01408E+16,145,APROBADA,CLASICA,APROBADO,BUENO,7000,9.98E+14,1,"4,410",37.00%,0,RECIBOS DE NOMINA,MEDIO_A,NO_CLIENTE,0,BAJO,63%,0,242,757,0,0,0,41,PROPIA,LICENCIATURA
2.01408E+16,154,APROBADA,CLASICA,APROBADO,BUENO,7000,9.98E+14,1,"7,350",-5.00%,0,INVERSIONES,MEDIO_A,NO_CLIENTE,0,BAJO,105%,0,205,715,0,0,0,59,FAMILIARES,PREPARATORIA
2.01407E+16,159,APROBADA,CLASICA,APROBADO,BUENO,7000,9.98E+14,0,"6,790",3.00%,0,INVERSIONES,MEDIO_A,NO_CLIENTE,0,BAJO,97%,0,187,713,0,0,0,60,PROPIA,POSGRADO
2.01407E+16,165,APROBADA,CLASICA,APROBADO,BUENO,7000,9.98E+14,1,"6,510",7.00%,0,INVERSIONES,MEDIO_A,NO_CLIENTE,0,BAJO,93%,0,197,727,0,0,0,45,PROPIA,LICENCIATURA
2.01407E+16,168,APROBADA,CLASICA,APROBADO,BUENO,7000,9.98E+14,0,"3,010",57.00%,0,INVERSIONES,ALTO_A,NO_CLIENTE,0,BAJO,43%,0,215,767,0,0,0,37,PROPIA,LICENCIATURA
2.01407E+16,170,APROBADA,CLASICA,APROBADO,BUENO,7000,9.98E+14,2,"5,880",16.00%,0,INVERSIONES,MEDIO_A,NO_CLIENTE,0,BAJO,84%,0,197,716,0,0,0,28,PROPIA,PREPARATORIA
2.01408E+16,176,APROBADA,CLASICA,APROBADO,BUENO,7000,9.98E+14,2,"4,130",41.00%,0,RECIBOS DE NOMINA,MEDIO_A,NO_CLIENTE,0,BAJO,59%,0,205,741,0,0,0,37,HIPOTECA,LICENCIATURA
2.01407E+16,177,APROBADA,CLASICA,APROBADO,BUENO,7000,9.98E+14,2,"4,900",30.00%,0,INVERSIONES,MEDIO_B,NO_CLIENTE,0,BAJO,70%,0,240,730,0,0,0,49,PROPIA,POSGRADO
2.01408E+16,179,APROBADA,CLASICA,APROBADO,BUENO,7000,9.98E+14,1,"7,280",-4.00%,0,INVERSIONES,MEDIO_A,NO_CLIENTE,0,BAJO,104%,0,193,716,0,0,0,55,RENTA,LICENCIATURA
2.01407E+16,184,APROBADA,CLASICA,APROBADO,BUENO,7000,9.98E+14,1,"4,550",35.00%,0,INVERSIONES,ALTO_B,NO_CLIENTE,0,BAJO,65%,0,197,755,0,0,0,26,HIPOTECA,PREPARATORIA
2.01407E+16,189,APROBADA,CLASICA,APROBADO,REGULAR,7000,9.98E+14,3,"8,260",-18.00%,0,INVERSIONES,MEDIO_A,NO_CLIENTE,8260,ALTO,118%,0,196,499,0,0,0,34,FAMILIARES,LICENCIATURA
2.01407E+16,191,APROBADA,CLASICA,APROBADO,BUENO,7000,9.98E+14,0,"3,080",56.00%,0,RECIBOS DE NOMINA,ALTO_A,NO_CLIENTE,0,BAJO,44%,0,219,766,0,0,0,50,RENTA,PREPARATORIA
2.01407E+16,192,APROBADA,CLASICA,APROBADO,BUENO,7000,9.98E+14,0,"3,640",48.00%,0,INVERSIONES,ALTO_A,NO_CLIENTE,0,BAJO,52%,0,197,758,0,0,0,28,PROPIA,LICENCIATURA
2.01407E+16,193,APROBADA,CLASICA,APROBADO,BUENO,7000,9.98E+14,0,"3,710",47.00%,0,INVERSIONES,ALTO_A,NO_CLIENTE,0,BAJO,53%,0,193,757,0,0,0,59,RENTA,PREPARATORIA
2.01407E+16,196,APROBADA,CLASICA,APROBADO,REGULAR,7000,9.98E+14,1,"1,190",83.00%,0,RECIBOS DE NOMINA,MEDIO_A,CLIENTE_BANCO,0,BAJO,17%,0,218,803,0,0,0,54,FAMILIARES,LICENCIATURA
2.01407E+16,168,APROBADA,CLASICA,APROBADO,BUENO,6900,9.98E+14,1,"5,727",17.00%,0,RECIBOS DE NOMINA,BAJO_A,NO_CLIENTE,0,BAJO,83%,0,171,737,0,0,0,42,PROPIA,PREPARATORIA
2.01406E+16,134,APROBADA,CLASICA,APROBADO,BUENO,6700,9.98E+14,1,"4,221",37.00%,0,RECIBOS DE NOMINA,ALTO_B,CLIENTE_BANCO,0,BAJO,63%,0,226,757,0,0,0,58,FAMILIARES,LICENCIATURA
2.01408E+16,176,APROBADA,CLASICA,APROBADO,BUENO,6699,9.98E+14,1,1340,48.00%,66102,RECIBOS DE NOMINA,MEDIO_B,CLIENTE_BANCO,0,BAJO,52%,0,220,758,0,0,0,43,PROPIA,LICENCIATURA
2.01408E+16,145,APROBADA,CLASICA,APROBADO,BUENO,6599,9.98E+14,1,1320,8.00%,14808,INVERSIONES,MEDIO_B,NO_CLIENTE,0,BAJO,92%,0,239,718,0,0,0,52,PROPIA,LICENCIATURA
2.01407E+16,141,APROBADA,CLASICA,APROBADO,BUENO,6500,9.98E+14,2,"4,745",27.00%,11980,RECIBOS DE NOMINA,MEDIO_B,NO_CLIENTE,0,BAJO,73%,0,216,727,0,0,0,36,PROPIA,PREPARATORIA
2.01407E+16,188,APROBADA,CLASICA,APROBADO,REGULAR,6500,9.98E+14,1,"7,345",-13.00%,8717,RECIBOS DE NOMINA,MEDIO_A,CLIENTE_BANCO,5004,MEDIO ,113%,0,218,686,705,250,0,47,RENTA,PREPARATORIA
2.01408E+16,210,APROBADA,CLASICA,APROBADO,BUENO,6399,9.98E+14,0,1280,56.00%,44349,INVERSIONES,MEDIO_A,CLIENTE_BANCO,82500,BAJO,44%,0,242,704,45322,2760,0,39,PROPIA,LICENCIATURA
2.01408E+16,190,APROBADA,CLASICA,APROBADO,REGULAR,6300,9.98E+14,2,"7,371",-17.00%,0,RECIBOS DE NOMINA,MEDIO_A,NO_CLIENTE,0,MEDIO ,117%,0,191,683,0,0,0,26,HIPOTECA,LICENCIATURA
2.01408E+16,143,APROBADA,CLASICA,APROBADO,BUENO,6300,9.98E+14,0,-1050,25.00%,6628,RECIBOS DE NOMINA,MEDIO_B,NO_CLIENTE,0,BAJO,0.75,0,216,735,0,0,0,42,PROPIA,LICENCIATURA
2.01408E+16,231,APROBADA,CLASICA,APROBADO,BUENO,6299,9.98E+14,0,787,40.00%,1317,DECLARACION ANUAL,MEDIO_A,CLIENTE_BANCO,11000,BAJO,0.6,0,214,723,5062,0,0,28,PROPIA,LICENCIATURA
2.01407E+16,114,APROBADA,CLASICA,APROBADO,REGULAR,6200,9.98E+14,0,"2,232",64.00%,17665,INVERSIONES,ALTO_B,NO_CLIENTE,0,BAJO,36%,0,218,774,0,0,0,51,PROPIA,LICENCIATURA
2.01408E+16,151,APROBADA,CLASICA,APROBADO,REGULAR,6200,9.98E+14,0,"2,046",67.00%,16963,RECIBOS DE NOMINA,MEDIO_A,CLIENTE_BANCO,8700,MEDIO ,33%,0,217,694,6702,370,0,50,RENTA,LICENCIATURA
2.01408E+16,205,APROBADA,CLASICA,APROBADO,BUENO,6200,9.98E+14,1,-1240,22.00%,11089,RECIBOS DE NOMINA,ALTO_B,CLIENTE_BANCO,0,BAJO,0.78,0,224,732,0,0,0,41,PROPIA,LICENCIATURA
2.01408E+16,119,APROBADA,CLASICA,APROBADO,BUENO,6199,9.98E+14,1,"6,633",-7.00%,8929,RECIBOS DE NOMINA,MEDIO_B,CLIENTE_BANCO,15,BAJO,107%,0,242,713,0,0,0,43,PROPIA,LICENCIATURA
2.01407E+16,125,APROBADA,CLASICA,APROBADO,REGULAR,6100,9.98E+14,1,"1,830",70.00%,0,RECIBOS DE NOMINA,ALTO_B,NO_CLIENTE,0,BAJO,30%,0,178,790,0,0,0,26,HIPOTECA,PREPARATORIA
2.01407E+16,103,APROBADA,CLASICA,APROBADO,BUENO,6000,9.98E+14,2,"3,660",39.00%,0,RECIBOS DE NOMINA,MEDIO_B,NO_CLIENTE,0,BAJO,61%,0,216,739,0,0,0,35,PROPIA,PREPARATORIA
2.01408E+16,104,APROBADA,CLASICA,APROBADO,REGULAR,6000,9.98E+14,2,"7,140",-19.00%,0,RECIBOS DE NOMINA,ALTO_B,NO_CLIENTE,0,MEDIO ,119%,0,178,681,0,0,0,55,HIPOTECA,POSGRADO
2.01408E+16,106,APROBADA,CLASICA,APROBADO,BUENO,6000,9.98E+14,1,"3,420",43.00%,0,RECIBOS DE NOMINA,MEDIO_A,NO_CLIENTE,0,BAJO,57%,0,166,763,0,0,0,56,PROPIA,POSGRADO
2.01408E+16,107,APROBADA,CLASICA,APROBADO,REGULAR,6000,9.98E+14,2,"6,780",-13.00%,0,INVERSIONES,MEDIO_A,NO_CLIENTE,0,MEDIO ,113%,0,201,687,0,0,0,44,PROPIA,POSGRADO
2.01408E+16,115,APROBADA,CLASICA,APROBADO,REGULAR,6000,9.98E+14,0,"2,160",64.00%,0,INVERSIONES,MEDIO_A,NO_CLIENTE,0,BAJO,36%,0,199,774,0,0,0,40,FAMILIARES,PREPARATORIA
2.01407E+16,118,APROBADA,CLASICA,APROBADO,BUENO,6000,9.98E+14,1,"5,940",1.00%,0,RECIBOS DE NOMINA,MEDIO_A,NO_CLIENTE,0,BAJO,99%,0,188,721,0,0,0,37,HIPOTECA,POSGRADO
2.01408E+16,119,APROBADA,CLASICA,APROBADO,BUENO,6000,9.98E+14,2,"4,320",28.00%,0,INVERSIONES,MEDIO_A,NO_CLIENTE,0,BAJO,72%,0,193,728,0,0,0,37,PROPIA,POSGRADO
2.01407E+16,130,APROBADA,CLASICA,APROBADO,BUENO,6000,9.98E+14,0,"4,320",28.00%,0,INVERSIONES,ALTO_A,CLIENTE_BANCO,0,BAJO,72%,0,227,738,0,0,0,32,PROPIA,LICENCIATURA
2.01408E+16,134,APROBADA,CLASICA,APROBADO,REGULAR,6000,9.98E+14,1,"1,560",74.00%,0,RECIBOS DE NOMINA,ALTO_B,NO_CLIENTE,0,BAJO,26%,0,193,794,0,0,0,46,RENTA,PREPARATORIA
2.01408E+16,135,APROBADA,CLASICA,APROBADO,BUENO,6000,9.98E+14,0,"4,920",18.00%,0,INVERSIONES,MEDIO_A,NO_CLIENTE,0,BAJO,82%,0,203,728,0,0,0,29,PROPIA,POSGRADO
2.01408E+16,163,APROBADA,CLASICA,APROBADO,BUENO,6000,9.98E+14,0,"2,580",57.00%,0,RECIBOS DE NOMINA,ALTO_A,NO_CLIENTE,0,BAJO,43%,0,192,767,0,0,0,46,PROPIA,LICENCIATURA
2.01408E+16,166,APROBADA,CLASICA,APROBADO,BUENO,6000,9.98E+14,0,"4,020",33.00%,0,INVERSIONES,MEDIO_A,NO_CLIENTE,0,BAJO,67%,0,186,743,0,0,0,28,HIPOTECA,POSGRADO
2.01408E+16,171,APROBADA,CLASICA,APROBADO,BUENO,6000,9.98E+14,0,"5,400",10.00%,0,RECIBOS DE NOMINA,MEDIO_A,NO_CLIENTE,0,BAJO,90%,2,185,720,0,0,0,29,PROPIA,LICENCIATURA
2.01408E+16,173,APROBADA,CLASICA,APROBADO,REGULAR,6000,9.98E+14,0,"1,680",72.00%,0,INVERSIONES,ALTO_A,NO_CLIENTE,0,BAJO,28%,1,164,782,0,0,0,56,RENTA,PREPARATORIA
2.01408E+16,177,APROBADA,CLASICA,APROBADO,BUENO,6000,9.98E+14,0,"6,000",0.00%,0,RECIBOS DE NOMINA,MEDIO_B,CLIENTE_BANCO,0,BAJO,100%,0,197,710,0,0,0,54,FAMILIARES,POSGRADO
2.01408E+16,180,APROBADA,CLASICA,APROBADO,BUENO,6000,9.98E+14,0,"2,640",56.00%,0,RECIBOS DE NOMINA,MEDIO_A,NO_CLIENTE,0,BAJO,44%,0,196,766,0,0,0,39,RENTA,POSGRADO
2.01407E+16,180,APROBADA,CLASICA,APROBADO,BUENO,6000,9.98E+14,0,"2,700",55.00%,0,RECIBOS DE NOMINA,MEDIO_A,NO_CLIENTE,0,BAJO,45%,0,228,765,0,0,0,49,FAMILIARES,POSGRADO
2.01407E+16,183,APROBADA,CLASICA,APROBADO,REGULAR,6000,9.98E+14,1,"1,860",69.00%,0,INVERSIONES,MEDIO_A,NO_CLIENTE,0,BAJO,31%,0,196,789,0,0,0,49,PROPIA,PREPARATORIA
2.01407E+16,188,APROBADA,CLASICA,APROBADO,BUENO,6000,9.98E+14,1,"2,760",54.00%,0,INVERSIONES,MEDIO_A,NO_CLIENTE,0,BAJO,46%,0,193,774,0,0,0,47,PROPIA,POSGRADO
2.01408E+16,196,APROBADA,CLASICA,APROBADO,BUENO,6000,9.98E+14,1,"6,300",-5.00%,1895,RECIBOS DE NOMINA,ALTO_B,CLIENTE_BANCO,0,BAJO,105%,0,222,715,0,0,0,54,PROPIA,LICENCIATURA
2.01408E+16,198,APROBADA,CLASICA,APROBADO,REGULAR,6000,9.98E+14,0,"1,800",70.00%,0,RECIBOS DE NOMINA,ALTO_B,NO_CLIENTE,0,BAJO,30%,0,198,780,0,0,0,36,HIPOTECA,PREPARATORIA
2.01408E+16,139,APROBADA,CLASICA,APROBADO,REGULAR,5999,9.98E+14,2,"4,679",22.00%,17506,DECLARACION ANUAL,MEDIO_A,CLIENTE_BANCO,15000,BAJO,78%,0,232,700,0,0,0,46,RENTA,LICENCIATURA
2.01408E+16,145,APROBADA,CLASICA,APROBADO,BUENO,5999,9.98E+14,2,"5,519",8.00%,10638,INVERSIONES,MEDIO_B,CLIENTE_BANCO,7000,BAJO,92%,0,224,708,0,0,0,45,PROPIA,PREPARATORIA
2.01408E+16,151,APROBADA,CLASICA,APROBADO,BUENO,5999,9.98E+14,2,"5,819",3.00%,11702,RECIBOS DE NOMINA,ALTO_B,CLIENTE_BANCO,0,BAJO,97%,0,237,703,0,0,0,43,HIPOTECA,POSGRADO
2.01408E+16,174,APROBADA,CLASICA,APROBADO,BUENO,5999,9.98E+14,1,"4,679",22.00%,18693,INVERSIONES,MEDIO_A,CLIENTE_BANCO,15000,BAJO,78%,0,242,723,10582,340,0,43,FAMILIARES,POSGRADO
2.01408E+16,179,APROBADA,CLASICA,APROBADO,BUENO,5999,9.98E+14,1,"5,279",12.00%,23313,INVERSIONES,MEDIO_A,CLIENTE_BANCO,7500,BAJO,88%,0,220,727,6405,320,0,52,FAMILIARES,PREPARATORIA
2.01408E+16,180,APROBADA,CLASICA,APROBADO,BUENO,5999,9.98E+14,0,"2,940",51.00%,7194,RECIBOS DE NOMINA,MEDIO_A,CLIENTE_BANCO,8400,BAJO,49%,0,211,723,434,250,0,38,HIPOTECA,POSGRADO
2.01408E+16,193,APROBADA,CLASICA,APROBADO,REGULAR,5999,9.98E+14,0,"1,980",67.00%,25633,INVERSIONES,MEDIO_A,CLIENTE_BANCO,19000,BAJO,33%,0,221,777,12183,280,0,47,FAMILIARES,LICENCIATURA
2.01408E+16,169,APROBADA,CLASICA,APROBADO,BUENO,5999,9.98E+14,0,100,12.00%,18582,RECIBOS DE NOMINA,MEDIO_A,CLIENTE_BANCO,37700,BAJO,88%,0,229,716,26268,1490,0,40,PROPIA,LICENCIATURA
2.01406E+16,177,APROBADA,CLASICA,APROBADO,REGULAR,5900,9.98E+14,2,"6,667",-13.00%,4334,INVERSIONES,ALTO_B,CLIENTE_BANCO,0,MEDIO ,113%,0,188,680,0,0,0,53,FAMILIARES,LICENCIATURA
2.01406E+16,142,APROBADA,CLASICA,APROBADO,REGULAR,5800,9.98E+14,1,"1,218",79.00%,6137,RECIBOS DE NOMINA,MEDIO_A,CLIENTE_BANCO,0,BAJO,21%,0,194,799,0,0,0,34,PROPIA,POSGRADO
2.01407E+16,143,APROBADA,CLASICA,APROBADO,REGULAR,5800,9.98E+14,1,"1,740",70.00%,0,RECIBOS DE NOMINA,MEDIO_A,NO_CLIENTE,0,BAJO,30%,0,173,790,0,0,0,36,RENTA,POSGRADO
2.01407E+16,178,APROBADA,CLASICA,APROBADO,REGULAR,5800,9.98E+14,3,"3,944",32.00%,17449,RECIBOS DE NOMINA,MEDIO_B,CLIENTE_BANCO,47000,ALTO,68%,0,235,549,4578,0,0,37,FAMILIARES,LICENCIATURA
2.01408E+16,172,APROBADA,CLASICA,APROBADO,REGULAR,5700,9.98E+14,2,"6,213",-9.00%,10751,RECIBOS DE NOMINA,MEDIO_B,NO_CLIENTE,0,MEDIO ,109%,0,198,691,0,0,0,26,PROPIA,LICENCIATURA
2.01408E+16,180,APROBADA,CLASICA,APROBADO,BUENO,5700,9.98E+14,1,-814,39.00%,15002,RECIBOS DE NOMINA,MEDIO_B,NO_CLIENTE,0,BAJO,61%,0,226,749,0,0,0,56,PROPIA,LICENCIATURA
2.01407E+16,114,APROBADA,CLASICA,APROBADO,REGULAR,5600,9.98E+14,0,"1,008",82.00%,0,RECIBOS DE NOMINA,MEDIO_A,NO_CLIENTE,0,BAJO,18%,0,210,792,0,0,0,29,RENTA,POSGRADO
2.01408E+16,154,APROBADA,CLASICA,APROBADO,BUENO,5600,9.98E+14,1,"6,608",-18.00%,6123,RECIBOS DE NOMINA,ALTO_B,CLIENTE_BANCO,0,BAJO,118%,0,233,702,0,0,0,29,HIPOTECA,POSGRADO
2.01407E+16,114,APROBADA,CLASICA,APROBADO,BUENO,5500,9.98E+14,1,"3,850",30.00%,0,INVERSIONES,BAJO_A,NO_CLIENTE,0,BAJO,70%,0,171,750,0,0,0,42,FAMILIARES,LICENCIATURA
2.01408E+16,119,APROBADA,CLASICA,APROBADO,BUENO,5500,9.98E+14,0,"3,025",45.00%,0,INVERSIONES,MEDIO_A,NO_CLIENTE,0,BAJO,55%,3,159,755,0,0,0,37,PROPIA,PREPARATORIA
2.01407E+16,146,APROBADA,CLASICA,APROBADO,BUENO,5500,9.98E+14,0,"4,840",12.00%,16150,RECIBOS DE NOMINA,ALTO_B,CLIENTE_BANCO,12000,BAJO,88%,0,231,722,0,0,0,36,HIPOTECA,PREPARATORIA
2.01408E+16,184,APROBADA,CLASICA,APROBADO,BUENO,5500,9.98E+14,1,"2,365",57.00%,17237,RECIBOS DE NOMINA,MEDIO_B,NO_CLIENTE,0,BAJO,43%,0,241,777,0,0,0,50,HIPOTECA,PREPARATORIA
2.01408E+16,196,APROBADA,CLASICA,APROBADO,REGULAR,5500,9.98E+14,1,"2,090",62.00%,0,RECIBOS DE NOMINA,MEDIO_A,NO_CLIENTE,0,BAJO,38%,0,218,782,0,0,0,33,HIPOTECA,POSGRADO
2.01408E+16,151,APROBADA,CLASICA,APROBADO,BUENO,5499,9.98E+14,0,917,57.00%,45136,INVERSIONES,MEDIO_A,CLIENTE_BANCO,21500,BAJO,0.43,0,240,727,2111,250,0,38,PROPIA,LICENCIATURA
2.01408E+16,218,APROBADA,CLASICA,APROBADO,BUENO,5499,9.98E+14,0,786,56.00%,44349,INVERSIONES,MEDIO_A,CLIENTE_BANCO,82500,BAJO,0.44,0,242,704,45322,2760,0,39,PROPIA,LICENCIATURA
2.01408E+16,191,APROBADA,CLASICA,APROBADO,BUENO,5300,9.98E+14,1,"2,756",48.00%,1729,RECIBOS DE NOMINA,ALTO_B,CLIENTE_BANCO,0,BAJO,52%,0,215,768,0,0,0,50,PROPIA,POSGRADO
2.01408E+16,152,APROBADA,CLASICA,APROBADO,REGULAR,5200,9.98E+14,2,"5,720",-10.00%,5580,RECIBOS DE NOMINA,MEDIO_B,NO_CLIENTE,0,MEDIO ,110%,0,219,690,0,0,0,39,PROPIA,PREPARATORIA
2.01408E+16,196,APROBADA,CLASICA,APROBADO,REGULAR,5200,9.98E+14,0,"2,080",60.00%,0,RECIBOS DE NOMINA,ALTO_B,NO_CLIENTE,0,BAJO,40%,0,207,770,0,0,0,56,HIPOTECA,LICENCIATURA
2.01408E+16,167,APROBADA,CLASICA,APROBADO,BUENO,5199,9.98E+14,0,650,8.00%,14808,INVERSIONES,MEDIO_B,NO_CLIENTE,0,BAJO,0.92,0,239,718,0,0,0,52,PROPIA,LICENCIATURA
2.01408E+16,136,APROBADA,CLASICA,APROBADO,BUENO,5100,9.98E+14,1,"5,304",-4.00%,0,RECIBOS DE NOMINA,BAJO_A,NO_CLIENTE,0,BAJO,104%,0,187,716,0,0,0,40,FAMILIARES,PREPARATORIA
2.01408E+16,181,APROBADA,CLASICA,APROBADO,BUENO,5099,9.98E+14,0,1020,-2.00%,17461,RECIBOS DE NOMINA,MEDIO_A,CLIENTE_BANCO,18200,BAJO,1.02,0,216,706,8564,470,0,47,PROPIA,LICENCIATURA
2.01405E+16,109,APROBADA,CLASICA,APROBADO,BUENO,5000,9.98E+14,1,"4,300",14.00%,2805,RECIBOS DE NOMINA,MEDIO_A,CLIENTE_BANCO,0,BAJO,86%,1,237,734,0,0,0,32,HIPOTECA,PREPARATORIA
2.01408E+16,112,APROBADA,CLASICA,APROBADO,BUENO,5000,9.98E+14,0,"3,800",24.00%,0,INVERSIONES,MEDIO_A,NO_CLIENTE,0,BAJO,76%,1,182,734,0,0,0,53,PROPIA,LICENCIATURA
2.01407E+16,127,APROBADA,CLASICA,APROBADO,BUENO,5000,9.98E+14,2,"3,750",25.00%,13062,RECIBOS DE NOMINA,MEDIO_B,NO_CLIENTE,0,BAJO,75%,0,235,725,0,0,0,46,FAMILIARES,LICENCIATURA
2.01408E+16,131,APROBADA,CLASICA,APROBADO,BUENO,5000,9.98E+14,1,"4,950",1.00%,4038,RECIBOS DE NOMINA,ALTO_B,NO_CLIENTE,0,BAJO,99%,0,213,721,0,0,0,29,HIPOTECA,LICENCIATURA
2.01408E+16,141,APROBADA,CLASICA,APROBADO,BUENO,5000,9.98E+14,1,"5,250",-5.00%,0,INVERSIONES,MEDIO_A,NO_CLIENTE,0,BAJO,105%,1,176,715,0,0,0,29,HIPOTECA,PREPARATORIA
2.01408E+16,147,APROBADA,CLASICA,APROBADO,REGULAR,5000,9.98E+14,1,"1,200",76.00%,0,INVERSIONES,ALTO_B,NO_CLIENTE,0,BAJO,24%,0,183,796,0,0,0,57,PROPIA,PREPARATORIA
2.01406E+16,154,APROBADA,CLASICA,APROBADO,BUENO,5000,9.98E+14,0,"5,000",0.00%,13230,INVERSIONES,ALTO_B,CLIENTE_BANCO,36000,BAJO,100%,0,199,710,0,0,0,41,HIPOTECA,LICENCIATURA
2.01408E+16,160,APROBADA,CLASICA,APROBADO,BUENO,5000,9.98E+14,0,"4,050",19.00%,0,INVERSIONES,MEDIO_A,NO_CLIENTE,0,BAJO,81%,0,177,729,0,0,0,59,PROPIA,POSGRADO
2.01408E+16,162,APROBADA,CLASICA,APROBADO,REGULAR,5000,9.98E+14,1,"1,900",62.00%,0,INVERSIONES,ALTO_B,NO_CLIENTE,0,BAJO,38%,0,173,782,0,0,0,35,FAMILIARES,LICENCIATURA
2.01408E+16,163,APROBADA,CLASICA,APROBADO,REGULAR,5000,9.98E+14,2,"3,300",34.00%,3568,RECIBOS DE NOMINA,MEDIO_A,CLIENTE_BANCO,3000,MEDIO ,66%,0,207,698,2788,250,0,37,RENTA,LICENCIATURA
2.01408E+16,167,APROBADA,CLASICA,APROBADO,BUENO,5000,9.98E+14,0,"3,950",21.00%,5285,RECIBOS DE NOMINA,MEDIO_B,NO_CLIENTE,0,BAJO,79%,0,222,731,0,0,0,36,PROPIA,POSGRADO
2.01408E+16,184,APROBADA,CLASICA,APROBADO,REGULAR,5000,9.98E+14,1,"1,650",67.00%,0,INVERSIONES,MEDIO_A,NO_CLIENTE,0,BAJO,33%,0,169,787,0,0,0,37,PROPIA,LICENCIATURA
2.01408E+16,184,APROBADA,CLASICA,APROBADO,REGULAR,5000,9.98E+14,1,"1,550",69.00%,11392,RECIBOS DE NOMINA,MEDIO_A,CLIENTE_BANCO,16300,MEDIO ,31%,0,213,685,15404,980,0,48,PROPIA,POSGRADO
2.01406E+16,185,APROBADA,CLASICA,APROBADO,BUENO,5000,9.98E+14,0,"2,200",56.00%,2342,RECIBOS DE NOMINA,MEDIO_A,CLIENTE_BANCO,0,BAJO,44%,0,233,766,0,0,0,36,FAMILIARES,PREPARATORIA
2.01406E+16,186,APROBADA,CLASICA,APROBADO,REGULAR,5000,9.98E+14,0,"1,700",66.00%,3611,INVERSIONES,MEDIO_A,CLIENTE_BANCO,6800,MEDIO ,34%,0,178,667,1190,500,0,57,FAMILIARES,POSGRADO
2.01408E+16,184,APROBADA,CLASICA,APROBADO,BUENO,5000,9.98E+14,1,-84,39.00%,15002,RECIBOS DE NOMINA,MEDIO_B,NO_CLIENTE,0,BAJO,0.61,0,226,749,0,0,0,56,PROPIA,LICENCIATURA
2.01408E+16,101,APROBADA,CLASICA,APROBADO,REGULAR,4999,9.98E+14,1,"1,550",69.00%,15541,RECIBOS DE NOMINA,ALTO_A,CLIENTE_BANCO,0,BAJO,31%,0,229,789,0,0,0,48,RENTA,PREPARATORIA
2.01408E+16,106,APROBADA,CLASICA,APROBADO,BUENO,4999,9.98E+14,0,"2,999",40.00%,10577,RECIBOS DE NOMINA,ALTO_B,CLIENTE_BANCO,0,BAJO,60%,0,246,750,0,0,0,34,HIPOTECA,LICENCIATURA
2.01408E+16,110,APROBADA,CLASICA,APROBADO,BUENO,4999,9.98E+14,2,"3,049",39.00%,21036,INVERSIONES,MEDIO_A,CLIENTE_BANCO,0,BAJO,61%,0,247,739,0,0,0,43,HIPOTECA,POSGRADO
2.01408E+16,112,APROBADA,CLASICA,APROBADO,BUENO,4999,9.98E+14,0,"2,500",50.00%,55453,RECIBOS DE NOMINA,MEDIO_A,CLIENTE_BANCO,0,BAJO,50%,0,248,760,0,0,0,46,FAMILIARES,POSGRADO
2.01408E+16,114,APROBADA,CLASICA,APROBADO,REGULAR,4999,9.98E+14,0,750,85.00%,0,RECIBOS DE NOMINA,ALTO_A,NO_CLIENTE,0,BAJO,15%,0,246,795,0,0,0,25,FAMILIARES,LICENCIATURA
2.01408E+16,116,APROBADA,CLASICA,APROBADO,BUENO,4999,9.98E+14,2,"3,599",28.00%,12149,INVERSIONES,MEDIO_B,NO_CLIENTE,0,BAJO,72%,0,228,728,0,0,0,60,RENTA,POSGRADO
2.01408E+16,118,APROBADA,CLASICA,APROBADO,REGULAR,4999,9.98E+14,2,"5,599",-12.00%,0,RECIBOS DE NOMINA,MEDIO_B,NO_CLIENTE,0,MEDIO ,112%,0,239,688,0,0,0,25,PROPIA,PREPARATORIA
2.01408E+16,121,APROBADA,CLASICA,APROBADO,BUENO,4999,9.98E+14,2,"2,799",44.00%,27855,RECIBOS DE NOMINA,MEDIO_A,CLIENTE_BANCO,0,BAJO,56%,0,267,744,0,0,0,45,PROPIA,POSGRADO
2.01408E+16,124,APROBADA,CLASICA,APROBADO,REGULAR,4999,9.98E+14,0,750,85.00%,11293,RECIBOS DE NOMINA,ALTO_B,CLIENTE_BANCO,0,BAJO,15%,0,260,795,0,0,0,34,HIPOTECA,PREPARATORIA
2.01408E+16,127,APROBADA,CLASICA,APROBADO,BUENO,4999,9.98E+14,0,"4,999",0.00%,15499,RECIBOS DE NOMINA,ALTO_B,CLIENTE_BANCO,0,BAJO,100%,0,235,710,0,0,0,42,FAMILIARES,POSGRADO
2.01408E+16,129,APROBADA,CLASICA,APROBADO,REGULAR,4999,9.98E+14,1,"1,600",68.00%,7297,INVERSIONES,ALTO_A,NO_CLIENTE,0,BAJO,32%,0,224,788,0,0,0,40,PROPIA,LICENCIATURA
2.01408E+16,134,APROBADA,CLASICA,APROBADO,BUENO,4999,9.98E+14,1,"4,899",2.00%,10307,RECIBOS DE NOMINA,MEDIO_A,CLIENTE_BANCO,0,BAJO,98%,0,271,722,0,0,0,54,HIPOTECA,PREPARATORIA
2.01408E+16,136,APROBADA,CLASICA,APROBADO,BUENO,4999,9.98E+14,2,"3,049",39.00%,5444,RECIBOS DE NOMINA,ALTO_B,CLIENTE_BANCO,0,BAJO,61%,0,236,739,0,0,0,33,HIPOTECA,POSGRADO
2.01408E+16,139,APROBADA,CLASICA,APROBADO,BUENO,4999,9.98E+14,1,"5,249",-5.00%,0,INVERSIONES,MEDIO_B,NO_CLIENTE,0,BAJO,105%,0,227,715,0,0,0,56,HIPOTECA,LICENCIATURA
2.01407E+16,148,APROBADA,CLASICA,APROBADO,REGULAR,4999,9.98E+14,3,"5,349",-7.00%,11480,INVERSIONES,MEDIO_A,CLIENTE_BANCO,5000,ALTO,107%,0,222,580,0,0,0,27,HIPOTECA,LICENCIATURA
2.01408E+16,150,APROBADA,CLASICA,APROBADO,BUENO,4999,9.98E+14,0,"4,949",1.00%,30469,INVERSIONES,ALTO_B,CLIENTE_BANCO,0,BAJO,99%,0,228,711,0,0,0,39,PROPIA,LICENCIATURA
2.01408E+16,151,APROBADA,CLASICA,APROBADO,BUENO,4999,9.98E+14,1,"5,449",-9.00%,13570,RECIBOS DE NOMINA,ALTO_B,CLIENTE_BANCO,0,BAJO,109%,0,221,711,0,0,0,59,PROPIA,PREPARATORIA
2.01408E+16,152,APROBADA,CLASICA,APROBADO,BUENO,4999,9.98E+14,0,"4,199",16.00%,9089,RECIBOS DE NOMINA,MEDIO_A,CLIENTE_BANCO,0,BAJO,84%,0,241,726,0,0,0,35,FAMILIARES,PREPARATORIA
2.01408E+16,155,APROBADA,CLASICA,APROBADO,BUENO,4999,9.98E+14,1,"4,449",11.00%,21660,INVERSIONES,ALTO_B,CLIENTE_BANCO,0,BAJO,89%,0,223,731,0,0,0,40,PROPIA,POSGRADO
2.01408E+16,155,APROBADA,CLASICA,APROBADO,BUENO,4999,9.98E+14,2,"4,149",17.00%,22863,RECIBOS DE NOMINA,ALTO_B,CLIENTE_BANCO,0,BAJO,83%,0,239,717,0,0,0,45,RENTA,PREPARATORIA
2.01408E+16,158,APROBADA,CLASICA,APROBADO,BUENO,4999,9.98E+14,2,"2,949",41.00%,9240,INVERSIONES,ALTO_B,CLIENTE_BANCO,0,BAJO,59%,0,207,741,0,0,0,52,PROPIA,SECUNDARIA
2.01407E+16,158,APROBADA,CLASICA,APROBADO,BUENO,4999,9.98E+14,2,"2,549",49.00%,10410,RECIBOS DE NOMINA,MEDIO_B,CLIENTE_BANCO,0,BAJO,51%,0,219,749,0,0,0,50,HIPOTECA,POSGRADO
2.01408E+16,158,APROBADA,CLASICA,APROBADO,REGULAR,4999,9.98E+14,0,"2,000",60.00%,7282,RECIBOS DE NOMINA,ALTO_A,NO_CLIENTE,0,BAJO,40%,0,240,770,0,0,0,26,PROPIA,PREPARATORIA
2.01408E+16,158,APROBADA,CLASICA,APROBADO,BUENO,4999,9.98E+14,1,"5,749",-15.00%,22237,RECIBOS DE NOMINA,MEDIO_A,CLIENTE_BANCO,0,BAJO,115%,0,276,705,0,0,0,34,PROPIA,LICENCIATURA
2.01408E+16,159,APROBADA,CLASICA,APROBADO,REGULAR,4999,9.98E+14,0,"1,200",76.00%,11056,INVERSIONES,MEDIO_A,NO_CLIENTE,0,BAJO,24%,0,227,786,0,0,0,58,FAMILIARES,PREPARATORIA
2.01408E+16,159,APROBADA,CLASICA,APROBADO,BUENO,4999,9.98E+14,0,"2,250",55.00%,13501,INVERSIONES,MEDIO_A,CLIENTE_BANCO,0,BAJO,45%,0,242,765,0,0,0,47,HIPOTECA,POSGRADO
2.01408E+16,162,APROBADA,CLASICA,APROBADO,BUENO,4999,9.98E+14,1,"4,149",17.00%,20242,DECLARACION ANUAL,ALTO_A,CLIENTE_BANCO,0,BAJO,83%,0,260,737,0,0,0,39,PROPIA,LICENCIATURA
2.01408E+16,162,APROBADA,CLASICA,APROBADO,BUENO,4999,9.98E+14,1,"5,899",-18.00%,43792,RECIBOS DE NOMINA,MEDIO_A,CLIENTE_BANCO,0,BAJO,118%,0,261,702,0,0,0,27,PROPIA,LICENCIATURA
2.01407E+16,168,APROBADA,CLASICA,APROBADO,BUENO,4999,9.98E+14,1,"5,599",-12.00%,56769,RECIBOS DE NOMINA,MEDIO_B,CLIENTE_BANCO,0,BAJO,112%,0,213,708,0,0,0,25,RENTA,LICENCIATURA
2.01408E+16,168,APROBADA,CLASICA,APROBADO,BUENO,4999,9.98E+14,0,"3,049",39.00%,6870,RECIBOS DE NOMINA,ALTO_A,CLIENTE_BANCO,0,BAJO,61%,0,219,749,0,0,0,47,FAMILIARES,POSGRADO
2.01408E+16,169,APROBADA,CLASICA,APROBADO,REGULAR,4999,9.98E+14,2,"5,599",-12.00%,5000,RECIBOS DE NOMINA,ALTO_B,CLIENTE_BANCO,0,MEDIO ,112%,2,189,680,0,0,0,35,PROPIA,POSGRADO
2.01408E+16,169,APROBADA,CLASICA,APROBADO,BUENO,4999,9.98E+14,1,"5,099",-2.00%,12780,DECLARACION ANUAL,ALTO_B,CLIENTE_BANCO,0,BAJO,102%,0,227,718,0,0,0,36,PROPIA,POSGRADO
2.01408E+16,169,APROBADA,CLASICA,APROBADO,REGULAR,4999,9.98E+14,0,"1,600",68.00%,21761,RECIBOS DE NOMINA,MEDIO_A,CLIENTE_BANCO,0,BAJO,32%,0,238,778,0,0,0,33,FAMILIARES,POSGRADO
2.01408E+16,169,APROBADA,CLASICA,APROBADO,REGULAR,4999,9.98E+14,1,750,85.00%,4833,RECIBOS DE NOMINA,MEDIO_A,CLIENTE_BANCO,0,BAJO,15%,0,244,805,0,0,0,48,FAMILIARES,LICENCIATURA
2.01408E+16,175,APROBADA,CLASICA,APROBADO,REGULAR,4999,9.98E+14,0,"1,050",79.00%,12795,RECIBOS DE NOMINA,MEDIO_A,CLIENTE_BANCO,0,BAJO,21%,0,247,789,0,0,0,54,FAMILIARES,SECUNDARIA
2.01408E+16,181,APROBADA,CLASICA,APROBADO,BUENO,4999,9.98E+14,1,"5,449",-9.00%,10659,RECIBOS DE NOMINA,MEDIO_B,NO_CLIENTE,0,BAJO,109%,0,224,711,0,0,0,41,HIPOTECA,LICENCIATURA
2.01408E+16,183,APROBADA,CLASICA,APROBADO,BUENO,4999,9.98E+14,0,"3,199",36.00%,11834,RECIBOS DE NOMINA,ALTO_B,CLIENTE_BANCO,0,BAJO,64%,0,229,746,0,0,0,50,FAMILIARES,PREPARATORIA
2.01408E+16,188,APROBADA,CLASICA,APROBADO,BUENO,4999,9.98E+14,1,"3,599",28.00%,10137,RECIBOS DE NOMINA,MEDIO_A,CLIENTE_BANCO,0,BAJO,72%,0,211,748,0,0,0,35,RENTA,POSGRADO
2.01408E+16,189,APROBADA,CLASICA,APROBADO,BUENO,4999,9.98E+14,1,"2,100",58.00%,17979,INVERSIONES,MEDIO_A,CLIENTE_BANCO,11100,BAJO,42%,0,214,727,6593,250,0,27,RENTA,PREPARATORIA
2.01408E+16,189,APROBADA,CLASICA,APROBADO,REGULAR,4999,9.98E+14,2,"5,149",-3.00%,18244,INVERSIONES,ALTO_B,CLIENTE_BANCO,0,MEDIO ,103%,0,234,697,0,0,0,60,RENTA,LICENCIATURA
2.01408E+16,191,APROBADA,CLASICA,APROBADO,BUENO,4999,9.98E+14,2,"4,549",9.00%,39546,DECLARACION ANUAL,ALTO_B,CLIENTE_BANCO,0,BAJO,91%,0,216,709,0,0,0,50,RENTA,POSGRADO
2.01408E+16,193,APROBADA,CLASICA,APROBADO,BUENO,4999,9.98E+14,1,"2,749",45.00%,22461,RECIBOS DE NOMINA,MEDIO_A,CLIENTE_BANCO,0,BAJO,55%,0,215,765,0,0,0,50,PROPIA,PREPARATORIA
2.01408E+16,193,APROBADA,CLASICA,APROBADO,REGULAR,4999,9.98E+14,0,750,85.00%,9612,RECIBOS DE NOMINA,MEDIO_A,NO_CLIENTE,0,BAJO,15%,0,245,795,0,0,0,32,PROPIA,LICENCIATURA
2.01408E+16,194,APROBADA,CLASICA,APROBADO,REGULAR,4999,9.98E+14,1,"1,150",77.00%,0,RECIBOS DE NOMINA,MEDIO_A,CLIENTE_BANCO,0,BAJO,23%,0,195,797,0,0,0,57,HIPOTECA,POSGRADO
2.01408E+16,194,APROBADA,CLASICA,APROBADO,REGULAR,4999,9.98E+14,1,"1,850",63.00%,12645,RECIBOS DE NOMINA,MEDIO_A,CLIENTE_BANCO,0,BAJO,37%,0,266,783,0,0,0,60,RENTA,PREPARATORIA
2.01408E+16,197,APROBADA,CLASICA,APROBADO,BUENO,4999,9.98E+14,0,"4,599",8.00%,6233,RECIBOS DE NOMINA,ALTO_B,CLIENTE_BANCO,0,BAJO,92%,0,206,718,0,0,0,60,PROPIA,LICENCIATURA
2.01408E+16,197,APROBADA,CLASICA,APROBADO,REGULAR,4999,9.98E+14,3,"5,999",-20.00%,16670,RECIBOS DE NOMINA,ALTO_B,CLIENTE_BANCO,4999,ALTO,120%,0,220,579,0,0,0,47,HIPOTECA,POSGRADO
2.01408E+16,197,APROBADA,CLASICA,APROBADO,BUENO,4999,9.98E+14,0,"3,599",28.00%,25043,RECIBOS DE NOMINA,ALTO_B,CLIENTE_BANCO,0,BAJO,72%,0,230,738,0,0,0,27,FAMILIARES,PREPARATORIA
2.01408E+16,197,APROBADA,CLASICA,APROBADO,BUENO,4999,9.98E+14,1,"3,649",27.00%,11264,DECLARACION ANUAL,MEDIO_B,NO_CLIENTE,0,BAJO,73%,0,231,747,0,0,0,45,FAMILIARES,LICENCIATURA
2.01408E+16,151,APROBADA,CLASICA,APROBADO,BUENO,4900,9.98E+14,0,"2,597",47.00%,0,INVERSIONES,ALTO_B,NO_CLIENTE,0,BAJO,53%,1,162,757,0,0,0,59,PROPIA,LICENCIATURA
2.01408E+16,162,APROBADA,CLASICA,APROBADO,BUENO,4700,9.98E+14,1,"2,350",50.00%,0,RECIBOS DE NOMINA,ALTO_B,NO_CLIENTE,0,BAJO,50%,0,188,770,0,0,0,57,RENTA,POSGRADO
2.01408E+16,182,APROBADA,CLASICA,APROBADO,BUENO,4599,9.98E+14,0,767,-2.00%,17461,RECIBOS DE NOMINA,MEDIO_A,CLIENTE_BANCO,18200,BAJO,102%,0,216,706,8564,470,0,47,PROPIA,LICENCIATURA
2.01408E+16,235,APROBADA,CLASICA,APROBADO,BUENO,4599,9.98E+14,1,575,14.00%,160580,RECIBOS DE NOMINA,ALTO_B,CLIENTE_BANCO,0,BAJO,86%,0,252,724,0,0,0,29,PROPIA,LICENCIATURA
2.01408E+16,173,APROBADA,CLASICA,APROBADO,BUENO,4400,9.98E+14,0,-734,1.00%,30469,INVERSIONES,ALTO_B,CLIENTE_BANCO,0,BAJO,99%,0,228,711,0,0,0,39,PROPIA,LICENCIATURA
2.01408E+16,126,APROBADA,CLASICA,APROBADO,REGULAR,4300,9.98E+14,0,817,81.00%,0,RECIBOS DE NOMINA,ALTO_A,CLIENTE_BANCO,76800,MEDIO ,19%,0,194,694,36782,1430,0,59,RENTA,PREPARATORIA
2.01408E+16,231,APROBADA,CLASICA,APROBADO,BUENO,4099,9.98E+14,0,586,1.00%,44731,INVERSIONES,MEDIO_A,CLIENTE_BANCO,117000,BAJO,99%,0,229,740,9053,1470,0,25,PROPIA,LICENCIATURA
2.01408E+16,123,APROBADA,CLASICA,APROBADO,BUENO,4000,9.98E+14,1,"1,840",54.00%,0,RECIBOS DE NOMINA,ALTO_B,NO_CLIENTE,0,BAJO,46%,0,193,774,0,0,0,39,FAMILIARES,LICENCIATURA
2.01408E+16,130,APROBADA,CLASICA,APROBADO,BUENO,4000,9.98E+14,2,"2,600",35.00%,0,RECIBOS DE NOMINA,ALTO_B,NO_CLIENTE,0,BAJO,65%,0,214,735,0,0,0,33,HIPOTECA,POSGRADO
2.01408E+16,146,APROBADA,CLASICA,APROBADO,BUENO,4000,9.98E+14,0,"1,640",59.00%,0,INVERSIONES,ALTO_A,NO_CLIENTE,0,BAJO,41%,0,183,769,0,0,0,54,PROPIA,POSGRADO
2.01408E+16,176,APROBADA,CLASICA,APROBADO,REGULAR,4000,9.98E+14,1,680,83.00%,0,RECIBOS DE NOMINA,MEDIO_A,CLIENTE_BANCO,4000,BAJO,17%,0,205,716,3858,200,0,33,HIPOTECA,LICENCIATURA
2.01408E+16,178,APROBADA,CLASICA,APROBADO,BUENO,4000,9.98E+14,0,"2,360",41.00%,0,INVERSIONES,ALTO_B,NO_CLIENTE,0,BAJO,59%,0,192,751,0,0,0,27,PROPIA,LICENCIATURA
2.01408E+16,189,APROBADA,CLASICA,APROBADO,BUENO,4000,9.98E+14,2,"2,640",34.00%,0,RECIBOS DE NOMINA,ALTO_B,CLIENTE_BANCO,0,BAJO,66%,1,181,734,0,0,0,58,FAMILIARES,PREPARATORIA
2.01407E+16,169,APROBADA,CLASICA,APROBADO,BUENO,4000,9.98E+14,1,80,28.00%,0,INVERSIONES,MEDIO_B,CLIENTE_BANCO,0,BAJO,72%,0,227,738,0,0,0,32,PROPIA,LICENCIATURA
2.01407E+16,180,APROBADA,CLASICA,APROBADO,REGULAR,3999,9.98E+14,3,"4,119",-3.00%,9053,RECIBOS DE NOMINA,ALTO_B,CLIENTE_BANCO,4000,ALTO,103%,0,207,601,0,0,0,32,PROPIA,PREPARATORIA
2.01408E+16,113,APROBADA,CLASICA,APROBADO,BUENO,3900,9.98E+14,1,"2,223",43.00%,0,RECIBOS DE NOMINA,MEDIO_A,NO_CLIENTE,0,BAJO,57%,0,227,763,0,0,0,31,FAMILIARES,POSGRADO
2.01408E+16,142,APROBADA,CLASICA,APROBADO,BUENO,3900,9.98E+14,0,-650,24.00%,0,INVERSIONES,MEDIO_A,NO_CLIENTE,0,BAJO,0.76,1,182,734,0,0,0,53,PROPIA,LICENCIATURA
2.01408E+16,143,APROBADA,CLASICA,APROBADO,BUENO,3900,9.98E+14,0,-650,24.00%,0,INVERSIONES,MEDIO_A,NO_CLIENTE,0,BAJO,76%,1,182,734,0,0,0,53,PROPIA,LICENCIATURA
2.01408E+16,176,APROBADA,CLASICA,APROBADO,BUENO,3800,9.98E+14,0,633,15.00%,0,RECIBOS DE NOMINA,MEDIO_B,CLIENTE_BANCO,0,BAJO,0.85,0,211,725,0,0,0,57,PROPIA,LICENCIATURA
2.01408E+16,229,APROBADA,CLASICA,APROBADO,BUENO,3800,9.98E+14,0,543,8.00%,6233,RECIBOS DE NOMINA,ALTO_B,CLIENTE_BANCO,0,BAJO,92%,0,206,718,0,0,0,60,PROPIA,LICENCIATURA
2.01408E+16,226,APROBADA,CLASICA,APROBADO,BUENO,3799,9.98E+14,0,633,49.00%,7438,RECIBOS DE NOMINA,ALTO_A,CLIENTE_BANCO,0,BAJO,51%,0,232,759,0,0,0,25,PROPIA,LICENCIATURA
2.01408E+16,160,APROBADA,CLASICA,APROBADO,BUENO,3700,9.98E+14,1,463,54.00%,0,RECIBOS DE NOMINA,ALTO_B,NO_CLIENTE,0,BAJO,0.46,1,186,764,0,0,0,26,PROPIA,LICENCIATURA
2.01408E+16,187,APROBADA,CLASICA,APROBADO,BUENO,3700,9.98E+14,1,-740,47.00%,0,INVERSIONES,ALTO_B,NO_CLIENTE,0,BAJO,53%,1,162,757,0,0,0,59,PROPIA,LICENCIATURA
2.01408E+16,128,APROBADA,CLASICA,APROBADO,BUENO,3599,9.98E+14,0,514,40.00%,10577,RECIBOS DE NOMINA,ALTO_B,CLIENTE_BANCO,0,BAJO,60%,0,246,750,0,0,0,34,PROPIA,LICENCIATURA
2.01311E+16,124,APROBADA,CLASICA,APROBADO,REGULAR,3500,9.98E+14,0,"1,400",60.00%,3481,DECLARACION ANUAL,ALTO_B,CLIENTE_BANCO,0,BAJO,40%,0,170,770,0,0,0,31,PROPIA,LICENCIATURA
2.01407E+16,215,APROBADA,CLASICA,APROBADO,BUENO,3400,9.98E+14,0,680,48.00%,0,INVERSIONES,MEDIO_B,NO_CLIENTE,0,BAJO,52%,0,197,758,0,0,0,28,PROPIA,LICENCIATURA
2.01406E+16,159,APROBADA,CLASICA,APROBADO,BUENO,3300,9.98E+14,0,471,24.00%,19110,RECIBOS DE NOMINA,ALTO_B,CLIENTE_BANCO,0,BAJO,0.76,0,182,734,0,0,0,38,PROPIA,LICENCIATURA
2.01408E+16,197,APROBADA,CLASICA,APROBADO,BUENO,3100,9.98E+14,0,-388,57.00%,0,RECIBOS DE NOMINA,MEDIO_A,NO_CLIENTE,0,BAJO,0.43,0,192,767,0,0,0,46,PROPIA,LICENCIATURA
2.01408E+16,215,APROBADA,CLASICA,APROBADO,BUENO,3099,9.98E+14,1,620,40.00%,1317,DECLARACION ANUAL,MEDIO_A,CLIENTE_BANCO,11000,BAJO,60%,0,214,723,5062,0,0,28,PROPIA,LICENCIATURA
2.01408E+16,109,APROBADA,CLASICA,APROBADO,REGULAR,3000,9.98E+14,0,"1,020",66.00%,5111,RECIBOS DE NOMINA,MEDIO_A,CLIENTE_BANCO,0,BAJO,34%,0,223,776,0,0,0,56,FAMILIARES,LICENCIATURA
2.01408E+16,123,APROBADA,CLASICA,APROBADO,BUENO,3000,9.98E+14,1,"1,350",55.00%,0,RECIBOS DE NOMINA,MEDIO_A,NO_CLIENTE,0,BAJO,45%,0,214,775,0,0,0,49,PROPIA,LICENCIATURA
2.01408E+16,144,APROBADA,CLASICA,APROBADO,REGULAR,3000,9.98E+14,0,"1,080",64.00%,0,RECIBOS DE NOMINA,ALTO_A,NO_CLIENTE,0,BAJO,36%,0,202,774,0,0,0,55,FAMILIARES,PREPARATORIA
2.01407E+16,153,APROBADA,CLASICA,APROBADO,REGULAR,3000,9.98E+14,3,"3,150",-5.00%,0,RECIBOS DE NOMINA,MEDIO_A,NO_CLIENTE,3100,ALTO,105%,0,214,621,0,0,0,56,HIPOTECA,POSGRADO
2.01408E+16,186,APROBADA,CLASICA,APROBADO,REGULAR,3000,9.98E+14,1,600,80.00%,0,RECIBOS DE NOMINA,MEDIO_A,NO_CLIENTE,0,BAJO,20%,0,214,800,0,0,0,42,PROPIA,LICENCIATURA
2.01407E+16,169,APROBADA,CLASICA,APROBADO,BUENO,3000,9.98E+14,1,-429,28.00%,0,INVERSIONES,MEDIO_B,CLIENTE_BANCO,0,BAJO,0.72,0,227,738,0,0,0,32,PROPIA,LICENCIATURA
2.01408E+16,101,APROBADA,CLASICA,APROBADO,BUENO,2999,9.98E+14,0,"1,260",58.00%,7030,RECIBOS DE NOMINA,ALTO_B,CLIENTE_BANCO,0,BAJO,42%,0,231,768,0,0,0,44,RENTA,POSGRADO
2.01408E+16,101,APROBADA,CLASICA,APROBADO,BUENO,2999,9.98E+14,1,"3,239",-8.00%,21305,DECLARACION ANUAL,MEDIO_A,CLIENTE_BANCO,34000,BAJO,108%,0,255,733,754,372,0,29,FAMILIARES,LICENCIATURA
2.01408E+16,105,APROBADA,CLASICA,APROBADO,BUENO,2999,9.98E+14,1,"3,509",-17.00%,7385,RECIBOS DE NOMINA,MEDIO_B,NO_CLIENTE,0,BAJO,117%,0,211,703,0,0,0,33,RENTA,PREPARATORIA
2.01408E+16,107,APROBADA,CLASICA,APROBADO,BUENO,2999,9.98E+14,1,"3,449",-15.00%,11311,INVERSIONES,ALTO_B,CLIENTE_BANCO,0,BAJO,115%,0,197,705,0,0,0,37,FAMILIARES,POSGRADO
2.01408E+16,107,APROBADA,CLASICA,APROBADO,BUENO,2999,9.98E+14,2,"1,559",48.00%,23686,INVERSIONES,MEDIO_A,CLIENTE_BANCO,19300,BAJO,52%,0,209,703,12106,760,0,43,PROPIA,POSGRADO
2.01408E+16,109,APROBADA,CLASICA,APROBADO,BUENO,2999,9.98E+14,1,"3,179",-6.00%,6987,RECIBOS DE NOMINA,MEDIO_A,CLIENTE_BANCO,6000,BAJO,106%,0,233,744,2763,250,0,50,FAMILIARES,LICENCIATURA
2.01408E+16,116,APROBADA,CLASICA,APROBADO,BUENO,2999,9.98E+14,1,"3,509",-17.00%,8232,RECIBOS DE NOMINA,MEDIO_B,CLIENTE_BANCO,0,BAJO,117%,0,217,703,0,0,0,45,FAMILIARES,LICENCIATURA
2.01408E+16,116,APROBADA,CLASICA,APROBADO,REGULAR,2999,9.98E+14,0,"1,110",63.00%,13550,RECIBOS DE NOMINA,ALTO_A,CLIENTE_BANCO,0,BAJO,37%,0,221,773,0,0,0,47,RENTA,PREPARATORIA
2.01408E+16,117,APROBADA,CLASICA,APROBADO,BUENO,2999,9.98E+14,0,"1,500",50.00%,13335,INVERSIONES,MEDIO_A,CLIENTE_BANCO,0,BAJO,50%,0,216,760,0,0,0,60,PROPIA,PREPARATORIA
2.01407E+16,118,APROBADA,CLASICA,APROBADO,BUENO,2999,9.98E+14,1,"2,759",8.00%,11145,RECIBOS DE NOMINA,MEDIO_B,NO_CLIENTE,0,BAJO,92%,0,219,728,0,0,0,51,FAMILIARES,PREPARATORIA
2.01408E+16,118,APROBADA,CLASICA,APROBADO,BUENO,2999,9.98E+14,1,"1,859",38.00%,11237,RECIBOS DE NOMINA,ALTO_B,NO_CLIENTE,0,BAJO,62%,0,222,758,0,0,0,54,FAMILIARES,POSGRADO
2.01408E+16,119,APROBADA,CLASICA,APROBADO,REGULAR,2999,9.98E+14,3,"3,419",-14.00%,29329,RECIBOS DE NOMINA,ALTO_B,CLIENTE_BANCO,2999,ALTO,114%,0,250,530,4235,0,0,38,FAMILIARES,PREPARATORIA
2.01408E+16,120,APROBADA,CLASICA,APROBADO,REGULAR,2999,9.98E+14,0,570,81.00%,10564,INVERSIONES,ALTO_A,NO_CLIENTE,0,BAJO,19%,0,211,791,0,0,0,40,PROPIA,LICENCIATURA
2.01408E+16,120,APROBADA,CLASICA,APROBADO,REGULAR,2999,9.98E+14,2,"3,239",-8.00%,15817,RECIBOS DE NOMINA,MEDIO_B,NO_CLIENTE,0,MEDIO ,108%,0,244,692,0,0,0,49,HIPOTECA,POSGRADO
2.01408E+16,121,APROBADA,CLASICA,APROBADO,REGULAR,2999,9.98E+14,1,450,85.00%,9132,RECIBOS DE NOMINA,ALTO_B,CLIENTE_BANCO,0,BAJO,15%,0,238,805,0,0,0,25,RENTA,PREPARATORIA
2.01408E+16,121,APROBADA,CLASICA,APROBADO,BUENO,2999,9.98E+14,1,"3,149",-5.00%,19237,INVERSIONES,MEDIO_B,NO_CLIENTE,0,BAJO,105%,0,240,715,0,0,0,38,RENTA,POSGRADO
2.01408E+16,121,APROBADA,CLASICA,APROBADO,BUENO,2999,9.98E+14,1,"3,359",-12.00%,11189,RECIBOS DE NOMINA,MEDIO_A,CLIENTE_BANCO,0,BAJO,112%,0,241,708,0,0,0,39,HIPOTECA,PREPARATORIA
2.01408E+16,121,APROBADA,CLASICA,APROBADO,BUENO,2999,9.98E+14,1,"3,479",-16.00%,16677,RECIBOS DE NOMINA,MEDIO_A,CLIENTE_BANCO,0,BAJO,116%,0,287,704,0,0,0,49,PROPIA,PREPARATORIA
2.01408E+16,125,APROBADA,CLASICA,APROBADO,BUENO,2999,9.98E+14,2,"1,619",46.00%,32207,INVERSIONES,ALTO_B,CLIENTE_BANCO,0,BAJO,54%,0,232,746,0,0,0,34,PROPIA,LICENCIATURA
2.01408E+16,129,APROBADA,CLASICA,APROBADO,BUENO,2999,9.98E+14,1,"3,479",-16.00%,10637,INVERSIONES,ALTO_B,CLIENTE_BANCO,0,BAJO,116%,0,211,704,0,0,0,58,RENTA,LICENCIATURA
2.01408E+16,129,APROBADA,CLASICA,APROBADO,REGULAR,2999,9.98E+14,2,"2,969",1.00%,66033,INVERSIONES,MEDIO_A,CLIENTE_BANCO,16500,MEDIO ,99%,0,230,686,13729,820,0,33,RENTA,PREPARATORIA
2.01408E+16,131,APROBADA,CLASICA,APROBADO,REGULAR,2999,9.98E+14,0,540,82.00%,18184,RECIBOS DE NOMINA,MEDIO_A,CLIENTE_BANCO,0,BAJO,18%,0,208,792,0,0,0,26,RENTA,PREPARATORIA
2.01408E+16,132,APROBADA,CLASICA,APROBADO,REGULAR,2999,9.98E+14,1,960,68.00%,7731,RECIBOS DE NOMINA,MEDIO_A,CLIENTE_BANCO,0,BAJO,32%,0,205,788,0,0,0,59,PROPIA,PREPARATORIA
2.01408E+16,133,APROBADA,CLASICA,APROBADO,BUENO,2999,9.98E+14,2,"2,039",32.00%,7429,RECIBOS DE NOMINA,ALTO_B,CLIENTE_BANCO,0,BAJO,68%,0,210,732,0,0,0,51,RENTA,POSGRADO
2.01408E+16,133,APROBADA,CLASICA,APROBADO,BUENO,2999,9.98E+14,2,"2,609",13.00%,10877,INVERSIONES,MEDIO_A,CLIENTE_BANCO,13400,BAJO,87%,0,238,779,100,100,0,49,HIPOTECA,POSGRADO
2.01408E+16,136,APROBADA,CLASICA,APROBADO,REGULAR,2999,9.98E+14,0,720,76.00%,12787,RECIBOS DE NOMINA,MEDIO_A,CLIENTE_BANCO,0,BAJO,24%,0,234,786,0,0,0,45,FAMILIARES,POSGRADO
2.01408E+16,137,APROBADA,CLASICA,APROBADO,REGULAR,2999,9.98E+14,1,"2,699",10.00%,17476,INVERSIONES,MEDIO_A,CLIENTE_BANCO,3000,MEDIO ,90%,0,204,697,2619,250,0,40,PROPIA,PREPARATORIA
2.01408E+16,137,APROBADA,CLASICA,APROBADO,REGULAR,2999,9.98E+14,1,810,73.00%,24927,INVERSIONES,MEDIO_A,CLIENTE_BANCO,20900,MEDIO ,27%,0,208,685,20847,1300,0,39,RENTA,PREPARATORIA
2.01408E+16,138,APROBADA,CLASICA,APROBADO,BUENO,2999,9.98E+14,1,"1,440",52.00%,11805,INVERSIONES,MEDIO_A,CLIENTE_BANCO,10200,BAJO,48%,0,230,734,698,250,0,43,HIPOTECA,POSGRADO
2.01408E+16,138,APROBADA,CLASICA,APROBADO,BUENO,2999,9.98E+14,2,"2,759",8.00%,24709,RECIBOS DE NOMINA,ALTO_B,CLIENTE_BANCO,0,BAJO,92%,0,234,708,0,0,0,33,HIPOTECA,POSGRADO
2.01408E+16,140,APROBADA,CLASICA,APROBADO,BUENO,2999,9.98E+14,2,"2,849",5.00%,9342,RECIBOS DE NOMINA,ALTO_B,CLIENTE_BANCO,0,BAJO,95%,0,211,705,0,0,0,31,HIPOTECA,LICENCIATURA
2.01408E+16,142,APROBADA,CLASICA,APROBADO,REGULAR,2999,9.98E+14,0,720,76.00%,39343,DECLARACION ANUAL,ALTO_B,CLIENTE_BANCO,0,BAJO,24%,0,215,786,0,0,0,35,HIPOTECA,POSGRADO
2.01407E+16,144,APROBADA,CLASICA,APROBADO,BUENO,2999,9.98E+14,2,"2,429",19.00%,10404,RECIBOS DE NOMINA,MEDIO_B,NO_CLIENTE,0,BAJO,81%,0,217,720,0,0,0,55,PROPIA,LICENCIATURA
2.01407E+16,147,APROBADA,CLASICA,APROBADO,BUENO,2999,9.98E+14,0,"2,129",29.00%,8340,RECIBOS DE NOMINA,MEDIO_B,NO_CLIENTE,0,BAJO,71%,0,209,739,0,0,0,47,RENTA,PREPARATORIA
2.01407E+16,149,APROBADA,CLASICA,APROBADO,BUENO,2999,9.98E+14,2,"2,069",31.00%,8709,INVERSIONES,ALTO_B,CLIENTE_BANCO,15,BAJO,69%,0,199,750,0,0,0,26,FAMILIARES,LICENCIATURA
2.01408E+16,153,APROBADA,CLASICA,APROBADO,REGULAR,2999,9.98E+14,0,600,80.00%,0,INVERSIONES,ALTO_B,NO_CLIENTE,0,BAJO,20%,0,220,790,0,0,0,53,HIPOTECA,PREPARATORIA
2.01408E+16,157,APROBADA,CLASICA,APROBADO,BUENO,2999,9.98E+14,0,"2,249",25.00%,9662,INVERSIONES,ALTO_B,CLIENTE_BANCO,0,BAJO,75%,0,211,735,0,0,0,40,HIPOTECA,PREPARATORIA
2.01408E+16,158,APROBADA,CLASICA,APROBADO,BUENO,2999,9.98E+14,0,"2,069",31.00%,15802,RECIBOS DE NOMINA,MEDIO_B,NO_CLIENTE,0,BAJO,69%,0,229,741,0,0,0,47,FAMILIARES,POSGRADO
2.01408E+16,158,APROBADA,CLASICA,APROBADO,BUENO,2999,9.98E+14,1,"3,149",-5.00%,17590,RECIBOS DE NOMINA,MEDIO_A,CLIENTE_BANCO,8200,BAJO,105%,0,232,710,5453,300,0,28,RENTA,LICENCIATURA
2.01408E+16,158,APROBADA,CLASICA,APROBADO,BUENO,2999,9.98E+14,2,"2,969",1.00%,15152,RECIBOS DE NOMINA,MEDIO_A,CLIENTE_BANCO,15000,BAJO,99%,0,245,740,4610,280,0,34,FAMILIARES,PREPARATORIA
2.01408E+16,159,APROBADA,CLASICA,APROBADO,REGULAR,2999,9.98E+14,1,960,68.00%,0,RECIBOS DE NOMINA,ALTO_A,NO_CLIENTE,0,BAJO,32%,0,207,788,0,0,0,54,HIPOTECA,POSGRADO
2.01408E+16,161,APROBADA,CLASICA,APROBADO,BUENO,2999,9.98E+14,1,"1,589",47.00%,1879,RECIBOS DE NOMINA,ALTO_B,CLIENTE_BANCO,0,BAJO,53%,0,211,767,0,0,0,59,RENTA,POSGRADO
2.01408E+16,167,APROBADA,CLASICA,APROBADO,BUENO,2999,9.98E+14,1,"3,149",-5.00%,15207,RECIBOS DE NOMINA,MEDIO_A,CLIENTE_BANCO,11700,BAJO,105%,0,228,740,10795,410,0,31,PROPIA,POSGRADO
2.01408E+16,176,APROBADA,CLASICA,APROBADO,BUENO,2999,9.98E+14,0,"2,219",26.00%,9504,RECIBOS DE NOMINA,ALTO_B,CLIENTE_BANCO,0,BAJO,74%,0,229,736,0,0,0,54,HIPOTECA,POSGRADO
2.01408E+16,176,APROBADA,CLASICA,APROBADO,REGULAR,2999,9.98E+14,0,960,68.00%,9694,RECIBOS DE NOMINA,ALTO_B,CLIENTE_BANCO,0,BAJO,32%,0,230,778,0,0,0,44,PROPIA,POSGRADO
2.01408E+16,178,APROBADA,CLASICA,APROBADO,BUENO,2999,9.98E+14,0,"2,819",6.00%,25977,INVERSIONES,ALTO_B,NO_CLIENTE,0,BAJO,94%,0,228,716,0,0,0,42,HIPOTECA,PREPARATORIA
2.01408E+16,178,APROBADA,CLASICA,APROBADO,BUENO,2999,9.98E+14,1,"1,769",41.00%,12999,INVERSIONES,MEDIO_A,CLIENTE_BANCO,11000,BAJO,59%,0,244,740,2519,0,0,50,PROPIA,PREPARATORIA
2.01408E+16,179,APROBADA,CLASICA,APROBADO,REGULAR,2999,9.98E+14,0,630,79.00%,10904,RECIBOS DE NOMINA,MEDIO_A,CLIENTE_BANCO,0,BAJO,21%,0,221,789,0,0,0,36,FAMILIARES,LICENCIATURA
2.01408E+16,181,APROBADA,CLASICA,APROBADO,REGULAR,2999,9.98E+14,2,"3,479",-16.00%,26997,RECIBOS DE NOMINA,ALTO_B,CLIENTE_BANCO,0,MEDIO ,116%,0,206,684,0,0,0,33,PROPIA,PREPARATORIA
2.01408E+16,181,APROBADA,CLASICA,APROBADO,REGULAR,2999,9.98E+14,0,630,79.00%,3384,INVERSIONES,MEDIO_A,CLIENTE_BANCO,5000,BAJO,21%,0,228,737,602,0,0,48,RENTA,LICENCIATURA
2.01408E+16,187,APROBADA,CLASICA,APROBADO,REGULAR,2999,9.98E+14,2,"3,029",-1.00%,6571,INVERSIONES,MEDIO_B,NO_CLIENTE,0,MEDIO ,101%,0,220,699,0,0,0,35,HIPOTECA,PREPARATORIA
2.01408E+16,197,APROBADA,CLASICA,APROBADO,BUENO,2999,9.98E+14,2,"1,559",48.00%,12553,DECLARACION ANUAL,MEDIO_B,NO_CLIENTE,0,BAJO,52%,0,215,748,0,0,0,37,PROPIA,PREPARATORIA
2.01408E+16,198,APROBADA,CLASICA,APROBADO,BUENO,2999,9.98E+14,0,"1,260",58.00%,78510,RECIBOS DE NOMINA,ALTO_B,NO_CLIENTE,0,BAJO,42%,0,225,768,0,0,0,28,PROPIA,POSGRADO
2.01408E+16,198,APROBADA,CLASICA,APROBADO,REGULAR,2999,9.98E+14,3,"3,539",-18.00%,16066,INVERSIONES,MEDIO_A,CLIENTE_BANCO,2999,ALTO,118%,0,229,499,0,0,0,38,PROPIA,LICENCIATURA
2.01408E+16,198,APROBADA,CLASICA,APROBADO,BUENO,2999,9.98E+14,0,"2,909",3.00%,4038,RECIBOS DE NOMINA,ALTO_B,CLIENTE_BANCO,8400,BAJO,97%,0,244,713,0,0,0,34,HIPOTECA,POSGRADO
2.01408E+16,151,APROBADA,CLASICA,APROBADO,BUENO,2999,9.98E+14,0,50,40.00%,10577,RECIBOS DE NOMINA,ALTO_B,CLIENTE_BANCO,0,BAJO,0.6,0,246,750,0,0,0,34,PROPIA,LICENCIATURA
2.01408E+16,203,APROBADA,CLASICA,APROBADO,BUENO,2900,9.98E+14,1,580,10.00%,0,RECIBOS DE NOMINA,MEDIO_A,NO_CLIENTE,0,BAJO,90%,2,185,720,0,0,0,29,PROPIA,LICENCIATURA
2.01408E+16,244,APROBADA,CLASICA,APROBADO,BUENO,2800,9.98E+14,0,-560,8.00%,6233,RECIBOS DE NOMINA,ALTO_B,CLIENTE_BANCO,0,BAJO,0.92,0,206,718,0,0,0,60,PROPIA,LICENCIATURA
2.01406E+16,200,APROBADA,CLASICA,APROBADO,BUENO,2800,9.98E+14,0,-400,0.00%,13230,INVERSIONES,ALTO_B,CLIENTE_BANCO,36000,BAJO,100%,0,199,710,0,0,0,41,PROPIA,LICENCIATURA
2.01408E+16,154,APROBADA,CLASICA,APROBADO,BUENO,2799,9.98E+14,0,400,57.00%,45136,INVERSIONES,MEDIO_A,CLIENTE_BANCO,21500,BAJO,43%,0,240,727,2111,250,0,38,PROPIA,LICENCIATURA
2.01408E+16,221,APROBADA,CLASICA,APROBADO,BUENO,2499,9.98E+14,0,417,49.00%,7438,RECIBOS DE NOMINA,ALTO_A,CLIENTE_BANCO,0,BAJO,0.51,0,232,759,0,0,0,25,PROPIA,LICENCIATURA
2.01407E+16,240,APROBADA,CLASICA,APROBADO,BUENO,2400,9.98E+14,0,-480,48.00%,0,INVERSIONES,MEDIO_B,NO_CLIENTE,0,BAJO,0.52,0,197,758,0,0,0,28,PROPIA,LICENCIATURA
2.01408E+16,160,APROBADA,CLASICA,APROBADO,BUENO,2399,9.98E+14,0,480,37.00%,30361,INVERSIONES,MEDIO_A,CLIENTE_BANCO,16500,BAJO,63%,0,241,706,6865,0,0,41,PROPIA,LICENCIATURA
2.01408E+16,221,APROBADA,CLASICA,APROBADO,BUENO,2200,9.98E+14,1,440,41.00%,0,INVERSIONES,ALTO_B,NO_CLIENTE,0,BAJO,59%,0,192,751,0,0,0,27,PROPIA,LICENCIATURA
2.01408E+16,219,APROBADA,CLASICA,APROBADO,BUENO,2199,9.98E+14,1,314,1.00%,44731,INVERSIONES,MEDIO_A,CLIENTE_BANCO,117000,BAJO,0.99,0,229,740,9053,1470,0,25,PROPIA,LICENCIATURA
2.01408E+16,201,APROBADA,CLASICA,APROBADO,BUENO,2100,9.98E+14,1,300,10.00%,0,RECIBOS DE NOMINA,MEDIO_A,NO_CLIENTE,0,BAJO,0.9,2,185,720,0,0,0,29,PROPIA,LICENCIATURA
2.01408E+16,155,APROBADA,CLASICA,APROBADO,BUENO,2000,9.98E+14,0,-40,53.00%,11276,RECIBOS DE NOMINA,MEDIO_A,NO_CLIENTE,0,BAJO,0.47,0,209,763,0,0,0,60,PROPIA,LICENCIATURA
2.01407E+16,214,APROBADA,CLASICA,APROBADO,BUENO,2000,9.98E+14,1,-40,57.00%,0,INVERSIONES,MEDIO_A,NO_CLIENTE,0,BAJO,0.43,0,215,767,0,0,0,37,PROPIA,LICENCIATURA
2.01406E+16,165,APROBADA,CLASICA,APROBADO,BUENO,2000,9.98E+14,1,400,24.00%,19110,RECIBOS DE NOMINA,ALTO_B,CLIENTE_BANCO,0,BAJO,76%,0,182,734,0,0,0,38,PROPIA,LICENCIATURA
2.01408E+16,103,APROBADA,CLASICA,APROBADO,BUENO,1999,9.98E+14,1,"1,639",18.00%,8585,RECIBOS DE NOMINA,MEDIO_A,CLIENTE_BANCO,4600,BAJO,82%,0,210,734,43,0,0,32,HIPOTECA,POSGRADO
2.01408E+16,103,APROBADA,CLASICA,APROBADO,REGULAR,1999,9.98E+14,0,300,85.00%,24675,RECIBOS DE NOMINA,MEDIO_A,CLIENTE_BANCO,0,BAJO,15%,0,262,795,0,0,0,58,HIPOTECA,LICENCIATURA
2.01408E+16,105,APROBADA,CLASICA,APROBADO,BUENO,1999,9.98E+14,0,"1,499",25.00%,6628,RECIBOS DE NOMINA,ALTO_A,NO_CLIENTE,0,BAJO,75%,0,216,735,0,0,0,42,HIPOTECA,LICENCIATURA
2.01408E+16,108,APROBADA,CLASICA,APROBADO,BUENO,1999,9.98E+14,2,"1,139",43.00%,22617,INVERSIONES,ALTO_B,CLIENTE_BANCO,0,BAJO,57%,0,228,743,0,0,0,29,HIPOTECA,LICENCIATURA
2.01408E+16,109,APROBADA,CLASICA,APROBADO,REGULAR,1999,9.98E+14,0,740,63.00%,15380,RECIBOS DE NOMINA,ALTO_A,CLIENTE_BANCO,0,BAJO,37%,0,262,773,0,0,0,45,FAMILIARES,PREPARATORIA
2.01408E+16,111,APROBADA,CLASICA,APROBADO,BUENO,1999,9.98E+14,1,"1,159",42.00%,14617,INVERSIONES,ALTO_B,CLIENTE_BANCO,0,BAJO,58%,0,237,762,0,0,0,30,PROPIA,LICENCIATURA
2.01408E+16,111,APROBADA,CLASICA,APROBADO,REGULAR,1999,9.98E+14,0,400,80.00%,14380,INVERSIONES,MEDIO_A,CLIENTE_BANCO,0,BAJO,20%,0,241,790,0,0,0,58,RENTA,PREPARATORIA
2.01408E+16,113,APROBADA,CLASICA,APROBADO,REGULAR,1999,9.98E+14,1,500,75.00%,29921,RECIBOS DE NOMINA,MEDIO_A,NO_CLIENTE,0,BAJO,25%,0,228,795,0,0,0,40,PROPIA,POSGRADO
2.01408E+16,113,APROBADA,CLASICA,APROBADO,BUENO,1999,9.98E+14,2,"1,039",48.00%,9276,INVERSIONES,MEDIO_B,NO_CLIENTE,0,BAJO,52%,0,232,748,0,0,0,60,RENTA,LICENCIATURA
2.01408E+16,118,APROBADA,CLASICA,APROBADO,REGULAR,1999,9.98E+14,0,380,81.00%,6654,INVERSIONES,MEDIO_A,CLIENTE_BANCO,5800,BAJO,19%,0,212,711,3091,0,0,60,HIPOTECA,POSGRADO
2.01408E+16,119,APROBADA,CLASICA,APROBADO,REGULAR,1999,9.98E+14,0,400,80.00%,6237,RECIBOS DE NOMINA,ALTO_B,NO_CLIENTE,0,BAJO,20%,0,212,790,0,0,0,44,RENTA,POSGRADO
2.01408E+16,121,APROBADA,CLASICA,APROBADO,BUENO,1999,9.98E+14,1,"1,979",1.00%,4346,RECIBOS DE NOMINA,ALTO_B,CLIENTE_BANCO,0,BAJO,99%,0,237,721,0,0,0,54,PROPIA,LICENCIATURA
2.01408E+16,124,APROBADA,CLASICA,APROBADO,REGULAR,1999,9.98E+14,2,"2,219",-11.00%,9627,INVERSIONES,ALTO_B,CLIENTE_BANCO,0,MEDIO ,111%,0,227,689,0,0,0,27,FAMILIARES,LICENCIATURA
2.01408E+16,128,APROBADA,CLASICA,APROBADO,BUENO,1999,9.98E+14,1,"1,759",12.00%,11414,RECIBOS DE NOMINA,ALTO_A,CLIENTE_BANCO,0,BAJO,88%,0,256,732,0,0,0,43,HIPOTECA,LICENCIATURA
2.01408E+16,129,APROBADA,CLASICA,APROBADO,REGULAR,1999,9.98E+14,2,"2,219",-11.00%,132682,RECIBOS DE NOMINA,ALTO_A,CLIENTE_BANCO,0,MEDIO ,111%,0,247,689,0,0,0,33,HIPOTECA,POSGRADO
2.01408E+16,129,APROBADA,CLASICA,APROBADO,BUENO,1999,9.98E+14,2,"1,199",40.00%,9495,RECIBOS DE NOMINA,ALTO_A,CLIENTE_BANCO,0,BAJO,60%,0,247,740,0,0,0,41,HIPOTECA,LICENCIATURA
2.01408E+16,130,APROBADA,CLASICA,APROBADO,BUENO,1999,9.98E+14,0,920,54.00%,6978,INVERSIONES,ALTO_B,CLIENTE_BANCO,0,BAJO,46%,0,232,764,0,0,0,60,PROPIA,PREPARATORIA
2.01408E+16,131,APROBADA,CLASICA,APROBADO,BUENO,1999,9.98E+14,1,"1,219",39.00%,15329,INVERSIONES,ALTO_A,CLIENTE_BANCO,0,BAJO,61%,0,228,759,0,0,0,41,HIPOTECA,PREPARATORIA
2.01408E+16,131,APROBADA,CLASICA,APROBADO,BUENO,1999,9.98E+14,0,860,57.00%,10447,INVERSIONES,ALTO_A,CLIENTE_BANCO,13700,BAJO,43%,0,270,703,151,0,0,36,RENTA,POSGRADO
2.01408E+16,132,APROBADA,CLASICA,APROBADO,BUENO,1999,9.98E+14,1,960,52.00%,16190,RECIBOS DE NOMINA,ALTO_A,CLIENTE_BANCO,0,BAJO,48%,0,244,772,0,0,0,52,HIPOTECA,POSGRADO
2.01408E+16,133,APROBADA,CLASICA,APROBADO,REGULAR,1999,9.98E+14,2,"1,999",0.00%,13892,RECIBOS DE NOMINA,MEDIO_A,CLIENTE_BANCO,0,BAJO,100%,0,262,700,0,0,0,38,RENTA,POSGRADO
2.01408E+16,134,APROBADA,CLASICA,APROBADO,BUENO,1999,9.98E+14,2,"1,959",2.00%,8512,RECIBOS DE NOMINA,ALTO_B,CLIENTE_BANCO,0,BAJO,98%,0,236,702,0,0,0,42,FAMILIARES,POSGRADO
2.01408E+16,134,APROBADA,CLASICA,APROBADO,BUENO,1999,9.98E+14,0,"1,579",21.00%,10439,RECIBOS DE NOMINA,MEDIO_B,NO_CLIENTE,0,BAJO,79%,0,236,731,0,0,0,54,RENTA,POSGRADO
2.01408E+16,138,APROBADA,CLASICA,APROBADO,REGULAR,1999,9.98E+14,0,540,73.00%,39114,RECIBOS DE NOMINA,MEDIO_A,CLIENTE_BANCO,0,BAJO,27%,0,213,783,0,0,0,58,FAMILIARES,PREPARATORIA
2.01408E+16,138,APROBADA,CLASICA,APROBADO,BUENO,1999,9.98E+14,0,"1,399",30.00%,13728,INVERSIONES,ALTO_B,CLIENTE_BANCO,0,BAJO,70%,0,222,740,0,0,0,43,FAMILIARES,POSGRADO
2.01408E+16,138,APROBADA,CLASICA,APROBADO,REGULAR,1999,9.98E+14,0,460,77.00%,6121,RECIBOS DE NOMINA,ALTO_A,CLIENTE_BANCO,0,BAJO,23%,0,233,787,0,0,0,27,PROPIA,LICENCIATURA
2.01408E+16,143,APROBADA,CLASICA,APROBADO,REGULAR,1999,9.98E+14,0,320,84.00%,24915,RECIBOS DE NOMINA,MEDIO_A,CLIENTE_BANCO,0,BAJO,16%,0,247,794,0,0,0,56,RENTA,PREPARATORIA
2.01408E+16,144,APROBADA,CLASICA,APROBADO,BUENO,1999,9.98E+14,0,"1,359",32.00%,10410,RECIBOS DE NOMINA,MEDIO_B,NO_CLIENTE,0,BAJO,68%,0,261,742,0,0,0,57,PROPIA,POSGRADO
2.01408E+16,145,APROBADA,CLASICA,APROBADO,REGULAR,1999,9.98E+14,0,780,61.00%,14886,RECIBOS DE NOMINA,MEDIO_A,CLIENTE_BANCO,0,BAJO,39%,0,276,771,0,0,0,31,RENTA,PREPARATORIA
2.01408E+16,146,APROBADA,CLASICA,APROBADO,BUENO,1999,9.98E+14,2,"1,079",46.00%,28123,INVERSIONES,MEDIO_B,CLIENTE_BANCO,0,BAJO,54%,0,228,746,0,0,0,31,FAMILIARES,LICENCIATURA
2.01408E+16,151,APROBADA,CLASICA,APROBADO,BUENO,1999,9.98E+14,0,"1,219",39.00%,15002,RECIBOS DE NOMINA,ALTO_A,NO_CLIENTE,0,BAJO,61%,0,226,749,0,0,0,56,HIPOTECA,LICENCIATURA
2.01408E+16,152,APROBADA,CLASICA,APROBADO,BUENO,1999,9.98E+14,0,"1,359",32.00%,9779,RECIBOS DE NOMINA,ALTO_B,CLIENTE_BANCO,0,BAJO,68%,0,226,742,0,0,0,34,RENTA,PREPARATORIA
2.01408E+16,152,APROBADA,CLASICA,APROBADO,BUENO,1999,9.98E+14,1,"2,139",-7.00%,10689,RECIBOS DE NOMINA,MEDIO_B,CLIENTE_BANCO,4000,BAJO,107%,0,229,713,260,0,0,36,FAMILIARES,POSGRADO
2.01408E+16,154,APROBADA,CLASICA,APROBADO,REGULAR,1999,9.98E+14,0,420,79.00%,35018,INVERSIONES,MEDIO_A,CLIENTE_BANCO,15000,BAJO,21%,0,195,740,4058,0,0,30,RENTA,LICENCIATURA
2.01408E+16,155,APROBADA,CLASICA,APROBADO,BUENO,1999,9.98E+14,0,"1,879",6.00%,9507,RECIBOS DE NOMINA,MEDIO_B,NO_CLIENTE,0,BAJO,94%,0,227,716,0,0,0,49,HIPOTECA,POSGRADO
2.01408E+16,157,APROBADA,CLASICA,APROBADO,REGULAR,1999,9.98E+14,1,600,70.00%,0,RECIBOS DE NOMINA,ALTO_B,NO_CLIENTE,0,BAJO,30%,0,224,790,0,0,0,55,RENTA,PREPARATORIA
2.01408E+16,160,APROBADA,CLASICA,APROBADO,BUENO,1999,9.98E+14,0,"1,819",9.00%,7112,INVERSIONES,ALTO_B,CLIENTE_BANCO,0,BAJO,91%,0,225,719,0,0,0,40,PROPIA,PREPARATORIA
2.01408E+16,161,APROBADA,CLASICA,APROBADO,BUENO,1999,9.98E+14,0,"1,839",8.00%,14321,INVERSIONES,MEDIO_A,CLIENTE_BANCO,3999,BAJO,92%,0,209,706,1847,250,0,53,FAMILIARES,PREPARATORIA
2.01408E+16,161,APROBADA,CLASICA,APROBADO,BUENO,1999,9.98E+14,1,"2,099",-5.00%,16661,RECIBOS DE NOMINA,MEDIO_B,CLIENTE_BANCO,0,BAJO,105%,0,222,715,0,0,0,51,RENTA,POSGRADO
2.01408E+16,161,APROBADA,CLASICA,APROBADO,REGULAR,1999,9.98E+14,1,400,80.00%,23902,RECIBOS DE NOMINA,MEDIO_A,CLIENTE_BANCO,0,BAJO,20%,0,239,800,0,0,0,32,FAMILIARES,POSGRADO
2.01408E+16,165,APROBADA,CLASICA,APROBADO,BUENO,1999,9.98E+14,2,"1,199",40.00%,12466,RECIBOS DE NOMINA,ALTO_B,CLIENTE_BANCO,3000,BAJO,60%,0,209,740,0,0,0,57,PROPIA,PREPARATORIA
2.01408E+16,165,APROBADA,CLASICA,APROBADO,BUENO,1999,9.98E+14,1,"2,059",-3.00%,8170,RECIBOS DE NOMINA,ALTO_B,CLIENTE_BANCO,0,BAJO,103%,0,234,717,0,0,0,41,PROPIA,LICENCIATURA
2.01408E+16,166,APROBADA,CLASICA,APROBADO,BUENO,1999,9.98E+14,2,"1,939",3.00%,23672,RECIBOS DE NOMINA,MEDIO_A,CLIENTE_BANCO,0,BAJO,97%,0,252,703,0,0,0,30,RENTA,POSGRADO
2.01408E+16,167,APROBADA,CLASICA,APROBADO,REGULAR,1999,9.98E+14,0,680,66.00%,12185,RECIBOS DE NOMINA,ALTO_A,CLIENTE_BANCO,0,BAJO,34%,0,238,776,0,0,0,54,FAMILIARES,POSGRADO
2.01408E+16,170,APROBADA,CLASICA,APROBADO,BUENO,1999,9.98E+14,0,"1,559",22.00%,11089,RECIBOS DE NOMINA,ALTO_B,CLIENTE_BANCO,0,BAJO,78%,0,224,732,0,0,0,41,HIPOTECA,LICENCIATURA
2.01408E+16,175,APROBADA,CLASICA,APROBADO,BUENO,1999,9.98E+14,0,"1,839",8.00%,2182,INVERSIONES,ALTO_B,CLIENTE_BANCO,0,BAJO,92%,0,211,718,0,0,0,26,RENTA,PREPARATORIA
2.01408E+16,176,APROBADA,CLASICA,APROBADO,REGULAR,1999,9.98E+14,1,320,84.00%,7379,RECIBOS DE NOMINA,ALTO_A,CLIENTE_BANCO,0,BAJO,16%,0,215,804,0,0,0,43,HIPOTECA,PREPARATORIA
2.01408E+16,177,APROBADA,CLASICA,APROBADO,BUENO,1999,9.98E+14,1,"1,459",27.00%,9415,RECIBOS DE NOMINA,MEDIO_B,NO_CLIENTE,0,BAJO,73%,0,230,747,0,0,0,43,FAMILIARES,POSGRADO
2.01408E+16,177,APROBADA,CLASICA,APROBADO,BUENO,1999,9.98E+14,0,"1,239",38.00%,17851,RECIBOS DE NOMINA,MEDIO_A,CLIENTE_BANCO,0,BAJO,62%,0,276,748,0,0,0,59,PROPIA,LICENCIATURA
2.01408E+16,179,APROBADA,CLASICA,APROBADO,REGULAR,1999,9.98E+14,0,500,75.00%,38572,RECIBOS DE NOMINA,MEDIO_A,CLIENTE_BANCO,15000,MEDIO ,25%,0,176,689,14649,0,0,60,RENTA,PREPARATORIA
2.01408E+16,179,APROBADA,CLASICA,APROBADO,REGULAR,1999,9.98E+14,0,380,81.00%,12704,RECIBOS DE NOMINA,MEDIO_A,NO_CLIENTE,0,BAJO,19%,0,234,791,0,0,0,29,PROPIA,PREPARATORIA
2.01408E+16,181,APROBADA,CLASICA,APROBADO,REGULAR,1999,9.98E+14,2,"2,199",-10.00%,9251,RECIBOS DE NOMINA,ALTO_A,CLIENTE_BANCO,0,MEDIO ,110%,0,259,690,0,0,0,42,HIPOTECA,PREPARATORIA
2.01408E+16,184,APROBADA,CLASICA,APROBADO,BUENO,1999,9.98E+14,1,"2,399",-20.00%,46846,RECIBOS DE NOMINA,ALTO_B,CLIENTE_BANCO,9700,BAJO,120%,0,210,757,626,250,0,39,RENTA,POSGRADO
2.01408E+16,185,APROBADA,CLASICA,APROBADO,BUENO,1999,9.98E+14,2,"1,899",5.00%,8273,RECIBOS DE NOMINA,MEDIO_A,CLIENTE_BANCO,0,BAJO,95%,0,276,705,0,0,0,50,PROPIA,POSGRADO
2.01408E+16,186,APROBADA,CLASICA,APROBADO,BUENO,1999,9.98E+14,2,"2,119",-6.00%,34567,INVERSIONES,MEDIO_A,CLIENTE_BANCO,5000,BAJO,106%,0,218,723,1370,250,0,35,FAMILIARES,LICENCIATURA
2.01408E+16,186,APROBADA,CLASICA,APROBADO,BUENO,1999,9.98E+14,1,"2,079",-4.00%,22564,RECIBOS DE NOMINA,ALTO_A,CLIENTE_BANCO,0,BAJO,104%,0,238,716,0,0,0,40,HIPOTECA,LICENCIATURA
2.01408E+16,186,APROBADA,CLASICA,APROBADO,BUENO,1999,9.98E+14,0,"1,299",35.00%,15561,RECIBOS DE NOMINA,MEDIO_A,CLIENTE_BANCO,0,BAJO,65%,0,291,745,0,0,0,58,RENTA,PREPARATORIA
2.01408E+16,188,APROBADA,CLASICA,APROBADO,REGULAR,1999,9.98E+14,1,"2,079",-4.00%,7886,INVERSIONES,MEDIO_A,CLIENTE_BANCO,8304,MEDIO ,104%,0,210,692,6198,360,0,31,PROPIA,PREPARATORIA
2.01408E+16,188,APROBADA,CLASICA,APROBADO,BUENO,1999,9.98E+14,1,840,58.00%,13363,RECIBOS DE NOMINA,MEDIO_A,CLIENTE_BANCO,0,BAJO,42%,0,235,778,0,0,0,56,RENTA,LICENCIATURA
2.01408E+16,188,APROBADA,CLASICA,APROBADO,BUENO,1999,9.98E+14,1,"1,919",4.00%,16837,RECIBOS DE NOMINA,MEDIO_B,CLIENTE_BANCO,5000,BAJO,96%,0,240,724,0,0,0,32,HIPOTECA,POSGRADO
2.01408E+16,189,APROBADA,CLASICA,APROBADO,REGULAR,1999,9.98E+14,0,360,82.00%,7726,RECIBOS DE NOMINA,MEDIO_A,CLIENTE_BANCO,0,BAJO,18%,0,211,792,0,0,0,41,PROPIA,POSGRADO
2.01408E+16,198,APROBADA,CLASICA,APROBADO,BUENO,1999,9.98E+14,1,820,59.00%,15854,INVERSIONES,MEDIO_A,CLIENTE_BANCO,23400,BAJO,41%,0,242,703,406,0,0,27,PROPIA,PREPARATORIA
2.01408E+16,198,APROBADA,CLASICA,APROBADO,BUENO,1999,9.98E+14,2,"1,279",36.00%,7259,RECIBOS DE NOMINA,ALTO_B,CLIENTE_BANCO,0,BAJO,64%,0,242,736,0,0,0,58,PROPIA,POSGRADO
2.01408E+16,182,APROBADA,CLASICA,APROBADO,BUENO,1999,9.98E+14,0,400,1.00%,30469,INVERSIONES,ALTO_B,CLIENTE_BANCO,0,BAJO,0.99,0,228,711,0,0,0,39,PROPIA,LICENCIATURA
2.01408E+16,134,APROBADA,CLASICA,APROBADO,BUENO,1899,9.98E+14,1,317,37.00%,30361,INVERSIONES,MEDIO_A,CLIENTE_BANCO,16500,BAJO,0.63,0,241,706,6865,0,0,41,PROPIA,LICENCIATURA
2.01408E+16,199,APROBADA,CLASICA,APROBADO,BUENO,1800,9.98E+14,0,225,47.00%,0,INVERSIONES,ALTO_B,NO_CLIENTE,0,BAJO,0.53,1,162,757,0,0,0,59,PROPIA,LICENCIATURA
2.01407E+16,184,APROBADA,CLASICA,APROBADO,REGULAR,1400,9.98E+14,0,476,66.00%,0,INVERSIONES,MEDIO_B,NO_CLIENTE,0,BAJO,34%,0,196,776,0,0,0,37,RENTA,LICENCIATURA
2.01407E+16,207,APROBADA,CLASICA,APROBADO,BUENO,1400,9.98E+14,1,200,57.00%,0,INVERSIONES,MEDIO_A,NO_CLIENTE,0,BAJO,43%,0,215,767,0,0,0,37,PROPIA,LICENCIATURA
2.01408E+16,227,APROBADA,CLASICA,APROBADO,BUENO,800,9.98E+14,1,114,41.00%,0,INVERSIONES,ALTO_B,NO_CLIENTE,0,BAJO,0.59,0,192,751,0,0,0,27,PROPIA,LICENCIATURA
2.01408E+16,230,APROBADA,CLASICA,APROBADO,BUENO,399,9.98E+14,1,67,14.00%,160580,RECIBOS DE NOMINA,ALTO_B,CLIENTE_BANCO,0,BAJO,0.86,0,252,724,0,0,0,29,PROPIA,LICENCIATURA
2.01408E+16,160,PENDIENTE,CLASICA,PRE-APROBADO,MALO,1,,,,,0,INVERSIONES,ALTO_A,NO_CLIENTE,0,ALTO,0%,1,134,0,0,0,0,49,PROPIA,POSGRADO
2.01408E+16,160,PENDIENTE,CLASICA,PRE-APROBADO,MALO,1,,1,,0%,0,RECIBOS DE NOMINA,MEDIO_B,NO_CLIENTE,5000,ALTO,0%,0,136,0,4027,340,0,29,FAMILIARES,LICENCIATURA
2.01408E+16,161,PENDIENTE,CLASICA,PRE-APROBADO,MALO,1,,,,,0,RECIBOS DE NOMINA,MEDIO_B,NO_CLIENTE,0,ALTO,0%,0,120,0,0,0,0,38,FAMILIARES,LICENCIATURA
2.01408E+16,162,PENDIENTE,CLASICA,PRE-APROBADO,MALO,1,,,,,0,INVERSIONES,MEDIO_B,NO_CLIENTE,0,ALTO,0%,2,145,0,0,0,0,38,RENTA,LICENCIATURA
2.01408E+16,163,PENDIENTE,CLASICA,PRE-APROBADO,MALO,1,,,,,0,INVERSIONES,MEDIO_A,NO_CLIENTE,0,ALTO,0%,1,122,0,0,0,0,51,HIPOTECA,PREPARATORIA
2.01408E+16,163,PENDIENTE,CLASICA,PRE-APROBADO,MALO,1,,,,,0,INVERSIONES,MEDIO_B,NO_CLIENTE,0,ALTO,0%,0,135,0,0,0,0,50,FAMILIARES,PREPARATORIA
2.01408E+16,164,PENDIENTE,CLASICA,PRE-APROBADO,MALO,1,,,,,0,RECIBOS DE NOMINA,MEDIO_B,NO_CLIENTE,0,ALTO,0%,2,123,0,0,0,0,60,FAMILIARES,LICENCIATURA
2.01408E+16,165,PENDIENTE,CLASICA,PRE-APROBADO,MALO,1,,,,,0,RECIBOS DE NOMINA,ALTO_A,NO_CLIENTE,0,ALTO,0%,3,134,0,0,0,0,47,PROPIA,POSGRADO
2.01408E+16,167,PENDIENTE,CLASICA,PRE-APROBADO,MALO,1,,,,,0,INVERSIONES,MEDIO_B,NO_CLIENTE,0,ALTO,0%,0,130,0,0,0,0,36,RENTA,PREPARATORIA
2.01408E+16,167,PENDIENTE,CLASICA,PRE-APROBADO,MALO,1,,,,,0,RECIBOS DE NOMINA,MEDIO_B,NO_CLIENTE,0,ALTO,0%,2,156,0,0,0,0,41,RENTA,LICENCIATURA
2.01408E+16,169,PENDIENTE,CLASICA,PRE-APROBADO,MALO,1,,,,,0,RECIBOS DE NOMINA,MEDIO_B,NO_CLIENTE,0,ALTO,0%,0,120,0,0,0,0,60,RENTA,PREPARATORIA
2.01408E+16,169,PENDIENTE,CLASICA,PRE-APROBADO,MALO,1,,,,,0,RECIBOS DE NOMINA,MEDIO_B,NO_CLIENTE,0,ALTO,0%,0,134,0,0,0,0,29,RENTA,LICENCIATURA
2.01408E+16,170,PENDIENTE,CLASICA,PRE-APROBADO,MALO,1,,0,,,0,INVERSIONES,MEDIO_B,NO_CLIENTE,91500,ALTO,0%,3,154,0,14778,0,0,26,FAMILIARES,LICENCIATURA
2.01408E+16,171,PENDIENTE,CLASICA,PRE-APROBADO,MALO,1,,,,,0,RECIBOS DE NOMINA,MEDIO_B,NO_CLIENTE,0,ALTO,0%,3,145,0,0,0,0,26,FAMILIARES,LICENCIATURA
2.01408E+16,172,PENDIENTE,CLASICA,PRE-APROBADO,MALO,1,,,,,0,INVERSIONES,MEDIO_B,NO_CLIENTE,0,ALTO,0%,0,120,0,0,0,0,39,FAMILIARES,LICENCIATURA
2.01407E+16,172,PENDIENTE,CLASICA,PRE-APROBADO,MALO,1,,,,,0,INVERSIONES,BAJO_A,NO_CLIENTE,0,ALTO,0%,0,135,0,0,0,0,49,RENTA,SECUNDARIA
2.01408E+16,172,PENDIENTE,CLASICA,PRE-APROBADO,MALO,1,,,,,0,INVERSIONES,MEDIO_B,NO_CLIENTE,0,ALTO,0%,1,176,0,0,0,0,33,RENTA,LICENCIATURA
2.01408E+16,175,PENDIENTE,CLASICA,PRE-APROBADO,MALO,1,,,,,0,INVERSIONES,ALTO_B,NO_CLIENTE,0,ALTO,0%,3,156,0,0,0,0,29,RENTA,POSGRADO
2.01408E+16,176,PENDIENTE,CLASICA,PRE-APROBADO,MALO,1,,,,,0,RECIBOS DE NOMINA,MEDIO_A,NO_CLIENTE,0,ALTO,0%,0,142,0,0,0,0,35,PROPIA,LICENCIATURA
2.01408E+16,177,PENDIENTE,CLASICA,PRE-APROBADO,MALO,1,,,,,0,INVERSIONES,MEDIO_B,NO_CLIENTE,0,ALTO,0%,0,124,0,0,0,0,56,FAMILIARES,PREPARATORIA
2.01408E+16,177,PENDIENTE,CLASICA,PRE-APROBADO,MALO,1,,,,,0,RECIBOS DE NOMINA,ALTO_B,NO_CLIENTE,0,ALTO,0%,1,125,0,0,0,0,56,FAMILIARES,POSGRADO
2.01408E+16,178,PENDIENTE,CLASICA,PRE-APROBADO,MALO,1,,,,,0,RECIBOS DE NOMINA,MEDIO_A,NO_CLIENTE,0,ALTO,0%,0,120,0,0,0,0,34,HIPOTECA,PREPARATORIA
2.01408E+16,179,PENDIENTE,CLASICA,PRE-APROBADO,MALO,1,,,,,0,RECIBOS DE NOMINA,MEDIO_B,NO_CLIENTE,0,ALTO,0%,1,120,0,0,0,0,59,FAMILIARES,PREPARATORIA
2.01408E+16,179,PENDIENTE,CLASICA,PRE-APROBADO,MALO,1,,,,,0,INVERSIONES,MEDIO_B,NO_CLIENTE,0,ALTO,0%,0,122,0,0,0,0,27,RENTA,PREPARATORIA
2.01408E+16,180,PENDIENTE,CLASICA,PRE-APROBADO,MALO,1,,,,,0,INVERSIONES,MEDIO_B,NO_CLIENTE,0,ALTO,0%,0,120,0,0,0,0,49,RENTA,LICENCIATURA
2.01408E+16,183,PENDIENTE,CLASICA,PRE-APROBADO,MALO,1,,,,,0,INVERSIONES,MEDIO_A,NO_CLIENTE,0,ALTO,0%,1,120,0,0,0,0,59,HIPOTECA,PREPARATORIA
2.01408E+16,184,PENDIENTE,CLASICA,PRE-APROBADO,MALO,1,,,,,0,RECIBOS DE NOMINA,ALTO_B,NO_CLIENTE,0,ALTO,0%,0,121,0,0,0,0,46,RENTA,POSGRADO
2.01408E+16,185,PENDIENTE,CLASICA,PRE-APROBADO,MALO,1,,,,,0,RECIBOS DE NOMINA,MEDIO_A,NO_CLIENTE,0,ALTO,0%,0,132,0,0,0,1,51,HIPOTECA,PREPARATORIA
2.01408E+16,187,PENDIENTE,CLASICA,PRE-APROBADO,MALO,1,,,,,0,INVERSIONES,MEDIO_B,NO_CLIENTE,0,ALTO,0%,0,120,0,0,0,0,41,FAMILIARES,PREPARATORIA
2.01408E+16,187,PENDIENTE,CLASICA,PRE-APROBADO,MALO,1,,,,,0,INVERSIONES,MEDIO_B,NO_CLIENTE,0,ALTO,0%,1,143,0,0,0,0,59,FAMILIARES,PREPARATORIA
2.01408E+16,189,PENDIENTE,CLASICA,PRE-APROBADO,MALO,1,,,,,0,RECIBOS DE NOMINA,ALTO_B,NO_CLIENTE,0,ALTO,0%,0,136,0,0,0,0,39,RENTA,POSGRADO
2.01408E+16,190,PENDIENTE,CLASICA,PRE-APROBADO,MALO,1,,,,,0,RECIBOS DE NOMINA,MEDIO_A,NO_CLIENTE,0,ALTO,0%,0,110,0,0,0,0,48,HIPOTECA,LICENCIATURA
2.01408E+16,190,PENDIENTE,CLASICA,PRE-APROBADO,MALO,1,,,,,0,RECIBOS DE NOMINA,MEDIO_A,NO_CLIENTE,0,ALTO,0%,2,124,0,0,0,0,45,HIPOTECA,LICENCIATURA
2.01408E+16,190,PENDIENTE,CLASICA,PRE-APROBADO,MALO,1,,,,,0,RECIBOS DE NOMINA,MEDIO_A,NO_CLIENTE,0,ALTO,0%,0,134,0,0,0,0,37,HIPOTECA,PREPARATORIA
2.01408E+16,192,PENDIENTE,CLASICA,PRE-APROBADO,MALO,1,,,,,0,INVERSIONES,ALTO_B,NO_CLIENTE,0,ALTO,0%,1,133,0,0,0,0,56,RENTA,POSGRADO
2.01408E+16,193,PENDIENTE,CLASICA,PRE-APROBADO,MALO,1,,,,,0,INVERSIONES,ALTO_A,NO_CLIENTE,0,ALTO,0%,2,124,0,0,0,0,45,PROPIA,POSGRADO
2.01408E+16,194,PENDIENTE,CLASICA,PRE-APROBADO,MALO,1,,,,,0,RECIBOS DE NOMINA,ALTO_B,NO_CLIENTE,0,ALTO,0%,0,136,0,0,0,0,50,HIPOTECA,POSGRADO
2.01408E+16,197,PENDIENTE,CLASICA,PRE-APROBADO,MALO,1,,,,,0,INVERSIONES,BAJO_A,NO_CLIENTE,0,ALTO,0%,3,153,0,0,0,0,46,FAMILIARES,SECUNDARIA
2.01408E+16,198,PENDIENTE,CLASICA,PRE-APROBADO,MALO,1,,,,,0,RECIBOS DE NOMINA,MEDIO_A,NO_CLIENTE,0,ALTO,0%,0,120,0,0,0,0,51,HIPOTECA,PREPARATORIA
2.01408E+16,199,PENDIENTE,CLASICA,PRE-APROBADO,MALO,1,,,,,0,RECIBOS DE NOMINA,ALTO_B,NO_CLIENTE,0,ALTO,0%,0,120,0,0,0,0,41,HIPOTECA,POSGRADO
2.01408E+16,199,PENDIENTE,CLASICA,PRE-APROBADO,MALO,1,,,,,0,INVERSIONES,MEDIO_A,NO_CLIENTE,0,ALTO,0%,0,134,0,0,0,0,55,HIPOTECA,PREPARATORIA
2.01408E+16,101,PENDIENTE,CLASICA,PRE-APROBADO,MALO,1,,,,,0,INVERSIONES,MEDIO_B,NO_CLIENTE,0,ALTO,0%,1,120,0,0,0,0,32,RENTA,LICENCIATURA
2.01407E+16,101,PENDIENTE,CLASICA,PRE-APROBADO,MALO,1,,,,,0,RECIBOS DE NOMINA,MEDIO_A,NO_CLIENTE,0,ALTO,0%,3,144,0,0,0,0,57,HIPOTECA,LICENCIATURA
2.01408E+16,102,PENDIENTE,CLASICA,PRE-APROBADO,MALO,1,,,,,0,INVERSIONES,MEDIO_A,NO_CLIENTE,0,ALTO,0%,3,163,0,0,0,0,28,HIPOTECA,LICENCIATURA
2.01408E+16,103,PENDIENTE,CLASICA,PRE-APROBADO,MALO,1,,,,,0,RECIBOS DE NOMINA,MEDIO_B,NO_CLIENTE,0,ALTO,0%,0,122,0,0,0,0,54,FAMILIARES,LICENCIATURA
2.01408E+16,104,PENDIENTE,CLASICA,PRE-APROBADO,MALO,1,,,,,0,RECIBOS DE NOMINA,MEDIO_A,NO_CLIENTE,0,ALTO,0%,0,121,0,0,0,0,55,HIPOTECA,PREPARATORIA
2.01408E+16,104,PENDIENTE,CLASICA,PRE-APROBADO,MALO,1,,,,,0,INVERSIONES,MEDIO_A,NO_CLIENTE,0,ALTO,0%,0,132,0,0,0,0,34,HIPOTECA,PREPARATORIA
2.01408E+16,105,PENDIENTE,CLASICA,PRE-APROBADO,MALO,1,,,,,0,RECIBOS DE NOMINA,MEDIO_A,NO_CLIENTE,0,ALTO,0%,0,120,0,0,0,0,58,HIPOTECA,PREPARATORIA
2.01408E+16,109,PENDIENTE,CLASICA,PRE-APROBADO,MALO,1,,,,,0,INVERSIONES,ALTO_B,NO_CLIENTE,0,ALTO,0%,1,124,0,0,0,0,45,HIPOTECA,POSGRADO
2.01408E+16,110,PENDIENTE,CLASICA,PRE-APROBADO,MALO,1,,,,,0,RECIBOS DE NOMINA,MEDIO_A,NO_CLIENTE,0,ALTO,0%,0,132,0,0,0,0,56,HIPOTECA,PREPARATORIA
2.01407E+16,112,PENDIENTE,CLASICA,PRE-APROBADO,MALO,1,,,,,0,RECIBOS DE NOMINA,MEDIO_A,NO_CLIENTE,0,ALTO,0%,4,124,0,0,0,0,57,HIPOTECA,PREPARATORIA
2.01408E+16,115,PENDIENTE,CLASICA,PRE-APROBADO,MALO,1,,,,,0,INVERSIONES,MEDIO_B,NO_CLIENTE,0,ALTO,0%,0,125,0,0,0,0,54,FAMILIARES,LICENCIATURA
2.01408E+16,117,PENDIENTE,CLASICA,PRE-APROBADO,MALO,1,,,,,0,INVERSIONES,ALTO_A,NO_CLIENTE,0,ALTO,0%,0,121,0,0,0,0,53,PROPIA,POSGRADO
2.01408E+16,117,PENDIENTE,CLASICA,PRE-APROBADO,MALO,1,,,,,0,INVERSIONES,MEDIO_A,NO_CLIENTE,0,ALTO,0%,2,124,0,0,0,0,30,HIPOTECA,PREPARATORIA
2.01408E+16,118,PENDIENTE,CLASICA,PRE-APROBADO,MALO,1,,,,,0,RECIBOS DE NOMINA,MEDIO_A,NO_CLIENTE,0,ALTO,0%,0,121,0,0,0,0,29,HIPOTECA,PREPARATORIA
2.01408E+16,118,PENDIENTE,CLASICA,PRE-APROBADO,MALO,1,,,,,0,RECIBOS DE NOMINA,MEDIO_A,NO_CLIENTE,0,ALTO,0%,0,142,0,0,0,0,50,HIPOTECA,PREPARATORIA
2.01408E+16,119,PENDIENTE,CLASICA,PRE-APROBADO,MALO,1,,,,,0,RECIBOS DE NOMINA,MEDIO_A,NO_CLIENTE,0,ALTO,0%,2,130,0,0,0,0,31,HIPOTECA,PREPARATORIA
2.01408E+16,121,PENDIENTE,CLASICA,PRE-APROBADO,MALO,1,,1,,0.00%,0,INVERSIONES,MEDIO_A,NO_CLIENTE,24200,ALTO,0%,1,132,0,2078,0,0,55,PROPIA,LICENCIATURA
2.01408E+16,122,PENDIENTE,CLASICA,PRE-APROBADO,MALO,1,,,,,0,RECIBOS DE NOMINA,MEDIO_A,NO_CLIENTE,0,ALTO,0%,3,124,0,0,0,0,48,HIPOTECA,PREPARATORIA
2.01408E+16,123,PENDIENTE,CLASICA,PRE-APROBADO,MALO,1,,,,,0,RECIBOS DE NOMINA,ALTO_B,NO_CLIENTE,0,ALTO,0%,1,120,0,0,0,0,56,HIPOTECA,POSGRADO
2.01408E+16,123,PENDIENTE,CLASICA,PRE-APROBADO,MALO,1,,,,,0,INVERSIONES,MEDIO_A,NO_CLIENTE,0,ALTO,0%,2,124,0,0,0,0,42,HIPOTECA,PREPARATORIA
2.01408E+16,125,PENDIENTE,CLASICA,PRE-APROBADO,MALO,1,,,,,0,INVERSIONES,MEDIO_A,NO_CLIENTE,0,ALTO,0%,0,121,0,0,0,0,33,PROPIA,LICENCIATURA
2.01408E+16,126,PENDIENTE,CLASICA,PRE-APROBADO,MALO,1,,,,,0,RECIBOS DE NOMINA,MEDIO_A,NO_CLIENTE,0,ALTO,0%,2,135,0,0,0,0,60,HIPOTECA,LICENCIATURA
2.01408E+16,132,PENDIENTE,CLASICA,PRE-APROBADO,MALO,1,,1,,0.00%,0,RECIBOS DE NOMINA,ALTO_A,NO_CLIENTE,6000,ALTO,0%,0,120,0,3439,250,0,40,PROPIA,POSGRADO
2.01407E+16,132,PENDIENTE,CLASICA,PRE-APROBADO,MALO,1,,,,,0,RECIBOS DE NOMINA,MEDIO_B,NO_CLIENTE,0,ALTO,0%,0,125,0,0,0,0,32,FAMILIARES,LICENCIATURA
2.01408E+16,132,PENDIENTE,CLASICA,PRE-APROBADO,MALO,1,,,,,0,RECIBOS DE NOMINA,MEDIO_A,NO_CLIENTE,0,ALTO,0%,0,134,0,0,0,0,29,HIPOTECA,PREPARATORIA
2.01408E+16,134,PENDIENTE,CLASICA,PRE-APROBADO,MALO,1,,,,,0,RECIBOS DE NOMINA,BAJO_A,NO_CLIENTE,0,ALTO,0%,0,133,0,0,0,0,41,FAMILIARES,SECUNDARIA
2.01408E+16,136,PENDIENTE,CLASICA,PRE-APROBADO,MALO,1,,,,,0,RECIBOS DE NOMINA,MEDIO_A,NO_CLIENTE,0,ALTO,0%,0,123,0,0,0,0,27,PROPIA,LICENCIATURA
2.01408E+16,137,PENDIENTE,CLASICA,PRE-APROBADO,MALO,1,,2,,0.00%,0,RECIBOS DE NOMINA,MEDIO_A,NO_CLIENTE,7000,ALTO,0%,0,165,0,5610,30,0,30,HIPOTECA,PREPARATORIA
2.01408E+16,138,PENDIENTE,CLASICA,PRE-APROBADO,MALO,1,,,,,0,RECIBOS DE NOMINA,MEDIO_A,NO_CLIENTE,0,ALTO,0%,2,134,0,0,0,0,58,PROPIA,LICENCIATURA
2.01408E+16,138,PENDIENTE,CLASICA,PRE-APROBADO,MALO,1,,,,,0,RECIBOS DE NOMINA,MEDIO_B,NO_CLIENTE,0,ALTO,0%,4,143,0,0,0,0,25,FAMILIARES,LICENCIATURA
2.01408E+16,139,PENDIENTE,CLASICA,PRE-APROBADO,MALO,1,,,,,0,INVERSIONES,MEDIO_B,NO_CLIENTE,0,ALTO,0%,0,111,0,0,0,0,29,RENTA,LICENCIATURA
2.01408E+16,140,PENDIENTE,CLASICA,PRE-APROBADO,MALO,1,,,,,0,RECIBOS DE NOMINA,MEDIO_B,NO_CLIENTE,0,ALTO,0%,0,120,0,0,0,0,35,FAMILIARES,LICENCIATURA
2.01408E+16,140,PENDIENTE,CLASICA,PRE-APROBADO,MALO,1,,,,,0,INVERSIONES,ALTO_B,NO_CLIENTE,0,ALTO,0%,1,141,0,0,0,0,41,HIPOTECA,POSGRADO
2.01408E+16,141,PENDIENTE,CLASICA,PRE-APROBADO,MALO,1,,0,,,0,INVERSIONES,ALTO_B,NO_CLIENTE,9000,ALTO,0%,1,145,0,1531,108,0,55,RENTA,POSGRADO
2.01408E+16,142,PENDIENTE,CLASICA,PRE-APROBADO,MALO,1,,,,,0,RECIBOS DE NOMINA,MEDIO_A,NO_CLIENTE,0,ALTO,0%,4,124,0,0,0,0,39,HIPOTECA,PREPARATORIA
2.01408E+16,143,PENDIENTE,CLASICA,PRE-APROBADO,MALO,1,,,,,0,INVERSIONES,MEDIO_A,NO_CLIENTE,0,ALTO,0%,0,134,0,0,0,0,58,HIPOTECA,PREPARATORIA
2.01408E+16,143,PENDIENTE,CLASICA,PRE-APROBADO,MALO,1,,,,,0,RECIBOS DE NOMINA,MEDIO_A,NO_CLIENTE,0,ALTO,0%,3,143,0,0,0,0,31,PROPIA,LICENCIATURA
2.01408E+16,144,PENDIENTE,CLASICA,PRE-APROBADO,MALO,1,,,,,0,INVERSIONES,ALTO_B,NO_CLIENTE,0,ALTO,0%,0,134,0,0,0,0,35,HIPOTECA,POSGRADO
2.01408E+16,146,PENDIENTE,CLASICA,PRE-APROBADO,MALO,1,,,,,0,INVERSIONES,MEDIO_B,NO_CLIENTE,0,ALTO,0%,0,130,0,0,0,0,59,RENTA,PREPARATORIA
2.01408E+16,147,PENDIENTE,CLASICA,PRE-APROBADO,MALO,1,,,,,0,RECIBOS DE NOMINA,ALTO_B,NO_CLIENTE,0,ALTO,0%,0,125,0,0,0,0,57,FAMILIARES,POSGRADO
2.01408E+16,149,PENDIENTE,CLASICA,PRE-APROBADO,MALO,1,,0,,0.00%,0,RECIBOS DE NOMINA,MEDIO_A,NO_CLIENTE,4000,ALTO,0%,1,124,0,2667,250,0,51,HIPOTECA,PREPARATORIA
2.01408E+16,150,PENDIENTE,CLASICA,PRE-APROBADO,MALO,1,,,,,0,RECIBOS DE NOMINA,ALTO_A,NO_CLIENTE,0,ALTO,0%,0,125,0,0,0,0,31,PROPIA,POSGRADO
2.01408E+16,153,PENDIENTE,CLASICA,PRE-APROBADO,MALO,1,,,,,0,INVERSIONES,MEDIO_A,NO_CLIENTE,0,ALTO,0%,0,122,0,0,0,0,30,HIPOTECA,LICENCIATURA
2.01408E+16,153,PENDIENTE,CLASICA,PRE-APROBADO,MALO,1,,,,,0,INVERSIONES,MEDIO_A,NO_CLIENTE,0,ALTO,0%,3,123,0,0,0,0,60,PROPIA,LICENCIATURA
2.01408E+16,154,PENDIENTE,CLASICA,PRE-APROBADO,MALO,1,,,,,0,RECIBOS DE NOMINA,ALTO_B,NO_CLIENTE,0,ALTO,0%,0,123,0,0,0,0,38,HIPOTECA,POSGRADO
2.01408E+16,154,PENDIENTE,CLASICA,PRE-APROBADO,MALO,1,,1,,,0,INVERSIONES,MEDIO_B,NO_CLIENTE,17000,ALTO,0%,2,123,0,4908,0,0,33,RENTA,PREPARATORIA
2.01407E+16,155,PENDIENTE,CLASICA,PRE-APROBADO,MALO,1,,,,,0,RECIBOS DE NOMINA,ALTO_B,NO_CLIENTE,0,ALTO,0%,0,167,0,0,0,0,48,HIPOTECA,POSGRADO
2.01408E+16,156,PENDIENTE,CLASICA,PRE-APROBADO,MALO,1,,,,,0,RECIBOS DE NOMINA,MEDIO_A,NO_CLIENTE,0,ALTO,0%,4,154,0,0,0,0,42,HIPOTECA,LICENCIATURA
2.01408E+16,160,PENDIENTE,CLASICA,PRE-APROBADO,MALO,1,,,,,0,RECIBOS DE NOMINA,MEDIO_B,NO_CLIENTE,0,ALTO,0%,0,132,0,0,0,0,45,FAMILIARES,PREPARATORIA
2.01408E+16,160,PENDIENTE,CLASICA,PRE-APROBADO,MALO,1,,,,,0,INVERSIONES,MEDIO_B,NO_CLIENTE,0,ALTO,0%,0,176,0,0,0,0,44,FAMILIARES,LICENCIATURA
2.01408E+16,161,PENDIENTE,CLASICA,PRE-APROBADO,MALO,1,,,,,0,RECIBOS DE NOMINA,ALTO_B,NO_CLIENTE,0,ALTO,0%,2,123,0,0,0,0,43,HIPOTECA,POSGRADO
2.01408E+16,161,PENDIENTE,CLASICA,PRE-APROBADO,MALO,1,,,,,0,RECIBOS DE NOMINA,MEDIO_A,NO_CLIENTE,0,ALTO,0%,0,141,0,0,0,0,52,HIPOTECA,LICENCIATURA
2.01408E+16,162,PENDIENTE,CLASICA,PRE-APROBADO,MALO,1,,,,,0,RECIBOS DE NOMINA,ALTO_B,NO_CLIENTE,0,ALTO,0%,0,134,0,0,0,0,50,HIPOTECA,POSGRADO
2.01408E+16,164,PENDIENTE,CLASICA,PRE-APROBADO,MALO,1,,,,,0,RECIBOS DE NOMINA,MEDIO_A,NO_CLIENTE,0,ALTO,0%,0,120,0,0,0,0,52,HIPOTECA,LICENCIATURA
2.01408E+16,164,PENDIENTE,CLASICA,PRE-APROBADO,MALO,1,,,,,0,RECIBOS DE NOMINA,MEDIO_B,NO_CLIENTE,0,ALTO,0%,0,135,0,0,0,0,42,FAMILIARES,PREPARATORIA
2.01408E+16,164,PENDIENTE,CLASICA,PRE-APROBADO,MALO,1,,0,,,0,DECLARACION ANUAL,MEDIO_B,NO_CLIENTE,54000,ALTO,0%,0,143,0,0,0,0,43,RENTA,LICENCIATURA
2.01407E+16,164,PENDIENTE,CLASICA,PRE-APROBADO,MALO,1,,,,,0,RECIBOS DE NOMINA,ALTO_A,NO_CLIENTE,0,ALTO,0%,4,150,0,0,0,0,29,PROPIA,POSGRADO
2.01408E+16,164,PENDIENTE,CLASICA,APROBADO,REGULAR,1,9.98E+14,2,1,0.00%,16130,RECIBOS DE NOMINA,MEDIO_B,NO_CLIENTE,0,BAJO,91%,0,247,700,0,0,0,33,HIPOTECA,LICENCIATURA
2.01408E+16,165,PENDIENTE,CLASICA,PRE-APROBADO,MALO,1,,1,,,0,INVERSIONES,MEDIO_A,NO_CLIENTE,40004,ALTO,0%,2,124,0,23287,620,0,27,HIPOTECA,LICENCIATURA
2.01408E+16,165,PENDIENTE,CLASICA,PRE-APROBADO,MALO,1,,,,,0,RECIBOS DE NOMINA,MEDIO_A,NO_CLIENTE,0,ALTO,0%,1,135,0,0,0,0,32,HIPOTECA,PREPARATORIA
2.01407E+16,169,PENDIENTE,CLASICA,APROBADO,REGULAR,1,9.98E+14,3,0,0.00%,25213,RECIBOS DE NOMINA,MEDIO_B,NO_CLIENTE,0,ALTO,38%,0,211,538,0,0,0,32,FAMILIARES,POSGRADO
2.01408E+16,170,PENDIENTE,CLASICA,PRE-APROBADO,MALO,1,,,,,0,RECIBOS DE NOMINA,MEDIO_B,NO_CLIENTE,0,ALTO,0%,0,120,0,0,0,0,26,FAMILIARES,LICENCIATURA
2.01408E+16,170,PENDIENTE,CLASICA,PRE-APROBADO,MALO,1,,,,,0,INVERSIONES,ALTO_B,NO_CLIENTE,0,ALTO,0%,2,145,0,0,0,0,42,FAMILIARES,POSGRADO
2.01408E+16,171,PENDIENTE,CLASICA,PRE-APROBADO,MALO,1,,,,,0,INVERSIONES,MEDIO_A,NO_CLIENTE,0,ALTO,0%,3,123,0,0,0,0,51,HIPOTECA,PREPARATORIA
2.01407E+16,171,PENDIENTE,CLASICA,PRE-APROBADO,MALO,1,,,,,0,RECIBOS DE NOMINA,ALTO_B,NO_CLIENTE,0,ALTO,0%,2,156,0,0,0,0,42,RENTA,POSGRADO
2.01408E+16,172,PENDIENTE,CLASICA,PRE-APROBADO,MALO,1,,,,,0,INVERSIONES,MEDIO_B,NO_CLIENTE,0,ALTO,0%,3,124,0,0,0,0,50,FAMILIARES,LICENCIATURA
2.01408E+16,172,PENDIENTE,CLASICA,PRE-APROBADO,MALO,1,,,,,0,INVERSIONES,MEDIO_B,NO_CLIENTE,0,ALTO,0%,1,132,0,0,0,0,33,RENTA,PREPARATORIA
2.01408E+16,173,PENDIENTE,CLASICA,PRE-APROBADO,MALO,1,,,,,0,RECIBOS DE NOMINA,MEDIO_B,NO_CLIENTE,0,ALTO,0%,0,120,0,0,0,0,43,RENTA,PREPARATORIA
2.01408E+16,177,PENDIENTE,CLASICA,PRE-APROBADO,MALO,1,,,,,0,INVERSIONES,MEDIO_B,NO_CLIENTE,0,ALTO,0%,3,154,0,0,0,0,39,RENTA,PREPARATORIA
2.01408E+16,178,PENDIENTE,CLASICA,PRE-APROBADO,MALO,1,,,,,0,RECIBOS DE NOMINA,ALTO_A,NO_CLIENTE,0,ALTO,0%,0,134,0,0,0,0,31,PROPIA,POSGRADO
2.01407E+16,181,PENDIENTE,CLASICA,PRE-APROBADO,MALO,1,,,,,0,INVERSIONES,MEDIO_B,NO_CLIENTE,0,ALTO,0%,2,125,0,0,0,0,56,FAMILIARES,PREPARATORIA
2.01408E+16,184,PENDIENTE,CLASICA,PRE-APROBADO,MALO,1,,,,,0,RECIBOS DE NOMINA,ALTO_B,NO_CLIENTE,0,ALTO,0%,1,142,0,0,0,0,25,RENTA,POSGRADO
2.01408E+16,186,PENDIENTE,CLASICA,PRE-APROBADO,MALO,1,,,,,0,DECLARACION ANUAL,MEDIO_A,NO_CLIENTE,0,ALTO,0%,2,143,0,0,0,0,41,HIPOTECA,PREPARATORIA
2.01408E+16,188,PENDIENTE,CLASICA,PRE-APROBADO,MALO,1,,,,,0,RECIBOS DE NOMINA,ALTO_B,NO_CLIENTE,0,ALTO,0%,1,123,0,0,0,0,55,RENTA,POSGRADO
2.01408E+16,189,PENDIENTE,CLASICA,PRE-APROBADO,MALO,1,,1,,0.00%,0,INVERSIONES,MEDIO_B,NO_CLIENTE,183500,ALTO,0%,1,124,0,7768,0,0,44,RENTA,LICENCIATURA
2.01408E+16,191,PENDIENTE,CLASICA,PRE-APROBADO,MALO,1,,,,,0,INVERSIONES,ALTO_A,NO_CLIENTE,0,ALTO,0%,0,142,0,0,0,0,38,PROPIA,POSGRADO
2.01408E+16,194,PENDIENTE,CLASICA,PRE-APROBADO,MALO,1,,,,,0,INVERSIONES,MEDIO_B,NO_CLIENTE,0,ALTO,0%,0,120,0,0,0,0,57,FAMILIARES,LICENCIATURA
2.01408E+16,196,PENDIENTE,CLASICA,PRE-APROBADO,MALO,1,,2,,0.00%,0,INVERSIONES,MEDIO_B,NO_CLIENTE,0,ALTO,0%,1,134,0,8433,8433,0,46,FAMILIARES,PREPARATORIA
2.01408E+16,196,PENDIENTE,CLASICA,PRE-APROBADO,MALO,1,,,,,0,RECIBOS DE NOMINA,MEDIO_A,NO_CLIENTE,0,ALTO,0%,0,134,0,0,0,0,26,HIPOTECA,LICENCIATURA
2.01408E+16,198,PENDIENTE,CLASICA,PRE-APROBADO,MALO,1,,,,,0,INVERSIONES,MEDIO_A,NO_CLIENTE,0,ALTO,0%,0,110,0,0,0,0,45,HIPOTECA,PREPARATORIA
2.01408E+16,198,PENDIENTE,CLASICA,PRE-APROBADO,MALO,1,,,,,0,RECIBOS DE NOMINA,MEDIO_A,NO_CLIENTE,0,ALTO,0%,3,124,0,0,0,0,53,PROPIA,LICENCIATURA
2.01408E+16,201,PENDIENTE,CLASICA,PRE-APROBADO,MALO,1,,,,,0,INVERSIONES,MEDIO_B,NO_CLIENTE,0,ALTO,0%,0,111,0,0,0,0,51,RENTA,LICENCIATURA
2.01408E+16,201,PENDIENTE,CLASICA,PRE-APROBADO,MALO,1,,,,,0,RECIBOS DE NOMINA,MEDIO_B,NO_CLIENTE,0,ALTO,0%,0,133,0,0,0,0,60,FAMILIARES,PREPARATORIA
2.01408E+16,202,PENDIENTE,CLASICA,PRE-APROBADO,MALO,1,,,,,0,RECIBOS DE NOMINA,ALTO_B,NO_CLIENTE,0,ALTO,0%,1,130,0,0,0,0,34,HIPOTECA,POSGRADO
2.01407E+16,203,PENDIENTE,CLASICA,PRE-APROBADO,MALO,1,,,,,0,INVERSIONES,MEDIO_A,NO_CLIENTE,0,ALTO,0%,1,134,0,0,0,0,54,HIPOTECA,PREPARATORIA
2.01407E+16,205,PENDIENTE,CLASICA,PRE-APROBADO,MALO,1,,,,,0,INVERSIONES,MEDIO_B,NO_CLIENTE,0,ALTO,0%,3,124,0,0,0,0,52,FAMILIARES,PREPARATORIA
2.01408E+16,206,PENDIENTE,CLASICA,PRE-APROBADO,MALO,1,,,,,0,RECIBOS DE NOMINA,MEDIO_B,NO_CLIENTE,0,ALTO,0%,0,121,0,0,0,0,42,RENTA,LICENCIATURA
2.01408E+16,207,PENDIENTE,CLASICA,PRE-APROBADO,MALO,1,,,,,0,RECIBOS DE NOMINA,MEDIO_A,NO_CLIENTE,0,ALTO,0%,0,133,0,0,0,0,36,HIPOTECA,LICENCIATURA
2.01408E+16,207,PENDIENTE,CLASICA,PRE-APROBADO,MALO,1,,,,,0,INVERSIONES,MEDIO_A,NO_CLIENTE,0,ALTO,0%,0,142,0,0,0,0,55,HIPOTECA,LICENCIATURA
2.01408E+16,207,PENDIENTE,CLASICA,PRE-APROBADO,MALO,1,,1,,0.00%,0,RECIBOS DE NOMINA,MEDIO_A,NO_CLIENTE,96000,ALTO,0%,2,144,0,0,0,0,29,HIPOTECA,PREPARATORIA
2.01408E+16,210,PENDIENTE,CLASICA,PRE-APROBADO,MALO,1,,,,,0,INVERSIONES,MEDIO_B,NO_CLIENTE,0,ALTO,0%,3,123,0,0,0,0,57,RENTA,PREPARATORIA
2.01408E+16,211,PENDIENTE,CLASICA,PRE-APROBADO,MALO,1,,,,,0,RECIBOS DE NOMINA,MEDIO_B,NO_CLIENTE,0,ALTO,0%,1,132,0,0,0,0,45,FAMILIARES,LICENCIATURA
2.01408E+16,211,PENDIENTE,CLASICA,PRE-APROBADO,MALO,1,,,,,0,RECIBOS DE NOMINA,ALTO_B,NO_CLIENTE,0,ALTO,0%,0,187,0,0,0,0,56,FAMILIARES,POSGRADO
2.01408E+16,213,PENDIENTE,CLASICA,PRE-APROBADO,MALO,1,,,,,0,INVERSIONES,ALTO_B,NO_CLIENTE,0,ALTO,0%,2,120,0,0,0,0,30,RENTA,POSGRADO
2.01407E+16,213,PENDIENTE,CLASICA,PRE-APROBADO,MALO,1,,,,,0,RECIBOS DE NOMINA,MEDIO_B,NO_CLIENTE,0,ALTO,0%,1,136,0,0,0,0,34,RENTA,PREPARATORIA
2.01408E+16,215,PENDIENTE,CLASICA,PRE-APROBADO,MALO,1,,,,,0,RECIBOS DE NOMINA,MEDIO_B,NO_CLIENTE,0,ALTO,0%,0,120,0,0,0,0,45,FAMILIARES,LICENCIATURA
2.01408E+16,216,PENDIENTE,CLASICA,PRE-APROBADO,MALO,1,,,,,0,INVERSIONES,MEDIO_B,NO_CLIENTE,0,ALTO,0%,1,147,0,0,0,0,27,RENTA,PREPARATORIA
2.01408E+16,217,PENDIENTE,CLASICA,PRE-APROBADO,MALO,1,,,,,0,RECIBOS DE NOMINA,MEDIO_A,NO_CLIENTE,0,ALTO,0%,2,154,0,0,0,0,57,HIPOTECA,PREPARATORIA
2.01408E+16,220,PENDIENTE,CLASICA,PRE-APROBADO,MALO,1,,,,,0,INVERSIONES,ALTO_B,NO_CLIENTE,0,ALTO,0%,1,125,0,0,0,0,35,HIPOTECA,POSGRADO
2.01408E+16,222,PENDIENTE,CLASICA,PRE-APROBADO,MALO,1,,,,,0,RECIBOS DE NOMINA,MEDIO_A,NO_CLIENTE,0,ALTO,0%,0,111,0,0,0,0,48,HIPOTECA,PREPARATORIA
2.01408E+16,222,PENDIENTE,CLASICA,PRE-APROBADO,MALO,1,,,,,0,RECIBOS DE NOMINA,MEDIO_B,NO_CLIENTE,0,ALTO,0%,2,163,0,0,0,0,58,RENTA,LICENCIATURA
2.01408E+16,227,PENDIENTE,CLASICA,PRE-APROBADO,MALO,1,,,,,0,RECIBOS DE NOMINA,MEDIO_A,NO_CLIENTE,0,ALTO,0%,1,121,0,0,0,0,48,HIPOTECA,PREPARATORIA
2.01408E+16,227,PENDIENTE,CLASICA,PRE-APROBADO,MALO,1,,,,,0,INVERSIONES,MEDIO_B,NO_CLIENTE,0,ALTO,0%,0,125,0,0,0,0,60,FAMILIARES,PREPARATORIA
2.01408E+16,227,PENDIENTE,CLASICA,PRE-APROBADO,MALO,1,,,,,0,RECIBOS DE NOMINA,MEDIO_B,NO_CLIENTE,0,ALTO,0%,0,130,0,0,0,0,28,FAMILIARES,LICENCIATURA
2.01408E+16,229,PENDIENTE,CLASICA,PRE-APROBADO,MALO,1,,,,,0,RECIBOS DE NOMINA,MEDIO_A,NO_CLIENTE,0,ALTO,0%,1,156,0,0,0,0,49,PROPIA,LICENCIATURA
2.01408E+16,231,PENDIENTE,CLASICA,PRE-APROBADO,MALO,1,,,,,0,RECIBOS DE NOMINA,MEDIO_A,NO_CLIENTE,0,ALTO,0%,1,167,0,0,0,0,34,HIPOTECA,LICENCIATURA
2.01408E+16,232,PENDIENTE,CLASICA,PRE-APROBADO,MALO,1,,,,,0,RECIBOS DE NOMINA,MEDIO_A,NO_CLIENTE,0,ALTO,0%,2,124,0,0,0,0,39,PROPIA,LICENCIATURA
2.01408E+16,233,PENDIENTE,CLASICA,PRE-APROBADO,MALO,1,,,,,0,INVERSIONES,MEDIO_B,NO_CLIENTE,0,ALTO,0%,1,133,0,0,0,0,26,FAMILIARES,LICENCIATURA
2.01408E+16,235,PENDIENTE,CLASICA,PRE-APROBADO,MALO,1,,,,,0,INVERSIONES,ALTO_A,NO_CLIENTE,0,ALTO,0%,0,121,0,0,0,0,51,PROPIA,POSGRADO
2.01408E+16,236,PENDIENTE,CLASICA,PRE-APROBADO,MALO,1,,,,,0,INVERSIONES,MEDIO_A,NO_CLIENTE,0,ALTO,0%,1,120,0,0,0,0,29,HIPOTECA,LICENCIATURA
2.01408E+16,237,PENDIENTE,CLASICA,PRE-APROBADO,MALO,1,,,,,0,RECIBOS DE NOMINA,MEDIO_B,NO_CLIENTE,0,ALTO,0%,0,120,0,0,0,0,27,RENTA,PREPARATORIA
2.01408E+16,238,PENDIENTE,CLASICA,PRE-APROBADO,MALO,1,,,,,0,RECIBOS DE NOMINA,ALTO_B,NO_CLIENTE,0,ALTO,0%,4,123,0,0,0,0,42,FAMILIARES,POSGRADO
2.01408E+16,239,PENDIENTE,CLASICA,PRE-APROBADO,MALO,1,,,,,0,RECIBOS DE NOMINA,MEDIO_A,NO_CLIENTE,0,ALTO,0%,1,124,0,0,0,0,29,HIPOTECA,LICENCIATURA
2.01408E+16,239,PENDIENTE,CLASICA,PRE-APROBADO,MALO,1,,,,,0,RECIBOS DE NOMINA,MEDIO_B,NO_CLIENTE,0,ALTO,0%,0,141,0,0,0,0,58,RENTA,LICENCIATURA
2.01408E+16,240,PENDIENTE,CLASICA,PRE-APROBADO,MALO,1,,,,,0,RECIBOS DE NOMINA,MEDIO_A,NO_CLIENTE,0,ALTO,0%,0,125,0,0,0,0,30,HIPOTECA,PREPARATORIA
2.01408E+16,241,PENDIENTE,CLASICA,PRE-APROBADO,MALO,1,,,,,0,INVERSIONES,MEDIO_A,NO_CLIENTE,0,ALTO,0%,0,125,0,0,0,0,29,HIPOTECA,PREPARATORIA
2.01408E+16,241,PENDIENTE,CLASICA,PRE-APROBADO,MALO,1,,,,,0,INVERSIONES,MEDIO_B,NO_CLIENTE,0,ALTO,0%,0,132,0,0,0,0,54,RENTA,PREPARATORIA
2.01408E+16,242,PENDIENTE,CLASICA,PRE-APROBADO,MALO,1,,,,,0,RECIBOS DE NOMINA,MEDIO_B,NO_CLIENTE,0,ALTO,0%,1,110,0,0,0,0,57,RENTA,PREPARATORIA
2.01408E+16,245,PENDIENTE,CLASICA,PRE-APROBADO,MALO,1,,,,,0,RECIBOS DE NOMINA,MEDIO_A,NO_CLIENTE,0,ALTO,0%,3,124,0,0,0,0,60,HIPOTECA,PREPARATORIA
2.01408E+16,247,PENDIENTE,CLASICA,PRE-APROBADO,MALO,1,,,,,0,INVERSIONES,MEDIO_B,NO_CLIENTE,0,ALTO,0%,0,132,0,0,0,0,38,RENTA,PREPARATORIA
2.01408E+16,248,PENDIENTE,CLASICA,PRE-APROBADO,MALO,1,,0,,,0,INVERSIONES,ALTO_B,NO_CLIENTE,198204,ALTO,0%,0,143,0,31701,1930,0,52,HIPOTECA,POSGRADO
2.01408E+16,250,PENDIENTE,CLASICA,PRE-APROBADO,MALO,1,,1,,0.00%,0,INVERSIONES,ALTO_B,NO_CLIENTE,10000,ALTO,0%,0,120,0,0,0,0,27,HIPOTECA,POSGRADO
2.01408E+16,250,PENDIENTE,CLASICA,PRE-APROBADO,MALO,1,,,,,0,INVERSIONES,ALTO_B,NO_CLIENTE,0,ALTO,0%,1,120,0,0,0,0,34,HIPOTECA,POSGRADO
2.01408E+16,250,PENDIENTE,CLASICA,PRE-APROBADO,MALO,1,,,,,0,RECIBOS DE NOMINA,ALTO_B,NO_CLIENTE,0,ALTO,0%,0,123,0,0,0,0,33,RENTA,POSGRADO
2.01408E+16,250,PENDIENTE,CLASICA,PRE-APROBADO,MALO,1,,3,,0.00%,0,RECIBOS DE NOMINA,ALTO_B,NO_CLIENTE,24500,ALTO,0%,0,176,0,766,310,0,51,HIPOTECA,POSGRADO
2.01408E+16,255,PENDIENTE,CLASICA,PRE-APROBADO,MALO,1,,,,,0,RECIBOS DE NOMINA,ALTO_A,NO_CLIENTE,0,ALTO,0%,2,156,0,0,0,0,25,PROPIA,POSGRADO
2.01408E+16,256,PENDIENTE,CLASICA,PRE-APROBADO,MALO,1,,,,,0,RECIBOS DE NOMINA,ALTO_B,NO_CLIENTE,0,ALTO,0%,0,123,0,0,0,0,54,RENTA,POSGRADO
2.01408E+16,256,PENDIENTE,CLASICA,PRE-APROBADO,MALO,1,,,,,0,INVERSIONES,MEDIO_A,NO_CLIENTE,0,ALTO,0%,0,142,0,0,0,0,34,PROPIA,LICENCIATURA
2.01408E+16,258,PENDIENTE,CLASICA,PRE-APROBADO,MALO,1,,,,,0,RECIBOS DE NOMINA,ALTO_A,NO_CLIENTE,0,ALTO,0%,0,134,0,0,0,0,26,PROPIA,POSGRADO
2.01408E+16,258,PENDIENTE,CLASICA,PRE-APROBADO,MALO,1,,,,,0,INVERSIONES,MEDIO_A,NO_CLIENTE,0,ALTO,0%,0,134,0,0,0,0,44,PROPIA,LICENCIATURA
2.01408E+16,258,PENDIENTE,CLASICA,PRE-APROBADO,MALO,1,,,,,0,RECIBOS DE NOMINA,ALTO_B,NO_CLIENTE,0,ALTO,0%,1,176,0,0,0,0,29,HIPOTECA,POSGRADO
2.01408E+16,260,PENDIENTE,CLASICA,PRE-APROBADO,MALO,1,,,,,0,INVERSIONES,MEDIO_A,NO_CLIENTE,0,ALTO,0%,0,120,0,0,0,0,40,HIPOTECA,LICENCIATURA
2.01408E+16,260,PENDIENTE,CLASICA,PRE-APROBADO,MALO,1,,,,,0,RECIBOS DE NOMINA,ALTO_B,NO_CLIENTE,0,ALTO,0%,1,123,0,0,0,0,40,HIPOTECA,POSGRADO
2.01408E+16,261,PENDIENTE,CLASICA,PRE-APROBADO,MALO,1,,,,,0,INVERSIONES,MEDIO_A,NO_CLIENTE,0,ALTO,0%,1,111,0,0,0,0,47,PROPIA,LICENCIATURA
2.01408E+16,261,PENDIENTE,CLASICA,PRE-APROBADO,MALO,1,,,,,0,INVERSIONES,MEDIO_A,NO_CLIENTE,0,ALTO,0%,3,124,0,0,0,0,31,PROPIA,LICENCIATURA
2.01408E+16,262,PENDIENTE,CLASICA,PRE-APROBADO,MALO,1,,,,,0,RECIBOS DE NOMINA,MEDIO_A,NO_CLIENTE,0,ALTO,0%,3,124,0,0,0,0,48,HIPOTECA,PREPARATORIA
2.01408E+16,265,PENDIENTE,CLASICA,PRE-APROBADO,MALO,1,,,,,0,RECIBOS DE NOMINA,MEDIO_A,NO_CLIENTE,0,ALTO,0%,0,135,0,0,0,0,60,HIPOTECA,PREPARATORIA
2.01408E+16,267,PENDIENTE,CLASICA,PRE-APROBADO,MALO,1,,,,,0,RECIBOS DE NOMINA,ALTO_B,NO_CLIENTE,0,ALTO,0%,0,120,0,0,0,0,50,FAMILIARES,POSGRADO
2.01408E+16,268,PENDIENTE,CLASICA,PRE-APROBADO,MALO,1,,,,,0,RECIBOS DE NOMINA,MEDIO_B,NO_CLIENTE,0,ALTO,0%,4,124,0,0,0,0,58,FAMILIARES,LICENCIATURA
2.01408E+16,269,PENDIENTE,CLASICA,PRE-APROBADO,MALO,1,,,,,0,RECIBOS DE NOMINA,ALTO_B,NO_CLIENTE,0,ALTO,0%,0,134,0,0,0,0,25,FAMILIARES,POSGRADO
2.01408E+16,270,PENDIENTE,CLASICA,PRE-APROBADO,MALO,1,,1,,0.00%,0,RECIBOS DE NOMINA,ALTO_B,NO_CLIENTE,5000,ALTO,0%,1,110,0,0,0,0,36,RENTA,POSGRADO
2.01408E+16,273,PENDIENTE,CLASICA,PRE-APROBADO,MALO,1,,,,,0,RECIBOS DE NOMINA,MEDIO_A,NO_CLIENTE,0,ALTO,0%,0,123,0,0,0,0,60,HIPOTECA,LICENCIATURA
2.01408E+16,273,PENDIENTE,CLASICA,PRE-APROBADO,MALO,1,,,,,0,RECIBOS DE NOMINA,MEDIO_A,NO_CLIENTE,0,ALTO,0%,0,135,0,0,0,0,42,HIPOTECA,LICENCIATURA
2.01408E+16,273,PENDIENTE,CLASICA,PRE-APROBADO,MALO,1,,,,,0,RECIBOS DE NOMINA,MEDIO_B,NO_CLIENTE,0,ALTO,0%,3,154,0,0,0,0,53,FAMILIARES,LICENCIATURA
2.01408E+16,275,PENDIENTE,CLASICA,PRE-APROBADO,MALO,1,,,,,0,RECIBOS DE NOMINA,MEDIO_A,NO_CLIENTE,0,ALTO,0%,1,134,0,0,0,0,54,PROPIA,LICENCIATURA
2.01408E+16,275,PENDIENTE,CLASICA,PRE-APROBADO,MALO,1,,,,,0,INVERSIONES,MEDIO_A,NO_CLIENTE,0,ALTO,0%,0,141,0,0,0,0,58,HIPOTECA,PREPARATORIA
2.01408E+16,276,PENDIENTE,CLASICA,PRE-APROBADO,MALO,1,,3,,0.00%,0,INVERSIONES,ALTO_A,NO_CLIENTE,7000,ALTO,0%,1,120,0,2507,250,0,32,PROPIA,POSGRADO
2.01408E+16,276,PENDIENTE,CLASICA,PRE-APROBADO,MALO,1,,,,,0,RECIBOS DE NOMINA,MEDIO_B,NO_CLIENTE,0,ALTO,0%,3,120,0,0,0,0,32,RENTA,PREPARATORIA
2.01408E+16,276,PENDIENTE,CLASICA,PRE-APROBADO,MALO,1,,,,,0,RECIBOS DE NOMINA,ALTO_B,NO_CLIENTE,0,ALTO,0%,0,120,0,0,0,0,28,RENTA,POSGRADO
2.01408E+16,276,PENDIENTE,CLASICA,PRE-APROBADO,MALO,1,,,,,0,INVERSIONES,MEDIO_B,NO_CLIENTE,0,ALTO,0%,0,135,0,0,0,0,60,FAMILIARES,PREPARATORIA
2.01408E+16,277,PENDIENTE,CLASICA,PRE-APROBADO,MALO,1,,,,,0,INVERSIONES,ALTO_B,NO_CLIENTE,0,ALTO,0%,0,120,0,0,0,0,38,RENTA,POSGRADO
2.01408E+16,282,PENDIENTE,CLASICA,PRE-APROBADO,MALO,1,,,,,0,RECIBOS DE NOMINA,ALTO_B,NO_CLIENTE,0,ALTO,0%,4,163,0,0,0,0,49,FAMILIARES,POSGRADO
2.01408E+16,284,PENDIENTE,CLASICA,PRE-APROBADO,MALO,1,,,,,0,INVERSIONES,MEDIO_A,NO_CLIENTE,0,ALTO,0%,0,143,0,0,0,0,40,HIPOTECA,PREPARATORIA
2.01406E+16,284,PENDIENTE,CLASICA,APROBADO,REGULAR,1,9.98E+14,2,0,100%,11665,RECIBOS DE NOMINA,MEDIO_B,NO_CLIENTE,0,MEDIO ,18%,0,225,699,0,0,0,27,RENTA,PREPARATORIA
2.01408E+16,285,PENDIENTE,CLASICA,PRE-APROBADO,MALO,1,,,,,0,RECIBOS DE NOMINA,MEDIO_B,NO_CLIENTE,0,ALTO,0%,0,123,0,0,0,0,38,RENTA,PREPARATORIA
2.01408E+16,286,PENDIENTE,CLASICA,PRE-APROBADO,MALO,1,,,,,0,RECIBOS DE NOMINA,MEDIO_B,NO_CLIENTE,0,ALTO,0%,0,142,0,0,0,0,28,FAMILIARES,LICENCIATURA
2.01408E+16,287,PENDIENTE,CLASICA,PRE-APROBADO,MALO,1,,,,,0,RECIBOS DE NOMINA,MEDIO_B,NO_CLIENTE,0,ALTO,0%,0,120,0,0,0,0,52,RENTA,PREPARATORIA
2.01408E+16,287,PENDIENTE,CLASICA,PRE-APROBADO,MALO,1,,,,,0,RECIBOS DE NOMINA,ALTO_B,NO_CLIENTE,0,ALTO,0%,0,134,0,0,0,0,32,HIPOTECA,POSGRADO
2.01408E+16,289,PENDIENTE,CLASICA,PRE-APROBADO,MALO,1,,,,,0,RECIBOS DE NOMINA,MEDIO_A,NO_CLIENTE,0,ALTO,0%,2,120,0,0,0,0,46,PROPIA,LICENCIATURA
2.01408E+16,289,PENDIENTE,CLASICA,PRE-APROBADO,MALO,1,,,,,0,RECIBOS DE NOMINA,MEDIO_B,NO_CLIENTE,0,ALTO,0%,0,120,0,0,0,0,36,RENTA,LICENCIATURA
2.01408E+16,289,PENDIENTE,CLASICA,PRE-APROBADO,MALO,1,,,,,0,RECIBOS DE NOMINA,MEDIO_B,NO_CLIENTE,0,ALTO,0%,3,124,0,0,0,0,47,RENTA,PREPARATORIA
2.01408E+16,291,PENDIENTE,CLASICA,PRE-APROBADO,MALO,1,,,,,0,RECIBOS DE NOMINA,ALTO_B,NO_CLIENTE,0,ALTO,0%,0,120,0,0,0,0,57,FAMILIARES,POSGRADO
2.01408E+16,292,PENDIENTE,CLASICA,PRE-APROBADO,MALO,1,,,,,0,RECIBOS DE NOMINA,ALTO_A,NO_CLIENTE,0,ALTO,0%,2,124,0,0,0,0,25,PROPIA,POSGRADO
2.01408E+16,293,PENDIENTE,CLASICA,PRE-APROBADO,MALO,1,,,,,0,RECIBOS DE NOMINA,MEDIO_A,NO_CLIENTE,0,ALTO,0%,0,132,0,0,0,0,38,HIPOTECA,PREPARATORIA
2.01408E+16,293,PENDIENTE,CLASICA,PRE-APROBADO,MALO,1,,,,,0,RECIBOS DE NOMINA,MEDIO_A,NO_CLIENTE,0,ALTO,0%,0,142,0,0,0,0,49,PROPIA,LICENCIATURA
2.01408E+16,294,PENDIENTE,CLASICA,PRE-APROBADO,MALO,1,,,,,0,RECIBOS DE NOMINA,MEDIO_A,NO_CLIENTE,0,ALTO,0%,0,143,0,0,0,0,41,PROPIA,LICENCIATURA
2.01408E+16,295,PENDIENTE,CLASICA,PRE-APROBADO,MALO,1,,1,,0.00%,0,RECIBOS DE NOMINA,MEDIO_B,NO_CLIENTE,47000,ALTO,0%,2,123,0,37877,1880,0,48,FAMILIARES,PREPARATORIA
2.01408E+16,295,PENDIENTE,CLASICA,PRE-APROBADO,MALO,1,,,,,0,RECIBOS DE NOMINA,MEDIO_B,NO_CLIENTE,0,ALTO,0%,3,145,0,0,0,0,39,FAMILIARES,PREPARATORIA
2.01408E+16,297,PENDIENTE,CLASICA,PRE-APROBADO,MALO,1,,,,,0,INVERSIONES,ALTO_B,NO_CLIENTE,0,ALTO,0%,1,120,0,0,0,0,50,FAMILIARES,POSGRADO
2.01408E+16,114,EN_PROCESO,PENDIENTE,RECHAZADO,MALO,0,,,,,0,INVERSIONES,MEDIO_A,NO_CLIENTE,0,ALTO,0%,3,99,0,0,0,0,59,PROPIA,LICENCIATURA
2.01407E+16,118,EN_PROCESO,PENDIENTE,RECHAZADO,MALO,0,,,,,0,INVERSIONES,MEDIO_B,NO_CLIENTE,0,ALTO,0%,4,93,0,0,0,0,33,HIPOTECA,LICENCIATURA
2.01407E+16,126,EN_PROCESO,PENDIENTE,RECHAZADO,MALO,0,,0,,,0,RECIBOS DE NOMINA,MEDIO_A,NO_CLIENTE,0,ALTO,0%,2,98,0,306,0,0,58,PROPIA,LICENCIATURA
2.01407E+16,128,EN_PROCESO,PENDIENTE,RECHAZADO,MALO,0,,,,,0,RECIBOS DE NOMINA,BAJO_A,NO_CLIENTE,0,ALTO,0%,5,96,0,0,0,0,29,PROPIA,POSGRADO
2.01408E+16,128,EN_PROCESO,PENDIENTE,RECHAZADO,MALO,0,,,,,0,RECIBOS DE NOMINA,ALTO_B,NO_CLIENTE,0,ALTO,0%,0,101,0,0,0,0,29,FAMILIARES,POSGRADO
2.01407E+16,133,EN_PROCESO,PENDIENTE,RECHAZADO,MALO,0,,,,,0,INVERSIONES,MEDIO_A,NO_CLIENTE,0,ALTO,0%,4,89,0,0,0,0,57,HIPOTECA,PREPARATORIA
2.01408E+16,151,EN_PROCESO,PENDIENTE,RECHAZADO,MALO,0,,,,,0,RECIBOS DE NOMINA,MEDIO_B,NO_CLIENTE,0,ALTO,0%,5,97,0,0,0,0,39,FAMILIARES,PREPARATORIA
2.01408E+16,159,EN_PROCESO,PENDIENTE,RECHAZADO,MALO,0,,,,,0,INVERSIONES,MEDIO_A,NO_CLIENTE,0,ALTO,0%,4,94,0,0,0,0,26,HIPOTECA,LICENCIATURA
2.01407E+16,160,EN_PROCESO,PENDIENTE,RECHAZADO,MALO,0,,,,,0,INVERSIONES,MEDIO_B,NO_CLIENTE,0,ALTO,0%,0,101,0,0,0,0,53,RENTA,PREPARATORIA
2.01407E+16,165,CANCELADA,PENDIENTE,RECHAZADO,MALO,0,,,,,0,RECIBOS DE NOMINA,ALTO_B,NO_CLIENTE,0,ALTO,0%,3,99,0,0,0,0,44,RENTA,POSGRADO
2.01408E+16,179,EN_PROCESO,PENDIENTE,RECHAZADO,MALO,0,,,,,0,INVERSIONES,MEDIO_A,NO_CLIENTE,0,ALTO,0%,3,99,0,0,0,0,49,HIPOTECA,PREPARATORIA
2.01407E+16,183,CANCELADA,PENDIENTE,RECHAZADO,MALO,0,,,,,0,SIN COMPROBANTE,ALTO_B,NO_CLIENTE,0,ALTO,0%,4,91,0,0,0,0,53,FAMILIARES,POSGRADO
2.01408E+16,185,EN_PROCESO,PENDIENTE,RECHAZADO,MALO,0,,2,,0.00%,0,INVERSIONES,MEDIO_A,NO_CLIENTE,7000,ALTO,0%,4,96,0,0,0,0,30,FAMILIARES,POSGRADO
2.01407E+16,186,EN_PROCESO,PENDIENTE,RECHAZADO,MALO,0,,,,,0,RECIBOS DE NOMINA,BAJO_A,NO_CLIENTE,0,ALTO,0%,3,95,0,0,0,0,45,HIPOTECA,LICENCIATURA
2.01407E+16,189,CANCELADA,PENDIENTE,RECHAZADO,MALO,0,,,,,0,RECIBOS DE NOMINA,ALTO_B,NO_CLIENTE,0,ALTO,0%,2,93,0,0,0,0,57,FAMILIARES,POSGRADO
2.01407E+16,196,CANCELADA,PENDIENTE,RECHAZADO,MALO,0,,,,,0,SIN COMPROBANTE,MEDIO_B,NO_CLIENTE,0,ALTO,0%,3,94,0,0,0,0,29,RENTA,LICENCIATURA
2.01407E+16,198,CANCELADA,PENDIENTE,RECHAZADO,MALO,0,,,,,0,SIN COMPROBANTE,ALTO_B,NO_CLIENTE,0,ALTO,0%,3,99,0,0,0,0,53,HIPOTECA,POSGRADO
2.01408E+16,198,EN_PROCESO,PENDIENTE,RECHAZADO,MALO,0,,,,,0,INVERSIONES,BAJO_A,NO_CLIENTE,0,ALTO,0%,3,100,0,0,0,0,36,RENTA,PREPARATORIA
2.01408E+16,199,EN_PROCESO,PENDIENTE,RECHAZADO,MALO,0,,,,,0,RECIBOS DE NOMINA,BAJO_A,NO_CLIENTE,0,ALTO,0%,5,97,0,0,0,0,57,HIPOTECA,PREPARATORIA
2.01407E+16,199,CANCELADA,PENDIENTE,RECHAZADO,MALO,0,,,,,0,INVERSIONES,ALTO_A,NO_CLIENTE,0,ALTO,0%,2,100,0,0,0,0,37,PROPIA,POSGRADO
2.01406E+16,100,RECHAZADA,PENDIENTE,RECHAZADO,MALO,0,,,,,0,RECIBOS DE NOMINA,ALTO_A,NO_CLIENTE,0,ALTO,0%,2,93,0,0,0,0,34,PROPIA,POSGRADO
2.01408E+16,100,RECHAZADA,PENDIENTE,RECHAZADO,MALO,0,,,,,0,RECIBOS DE NOMINA,ALTO_B,NO_CLIENTE,0,ALTO,0%,4,96,0,0,0,0,25,FAMILIARES,POSGRADO
2.01408E+16,100,RECHAZADA,PENDIENTE,RECHAZADO,MALO,0,,1,,0.00%,0,INVERSIONES,ALTO_A,NO_CLIENTE,29300,ALTO,0%,2,98,0,6197,380,0,48,PROPIA,POSGRADO
2.01408E+16,100,RECHAZADA,PENDIENTE,RECHAZADO,MALO,0,,,,,0,RECIBOS DE NOMINA,MEDIO_A,NO_CLIENTE,0,ALTO,0%,2,99,0,0,0,0,36,PROPIA,LICENCIATURA
2.01406E+16,100,RECHAZADA,PENDIENTE,RECHAZADO,MALO,0,,,,,5091,RECIBOS DE NOMINA,ALTO_B,CLIENTE_BANCO,0,ALTO,0%,3,99,0,0,0,0,38,RENTA,LICENCIATURA
2.01407E+16,101,RECHAZADA,PENDIENTE,RECHAZADO,MALO,0,,1,,,0,INVERSIONES,MEDIO_B,NO_CLIENTE,360500,ALTO,0%,2,90,0,39106,1350,0,57,RENTA,PREPARATORIA
2.01406E+16,101,RECHAZADA,PENDIENTE,RECHAZADO,MALO,0,,0,,,6250,INVERSIONES,MEDIO_A,CLIENTE_BANCO,5004,ALTO,0%,5,94,0,4366,0,0,35,FAMILIARES,POSGRADO
2.01408E+16,101,RECHAZADA,PENDIENTE,RECHAZADO,MALO,0,,,,,0,INVERSIONES,MEDIO_B,NO_CLIENTE,0,ALTO,0%,4,95,0,0,0,0,32,RENTA,LICENCIATURA
2.01408E+16,101,RECHAZADA,PENDIENTE,RECHAZADO,MALO,0,,,,,0,RECIBOS DE NOMINA,ALTO_B,NO_CLIENTE,0,ALTO,0%,4,96,0,0,0,0,53,HIPOTECA,POSGRADO
2.01408E+16,101,RECHAZADA,PENDIENTE,RECHAZADO,MALO,0,,,,,0,RECIBOS DE NOMINA,MEDIO_B,NO_CLIENTE,0,ALTO,0%,1,97,0,0,0,0,43,RENTA,PREPARATORIA
2.01407E+16,101,CANCELADA,PENDIENTE,RECHAZADO,MALO,0,,2,,0.00%,0,INVERSIONES,MEDIO_A,NO_CLIENTE,29999,ALTO,0%,3,100,0,29441,3390,0,48,HIPOTECA,LICENCIATURA
2.01408E+16,101,RECHAZADA,PENDIENTE,RECHAZADO,MALO,0,,1,,,0,INVERSIONES,ALTO_A,NO_CLIENTE,10501,ALTO,0%,2,100,0,9031,610,0,48,PROPIA,POSGRADO
2.01407E+16,101,RECHAZADA,PENDIENTE,RECHAZADO,MALO,0,,0,,,0,INVERSIONES,MEDIO_A,NO_CLIENTE,0,ALTO,0%,1,101,0,32585,0,0,53,HIPOTECA,LICENCIATURA
2.01408E+16,101,RECHAZADA,PENDIENTE,RECHAZADO,MALO,0,,,,,0,RECIBOS DE NOMINA,MEDIO_A,NO_CLIENTE,0,ALTO,0%,4,101,0,0,0,0,39,HIPOTECA,PREPARATORIA
2.01407E+16,102,RECHAZADA,PENDIENTE,RECHAZADO,MALO,0,,0,,,0,RECIBOS DE NOMINA,ALTO_B,NO_CLIENTE,0,ALTO,0%,5,89,0,7882,0,0,39,FAMILIARES,POSGRADO
2.01408E+16,102,RECHAZADA,PENDIENTE,RECHAZADO,MALO,0,,0,,,0,RECIBOS DE NOMINA,MEDIO_B,NO_CLIENTE,10000,ALTO,0%,3,90,0,5346,460,0,31,RENTA,LICENCIATURA
2.01407E+16,102,RECHAZADA,PENDIENTE,RECHAZADO,MALO,0,,,,,0,RECIBOS DE NOMINA,MEDIO_B,NO_CLIENTE,0,ALTO,0%,1,94,0,0,0,0,49,FAMILIARES,LICENCIATURA
2.01408E+16,102,RECHAZADA,PENDIENTE,RECHAZADO,MALO,0,,,,,0,RECIBOS DE NOMINA,ALTO_B,NO_CLIENTE,0,ALTO,0%,3,94,0,0,0,0,38,HIPOTECA,POSGRADO
2.01407E+16,102,RECHAZADA,PENDIENTE,RECHAZADO,MALO,0,,,,,0,RECIBOS DE NOMINA,MEDIO_A,NO_CLIENTE,0,ALTO,0%,3,97,0,0,0,0,27,HIPOTECA,PREPARATORIA
2.01408E+16,102,RECHAZADA,PENDIENTE,RECHAZADO,MALO,0,,,,,0,RECIBOS DE NOMINA,MEDIO_A,NO_CLIENTE,0,ALTO,0%,4,99,0,0,0,0,57,HIPOTECA,PREPARATORIA
2.01407E+16,103,RECHAZADA,PENDIENTE,RECHAZADO,MALO,0,,1,,0.00%,0,INVERSIONES,MEDIO_B,NO_CLIENTE,0,ALTO,0%,5,89,0,1613,500,0,55,RENTA,PREPARATORIA
2.01408E+16,103,RECHAZADA,PENDIENTE,RECHAZADO,MALO,0,,,,,0,RECIBOS DE NOMINA,MEDIO_B,NO_CLIENTE,0,ALTO,0%,1,91,0,0,0,0,52,RENTA,PREPARATORIA
2.01408E+16,103,RECHAZADA,PENDIENTE,RECHAZADO,MALO,0,,,,,0,RECIBOS DE NOMINA,ALTO_A,NO_CLIENTE,0,ALTO,0%,5,92,0,0,0,0,56,PROPIA,POSGRADO
2.01408E+16,103,RECHAZADA,PENDIENTE,RECHAZADO,MALO,0,,,,,0,RECIBOS DE NOMINA,ALTO_B,NO_CLIENTE,0,ALTO,0%,2,92,0,0,0,0,35,RENTA,POSGRADO
2.01408E+16,103,RECHAZADA,PENDIENTE,RECHAZADO,MALO,0,,1,,0.00%,0,RECIBOS DE NOMINA,ALTO_A,NO_CLIENTE,18800,ALTO,0%,2,93,0,0,0,0,25,PROPIA,POSGRADO
2.01408E+16,103,RECHAZADA,PENDIENTE,RECHAZADO,MALO,0,,,,,0,RECIBOS DE NOMINA,MEDIO_B,NO_CLIENTE,0,ALTO,0%,2,98,0,0,0,0,50,FAMILIARES,LICENCIATURA
2.01408E+16,103,RECHAZADA,PENDIENTE,RECHAZADO,MALO,0,,0,,0.00%,0,RECIBOS DE NOMINA,ALTO_B,NO_CLIENTE,50000,ALTO,0%,1,99,0,0,0,0,30,FAMILIARES,POSGRADO
2.01408E+16,103,RECHAZADA,PENDIENTE,RECHAZADO,MALO,0,,,,,0,RECIBOS DE NOMINA,ALTO_B,NO_CLIENTE,0,ALTO,0%,4,100,0,0,0,0,34,HIPOTECA,POSGRADO
2.01407E+16,104,RECHAZADA,PENDIENTE,RECHAZADO,MALO,0,,,,,0,RECIBOS DE NOMINA,ALTO_B,NO_CLIENTE,0,ALTO,0%,3,90,0,0,0,0,47,HIPOTECA,POSGRADO
2.01408E+16,104,RECHAZADA,PENDIENTE,RECHAZADO,MALO,0,,,,,0,DECLARACION ANUAL,ALTO_B,NO_CLIENTE,0,ALTO,0%,3,90,0,0,0,0,45,RENTA,POSGRADO
2.01407E+16,104,RECHAZADA,PENDIENTE,RECHAZADO,MALO,0,,,,,0,RECIBOS DE NOMINA,MEDIO_B,NO_CLIENTE,0,ALTO,0%,3,92,0,0,0,0,40,FAMILIARES,PREPARATORIA
2.01407E+16,104,RECHAZADA,PENDIENTE,RECHAZADO,MALO,0,,,,,0,INVERSIONES,MEDIO_A,NO_CLIENTE,0,ALTO,0%,3,93,0,0,0,0,32,HIPOTECA,PREPARATORIA
2.01407E+16,104,RECHAZADA,PENDIENTE,RECHAZADO,MALO,0,,,,,0,DECLARACION ANUAL,MEDIO_A,NO_CLIENTE,0,ALTO,0%,5,93,0,0,0,0,44,HIPOTECA,PREPARATORIA
2.01408E+16,104,RECHAZADA,PENDIENTE,RECHAZADO,MALO,0,,3,,0.00%,0,RECIBOS DE NOMINA,MEDIO_B,NO_CLIENTE,5800,ALTO,0%,2,97,0,4398,0,0,26,FAMILIARES,PREPARATORIA
2.01408E+16,104,RECHAZADA,PENDIENTE,RECHAZADO,MALO,0,,,,,0,RECIBOS DE NOMINA,MEDIO_B,NO_CLIENTE,0,ALTO,0%,2,97,0,0,0,0,45,RENTA,PREPARATORIA
2.01408E+16,104,RECHAZADA,PENDIENTE,RECHAZADO,MALO,0,,,,,0,RECIBOS DE NOMINA,MEDIO_A,NO_CLIENTE,0,ALTO,0%,2,101,0,0,0,0,41,HIPOTECA,PREPARATORIA
2.01408E+16,105,RECHAZADA,PENDIENTE,RECHAZADO,MALO,0,,,,,0,INVERSIONES,ALTO_B,NO_CLIENTE,0,ALTO,0%,5,89,0,0,0,0,26,RENTA,POSGRADO
2.01407E+16,105,RECHAZADA,PENDIENTE,RECHAZADO,MALO,0,,0,,,0,INVERSIONES,ALTO_B,NO_CLIENTE,0,ALTO,0%,5,90,0,3128,320,0,59,HIPOTECA,POSGRADO
2.01408E+16,105,RECHAZADA,PENDIENTE,RECHAZADO,MALO,0,,0,,,0,RECIBOS DE NOMINA,MEDIO_B,NO_CLIENTE,7900,ALTO,0%,3,94,0,2477,250,0,57,RENTA,LICENCIATURA
2.01407E+16,105,RECHAZADA,PENDIENTE,RECHAZADO,MALO,0,,,,,0,RECIBOS DE NOMINA,MEDIO_A,NO_CLIENTE,0,ALTO,0%,4,95,0,0,0,0,42,HIPOTECA,PREPARATORIA
2.01407E+16,105,RECHAZADA,PENDIENTE,RECHAZADO,MALO,0,,,,,0,RECIBOS DE NOMINA,MEDIO_B,NO_CLIENTE,0,ALTO,0%,3,97,0,0,0,0,31,FAMILIARES,PREPARATORIA
2.01408E+16,105,RECHAZADA,PENDIENTE,RECHAZADO,MALO,0,,,,,0,RECIBOS DE NOMINA,MEDIO_B,NO_CLIENTE,0,ALTO,0%,2,97,0,0,0,0,59,RENTA,PREPARATORIA
2.01408E+16,105,RECHAZADA,PENDIENTE,RECHAZADO,MALO,0,,0,,,0,INVERSIONES,ALTO_A,NO_CLIENTE,11000,ALTO,0%,5,99,0,4212,500,0,43,PROPIA,POSGRADO
2.01408E+16,105,RECHAZADA,PENDIENTE,RECHAZADO,MALO,0,,,,,0,RECIBOS DE NOMINA,MEDIO_A,NO_CLIENTE,0,ALTO,0%,1,101,0,0,0,0,30,PROPIA,LICENCIATURA
2.01312E+16,106,CANCELADA,PENDIENTE,RECHAZADO,MALO,0,,,,,0,RECIBOS DE NOMINA,MEDIO_B,NO_CLIENTE,0,ALTO,0%,5,90,0,0,0,0,49,RENTA,LICENCIATURA
2.01407E+16,106,RECHAZADA,PENDIENTE,RECHAZADO,MALO,0,,,,,0,RECIBOS DE NOMINA,ALTO_A,NO_CLIENTE,0,ALTO,0%,2,92,0,0,0,0,54,PROPIA,POSGRADO
2.01408E+16,106,RECHAZADA,PENDIENTE,RECHAZADO,MALO,0,,,,,0,INVERSIONES,ALTO_B,NO_CLIENTE,0,ALTO,0%,3,93,0,0,0,0,38,HIPOTECA,POSGRADO
2.01407E+16,106,RECHAZADA,PENDIENTE,RECHAZADO,MALO,0,,,,,0,INVERSIONES,MEDIO_B,NO_CLIENTE,0,ALTO,0%,5,94,0,0,0,0,30,RENTA,LICENCIATURA
2.01408E+16,106,RECHAZADA,PENDIENTE,RECHAZADO,MALO,0,,0,,0.00%,0,INVERSIONES,ALTO_A,NO_CLIENTE,37000,ALTO,0%,3,96,0,14571,0,0,26,PROPIA,POSGRADO
2.01408E+16,106,RECHAZADA,PENDIENTE,RECHAZADO,MALO,0,,1,,0.00%,0,RECIBOS DE NOMINA,MEDIO_B,NO_CLIENTE,17500,ALTO,0%,4,97,0,14376,0,0,40,RENTA,LICENCIATURA
2.01408E+16,106,RECHAZADA,PENDIENTE,RECHAZADO,MALO,0,,,,,0,RECIBOS DE NOMINA,ALTO_B,NO_CLIENTE,0,ALTO,0%,2,98,0,0,0,0,52,HIPOTECA,POSGRADO
2.01407E+16,107,RECHAZADA,PENDIENTE,RECHAZADO,MALO,0,,,,,0,RECIBOS DE NOMINA,MEDIO_B,NO_CLIENTE,0,ALTO,0%,5,89,0,0,0,0,25,FAMILIARES,PREPARATORIA
2.01407E+16,107,RECHAZADA,PENDIENTE,RECHAZADO,MALO,0,,0,,,0,INVERSIONES,MEDIO_B,NO_CLIENTE,0,ALTO,0%,5,89,0,19976,840,0,40,RENTA,LICENCIATURA
2.01408E+16,107,RECHAZADA,PENDIENTE,RECHAZADO,MALO,0,,,,,0,INVERSIONES,MEDIO_A,NO_CLIENTE,0,ALTO,0%,3,90,0,0,0,0,42,HIPOTECA,LICENCIATURA
2.01408E+16,107,RECHAZADA,PENDIENTE,RECHAZADO,MALO,0,,,,,0,INVERSIONES,MEDIO_A,NO_CLIENTE,0,ALTO,0%,4,91,0,0,0,0,60,HIPOTECA,PREPARATORIA
2.01408E+16,107,RECHAZADA,PENDIENTE,RECHAZADO,MALO,0,,,,,0,INVERSIONES,ALTO_B,NO_CLIENTE,0,ALTO,0%,4,92,0,0,0,0,50,RENTA,POSGRADO
2.01408E+16,107,RECHAZADA,PENDIENTE,RECHAZADO,MALO,0,,,,,0,RECIBOS DE NOMINA,MEDIO_A,NO_CLIENTE,0,ALTO,0%,2,94,0,0,0,0,58,HIPOTECA,PREPARATORIA
2.01407E+16,107,RECHAZADA,PENDIENTE,RECHAZADO,MALO,0,,,,,0,RECIBOS DE NOMINA,ALTO_B,NO_CLIENTE,0,ALTO,0%,3,95,0,0,0,0,44,FAMILIARES,POSGRADO
2.01407E+16,108,RECHAZADA,PENDIENTE,RECHAZADO,MALO,0,,,,,0,RECIBOS DE NOMINA,ALTO_B,NO_CLIENTE,0,ALTO,0%,2,91,0,0,0,0,28,HIPOTECA,POSGRADO
2.01408E+16,108,RECHAZADA,PENDIENTE,RECHAZADO,MALO,0,,,,,0,INVERSIONES,ALTO_B,NO_CLIENTE,0,ALTO,0%,5,96,0,0,0,0,56,HIPOTECA,POSGRADO
2.01408E+16,108,RECHAZADA,PENDIENTE,RECHAZADO,MALO,0,,,,,0,RECIBOS DE NOMINA,MEDIO_A,NO_CLIENTE,0,ALTO,0%,4,96,0,0,0,0,29,HIPOTECA,PREPARATORIA
2.01408E+16,108,RECHAZADA,PENDIENTE,RECHAZADO,MALO,0,,,,,0,RECIBOS DE NOMINA,MEDIO_B,NO_CLIENTE,0,ALTO,0%,4,97,0,0,0,0,59,FAMILIARES,LICENCIATURA
2.01408E+16,108,RECHAZADA,PENDIENTE,RECHAZADO,MALO,0,,,,,0,RECIBOS DE NOMINA,ALTO_B,NO_CLIENTE,0,ALTO,0%,2,98,0,0,0,0,44,HIPOTECA,POSGRADO
2.01407E+16,109,RECHAZADA,PENDIENTE,RECHAZADO,MALO,0,,,,,0,RECIBOS DE NOMINA,ALTO_B,NO_CLIENTE,0,ALTO,0%,5,91,0,0,0,0,44,RENTA,POSGRADO
2.01407E+16,109,CANCELADA,PENDIENTE,RECHAZADO,MALO,0,,,,,0,SIN COMPROBANTE,MEDIO_A,NO_CLIENTE,0,ALTO,0%,3,92,0,0,0,0,48,HIPOTECA,PREPARATORIA
2.01408E+16,109,RECHAZADA,PENDIENTE,RECHAZADO,MALO,0,,1,,0.00%,0,INVERSIONES,MEDIO_A,NO_CLIENTE,100,ALTO,0%,5,96,0,0,0,0,27,HIPOTECA,PREPARATORIA
2.01407E+16,109,RECHAZADA,PENDIENTE,RECHAZADO,MALO,0,,0,,,0,INVERSIONES,ALTO_B,NO_CLIENTE,0,ALTO,0%,4,97,0,4512,410,0,31,FAMILIARES,POSGRADO
2.01406E+16,109,RECHAZADA,PENDIENTE,RECHAZADO,MALO,0,,,,,0,INVERSIONES,BAJO_A,NO_CLIENTE,0,ALTO,0%,5,98,0,0,0,0,32,RENTA,SECUNDARIA
2.01407E+16,109,CANCELADA,PENDIENTE,RECHAZADO,MALO,0,,,,,0,RECIBOS DE NOMINA,MEDIO_A,NO_CLIENTE,0,ALTO,0%,3,99,0,0,0,0,52,HIPOTECA,LICENCIATURA
2.01408E+16,109,RECHAZADA,PENDIENTE,RECHAZADO,MALO,0,,1,,0.00%,0,INVERSIONES,BAJO_A,NO_CLIENTE,7200,ALTO,0%,3,99,0,6809,370,0,28,FAMILIARES,SECUNDARIA
2.01406E+16,109,RECHAZADA,PENDIENTE,RECHAZADO,MALO,0,,,,,0,RECIBOS DE NOMINA,MEDIO_A,NO_CLIENTE,0,ALTO,0%,2,99,0,0,0,0,57,HIPOTECA,LICENCIATURA
2.01407E+16,109,RECHAZADA,PENDIENTE,RECHAZADO,MALO,0,,,,,0,SIN COMPROBANTE,ALTO_B,NO_CLIENTE,0,ALTO,0%,4,100,0,0,0,0,30,FAMILIARES,POSGRADO
2.01407E+16,110,EN_PROCESO,PENDIENTE,RECHAZADO,MALO,0,,,,,0,INVERSIONES,MEDIO_A,NO_CLIENTE,0,ALTO,0%,5,89,0,0,0,0,41,PROPIA,LICENCIATURA
2.01408E+16,110,RECHAZADA,PENDIENTE,RECHAZADO,MALO,0,,,,,0,RECIBOS DE NOMINA,MEDIO_B,NO_CLIENTE,0,ALTO,0%,5,90,0,0,0,0,60,FAMILIARES,PREPARATORIA
2.01408E+16,110,RECHAZADA,PENDIENTE,RECHAZADO,MALO,0,,,,,0,RECIBOS DE NOMINA,MEDIO_B,NO_CLIENTE,0,ALTO,0%,3,91,0,0,0,0,31,FAMILIARES,PREPARATORIA
2.01407E+16,110,RECHAZADA,PENDIENTE,RECHAZADO,MALO,0,,,,,0,RECIBOS DE NOMINA,MEDIO_B,NO_CLIENTE,0,ALTO,0%,4,94,0,0,0,0,46,RENTA,PREPARATORIA
2.01407E+16,110,RECHAZADA,PENDIENTE,RECHAZADO,MALO,0,,,,,0,INVERSIONES,ALTO_B,NO_CLIENTE,0,ALTO,0%,1,96,0,0,0,0,40,FAMILIARES,POSGRADO
2.01408E+16,110,RECHAZADA,PENDIENTE,RECHAZADO,MALO,0,,0,,,0,INVERSIONES,MEDIO_B,NO_CLIENTE,10000,ALTO,0%,5,96,0,0,0,0,25,FAMILIARES,PREPARATORIA
2.01407E+16,110,RECHAZADA,PENDIENTE,RECHAZADO,MALO,0,,,,,0,INVERSIONES,ALTO_A,NO_CLIENTE,0,ALTO,0%,2,97,0,0,0,0,32,PROPIA,POSGRADO
2.01407E+16,110,RECHAZADA,PENDIENTE,RECHAZADO,MALO,0,,,,,0,RECIBOS DE NOMINA,MEDIO_A,NO_CLIENTE,0,ALTO,0%,5,98,0,0,0,0,34,HIPOTECA,PREPARATORIA
2.01408E+16,110,RECHAZADA,PENDIENTE,RECHAZADO,MALO,0,,,,,0,RECIBOS DE NOMINA,MEDIO_A,NO_CLIENTE,0,ALTO,0%,3,99,0,0,0,0,39,HIPOTECA,LICENCIATURA
2.01407E+16,110,RECHAZADA,PENDIENTE,RECHAZADO,MALO,0,,,,,0,RECIBOS DE NOMINA,ALTO_B,NO_CLIENTE,0,ALTO,0%,1,100,0,0,0,0,57,RENTA,POSGRADO
2.01408E+16,110,RECHAZADA,PENDIENTE,RECHAZADO,MALO,0,,,,,0,RECIBOS DE NOMINA,MEDIO_B,NO_CLIENTE,0,ALTO,0%,0,100,0,0,0,0,40,RENTA,PREPARATORIA
2.01408E+16,111,RECHAZADA,PENDIENTE,RECHAZADO,MALO,0,,,,,0,RECIBOS DE NOMINA,ALTO_B,NO_CLIENTE,0,ALTO,0%,4,89,0,0,0,0,27,FAMILIARES,POSGRADO
2.01408E+16,111,RECHAZADA,PENDIENTE,RECHAZADO,MALO,0,,,,,0,RECIBOS DE NOMINA,MEDIO_A,NO_CLIENTE,0,ALTO,0%,5,90,0,0,0,0,29,HIPOTECA,PREPARATORIA
2.01407E+16,111,RECHAZADA,PENDIENTE,RECHAZADO,MALO,0,,,,,0,INVERSIONES,ALTO_B,NO_CLIENTE,0,ALTO,0%,3,91,0,0,0,0,37,HIPOTECA,POSGRADO
2.01407E+16,111,RECHAZADA,PENDIENTE,RECHAZADO,MALO,0,,,,,0,RECIBOS DE NOMINA,ALTO_A,NO_CLIENTE,0,ALTO,0%,4,93,0,0,0,0,53,PROPIA,POSGRADO
2.01407E+16,111,CANCELADA,PENDIENTE,RECHAZADO,MALO,0,,,,,0,SIN COMPROBANTE,ALTO_B,NO_CLIENTE,0,ALTO,0%,2,95,0,0,0,0,38,FAMILIARES,POSGRADO
2.01407E+16,111,RECHAZADA,PENDIENTE,RECHAZADO,MALO,0,,,,,0,INVERSIONES,MEDIO_B,NO_CLIENTE,0,ALTO,0%,2,96,0,0,0,0,26,FAMILIARES,PREPARATORIA
2.01408E+16,111,RECHAZADA,PENDIENTE,RECHAZADO,MALO,0,,,,,0,RECIBOS DE NOMINA,MEDIO_A,NO_CLIENTE,0,ALTO,0%,2,98,0,0,0,0,48,HIPOTECA,PREPARATORIA
2.01406E+16,111,RECHAZADA,PENDIENTE,RECHAZADO,MALO,0,,0,,,0,INVERSIONES,BAJO_A,NO_CLIENTE,0,ALTO,0%,2,100,0,17032,1090,0,34,FAMILIARES,SECUNDARIA
2.01408E+16,111,RECHAZADA,PENDIENTE,RECHAZADO,MALO,0,,,,,0,INVERSIONES,ALTO_B,NO_CLIENTE,0,ALTO,0%,3,100,0,0,0,0,58,HIPOTECA,POSGRADO
2.01407E+16,112,RECHAZADA,PENDIENTE,RECHAZADO,MALO,0,,,,,0,RECIBOS DE NOMINA,MEDIO_A,NO_CLIENTE,0,ALTO,0%,3,90,0,0,0,0,31,HIPOTECA,PREPARATORIA
2.01407E+16,112,RECHAZADA,PENDIENTE,RECHAZADO,MALO,0,,,,,0,INVERSIONES,MEDIO_B,NO_CLIENTE,0,ALTO,0%,2,92,0,0,0,0,34,FAMILIARES,PREPARATORIA
2.01408E+16,112,RECHAZADA,PENDIENTE,RECHAZADO,MALO,0,,,,,0,RECIBOS DE NOMINA,MEDIO_A,NO_CLIENTE,0,ALTO,0%,4,95,0,0,0,0,27,HIPOTECA,PREPARATORIA
2.01408E+16,112,EN_PROCESO,PENDIENTE,RECHAZADO,MALO,0,,,,,0,INVERSIONES,MEDIO_B,NO_CLIENTE,0,ALTO,0%,5,95,0,0,0,0,59,RENTA,PREPARATORIA
2.01408E+16,112,RECHAZADA,PENDIENTE,RECHAZADO,MALO,0,,,,,0,RECIBOS DE NOMINA,MEDIO_B,NO_CLIENTE,0,ALTO,0%,0,101,0,0,0,0,45,FAMILIARES,LICENCIATURA
2.01408E+16,113,RECHAZADA,PENDIENTE,RECHAZADO,MALO,0,,,,,0,INVERSIONES,MEDIO_B,NO_CLIENTE,0,ALTO,0%,5,89,0,0,0,0,54,FAMILIARES,LICENCIATURA
2.01407E+16,113,RECHAZADA,PENDIENTE,RECHAZADO,MALO,0,,0,,,0,RECIBOS DE NOMINA,ALTO_B,NO_CLIENTE,0,ALTO,0%,2,90,0,7836,38,0,60,RENTA,POSGRADO
2.01408E+16,113,RECHAZADA,PENDIENTE,RECHAZADO,MALO,0,,0,,,0,INVERSIONES,ALTO_B,NO_CLIENTE,0,ALTO,0%,2,91,0,1099,250,0,48,FAMILIARES,POSGRADO
2.01407E+16,113,RECHAZADA,PENDIENTE,RECHAZADO,MALO,0,,,,,0,INVERSIONES,ALTO_B,NO_CLIENTE,0,ALTO,0%,5,94,0,0,0,0,52,HIPOTECA,POSGRADO
2.01408E+16,113,RECHAZADA,PENDIENTE,RECHAZADO,MALO,0,,,,,0,RECIBOS DE NOMINA,MEDIO_A,NO_CLIENTE,0,ALTO,0%,2,96,0,0,0,0,42,HIPOTECA,PREPARATORIA
2.01407E+16,113,RECHAZADA,PENDIENTE,RECHAZADO,MALO,0,,2,,0.00%,0,INVERSIONES,MEDIO_A,NO_CLIENTE,0,ALTO,0%,2,99,0,1176,440,0,50,HIPOTECA,PREPARATORIA
2.01408E+16,113,RECHAZADA,PENDIENTE,RECHAZADO,MALO,0,,,,,0,RECIBOS DE NOMINA,ALTO_A,NO_CLIENTE,0,ALTO,0%,4,99,0,0,0,0,47,PROPIA,POSGRADO
2.01407E+16,113,CANCELADA,PENDIENTE,RECHAZADO,MALO,0,,,,,0,RECIBOS DE NOMINA,MEDIO_B,NO_CLIENTE,0,ALTO,0%,3,101,0,0,0,0,40,RENTA,LICENCIATURA
2.01408E+16,113,RECHAZADA,PENDIENTE,RECHAZADO,MALO,0,,,,,0,RECIBOS DE NOMINA,MEDIO_A,NO_CLIENTE,0,ALTO,0%,0,101,0,0,0,0,50,HIPOTECA,PREPARATORIA
2.01408E+16,114,RECHAZADA,PENDIENTE,RECHAZADO,MALO,0,,,,,0,RECIBOS DE NOMINA,ALTO_B,NO_CLIENTE,0,ALTO,0%,5,89,0,0,0,0,53,FAMILIARES,POSGRADO
2.01408E+16,114,RECHAZADA,PENDIENTE,RECHAZADO,MALO,0,,,,,0,RECIBOS DE NOMINA,MEDIO_B,NO_CLIENTE,0,ALTO,0%,1,91,0,0,0,0,47,RENTA,PREPARATORIA
2.01408E+16,114,RECHAZADA,PENDIENTE,RECHAZADO,MALO,0,,,,,0,RECIBOS DE NOMINA,MEDIO_B,NO_CLIENTE,0,ALTO,0%,2,92,0,0,0,0,25,FAMILIARES,LICENCIATURA
2.01408E+16,114,EN_PROCESO,PENDIENTE,RECHAZADO,MALO,0,,,,,0,INVERSIONES,BAJO_A,NO_CLIENTE,0,ALTO,0%,1,92,0,0,0,0,44,HIPOTECA,PREPARATORIA
2.01408E+16,114,RECHAZADA,PENDIENTE,RECHAZADO,MALO,0,,,,,0,RECIBOS DE NOMINA,MEDIO_B,NO_CLIENTE,0,ALTO,0%,2,93,0,0,0,0,27,FAMILIARES,PREPARATORIA
2.01407E+16,114,RECHAZADA,PENDIENTE,RECHAZADO,MALO,0,,,,,0,INVERSIONES,ALTO_A,NO_CLIENTE,0,ALTO,0%,3,98,0,0,0,0,36,PROPIA,POSGRADO
2.01407E+16,114,RECHAZADA,PENDIENTE,RECHAZADO,MALO,0,,2,,0.00%,0,INVERSIONES,MEDIO_B,NO_CLIENTE,0,ALTO,0%,2,98,0,45106,2380,0,40,RENTA,PREPARATORIA
2.01408E+16,114,RECHAZADA,PENDIENTE,RECHAZADO,MALO,0,,,,,0,RECIBOS DE NOMINA,MEDIO_B,NO_CLIENTE,0,ALTO,0%,1,98,0,0,0,0,45,RENTA,PREPARATORIA
2.01407E+16,114,RECHAZADA,PENDIENTE,RECHAZADO,MALO,0,,,,,0,RECIBOS DE NOMINA,ALTO_B,NO_CLIENTE,0,ALTO,0%,4,99,0,0,0,0,29,RENTA,POSGRADO
2.01408E+16,114,RECHAZADA,PENDIENTE,RECHAZADO,MALO,0,,,,,0,RECIBOS DE NOMINA,MEDIO_A,NO_CLIENTE,0,ALTO,0%,3,99,0,0,0,0,52,HIPOTECA,PREPARATORIA
2.01407E+16,115,RECHAZADA,PENDIENTE,RECHAZADO,MALO,0,,,,,0,RECIBOS DE NOMINA,MEDIO_A,NO_CLIENTE,0,ALTO,0%,4,89,0,0,0,0,60,HIPOTECA,PREPARATORIA
2.01408E+16,115,RECHAZADA,PENDIENTE,RECHAZADO,MALO,0,,,,,0,RECIBOS DE NOMINA,ALTO_B,NO_CLIENTE,0,ALTO,0%,5,89,0,0,0,0,47,RENTA,POSGRADO
2.01408E+16,115,RECHAZADA,PENDIENTE,RECHAZADO,MALO,0,,0,,,0,RECIBOS DE NOMINA,MEDIO_A,NO_CLIENTE,93000,ALTO,0%,5,89,0,10935,0,0,30,HIPOTECA,LICENCIATURA
2.01408E+16,115,RECHAZADA,PENDIENTE,RECHAZADO,MALO,0,,,,,0,RECIBOS DE NOMINA,MEDIO_A,NO_CLIENTE,0,ALTO,0%,4,92,0,0,0,0,30,HIPOTECA,PREPARATORIA
2.01407E+16,115,RECHAZADA,PENDIENTE,RECHAZADO,MALO,0,,,,,0,INVERSIONES,ALTO_B,NO_CLIENTE,0,ALTO,0%,3,94,0,0,0,0,43,HIPOTECA,POSGRADO
2.01406E+16,115,RECHAZADA,PENDIENTE,RECHAZADO,MALO,0,,,,,0,INVERSIONES,MEDIO_B,NO_CLIENTE,0,ALTO,0%,5,95,0,0,0,0,33,FAMILIARES,PREPARATORIA
2.01407E+16,115,RECHAZADA,PENDIENTE,RECHAZADO,MALO,0,,,,,0,RECIBOS DE NOMINA,MEDIO_A,NO_CLIENTE,0,ALTO,0%,2,97,0,0,0,0,52,PROPIA,LICENCIATURA
2.01407E+16,115,RECHAZADA,PENDIENTE,RECHAZADO,MALO,0,,,,,0,INVERSIONES,MEDIO_B,NO_CLIENTE,0,ALTO,0%,2,98,0,0,0,0,25,RENTA,PREPARATORIA
2.01408E+16,116,RECHAZADA,PENDIENTE,RECHAZADO,MALO,0,,,,,0,RECIBOS DE NOMINA,MEDIO_A,NO_CLIENTE,0,ALTO,0%,2,91,0,0,0,0,45,HIPOTECA,LICENCIATURA
2.01408E+16,116,RECHAZADA,PENDIENTE,RECHAZADO,MALO,0,,,,,0,RECIBOS DE NOMINA,MEDIO_A,NO_CLIENTE,0,ALTO,0%,4,95,0,0,0,0,55,HIPOTECA,PREPARATORIA
2.01408E+16,116,RECHAZADA,PENDIENTE,RECHAZADO,MALO,0,,,,,0,INVERSIONES,MEDIO_A,NO_CLIENTE,0,ALTO,0%,3,96,0,0,0,0,27,HIPOTECA,LICENCIATURA
2.01406E+16,116,RECHAZADA,PENDIENTE,RECHAZADO,MALO,0,,,,,0,RECIBOS DE NOMINA,ALTO_B,NO_CLIENTE,0,ALTO,0%,4,98,0,0,0,0,48,RENTA,POSGRADO
2.01408E+16,116,RECHAZADA,PENDIENTE,RECHAZADO,MALO,0,,,,,0,RECIBOS DE NOMINA,MEDIO_A,NO_CLIENTE,0,ALTO,0%,3,98,0,0,0,0,42,HIPOTECA,PREPARATORIA
2.01406E+16,116,RECHAZADA,PENDIENTE,RECHAZADO,MALO,0,,1,,0.00%,0,RECIBOS DE NOMINA,MEDIO_B,NO_CLIENTE,0,ALTO,0%,4,99,0,1692,0,0,38,FAMILIARES,PREPARATORIA
2.01408E+16,116,RECHAZADA,PENDIENTE,RECHAZADO,MALO,0,,1,,0.00%,0,INVERSIONES,MEDIO_B,NO_CLIENTE,58300,ALTO,0%,0,101,0,38521,2000,0,47,FAMILIARES,LICENCIATURA
2.01407E+16,117,CANCELADA,PENDIENTE,RECHAZADO,MALO,0,,,,,0,SIN COMPROBANTE,MEDIO_B,NO_CLIENTE,0,ALTO,0%,4,89,0,0,0,0,52,FAMILIARES,LICENCIATURA
2.01406E+16,117,RECHAZADA,PENDIENTE,RECHAZADO,MALO,0,,,,,0,INVERSIONES,ALTO_B,NO_CLIENTE,0,ALTO,0%,4,92,0,0,0,0,34,FAMILIARES,POSGRADO
2.01408E+16,117,RECHAZADA,PENDIENTE,RECHAZADO,MALO,0,,,,,0,RECIBOS DE NOMINA,MEDIO_A,NO_CLIENTE,0,ALTO,0%,3,95,0,0,0,0,60,HIPOTECA,LICENCIATURA
2.01407E+16,117,CANCELADA,PENDIENTE,RECHAZADO,MALO,0,,2,,0.00%,0,INVERSIONES,MEDIO_B,NO_CLIENTE,0,ALTO,0%,3,101,0,3671,0,0,59,RENTA,PREPARATORIA
2.01408E+16,118,RECHAZADA,PENDIENTE,RECHAZADO,MALO,0,,,,,0,RECIBOS DE NOMINA,ALTO_B,NO_CLIENTE,0,ALTO,0%,4,89,0,0,0,0,41,HIPOTECA,POSGRADO
2.01407E+16,118,RECHAZADA,PENDIENTE,RECHAZADO,MALO,0,,,,,0,INVERSIONES,MEDIO_B,NO_CLIENTE,0,ALTO,0%,2,94,0,0,0,0,43,RENTA,PREPARATORIA
2.01408E+16,118,RECHAZADA,PENDIENTE,RECHAZADO,MALO,0,,,,,0,RECIBOS DE NOMINA,MEDIO_B,NO_CLIENTE,0,ALTO,0%,5,94,0,0,0,0,55,RENTA,PREPARATORIA
2.01407E+16,118,RECHAZADA,PENDIENTE,RECHAZADO,MALO,0,,,,,0,RECIBOS DE NOMINA,MEDIO_A,NO_CLIENTE,0,ALTO,0%,3,97,0,0,0,0,60,HIPOTECA,PREPARATORIA
2.01407E+16,118,RECHAZADA,PENDIENTE,RECHAZADO,MALO,0,,,,,0,RECIBOS DE NOMINA,MEDIO_A,NO_CLIENTE,0,ALTO,0%,2,98,0,0,0,0,43,PROPIA,LICENCIATURA
2.01407E+16,118,RECHAZADA,PENDIENTE,RECHAZADO,MALO,0,,,,,0,RECIBOS DE NOMINA,MEDIO_A,NO_CLIENTE,0,ALTO,0%,2,100,0,0,0,0,49,HIPOTECA,PREPARATORIA
2.01408E+16,119,RECHAZADA,PENDIENTE,RECHAZADO,MALO,0,,,,,0,RECIBOS DE NOMINA,MEDIO_A,NO_CLIENTE,0,ALTO,0%,5,89,0,0,0,0,59,HIPOTECA,LICENCIATURA
2.01407E+16,119,RECHAZADA,PENDIENTE,RECHAZADO,MALO,0,,,,,0,INVERSIONES,MEDIO_B,NO_CLIENTE,0,ALTO,0%,2,90,0,0,0,0,27,RENTA,LICENCIATURA
2.01407E+16,119,RECHAZADA,PENDIENTE,RECHAZADO,MALO,0,,,,,0,RECIBOS DE NOMINA,MEDIO_A,NO_CLIENTE,0,ALTO,0%,4,91,0,0,0,0,51,HIPOTECA,LICENCIATURA
2.01407E+16,119,RECHAZADA,PENDIENTE,RECHAZADO,MALO,0,,,,,0,RECIBOS DE NOMINA,ALTO_B,NO_CLIENTE,0,ALTO,0%,4,93,0,0,0,0,43,FAMILIARES,POSGRADO
2.01408E+16,119,RECHAZADA,PENDIENTE,RECHAZADO,MALO,0,,,,,0,INVERSIONES,MEDIO_B,NO_CLIENTE,0,ALTO,0%,3,93,0,0,0,0,30,RENTA,LICENCIATURA
2.01407E+16,119,EN_PROCESO,PENDIENTE,RECHAZADO,MALO,0,,,,,0,RECIBOS DE NOMINA,MEDIO_A,NO_CLIENTE,0,ALTO,0%,3,95,0,0,0,0,56,HIPOTECA,POSGRADO
2.01407E+16,119,RECHAZADA,PENDIENTE,RECHAZADO,MALO,0,,,,,0,SIN COMPROBANTE,MEDIO_A,NO_CLIENTE,0,ALTO,0%,2,96,0,0,0,0,34,PROPIA,LICENCIATURA
2.01408E+16,119,RECHAZADA,PENDIENTE,RECHAZADO,MALO,0,,,,,0,INVERSIONES,ALTO_A,NO_CLIENTE,0,ALTO,0%,3,98,0,0,0,0,36,PROPIA,POSGRADO
2.01407E+16,120,RECHAZADA,PENDIENTE,RECHAZADO,MALO,0,,,,,0,RECIBOS DE NOMINA,MEDIO_A,NO_CLIENTE,0,ALTO,0%,3,95,0,0,0,0,32,HIPOTECA,PREPARATORIA
2.01408E+16,120,RECHAZADA,PENDIENTE,RECHAZADO,MALO,0,,,,,0,RECIBOS DE NOMINA,ALTO_B,NO_CLIENTE,0,ALTO,0%,4,96,0,0,0,0,51,HIPOTECA,POSGRADO
2.01407E+16,120,RECHAZADA,PENDIENTE,RECHAZADO,MALO,0,,,,,0,RECIBOS DE NOMINA,MEDIO_B,NO_CLIENTE,0,ALTO,0%,1,101,0,0,0,0,44,FAMILIARES,LICENCIATURA
2.01408E+16,120,RECHAZADA,PENDIENTE,RECHAZADO,MALO,0,,,,,0,RECIBOS DE NOMINA,MEDIO_B,NO_CLIENTE,0,ALTO,0%,0,101,0,0,0,0,53,FAMILIARES,PREPARATORIA
2.01408E+16,121,RECHAZADA,PENDIENTE,RECHAZADO,MALO,0,,,,,0,RECIBOS DE NOMINA,MEDIO_A,NO_CLIENTE,0,ALTO,0%,4,89,0,0,0,0,47,HIPOTECA,PREPARATORIA
2.01408E+16,121,RECHAZADA,PENDIENTE,RECHAZADO,MALO,0,,,,,0,RECIBOS DE NOMINA,ALTO_B,NO_CLIENTE,0,ALTO,0%,3,90,0,0,0,0,26,RENTA,POSGRADO
2.01407E+16,121,RECHAZADA,PENDIENTE,RECHAZADO,MALO,0,,,,,0,RECIBOS DE NOMINA,MEDIO_B,NO_CLIENTE,0,ALTO,0%,2,91,0,0,0,0,30,RENTA,LICENCIATURA
2.01408E+16,121,RECHAZADA,PENDIENTE,RECHAZADO,MALO,0,,,,,0,INVERSIONES,MEDIO_A,NO_CLIENTE,0,ALTO,0%,4,91,0,0,0,0,43,HIPOTECA,PREPARATORIA
2.01408E+16,121,RECHAZADA,PENDIENTE,RECHAZADO,MALO,0,,,,,0,RECIBOS DE NOMINA,MEDIO_B,NO_CLIENTE,0,ALTO,0%,5,92,0,0,0,0,48,FAMILIARES,LICENCIATURA
2.01408E+16,121,RECHAZADA,PENDIENTE,RECHAZADO,MALO,0,,,,,0,INVERSIONES,MEDIO_B,NO_CLIENTE,0,ALTO,0%,3,94,0,0,0,0,50,FAMILIARES,PREPARATORIA
2.01407E+16,121,RECHAZADA,PENDIENTE,RECHAZADO,MALO,0,,,,,0,INVERSIONES,BAJO_A,NO_CLIENTE,0,ALTO,0%,2,96,0,0,0,0,31,FAMILIARES,SECUNDARIA
2.01407E+16,121,RECHAZADA,PENDIENTE,RECHAZADO,MALO,0,,,,,0,RECIBOS DE NOMINA,MEDIO_A,NO_CLIENTE,0,ALTO,0%,3,97,0,0,0,0,37,HIPOTECA,PREPARATORIA
2.01407E+16,121,RECHAZADA,PENDIENTE,RECHAZADO,MALO,0,,,,,0,INVERSIONES,MEDIO_B,NO_CLIENTE,0,ALTO,0%,1,98,0,0,0,0,33,RENTA,LICENCIATURA
2.01407E+16,122,RECHAZADA,PENDIENTE,RECHAZADO,MALO,0,,,,,0,RECIBOS DE NOMINA,ALTO_B,NO_CLIENTE,0,ALTO,0%,2,95,0,0,0,0,55,FAMILIARES,POSGRADO
2.01407E+16,122,RECHAZADA,PENDIENTE,RECHAZADO,MALO,0,,,,,0,RECIBOS DE NOMINA,MEDIO_A,NO_CLIENTE,0,ALTO,0%,4,99,0,0,0,0,46,HIPOTECA,LICENCIATURA
2.01407E+16,122,RECHAZADA,PENDIENTE,RECHAZADO,MALO,0,,,,,0,RECIBOS DE NOMINA,MEDIO_B,NO_CLIENTE,0,ALTO,0%,1,100,0,0,0,0,47,RENTA,LICENCIATURA
2.01408E+16,122,RECHAZADA,PENDIENTE,RECHAZADO,MALO,0,,,,,0,RECIBOS DE NOMINA,MEDIO_B,NO_CLIENTE,0,ALTO,0%,1,101,0,0,0,0,49,FAMILIARES,LICENCIATURA
2.01407E+16,123,RECHAZADA,PENDIENTE,RECHAZADO,MALO,0,,,,,0,RECIBOS DE NOMINA,MEDIO_B,NO_CLIENTE,0,ALTO,0%,4,93,0,0,0,0,34,RENTA,PREPARATORIA
2.01408E+16,123,RECHAZADA,PENDIENTE,RECHAZADO,MALO,0,,,,,0,RECIBOS DE NOMINA,MEDIO_A,NO_CLIENTE,0,ALTO,0%,2,95,0,0,0,0,58,PROPIA,LICENCIATURA
2.01408E+16,123,RECHAZADA,PENDIENTE,RECHAZADO,MALO,0,,,,,0,INVERSIONES,MEDIO_A,NO_CLIENTE,0,ALTO,0%,3,95,0,0,0,0,44,HIPOTECA,LICENCIATURA
2.01408E+16,123,RECHAZADA,PENDIENTE,RECHAZADO,MALO,0,,,,,0,RECIBOS DE NOMINA,ALTO_A,NO_CLIENTE,0,ALTO,0%,4,95,0,0,0,0,45,PROPIA,POSGRADO
2.01407E+16,123,RECHAZADA,PENDIENTE,RECHAZADO,MALO,0,,,,,0,RECIBOS DE NOMINA,MEDIO_A,NO_CLIENTE,0,ALTO,0%,3,96,0,0,0,0,52,HIPOTECA,PREPARATORIA
2.01407E+16,123,RECHAZADA,PENDIENTE,RECHAZADO,MALO,0,,,,,0,INVERSIONES,MEDIO_A,NO_CLIENTE,0,ALTO,0%,2,100,0,0,0,0,43,HIPOTECA,PREPARATORIA
2.01408E+16,124,RECHAZADA,PENDIENTE,RECHAZADO,MALO,0,,,,,0,RECIBOS DE NOMINA,MEDIO_B,NO_CLIENTE,0,ALTO,0%,4,89,0,0,0,0,51,FAMILIARES,LICENCIATURA
2.01407E+16,124,RECHAZADA,PENDIENTE,RECHAZADO,MALO,0,,,,,0,INVERSIONES,MEDIO_B,NO_CLIENTE,0,ALTO,0%,3,90,0,0,0,0,29,FAMILIARES,PREPARATORIA
2.01408E+16,124,RECHAZADA,PENDIENTE,RECHAZADO,MALO,0,,,,,0,INVERSIONES,MEDIO_B,NO_CLIENTE,0,ALTO,0%,5,91,0,0,0,0,28,FAMILIARES,PREPARATORIA
2.01407E+16,124,RECHAZADA,PENDIENTE,RECHAZADO,MALO,0,,,,,0,RECIBOS DE NOMINA,MEDIO_B,NO_CLIENTE,0,ALTO,0%,5,93,0,0,0,0,47,RENTA,PREPARATORIA
2.01408E+16,124,RECHAZADA,PENDIENTE,RECHAZADO,MALO,0,,,,,0,INVERSIONES,ALTO_B,NO_CLIENTE,0,ALTO,0%,4,93,0,0,0,0,50,FAMILIARES,POSGRADO
2.01408E+16,124,RECHAZADA,PENDIENTE,RECHAZADO,MALO,0,,,,,0,INVERSIONES,MEDIO_A,NO_CLIENTE,0,ALTO,0%,4,95,0,0,0,0,35,HIPOTECA,PREPARATORIA
2.01408E+16,124,RECHAZADA,PENDIENTE,RECHAZADO,MALO,0,,1,,0.00%,0,INVERSIONES,MEDIO_A,NO_CLIENTE,11000,ALTO,0%,4,96,0,6440,0,0,26,HIPOTECA,LICENCIATURA
2.01407E+16,124,RECHAZADA,PENDIENTE,RECHAZADO,MALO,0,,,,,0,RECIBOS DE NOMINA,MEDIO_A,NO_CLIENTE,0,ALTO,0%,3,98,0,0,0,0,49,HIPOTECA,PREPARATORIA
2.01408E+16,124,RECHAZADA,PENDIENTE,RECHAZADO,MALO,0,,,,,0,RECIBOS DE NOMINA,MEDIO_B,NO_CLIENTE,0,ALTO,0%,1,98,0,0,0,0,36,RENTA,PREPARATORIA
2.01407E+16,125,RECHAZADA,PENDIENTE,RECHAZADO,MALO,0,,,,,0,INVERSIONES,MEDIO_A,NO_CLIENTE,0,ALTO,0%,3,91,0,0,0,0,48,HIPOTECA,PREPARATORIA
2.01408E+16,125,RECHAZADA,PENDIENTE,RECHAZADO,MALO,0,,,,,0,RECIBOS DE NOMINA,ALTO_B,NO_CLIENTE,0,ALTO,0%,5,92,0,0,0,0,29,RENTA,POSGRADO
2.01407E+16,125,RECHAZADA,PENDIENTE,RECHAZADO,MALO,0,,,,,0,RECIBOS DE NOMINA,ALTO_B,NO_CLIENTE,0,ALTO,0%,2,95,0,0,0,0,48,FAMILIARES,POSGRADO
2.01408E+16,125,RECHAZADA,PENDIENTE,RECHAZADO,MALO,0,,1,,,0,INVERSIONES,ALTO_B,NO_CLIENTE,21500,ALTO,0%,5,98,0,21101,1210,0,25,FAMILIARES,POSGRADO
2.01407E+16,125,RECHAZADA,PENDIENTE,RECHAZADO,MALO,0,,,,,0,RECIBOS DE NOMINA,MEDIO_A,NO_CLIENTE,0,ALTO,0%,5,99,0,0,0,0,43,HIPOTECA,PREPARATORIA
2.01407E+16,125,RECHAZADA,PENDIENTE,RECHAZADO,MALO,0,,,,,0,INVERSIONES,ALTO_B,NO_CLIENTE,0,ALTO,0%,5,99,0,0,0,0,43,FAMILIARES,POSGRADO
2.01407E+16,125,RECHAZADA,PENDIENTE,RECHAZADO,MALO,0,,,,,0,RECIBOS DE NOMINA,MEDIO_B,NO_CLIENTE,0,ALTO,0%,2,100,0,0,0,0,27,RENTA,PREPARATORIA
2.01407E+16,126,RECHAZADA,PENDIENTE,RECHAZADO,MALO,0,,0,,,0,INVERSIONES,MEDIO_B,NO_CLIENTE,0,ALTO,0%,5,93,0,9951,510,0,33,FAMILIARES,LICENCIATURA
2.01408E+16,126,RECHAZADA,PENDIENTE,RECHAZADO,MALO,0,,1,,0.00%,0,RECIBOS DE NOMINA,MEDIO_B,NO_CLIENTE,0,ALTO,0%,3,97,0,3451,3451,0,32,FAMILIARES,PREPARATORIA
2.01408E+16,126,RECHAZADA,PENDIENTE,RECHAZADO,MALO,0,,,,,0,DECLARACION ANUAL,MEDIO_A,NO_CLIENTE,0,ALTO,0%,1,97,0,0,0,0,52,HIPOTECA,PREPARATORIA
2.01408E+16,126,RECHAZADA,PENDIENTE,RECHAZADO,MALO,0,,,,,0,RECIBOS DE NOMINA,MEDIO_A,NO_CLIENTE,0,ALTO,0%,4,99,0,0,0,0,54,HIPOTECA,PREPARATORIA
2.01406E+16,127,RECHAZADA,PENDIENTE,RECHAZADO,MALO,0,,,,,0,RECIBOS DE NOMINA,MEDIO_A,NO_CLIENTE,0,ALTO,0%,5,92,0,0,0,0,51,PROPIA,LICENCIATURA
2.01408E+16,127,RECHAZADA,PENDIENTE,RECHAZADO,MALO,0,,,,,0,RECIBOS DE NOMINA,ALTO_A,NO_CLIENTE,0,ALTO,0%,3,93,0,0,0,0,58,PROPIA,POSGRADO
2.01407E+16,128,RECHAZADA,PENDIENTE,RECHAZADO,MALO,0,,,,,0,DECLARACION ANUAL,ALTO_B,NO_CLIENTE,0,ALTO,0%,5,89,0,0,0,0,47,HIPOTECA,POSGRADO
2.01408E+16,128,RECHAZADA,PENDIENTE,RECHAZADO,MALO,0,,,,,0,RECIBOS DE NOMINA,ALTO_B,NO_CLIENTE,0,ALTO,0%,2,90,0,0,0,0,49,HIPOTECA,POSGRADO
2.01408E+16,128,EN_PROCESO,PENDIENTE,RECHAZADO,MALO,0,,,,,0,INVERSIONES,ALTO_B,NO_CLIENTE,0,ALTO,0%,5,92,0,0,0,0,49,FAMILIARES,POSGRADO
2.01408E+16,128,RECHAZADA,PENDIENTE,RECHAZADO,MALO,0,,,,,0,RECIBOS DE NOMINA,MEDIO_A,NO_CLIENTE,0,ALTO,0%,2,93,0,0,0,0,42,HIPOTECA,LICENCIATURA
2.01408E+16,128,RECHAZADA,PENDIENTE,RECHAZADO,MALO,0,,,,,0,RECIBOS DE NOMINA,MEDIO_B,NO_CLIENTE,0,ALTO,0%,3,95,0,0,0,0,48,RENTA,PREPARATORIA
2.01408E+16,128,RECHAZADA,PENDIENTE,RECHAZADO,MALO,0,,,,,0,INVERSIONES,MEDIO_A,NO_CLIENTE,0,ALTO,0%,5,95,0,0,0,0,28,HIPOTECA,PREPARATORIA
2.01408E+16,128,RECHAZADA,PENDIENTE,RECHAZADO,MALO,0,,,,,0,RECIBOS DE NOMINA,MEDIO_B,NO_CLIENTE,0,ALTO,0%,5,95,0,0,0,0,48,FAMILIARES,PREPARATORIA
2.01406E+16,128,RECHAZADA,PENDIENTE,RECHAZADO,MALO,0,,,,,0,INVERSIONES,MEDIO_B,NO_CLIENTE,0,ALTO,0%,2,96,0,0,0,0,49,RENTA,LICENCIATURA
2.01406E+16,128,RECHAZADA,PENDIENTE,RECHAZADO,MALO,0,,0,,,0,RECIBOS DE NOMINA,ALTO_B,NO_CLIENTE,0,ALTO,0%,5,98,0,17562,680,0,41,HIPOTECA,POSGRADO
2.01407E+16,128,RECHAZADA,PENDIENTE,RECHAZADO,MALO,0,,,,,0,RECIBOS DE NOMINA,MEDIO_A,NO_CLIENTE,0,ALTO,0%,4,98,0,0,0,0,41,HIPOTECA,PREPARATORIA
2.01407E+16,128,RECHAZADA,PENDIENTE,RECHAZADO,MALO,0,,,,,0,RECIBOS DE NOMINA,MEDIO_A,NO_CLIENTE,0,ALTO,0%,5,99,0,0,0,0,32,HIPOTECA,PREPARATORIA
2.01408E+16,129,RECHAZADA,PENDIENTE,RECHAZADO,MALO,0,,0,,,0,INVERSIONES,MEDIO_B,NO_CLIENTE,52500,ALTO,0%,4,89,0,38411,0,0,31,RENTA,PREPARATORIA
2.01408E+16,129,RECHAZADA,PENDIENTE,RECHAZADO,MALO,0,,,,,0,RECIBOS DE NOMINA,MEDIO_B,NO_CLIENTE,0,ALTO,0%,3,90,0,0,0,0,59,RENTA,PREPARATORIA
2.01406E+16,129,RECHAZADA,PENDIENTE,RECHAZADO,MALO,0,,,,,0,INVERSIONES,ALTO_B,NO_CLIENTE,0,ALTO,0%,5,91,0,0,0,0,56,HIPOTECA,POSGRADO
2.01408E+16,129,RECHAZADA,PENDIENTE,RECHAZADO,MALO,0,,,,,0,RECIBOS DE NOMINA,MEDIO_A,NO_CLIENTE,0,ALTO,0%,3,93,0,0,0,0,33,PROPIA,LICENCIATURA
2.01408E+16,129,RECHAZADA,PENDIENTE,RECHAZADO,MALO,0,,,,,0,INVERSIONES,BAJO_A,NO_CLIENTE,0,ALTO,0%,5,94,0,0,0,0,48,FAMILIARES,SECUNDARIA
2.01406E+16,129,RECHAZADA,PENDIENTE,RECHAZADO,MALO,0,,,,,15955,RECIBOS DE NOMINA,MEDIO_B,NO_CLIENTE,0,ALTO,0%,4,94,0,0,0,0,51,FAMILIARES,PREPARATORIA
2.01407E+16,129,RECHAZADA,PENDIENTE,RECHAZADO,MALO,0,,,,,0,RECIBOS DE NOMINA,MEDIO_B,NO_CLIENTE,0,ALTO,0%,2,98,0,0,0,0,34,RENTA,LICENCIATURA
2.01408E+16,129,RECHAZADA,PENDIENTE,RECHAZADO,MALO,0,,,,,0,RECIBOS DE NOMINA,MEDIO_A,NO_CLIENTE,0,ALTO,0%,5,99,0,0,0,0,37,HIPOTECA,LICENCIATURA
2.01408E+16,129,RECHAZADA,PENDIENTE,RECHAZADO,MALO,0,,,,,0,INVERSIONES,MEDIO_B,NO_CLIENTE,0,ALTO,0%,0,100,0,0,0,0,32,RENTA,PREPARATORIA
2.01406E+16,130,RECHAZADA,PENDIENTE,RECHAZADO,MALO,0,,0,,,0,INVERSIONES,MEDIO_A,CLIENTE_BANCO,0,ALTO,0%,4,89,0,11336,20,0,31,HIPOTECA,POSGRADO
2.01408E+16,130,RECHAZADA,PENDIENTE,RECHAZADO,MALO,0,,,,,0,RECIBOS DE NOMINA,MEDIO_B,NO_CLIENTE,0,ALTO,0%,2,90,0,0,0,0,29,RENTA,PREPARATORIA
2.01407E+16,130,RECHAZADA,PENDIENTE,RECHAZADO,MALO,0,,,,,0,RECIBOS DE NOMINA,MEDIO_A,NO_CLIENTE,0,ALTO,0%,4,94,0,0,0,0,50,HIPOTECA,PREPARATORIA
2.01407E+16,130,RECHAZADA,PENDIENTE,RECHAZADO,MALO,0,,,,,0,INVERSIONES,MEDIO_B,NO_CLIENTE,0,ALTO,0%,3,94,0,0,0,0,52,FAMILIARES,PREPARATORIA
2.01408E+16,130,RECHAZADA,PENDIENTE,RECHAZADO,MALO,0,,,,,0,INVERSIONES,ALTO_B,NO_CLIENTE,0,ALTO,0%,3,99,0,0,0,0,52,RENTA,POSGRADO
2.01408E+16,130,RECHAZADA,PENDIENTE,RECHAZADO,MALO,0,,,,,0,RECIBOS DE NOMINA,MEDIO_B,NO_CLIENTE,0,ALTO,0%,0,101,0,0,0,0,52,RENTA,PREPARATORIA
2.01407E+16,131,RECHAZADA,PENDIENTE,RECHAZADO,MALO,0,,,,,0,INVERSIONES,MEDIO_B,NO_CLIENTE,0,ALTO,0%,2,92,0,0,0,0,48,RENTA,LICENCIATURA
2.01408E+16,131,RECHAZADA,PENDIENTE,RECHAZADO,MALO,0,,,,,0,INVERSIONES,ALTO_B,NO_CLIENTE,0,ALTO,0%,3,92,0,0,0,0,51,FAMILIARES,POSGRADO
2.01407E+16,131,RECHAZADA,PENDIENTE,RECHAZADO,MALO,0,,,,,0,RECIBOS DE NOMINA,ALTO_B,NO_CLIENTE,0,ALTO,0%,5,93,0,0,0,0,36,HIPOTECA,POSGRADO
2.01407E+16,131,RECHAZADA,PENDIENTE,RECHAZADO,MALO,0,,,,,0,RECIBOS DE NOMINA,MEDIO_B,NO_CLIENTE,0,ALTO,0%,3,94,0,0,0,0,45,RENTA,LICENCIATURA
2.01407E+16,131,RECHAZADA,PENDIENTE,RECHAZADO,MALO,0,,0,,,0,INVERSIONES,ALTO_B,NO_CLIENTE,0,ALTO,0%,2,96,0,13371,940,0,38,FAMILIARES,POSGRADO
2.01408E+16,131,RECHAZADA,PENDIENTE,RECHAZADO,MALO,0,,,,,0,INVERSIONES,ALTO_A,NO_CLIENTE,0,ALTO,0%,3,96,0,0,0,0,33,PROPIA,POSGRADO
2.01407E+16,131,RECHAZADA,PENDIENTE,RECHAZADO,MALO,0,,,,,0,RECIBOS DE NOMINA,ALTO_B,NO_CLIENTE,0,ALTO,0%,3,98,0,0,0,0,26,HIPOTECA,POSGRADO
2.01408E+16,131,RECHAZADA,PENDIENTE,RECHAZADO,MALO,0,,0,,0.00%,0,INVERSIONES,MEDIO_B,NO_CLIENTE,303800,ALTO,0%,5,99,0,11192,4400,0,44,RENTA,PREPARATORIA
2.01407E+16,131,RECHAZADA,PENDIENTE,RECHAZADO,MALO,0,,,,,0,RECIBOS DE NOMINA,MEDIO_B,NO_CLIENTE,0,ALTO,0%,2,100,0,0,0,0,35,RENTA,LICENCIATURA
2.01408E+16,131,RECHAZADA,PENDIENTE,RECHAZADO,MALO,0,,0,,,0,INVERSIONES,MEDIO_B,NO_CLIENTE,0,ALTO,0%,2,100,0,5093,300,0,52,FAMILIARES,LICENCIATURA
2.01408E+16,132,RECHAZADA,PENDIENTE,RECHAZADO,MALO,0,,,,,0,INVERSIONES,ALTO_B,NO_CLIENTE,0,ALTO,0%,5,89,0,0,0,0,49,FAMILIARES,POSGRADO
2.01407E+16,132,RECHAZADA,PENDIENTE,RECHAZADO,MALO,0,,,,,0,RECIBOS DE NOMINA,MEDIO_A,NO_CLIENTE,0,ALTO,0%,3,96,0,0,0,0,58,HIPOTECA,PREPARATORIA
2.01408E+16,133,RECHAZADA,PENDIENTE,RECHAZADO,MALO,0,,,,,0,RECIBOS DE NOMINA,MEDIO_A,NO_CLIENTE,0,ALTO,0%,5,89,0,0,0,0,34,HIPOTECA,PREPARATORIA
2.01407E+16,133,RECHAZADA,PENDIENTE,RECHAZADO,MALO,0,,,,,0,RECIBOS DE NOMINA,MEDIO_B,NO_CLIENTE,0,ALTO,0%,1,90,0,0,0,0,36,FAMILIARES,PREPARATORIA
2.01408E+16,133,RECHAZADA,PENDIENTE,RECHAZADO,MALO,0,,,,,0,RECIBOS DE NOMINA,MEDIO_B,NO_CLIENTE,0,ALTO,0%,5,97,0,0,0,0,26,FAMILIARES,LICENCIATURA
2.01408E+16,133,RECHAZADA,PENDIENTE,RECHAZADO,MALO,0,,,,,0,RECIBOS DE NOMINA,ALTO_B,NO_CLIENTE,0,ALTO,0%,3,99,0,0,0,0,37,HIPOTECA,POSGRADO
2.01407E+16,133,RECHAZADA,PENDIENTE,RECHAZADO,MALO,0,,,,,0,RECIBOS DE NOMINA,MEDIO_B,NO_CLIENTE,0,ALTO,0%,3,101,0,0,0,0,45,FAMILIARES,PREPARATORIA
2.01408E+16,134,RECHAZADA,PENDIENTE,RECHAZADO,MALO,0,,,,,0,RECIBOS DE NOMINA,MEDIO_B,NO_CLIENTE,0,ALTO,0%,4,97,0,0,0,0,43,FAMILIARES,PREPARATORIA
2.01407E+16,135,RECHAZADA,PENDIENTE,RECHAZADO,MALO,0,,,,,0,INVERSIONES,ALTO_B,NO_CLIENTE,0,ALTO,0%,4,89,0,0,0,0,31,RENTA,POSGRADO
2.01406E+16,135,RECHAZADA,PENDIENTE,RECHAZADO,MALO,0,,,,,0,RECIBOS DE NOMINA,MEDIO_B,NO_CLIENTE,0,ALTO,0%,5,90,0,0,0,0,48,RENTA,PREPARATORIA
2.01408E+16,135,RECHAZADA,PENDIENTE,RECHAZADO,MALO,0,,,,,0,RECIBOS DE NOMINA,MEDIO_B,NO_CLIENTE,0,ALTO,0%,4,91,0,0,0,0,32,RENTA,LICENCIATURA
2.01408E+16,135,RECHAZADA,PENDIENTE,RECHAZADO,MALO,0,,,,,0,RECIBOS DE NOMINA,MEDIO_A,NO_CLIENTE,0,ALTO,0%,3,93,0,0,0,0,32,HIPOTECA,PREPARATORIA
2.01408E+16,135,RECHAZADA,PENDIENTE,RECHAZADO,MALO,0,,,,,0,RECIBOS DE NOMINA,MEDIO_A,NO_CLIENTE,0,ALTO,0%,4,93,0,0,0,0,48,HIPOTECA,PREPARATORIA
2.01407E+16,135,RECHAZADA,PENDIENTE,RECHAZADO,MALO,0,,,,,0,INVERSIONES,MEDIO_A,NO_CLIENTE,0,ALTO,0%,3,98,0,0,0,0,57,HIPOTECA,PREPARATORIA
2.01408E+16,136,RECHAZADA,PENDIENTE,RECHAZADO,MALO,0,,0,,,0,INVERSIONES,MEDIO_B,NO_CLIENTE,33200,ALTO,0%,5,89,0,19259,1250,0,33,FAMILIARES,PREPARATORIA
2.01407E+16,136,CANCELADA,PENDIENTE,RECHAZADO,MALO,0,,,,,0,RECIBOS DE NOMINA,ALTO_A,NO_CLIENTE,0,ALTO,0%,2,91,0,0,0,0,35,PROPIA,POSGRADO
2.01406E+16,136,RECHAZADA,PENDIENTE,RECHAZADO,MALO,0,,,,,0,RECIBOS DE NOMINA,MEDIO_B,NO_CLIENTE,0,ALTO,0%,2,96,0,0,0,0,50,FAMILIARES,PREPARATORIA
2.01408E+16,136,RECHAZADA,PENDIENTE,RECHAZADO,MALO,0,,,,,0,INVERSIONES,MEDIO_A,NO_CLIENTE,0,ALTO,0%,2,96,0,0,0,0,42,HIPOTECA,PREPARATORIA
2.01407E+16,136,RECHAZADA,PENDIENTE,RECHAZADO,MALO,0,,,,,0,INVERSIONES,MEDIO_A,NO_CLIENTE,0,ALTO,0%,1,98,0,0,0,0,39,HIPOTECA,PREPARATORIA
2.01407E+16,136,RECHAZADA,PENDIENTE,RECHAZADO,MALO,0,,,,,0,RECIBOS DE NOMINA,MEDIO_A,NO_CLIENTE,0,ALTO,0%,3,101,0,0,0,0,36,HIPOTECA,PREPARATORIA
2.01407E+16,137,RECHAZADA,PENDIENTE,RECHAZADO,MALO,0,,,,,0,RECIBOS DE NOMINA,ALTO_A,NO_CLIENTE,0,ALTO,0%,3,91,0,0,0,0,37,PROPIA,POSGRADO
2.01407E+16,137,RECHAZADA,PENDIENTE,RECHAZADO,MALO,0,,,,,0,DECLARACION ANUAL,MEDIO_B,NO_CLIENTE,0,ALTO,0%,2,97,0,0,0,0,46,FAMILIARES,LICENCIATURA
2.01407E+16,137,RECHAZADA,PENDIENTE,RECHAZADO,MALO,0,,,,,0,RECIBOS DE NOMINA,ALTO_B,NO_CLIENTE,0,ALTO,0%,2,98,0,0,0,0,35,RENTA,POSGRADO
2.01408E+16,138,RECHAZADA,PENDIENTE,RECHAZADO,MALO,0,,0,,,0,INVERSIONES,ALTO_B,NO_CLIENTE,0,ALTO,0%,5,89,0,13097,1940,0,59,FAMILIARES,POSGRADO
2.01408E+16,138,RECHAZADA,PENDIENTE,RECHAZADO,MALO,0,,,,,0,RECIBOS DE NOMINA,MEDIO_B,NO_CLIENTE,0,ALTO,0%,2,96,0,0,0,0,40,FAMILIARES,PREPARATORIA
2.01407E+16,138,RECHAZADA,PENDIENTE,RECHAZADO,MALO,0,,,,,0,RECIBOS DE NOMINA,MEDIO_A,NO_CLIENTE,0,ALTO,0%,1,99,0,0,0,0,55,HIPOTECA,LICENCIATURA
2.01408E+16,139,RECHAZADA,PENDIENTE,RECHAZADO,MALO,0,,,,,0,INVERSIONES,ALTO_B,NO_CLIENTE,0,ALTO,0%,3,91,0,0,0,0,41,FAMILIARES,POSGRADO
2.01407E+16,139,RECHAZADA,PENDIENTE,RECHAZADO,MALO,0,,0,,,0,INVERSIONES,MEDIO_A,NO_CLIENTE,0,ALTO,0%,3,92,0,50378,50378,0,51,PROPIA,LICENCIATURA
2.01408E+16,139,RECHAZADA,PENDIENTE,RECHAZADO,MALO,0,,,,,0,RECIBOS DE NOMINA,MEDIO_A,NO_CLIENTE,0,ALTO,0%,4,92,0,0,0,0,54,HIPOTECA,PREPARATORIA
2.01406E+16,139,RECHAZADA,PENDIENTE,RECHAZADO,MALO,0,,1,,0.00%,0,RECIBOS DE NOMINA,MEDIO_B,NO_CLIENTE,0,ALTO,0%,3,97,0,3016,250,0,50,FAMILIARES,PREPARATORIA
2.01408E+16,139,RECHAZADA,PENDIENTE,RECHAZADO,MALO,0,,,,,0,INVERSIONES,MEDIO_B,NO_CLIENTE,0,ALTO,0%,4,99,0,0,0,0,30,RENTA,LICENCIATURA
2.01408E+16,139,RECHAZADA,PENDIENTE,RECHAZADO,MALO,0,,,,,0,RECIBOS DE NOMINA,ALTO_B,NO_CLIENTE,0,ALTO,0%,3,100,0,0,0,0,27,FAMILIARES,POSGRADO
2.01408E+16,140,RECHAZADA,PENDIENTE,RECHAZADO,MALO,0,,,,,0,RECIBOS DE NOMINA,ALTO_A,NO_CLIENTE,0,ALTO,0%,4,89,0,0,0,0,34,PROPIA,POSGRADO
2.01407E+16,140,RECHAZADA,PENDIENTE,RECHAZADO,MALO,0,,,,,0,DECLARACION ANUAL,MEDIO_B,NO_CLIENTE,0,ALTO,0%,3,90,0,0,0,0,27,RENTA,PREPARATORIA
2.01408E+16,140,RECHAZADA,PENDIENTE,RECHAZADO,MALO,0,,,,,0,INVERSIONES,MEDIO_A,NO_CLIENTE,0,ALTO,0%,4,94,0,0,0,0,35,HIPOTECA,PREPARATORIA
2.01408E+16,141,RECHAZADA,PENDIENTE,RECHAZADO,MALO,0,,,,,0,SIN COMPROBANTE,MEDIO_B,NO_CLIENTE,0,ALTO,0%,5,89,0,0,0,0,38,FAMILIARES,PREPARATORIA
2.01408E+16,141,RECHAZADA,PENDIENTE,RECHAZADO,MALO,0,,,,,0,RECIBOS DE NOMINA,ALTO_B,NO_CLIENTE,0,ALTO,0%,4,89,0,0,0,0,46,FAMILIARES,POSGRADO
2.01407E+16,141,RECHAZADA,PENDIENTE,RECHAZADO,MALO,0,,,,,0,RECIBOS DE NOMINA,ALTO_B,NO_CLIENTE,0,ALTO,0%,2,91,0,0,0,0,28,FAMILIARES,POSGRADO
2.01408E+16,141,RECHAZADA,PENDIENTE,RECHAZADO,MALO,0,,,,,0,RECIBOS DE NOMINA,MEDIO_B,NO_CLIENTE,0,ALTO,0%,3,91,0,0,0,0,29,FAMILIARES,LICENCIATURA
2.01407E+16,141,RECHAZADA,PENDIENTE,RECHAZADO,MALO,0,,,,,0,RECIBOS DE NOMINA,ALTO_A,NO_CLIENTE,0,ALTO,0%,3,95,0,0,0,0,26,PROPIA,POSGRADO
2.01407E+16,141,RECHAZADA,PENDIENTE,RECHAZADO,MALO,0,,,,,0,RECIBOS DE NOMINA,MEDIO_B,NO_CLIENTE,0,ALTO,0%,1,96,0,0,0,0,27,RENTA,LICENCIATURA
2.01407E+16,142,RECHAZADA,PENDIENTE,RECHAZADO,MALO,0,,2,,0.00%,0,INVERSIONES,MEDIO_B,NO_CLIENTE,0,ALTO,0%,4,89,0,2139,250,0,54,RENTA,PREPARATORIA
2.01407E+16,142,CANCELADA,PENDIENTE,RECHAZADO,MALO,0,,,,,0,SIN COMPROBANTE,ALTO_B,NO_CLIENTE,0,ALTO,0%,5,89,0,0,0,0,57,RENTA,POSGRADO
2.01407E+16,142,RECHAZADA,PENDIENTE,RECHAZADO,MALO,0,,0,,,0,INVERSIONES,ALTO_A,NO_CLIENTE,5000,ALTO,0%,3,90,0,5114,390,0,28,PROPIA,POSGRADO
2.01407E+16,142,RECHAZADA,PENDIENTE,RECHAZADO,MALO,0,,2,,0.00%,0,INVERSIONES,MEDIO_A,NO_CLIENTE,0,ALTO,0%,2,92,0,139987,8310,0,44,HIPOTECA,PREPARATORIA
2.01407E+16,142,RECHAZADA,PENDIENTE,RECHAZADO,MALO,0,,,,,0,RECIBOS DE NOMINA,ALTO_A,NO_CLIENTE,0,ALTO,0%,4,93,0,0,0,0,38,PROPIA,POSGRADO
2.01408E+16,142,RECHAZADA,PENDIENTE,RECHAZADO,MALO,0,,,,,0,RECIBOS DE NOMINA,MEDIO_B,NO_CLIENTE,0,ALTO,0%,2,93,0,0,0,0,49,RENTA,PREPARATORIA
2.01407E+16,142,RECHAZADA,PENDIENTE,RECHAZADO,MALO,0,,,,,0,RECIBOS DE NOMINA,MEDIO_A,NO_CLIENTE,0,ALTO,0%,2,96,0,0,0,0,49,HIPOTECA,LICENCIATURA
2.01407E+16,142,RECHAZADA,PENDIENTE,RECHAZADO,MALO,0,,,,,0,RECIBOS DE NOMINA,MEDIO_A,NO_CLIENTE,0,ALTO,0%,4,99,0,0,0,0,34,HIPOTECA,LICENCIATURA
2.01407E+16,143,CANCELADA,PENDIENTE,RECHAZADO,MALO,0,,,,,0,INVERSIONES,MEDIO_B,NO_CLIENTE,0,ALTO,0%,2,92,0,0,0,0,40,FAMILIARES,PREPARATORIA
2.01408E+16,143,RECHAZADA,PENDIENTE,RECHAZADO,MALO,0,,0,,,0,INVERSIONES,MEDIO_A,NO_CLIENTE,28000,ALTO,0%,3,93,0,18934,1860,0,27,PROPIA,LICENCIATURA
2.01408E+16,143,RECHAZADA,PENDIENTE,RECHAZADO,MALO,0,,,,,0,RECIBOS DE NOMINA,ALTO_A,NO_CLIENTE,0,ALTO,0%,4,95,0,0,0,0,28,PROPIA,POSGRADO
2.01408E+16,143,RECHAZADA,PENDIENTE,RECHAZADO,MALO,0,,0,,,0,INVERSIONES,MEDIO_B,NO_CLIENTE,0,ALTO,0%,2,98,0,17114,330,0,34,RENTA,LICENCIATURA
2.01408E+16,143,RECHAZADA,PENDIENTE,RECHAZADO,MALO,0,,,,,0,RECIBOS DE NOMINA,MEDIO_A,NO_CLIENTE,0,ALTO,0%,4,98,0,0,0,0,58,HIPOTECA,LICENCIATURA
2.01407E+16,143,RECHAZADA,PENDIENTE,RECHAZADO,MALO,0,,,,,0,RECIBOS DE NOMINA,MEDIO_B,NO_CLIENTE,0,ALTO,0%,5,99,0,0,0,0,42,RENTA,PREPARATORIA
2.01407E+16,143,RECHAZADA,PENDIENTE,RECHAZADO,MALO,0,,1,,0.00%,0,INVERSIONES,MEDIO_B,NO_CLIENTE,0,ALTO,0%,1,99,0,218,0,0,29,FAMILIARES,PREPARATORIA
2.01408E+16,143,RECHAZADA,PENDIENTE,RECHAZADO,MALO,0,,,,,0,RECIBOS DE NOMINA,MEDIO_B,NO_CLIENTE,0,ALTO,0%,3,99,0,0,0,0,55,RENTA,LICENCIATURA
2.01408E+16,143,RECHAZADA,PENDIENTE,RECHAZADO,MALO,0,,,,,0,RECIBOS DE NOMINA,MEDIO_A,NO_CLIENTE,0,ALTO,0%,4,99,0,0,0,0,32,PROPIA,LICENCIATURA
2.01407E+16,144,RECHAZADA,PENDIENTE,RECHAZADO,MALO,0,,,,,0,RECIBOS DE NOMINA,ALTO_B,NO_CLIENTE,0,ALTO,0%,2,94,0,0,0,0,56,HIPOTECA,POSGRADO
2.01408E+16,144,RECHAZADA,PENDIENTE,RECHAZADO,MALO,0,,,,,0,RECIBOS DE NOMINA,ALTO_B,NO_CLIENTE,0,ALTO,0%,1,94,0,0,0,0,37,HIPOTECA,POSGRADO
2.01408E+16,144,RECHAZADA,PENDIENTE,RECHAZADO,MALO,0,,,,,0,RECIBOS DE NOMINA,MEDIO_A,NO_CLIENTE,0,ALTO,0%,4,95,0,0,0,0,47,HIPOTECA,LICENCIATURA
2.01408E+16,144,RECHAZADA,PENDIENTE,RECHAZADO,MALO,0,,,,,0,RECIBOS DE NOMINA,MEDIO_B,NO_CLIENTE,0,ALTO,0%,5,95,0,0,0,0,60,RENTA,LICENCIATURA
2.01408E+16,144,RECHAZADA,PENDIENTE,RECHAZADO,MALO,0,,,,,0,RECIBOS DE NOMINA,MEDIO_A,NO_CLIENTE,0,ALTO,0%,3,99,0,0,0,0,34,HIPOTECA,PREPARATORIA
2.01407E+16,144,RECHAZADA,PENDIENTE,RECHAZADO,MALO,0,,,,,0,RECIBOS DE NOMINA,ALTO_A,NO_CLIENTE,0,ALTO,0%,3,100,0,0,0,0,26,PROPIA,POSGRADO
2.01408E+16,144,RECHAZADA,PENDIENTE,RECHAZADO,MALO,0,,1,,,0,INVERSIONES,MEDIO_B,NO_CLIENTE,30000,ALTO,0%,2,100,0,4714,0,0,29,FAMILIARES,LICENCIATURA
2.01408E+16,144,RECHAZADA,PENDIENTE,RECHAZADO,MALO,0,,,,,0,RECIBOS DE NOMINA,MEDIO_A,NO_CLIENTE,0,ALTO,0%,1,101,0,0,0,0,36,HIPOTECA,LICENCIATURA
2.01408E+16,144,RECHAZADA,PENDIENTE,RECHAZADO,MALO,0,,,,,0,INVERSIONES,ALTO_B,NO_CLIENTE,0,ALTO,0%,1,101,0,0,0,0,47,FAMILIARES,POSGRADO
2.01407E+16,145,RECHAZADA,PENDIENTE,RECHAZADO,MALO,0,,0,,,0,RECIBOS DE NOMINA,MEDIO_A,NO_CLIENTE,0,ALTO,0%,3,90,0,8170,560,0,40,PROPIA,LICENCIATURA
2.01407E+16,145,CANCELADA,PENDIENTE,RECHAZADO,MALO,0,,,,,0,SIN COMPROBANTE,MEDIO_B,NO_CLIENTE,0,ALTO,0%,2,92,0,0,0,0,44,RENTA,PREPARATORIA
2.01408E+16,145,RECHAZADA,PENDIENTE,RECHAZADO,MALO,0,,,,,0,RECIBOS DE NOMINA,MEDIO_B,NO_CLIENTE,0,ALTO,0%,3,93,0,0,0,0,50,FAMILIARES,LICENCIATURA
2.01408E+16,145,RECHAZADA,PENDIENTE,RECHAZADO,MALO,0,,,,,0,RECIBOS DE NOMINA,ALTO_A,NO_CLIENTE,0,ALTO,0%,3,95,0,0,0,0,42,PROPIA,POSGRADO
2.01408E+16,145,RECHAZADA,PENDIENTE,RECHAZADO,MALO,0,,,,,0,RECIBOS DE NOMINA,ALTO_B,NO_CLIENTE,0,ALTO,0%,1,98,0,0,0,0,44,RENTA,POSGRADO
2.01407E+16,145,RECHAZADA,PENDIENTE,RECHAZADO,MALO,0,,,,,0,RECIBOS DE NOMINA,MEDIO_A,NO_CLIENTE,0,ALTO,0%,3,99,0,0,0,0,27,HIPOTECA,LICENCIATURA
2.01408E+16,145,RECHAZADA,PENDIENTE,RECHAZADO,MALO,0,,,,,0,RECIBOS DE NOMINA,MEDIO_A,NO_CLIENTE,0,ALTO,0%,0,100,0,0,0,0,50,HIPOTECA,PREPARATORIA
2.01408E+16,146,RECHAZADA,PENDIENTE,RECHAZADO,MALO,0,,,,,0,RECIBOS DE NOMINA,MEDIO_B,NO_CLIENTE,0,ALTO,0%,4,89,0,0,0,0,29,RENTA,LICENCIATURA
2.01407E+16,146,RECHAZADA,PENDIENTE,RECHAZADO,MALO,0,,,,,0,INVERSIONES,ALTO_B,NO_CLIENTE,0,ALTO,0%,5,90,0,0,0,0,43,RENTA,POSGRADO
2.01407E+16,146,RECHAZADA,PENDIENTE,RECHAZADO,MALO,0,,,,,0,RECIBOS DE NOMINA,ALTO_B,NO_CLIENTE,0,ALTO,0%,2,90,0,0,0,0,31,HIPOTECA,POSGRADO
2.01408E+16,146,RECHAZADA,PENDIENTE,RECHAZADO,MALO,0,,,,,0,RECIBOS DE NOMINA,MEDIO_A,NO_CLIENTE,0,ALTO,0%,5,92,0,0,0,0,42,HIPOTECA,LICENCIATURA
2.01407E+16,146,RECHAZADA,PENDIENTE,RECHAZADO,MALO,0,,,,,0,RECIBOS DE NOMINA,MEDIO_A,NO_CLIENTE,0,ALTO,0%,5,93,0,0,0,0,59,HIPOTECA,PREPARATORIA
2.01407E+16,146,RECHAZADA,PENDIENTE,RECHAZADO,MALO,0,,,,,0,RECIBOS DE NOMINA,MEDIO_B,NO_CLIENTE,0,ALTO,0%,4,94,0,0,0,0,51,RENTA,LICENCIATURA
2.01408E+16,146,RECHAZADA,PENDIENTE,RECHAZADO,MALO,0,,,,,0,RECIBOS DE NOMINA,ALTO_B,NO_CLIENTE,0,ALTO,0%,2,94,0,0,0,0,27,HIPOTECA,POSGRADO
2.01407E+16,146,RECHAZADA,PENDIENTE,RECHAZADO,MALO,0,,,,,0,RECIBOS DE NOMINA,ALTO_A,NO_CLIENTE,0,ALTO,0%,3,95,0,0,0,0,34,PROPIA,POSGRADO
2.01408E+16,146,RECHAZADA,PENDIENTE,RECHAZADO,MALO,0,,,,,0,INVERSIONES,MEDIO_B,NO_CLIENTE,0,ALTO,0%,3,95,0,0,0,0,37,RENTA,PREPARATORIA
2.01407E+16,146,RECHAZADA,PENDIENTE,RECHAZADO,MALO,0,,,,,0,RECIBOS DE NOMINA,MEDIO_A,NO_CLIENTE,0,ALTO,0%,1,96,0,0,0,0,57,HIPOTECA,PREPARATORIA
2.01408E+16,146,RECHAZADA,PENDIENTE,RECHAZADO,MALO,0,,,,,0,RECIBOS DE NOMINA,ALTO_A,NO_CLIENTE,0,ALTO,0%,3,99,0,0,0,0,32,PROPIA,POSGRADO
2.01407E+16,147,RECHAZADA,PENDIENTE,RECHAZADO,MALO,0,,0,,,0,INVERSIONES,MEDIO_A,NO_CLIENTE,0,ALTO,0%,3,91,0,857,348,0,31,PROPIA,LICENCIATURA
2.01407E+16,147,RECHAZADA,PENDIENTE,RECHAZADO,MALO,0,,,,,0,INVERSIONES,MEDIO_A,NO_CLIENTE,0,ALTO,0%,2,94,0,0,0,0,48,HIPOTECA,LICENCIATURA
2.01407E+16,147,RECHAZADA,PENDIENTE,RECHAZADO,MALO,0,,,,,0,RECIBOS DE NOMINA,ALTO_A,NO_CLIENTE,0,ALTO,0%,4,95,0,0,0,0,40,PROPIA,POSGRADO
2.01408E+16,147,RECHAZADA,PENDIENTE,RECHAZADO,MALO,0,,1,,0.00%,0,INVERSIONES,MEDIO_A,NO_CLIENTE,7000,ALTO,0%,4,95,0,5627,420,0,47,HIPOTECA,PREPARATORIA
2.01408E+16,147,RECHAZADA,PENDIENTE,RECHAZADO,MALO,0,,,,,0,RECIBOS DE NOMINA,MEDIO_A,NO_CLIENTE,0,ALTO,0%,4,96,0,0,0,0,52,PROPIA,LICENCIATURA
2.01407E+16,147,RECHAZADA,PENDIENTE,RECHAZADO,MALO,0,,,,,0,RECIBOS DE NOMINA,MEDIO_A,NO_CLIENTE,0,ALTO,0%,2,101,0,0,0,0,38,HIPOTECA,LICENCIATURA
2.01408E+16,148,RECHAZADA,PENDIENTE,RECHAZADO,MALO,0,,,,,0,RECIBOS DE NOMINA,ALTO_B,NO_CLIENTE,0,ALTO,0%,4,90,0,0,0,0,37,RENTA,POSGRADO
2.01408E+16,148,RECHAZADA,PENDIENTE,RECHAZADO,MALO,0,,,,,0,INVERSIONES,ALTO_B,NO_CLIENTE,0,ALTO,0%,4,95,0,0,0,0,60,FAMILIARES,POSGRADO
2.01407E+16,148,RECHAZADA,PENDIENTE,RECHAZADO,MALO,0,,,,,0,RECIBOS DE NOMINA,MEDIO_B,NO_CLIENTE,0,ALTO,0%,2,98,0,0,0,0,51,RENTA,PREPARATORIA
2.01407E+16,148,RECHAZADA,PENDIENTE,RECHAZADO,MALO,0,,,,,0,RECIBOS DE NOMINA,ALTO_B,NO_CLIENTE,0,ALTO,0%,2,99,0,0,0,0,47,FAMILIARES,POSGRADO
2.01408E+16,148,RECHAZADA,PENDIENTE,RECHAZADO,MALO,0,,1,,,0,INVERSIONES,MEDIO_B,NO_CLIENTE,27500,ALTO,0%,2,100,0,0,0,0,41,RENTA,PREPARATORIA
2.01407E+16,148,RECHAZADA,PENDIENTE,RECHAZADO,MALO,0,,,,,0,INVERSIONES,ALTO_A,NO_CLIENTE,0,ALTO,0%,3,101,0,0,0,0,51,PROPIA,POSGRADO
2.01408E+16,148,RECHAZADA,PENDIENTE,RECHAZADO,MALO,0,,,,,0,RECIBOS DE NOMINA,ALTO_B,NO_CLIENTE,0,ALTO,0%,0,101,0,0,0,0,47,RENTA,POSGRADO
2.01407E+16,149,RECHAZADA,PENDIENTE,RECHAZADO,MALO,0,,,,,0,DECLARACION ANUAL,ALTO_B,NO_CLIENTE,0,ALTO,0%,2,90,0,0,0,0,53,FAMILIARES,POSGRADO
2.01407E+16,149,RECHAZADA,PENDIENTE,RECHAZADO,MALO,0,,,,,0,RECIBOS DE NOMINA,MEDIO_A,NO_CLIENTE,0,ALTO,0%,3,91,0,0,0,0,53,HIPOTECA,PREPARATORIA
2.01408E+16,149,RECHAZADA,PENDIENTE,RECHAZADO,MALO,0,,,,,0,RECIBOS DE NOMINA,MEDIO_A,NO_CLIENTE,0,ALTO,0%,1,91,0,0,0,0,25,PROPIA,LICENCIATURA
2.01407E+16,149,RECHAZADA,PENDIENTE,RECHAZADO,MALO,0,,0,,,0,INVERSIONES,ALTO_A,NO_CLIENTE,0,ALTO,0%,2,92,0,54689,2220,0,27,PROPIA,POSGRADO
2.01407E+16,149,RECHAZADA,PENDIENTE,RECHAZADO,MALO,0,,,,,0,RECIBOS DE NOMINA,MEDIO_A,NO_CLIENTE,0,ALTO,0%,2,99,0,0,0,0,58,HIPOTECA,PREPARATORIA
2.01407E+16,150,RECHAZADA,PENDIENTE,RECHAZADO,MALO,0,,,,,0,RECIBOS DE NOMINA,ALTO_B,NO_CLIENTE,0,ALTO,0%,5,89,0,0,0,0,59,HIPOTECA,POSGRADO
2.01408E+16,150,RECHAZADA,PENDIENTE,RECHAZADO,MALO,0,,,,,0,RECIBOS DE NOMINA,MEDIO_B,NO_CLIENTE,0,ALTO,0%,3,93,0,0,0,0,45,RENTA,LICENCIATURA
2.01407E+16,150,RECHAZADA,PENDIENTE,RECHAZADO,MALO,0,,,,,0,RECIBOS DE NOMINA,MEDIO_B,NO_CLIENTE,0,ALTO,0%,2,97,0,0,0,0,57,FAMILIARES,LICENCIATURA
2.01407E+16,150,RECHAZADA,PENDIENTE,RECHAZADO,MALO,0,,,,,0,INVERSIONES,ALTO_B,NO_CLIENTE,0,ALTO,0%,1,98,0,0,0,0,46,RENTA,POSGRADO
2.01408E+16,150,RECHAZADA,PENDIENTE,RECHAZADO,MALO,0,,,,,0,INVERSIONES,MEDIO_B,NO_CLIENTE,0,ALTO,0%,1,101,0,0,0,0,35,FAMILIARES,LICENCIATURA
2.01408E+16,151,RECHAZADA,PENDIENTE,RECHAZADO,MALO,0,,,,,0,RECIBOS DE NOMINA,ALTO_B,NO_CLIENTE,0,ALTO,0%,2,91,0,0,0,0,36,FAMILIARES,POSGRADO
2.01408E+16,151,RECHAZADA,PENDIENTE,RECHAZADO,MALO,0,,,,,0,RECIBOS DE NOMINA,MEDIO_B,NO_CLIENTE,0,ALTO,0%,2,92,0,0,0,0,48,RENTA,LICENCIATURA
2.01408E+16,151,RECHAZADA,PENDIENTE,RECHAZADO,MALO,0,,,,,0,RECIBOS DE NOMINA,MEDIO_B,NO_CLIENTE,0,ALTO,0%,3,93,0,0,0,0,56,RENTA,LICENCIATURA
2.01407E+16,151,RECHAZADA,PENDIENTE,RECHAZADO,MALO,0,,,,,0,RECIBOS DE NOMINA,MEDIO_A,NO_CLIENTE,0,ALTO,0%,1,94,0,0,0,0,54,HIPOTECA,LICENCIATURA
2.01407E+16,151,CANCELADA,PENDIENTE,RECHAZADO,MALO,0,,,,,0,RECIBOS DE NOMINA,MEDIO_B,NO_CLIENTE,0,ALTO,0%,2,98,0,0,0,0,46,RENTA,PREPARATORIA
2.01407E+16,151,CANCELADA,PENDIENTE,RECHAZADO,MALO,0,,0,,,0,INVERSIONES,ALTO_B,NO_CLIENTE,0,ALTO,0%,2,99,0,12131,340,0,43,FAMILIARES,POSGRADO
2.01407E+16,151,RECHAZADA,PENDIENTE,RECHAZADO,MALO,0,,0,,,0,INVERSIONES,ALTO_B,NO_CLIENTE,0,ALTO,0%,3,99,0,14198,890,0,45,RENTA,POSGRADO
2.01408E+16,151,EN_PROCESO,PENDIENTE,RECHAZADO,MALO,0,,1,,,0,INVERSIONES,MEDIO_B,NO_CLIENTE,94500,ALTO,0%,1,101,0,22807,1190,0,39,FAMILIARES,PREPARATORIA
2.01407E+16,152,RECHAZADA,PENDIENTE,RECHAZADO,MALO,0,,,,,0,RECIBOS DE NOMINA,ALTO_B,NO_CLIENTE,0,ALTO,0%,5,89,0,0,0,0,60,RENTA,POSGRADO
2.01408E+16,152,RECHAZADA,PENDIENTE,RECHAZADO,MALO,0,,,,,0,RECIBOS DE NOMINA,MEDIO_A,NO_CLIENTE,0,ALTO,0%,5,89,0,0,0,0,27,HIPOTECA,LICENCIATURA
2.01408E+16,152,RECHAZADA,PENDIENTE,RECHAZADO,MALO,0,,,,,0,RECIBOS DE NOMINA,MEDIO_A,NO_CLIENTE,0,ALTO,0%,2,91,0,0,0,0,46,HIPOTECA,PREPARATORIA
2.01407E+16,152,CANCELADA,PENDIENTE,RECHAZADO,MALO,0,,,,,0,INVERSIONES,MEDIO_B,NO_CLIENTE,0,ALTO,0%,1,92,0,0,0,0,47,RENTA,LICENCIATURA
2.01408E+16,152,RECHAZADA,PENDIENTE,RECHAZADO,MALO,0,,,,,0,INVERSIONES,ALTO_A,NO_CLIENTE,0,ALTO,0%,4,92,0,0,0,0,53,PROPIA,POSGRADO
2.01407E+16,152,RECHAZADA,PENDIENTE,RECHAZADO,MALO,0,,,,,0,RECIBOS DE NOMINA,ALTO_B,NO_CLIENTE,0,ALTO,0%,4,93,0,0,0,0,26,RENTA,POSGRADO
2.01408E+16,152,RECHAZADA,PENDIENTE,RECHAZADO,MALO,0,,,,,0,INVERSIONES,MEDIO_A,NO_CLIENTE,0,ALTO,0%,3,97,0,0,0,0,59,PROPIA,LICENCIATURA
2.01407E+16,152,RECHAZADA,PENDIENTE,RECHAZADO,MALO,0,,1,,0.00%,0,INVERSIONES,MEDIO_B,NO_CLIENTE,0,ALTO,0%,5,99,0,6003,0,0,34,FAMILIARES,PREPARATORIA
2.01407E+16,152,RECHAZADA,PENDIENTE,RECHAZADO,MALO,0,,0,,,0,INVERSIONES,MEDIO_A,NO_CLIENTE,0,ALTO,0%,3,99,0,1947,250,0,39,PROPIA,LICENCIATURA
2.01408E+16,152,RECHAZADA,PENDIENTE,RECHAZADO,MALO,0,,,,,0,RECIBOS DE NOMINA,BAJO_A,NO_CLIENTE,0,ALTO,0%,3,99,0,0,0,0,47,FAMILIARES,SECUNDARIA
2.01408E+16,152,RECHAZADA,PENDIENTE,RECHAZADO,MALO,0,,,,,0,RECIBOS DE NOMINA,ALTO_A,NO_CLIENTE,0,ALTO,0%,0,101,0,0,0,0,32,PROPIA,POSGRADO
2.01407E+16,153,RECHAZADA,PENDIENTE,RECHAZADO,MALO,0,,,,,0,RECIBOS DE NOMINA,MEDIO_A,NO_CLIENTE,0,ALTO,0%,4,91,0,0,0,0,36,HIPOTECA,PREPARATORIA
2.01407E+16,153,RECHAZADA,PENDIENTE,RECHAZADO,MALO,0,,,,,0,INVERSIONES,ALTO_A,NO_CLIENTE,0,ALTO,0%,3,94,0,0,0,0,41,PROPIA,POSGRADO
2.01408E+16,153,RECHAZADA,PENDIENTE,RECHAZADO,MALO,0,,,,,0,RECIBOS DE NOMINA,ALTO_B,NO_CLIENTE,0,ALTO,0%,2,94,0,0,0,0,44,RENTA,POSGRADO
2.01408E+16,153,RECHAZADA,PENDIENTE,RECHAZADO,MALO,0,,,,,0,INVERSIONES,MEDIO_B,NO_CLIENTE,0,ALTO,0%,1,95,0,0,0,0,58,FAMILIARES,LICENCIATURA
2.01408E+16,153,RECHAZADA,PENDIENTE,RECHAZADO,MALO,0,,,,,0,RECIBOS DE NOMINA,MEDIO_A,NO_CLIENTE,0,ALTO,0%,1,99,0,0,0,0,59,PROPIA,LICENCIATURA
2.01407E+16,153,RECHAZADA,PENDIENTE,RECHAZADO,MALO,0,,2,,0.00%,0,INVERSIONES,MEDIO_B,NO_CLIENTE,0,ALTO,0%,4,101,0,5345,500,0,29,FAMILIARES,PREPARATORIA
2.01408E+16,154,RECHAZADA,PENDIENTE,RECHAZADO,MALO,0,,,,,0,INVERSIONES,ALTO_A,NO_CLIENTE,0,ALTO,0%,5,89,0,0,0,0,46,PROPIA,POSGRADO
2.01407E+16,154,RECHAZADA,PENDIENTE,RECHAZADO,MALO,0,,,,,0,INVERSIONES,ALTO_B,NO_CLIENTE,0,ALTO,0%,2,93,0,0,0,0,54,RENTA,POSGRADO
2.01407E+16,154,RECHAZADA,PENDIENTE,RECHAZADO,MALO,0,,,,,0,INVERSIONES,MEDIO_B,NO_CLIENTE,0,ALTO,0%,5,93,0,0,0,0,58,FAMILIARES,LICENCIATURA
2.01408E+16,154,RECHAZADA,PENDIENTE,RECHAZADO,MALO,0,,,,,0,RECIBOS DE NOMINA,MEDIO_A,NO_CLIENTE,0,ALTO,0%,1,93,0,0,0,0,40,HIPOTECA,LICENCIATURA
2.01407E+16,154,RECHAZADA,PENDIENTE,RECHAZADO,MALO,0,,,,,0,RECIBOS DE NOMINA,MEDIO_B,NO_CLIENTE,0,ALTO,0%,5,94,0,0,0,0,44,FAMILIARES,PREPARATORIA
2.01407E+16,154,RECHAZADA,PENDIENTE,RECHAZADO,MALO,0,,,,,0,RECIBOS DE NOMINA,MEDIO_B,NO_CLIENTE,0,ALTO,0%,5,94,0,0,0,0,32,FAMILIARES,LICENCIATURA
2.01406E+16,154,RECHAZADA,PENDIENTE,RECHAZADO,MALO,0,,,,,0,INVERSIONES,MEDIO_A,NO_CLIENTE,0,ALTO,0%,3,96,0,0,0,0,34,PROPIA,LICENCIATURA
2.01408E+16,154,RECHAZADA,PENDIENTE,RECHAZADO,MALO,0,,,,,0,RECIBOS DE NOMINA,ALTO_B,NO_CLIENTE,0,ALTO,0%,2,96,0,0,0,0,40,RENTA,POSGRADO
2.01408E+16,154,RECHAZADA,PENDIENTE,RECHAZADO,MALO,0,,,,,0,INVERSIONES,BAJO_A,NO_CLIENTE,0,ALTO,0%,3,96,0,0,0,0,51,FAMILIARES,SECUNDARIA
2.01408E+16,154,RECHAZADA,PENDIENTE,RECHAZADO,MALO,0,,,,,0,INVERSIONES,MEDIO_B,NO_CLIENTE,0,ALTO,0%,4,97,0,0,0,0,35,FAMILIARES,LICENCIATURA
2.01408E+16,155,RECHAZADA,PENDIENTE,RECHAZADO,MALO,0,,,,,0,RECIBOS DE NOMINA,MEDIO_B,NO_CLIENTE,0,ALTO,0%,5,89,0,0,0,0,52,FAMILIARES,PREPARATORIA
2.01407E+16,155,RECHAZADA,PENDIENTE,RECHAZADO,MALO,0,,0,,,0,INVERSIONES,MEDIO_A,NO_CLIENTE,0,ALTO,0%,2,92,0,25897,1790,0,46,PROPIA,LICENCIATURA
2.01408E+16,155,RECHAZADA,PENDIENTE,RECHAZADO,MALO,0,,,,,0,SIN COMPROBANTE,MEDIO_A,NO_CLIENTE,0,ALTO,0%,5,92,0,0,0,0,60,PROPIA,LICENCIATURA
2.01408E+16,155,RECHAZADA,PENDIENTE,RECHAZADO,MALO,0,,,,,0,INVERSIONES,MEDIO_A,NO_CLIENTE,0,ALTO,0%,1,94,0,0,0,0,25,HIPOTECA,PREPARATORIA
2.01406E+16,155,RECHAZADA,PENDIENTE,RECHAZADO,MALO,0,,,,,0,RECIBOS DE NOMINA,MEDIO_A,NO_CLIENTE,0,ALTO,0%,5,96,0,0,0,0,54,HIPOTECA,PREPARATORIA
2.01408E+16,155,RECHAZADA,PENDIENTE,RECHAZADO,MALO,0,,,,,0,RECIBOS DE NOMINA,MEDIO_B,NO_CLIENTE,0,ALTO,0%,2,99,0,0,0,0,38,RENTA,LICENCIATURA
2.01408E+16,155,RECHAZADA,PENDIENTE,RECHAZADO,MALO,0,,1,,0.00%,0,INVERSIONES,MEDIO_B,NO_CLIENTE,176500,ALTO,0%,1,99,0,167320,6270,0,43,RENTA,LICENCIATURA
2.01407E+16,155,RECHAZADA,PENDIENTE,RECHAZADO,MALO,0,,1,,0.00%,0,INVERSIONES,MEDIO_A,NO_CLIENTE,0,ALTO,0%,4,100,0,955,572,0,45,HIPOTECA,PREPARATORIA
2.01408E+16,155,RECHAZADA,PENDIENTE,RECHAZADO,MALO,0,,,,,0,RECIBOS DE NOMINA,MEDIO_B,NO_CLIENTE,0,ALTO,0%,3,101,0,0,0,0,40,FAMILIARES,PREPARATORIA
2.01408E+16,156,RECHAZADA,PENDIENTE,RECHAZADO,MALO,0,,,,,0,RECIBOS DE NOMINA,MEDIO_B,NO_CLIENTE,0,ALTO,0%,4,89,0,0,0,0,45,RENTA,PREPARATORIA
2.01408E+16,156,RECHAZADA,PENDIENTE,RECHAZADO,MALO,0,,,,,0,RECIBOS DE NOMINA,MEDIO_B,NO_CLIENTE,0,ALTO,0%,5,90,0,0,0,0,26,RENTA,LICENCIATURA
2.01406E+16,156,RECHAZADA,PENDIENTE,RECHAZADO,MALO,0,,,,,0,RECIBOS DE NOMINA,BAJO_A,NO_CLIENTE,0,ALTO,0%,5,91,0,0,0,0,47,FAMILIARES,SECUNDARIA
2.01407E+16,156,RECHAZADA,PENDIENTE,RECHAZADO,MALO,0,,,,,0,RECIBOS DE NOMINA,MEDIO_B,NO_CLIENTE,0,ALTO,0%,1,91,0,0,0,0,31,RENTA,LICENCIATURA
2.01408E+16,156,RECHAZADA,PENDIENTE,RECHAZADO,MALO,0,,0,,0.00%,0,RECIBOS DE NOMINA,MEDIO_B,NO_CLIENTE,76000,ALTO,0%,3,91,0,0,0,0,25,RENTA,LICENCIATURA
2.01407E+16,156,RECHAZADA,PENDIENTE,RECHAZADO,MALO,0,,,,,0,RECIBOS DE NOMINA,ALTO_B,NO_CLIENTE,0,ALTO,0%,3,93,0,0,0,0,47,RENTA,POSGRADO
2.01407E+16,156,RECHAZADA,PENDIENTE,RECHAZADO,MALO,0,,,,,0,RECIBOS DE NOMINA,ALTO_A,NO_CLIENTE,0,ALTO,0%,3,96,0,0,0,0,40,PROPIA,POSGRADO
2.01407E+16,156,RECHAZADA,PENDIENTE,RECHAZADO,MALO,0,,,,,0,INVERSIONES,MEDIO_A,NO_CLIENTE,0,ALTO,0%,2,98,0,0,0,0,51,HIPOTECA,PREPARATORIA
2.01408E+16,157,RECHAZADA,PENDIENTE,RECHAZADO,MALO,0,,,,,0,RECIBOS DE NOMINA,ALTO_A,NO_CLIENTE,0,ALTO,0%,4,94,0,0,0,0,47,PROPIA,POSGRADO
2.01407E+16,157,RECHAZADA,PENDIENTE,RECHAZADO,MALO,0,,,,,0,RECIBOS DE NOMINA,ALTO_B,NO_CLIENTE,0,ALTO,0%,3,96,0,0,0,0,26,FAMILIARES,POSGRADO
2.01407E+16,157,RECHAZADA,PENDIENTE,RECHAZADO,MALO,0,,,,,0,RECIBOS DE NOMINA,ALTO_B,NO_CLIENTE,0,ALTO,0%,3,97,0,0,0,0,55,FAMILIARES,POSGRADO
2.01407E+16,158,RECHAZADA,PENDIENTE,RECHAZADO,MALO,0,,,,,0,RECIBOS DE NOMINA,MEDIO_B,NO_CLIENTE,0,ALTO,0%,5,93,0,0,0,0,32,FAMILIARES,PREPARATORIA
2.01408E+16,158,RECHAZADA,PENDIENTE,RECHAZADO,MALO,0,,,,,0,INVERSIONES,ALTO_A,NO_CLIENTE,0,ALTO,0%,2,93,0,0,0,0,36,PROPIA,POSGRADO
2.01408E+16,158,RECHAZADA,PENDIENTE,RECHAZADO,MALO,0,,,,,0,RECIBOS DE NOMINA,MEDIO_A,NO_CLIENTE,0,ALTO,0%,3,98,0,0,0,0,60,PROPIA,LICENCIATURA
2.01407E+16,158,RECHAZADA,PENDIENTE,RECHAZADO,MALO,0,,,,,0,RECIBOS DE NOMINA,MEDIO_B,NO_CLIENTE,0,ALTO,0%,2,99,0,0,0,0,31,FAMILIARES,LICENCIATURA
2.01407E+16,158,CANCELADA,PENDIENTE,RECHAZADO,MALO,0,,,,,0,RECIBOS DE NOMINA,MEDIO_A,NO_CLIENTE,0,ALTO,0%,2,100,0,0,0,0,44,HIPOTECA,PREPARATORIA
2.01407E+16,158,CANCELADA,PENDIENTE,RECHAZADO,MALO,0,,,,,0,SIN COMPROBANTE,MEDIO_A,NO_CLIENTE,0,ALTO,0%,4,101,0,0,0,0,58,HIPOTECA,LICENCIATURA
2.01407E+16,159,RECHAZADA,PENDIENTE,RECHAZADO,MALO,0,,,,,0,RECIBOS DE NOMINA,MEDIO_B,NO_CLIENTE,0,ALTO,0%,4,89,0,0,0,0,25,FAMILIARES,LICENCIATURA
2.01408E+16,159,RECHAZADA,PENDIENTE,RECHAZADO,MALO,0,,,,,0,RECIBOS DE NOMINA,MEDIO_B,NO_CLIENTE,0,ALTO,0%,3,90,0,0,0,0,28,FAMILIARES,PREPARATORIA
2.01408E+16,159,RECHAZADA,PENDIENTE,RECHAZADO,MALO,0,,,,,0,RECIBOS DE NOMINA,ALTO_A,NO_CLIENTE,0,ALTO,0%,5,93,0,0,0,0,34,PROPIA,POSGRADO
2.01408E+16,159,RECHAZADA,PENDIENTE,RECHAZADO,MALO,0,,,,,0,RECIBOS DE NOMINA,MEDIO_B,NO_CLIENTE,0,ALTO,0%,1,96,0,0,0,0,51,FAMILIARES,LICENCIATURA
2.01408E+16,159,RECHAZADA,PENDIENTE,RECHAZADO,MALO,0,,,,,0,INVERSIONES,MEDIO_A,NO_CLIENTE,0,ALTO,0%,3,98,0,0,0,0,55,HIPOTECA,PREPARATORIA
2.01408E+16,160,RECHAZADA,PENDIENTE,RECHAZADO,MALO,0,,,,,0,RECIBOS DE NOMINA,ALTO_A,NO_CLIENTE,0,ALTO,0%,1,93,0,0,0,0,31,PROPIA,POSGRADO
2.01407E+16,160,RECHAZADA,PENDIENTE,RECHAZADO,MALO,0,,0,,,0,INVERSIONES,MEDIO_A,NO_CLIENTE,0,ALTO,0%,5,94,0,5001,2890,0,38,HIPOTECA,LICENCIATURA
2.01408E+16,160,RECHAZADA,PENDIENTE,RECHAZADO,MALO,0,,,,,0,RECIBOS DE NOMINA,MEDIO_A,NO_CLIENTE,0,ALTO,0%,2,96,0,0,0,0,48,HIPOTECA,PREPARATORIA
2.01407E+16,160,RECHAZADA,PENDIENTE,RECHAZADO,MALO,0,,0,,,0,INVERSIONES,MEDIO_B,NO_CLIENTE,0,ALTO,0%,1,97,0,47354,2760,0,39,FAMILIARES,LICENCIATURA
2.01408E+16,160,RECHAZADA,PENDIENTE,RECHAZADO,MALO,0,,,,,0,RECIBOS DE NOMINA,MEDIO_A,NO_CLIENTE,0,ALTO,0%,2,99,0,0,0,0,49,PROPIA,LICENCIATURA
2.01407E+16,160,RECHAZADA,PENDIENTE,RECHAZADO,MALO,0,,2,,0.00%,0,RECIBOS DE NOMINA,MEDIO_B,NO_CLIENTE,0,ALTO,0%,3,100,0,7268,460,0,36,FAMILIARES,PREPARATORIA
2.01408E+16,161,RECHAZADA,PENDIENTE,RECHAZADO,MALO,0,,,,,0,RECIBOS DE NOMINA,ALTO_B,NO_CLIENTE,0,ALTO,0%,3,90,0,0,0,0,49,HIPOTECA,POSGRADO
2.01407E+16,161,RECHAZADA,PENDIENTE,RECHAZADO,MALO,0,,,,,0,RECIBOS DE NOMINA,ALTO_B,NO_CLIENTE,0,ALTO,0%,3,92,0,0,0,0,48,FAMILIARES,POSGRADO
2.01408E+16,161,RECHAZADA,PENDIENTE,RECHAZADO,MALO,0,,,,,0,INVERSIONES,ALTO_B,NO_CLIENTE,0,ALTO,0%,3,94,0,0,0,0,55,RENTA,POSGRADO
2.01408E+16,161,RECHAZADA,PENDIENTE,RECHAZADO,MALO,0,,,,,0,RECIBOS DE NOMINA,MEDIO_A,NO_CLIENTE,0,ALTO,0%,2,95,0,0,0,0,42,PROPIA,LICENCIATURA
2.01408E+16,161,RECHAZADA,PENDIENTE,RECHAZADO,MALO,0,,,,,0,RECIBOS DE NOMINA,MEDIO_A,NO_CLIENTE,0,ALTO,0%,2,99,0,0,0,0,52,PROPIA,LICENCIATURA
2.01407E+16,161,RECHAZADA,PENDIENTE,RECHAZADO,MALO,0,,,,,0,INVERSIONES,MEDIO_B,NO_CLIENTE,0,ALTO,0%,1,100,0,0,0,0,34,FAMILIARES,PREPARATORIA
2.01408E+16,161,RECHAZADA,PENDIENTE,RECHAZADO,MALO,0,,,,,0,SIN COMPROBANTE,MEDIO_B,NO_CLIENTE,0,ALTO,0%,2,100,0,0,0,0,56,RENTA,PREPARATORIA
2.01408E+16,161,RECHAZADA,PENDIENTE,RECHAZADO,MALO,0,,0,,0.00%,0,INVERSIONES,MEDIO_B,NO_CLIENTE,53600,ALTO,0%,2,100,0,29045,1350,0,28,FAMILIARES,PREPARATORIA
2.01408E+16,161,RECHAZADA,PENDIENTE,RECHAZADO,MALO,0,,1,,,0,INVERSIONES,MEDIO_A,NO_CLIENTE,35000,ALTO,0%,3,100,0,23519,860,0,29,PROPIA,LICENCIATURA
2.01407E+16,161,RECHAZADA,PENDIENTE,RECHAZADO,MALO,0,,,,,0,RECIBOS DE NOMINA,MEDIO_B,NO_CLIENTE,0,ALTO,0%,3,101,0,0,0,0,40,FAMILIARES,LICENCIATURA
2.01408E+16,161,RECHAZADA,PENDIENTE,RECHAZADO,MALO,0,,,,,0,INVERSIONES,MEDIO_B,NO_CLIENTE,0,ALTO,0%,0,101,0,0,0,0,49,FAMILIARES,LICENCIATURA
2.01407E+16,162,RECHAZADA,PENDIENTE,RECHAZADO,MALO,0,,,,,0,INVERSIONES,ALTO_B,NO_CLIENTE,0,ALTO,0%,3,94,0,0,0,0,56,FAMILIARES,POSGRADO
2.01407E+16,162,RECHAZADA,PENDIENTE,RECHAZADO,MALO,0,,0,,,0,INVERSIONES,MEDIO_A,NO_CLIENTE,0,ALTO,0%,4,97,0,496,250,0,35,HIPOTECA,LICENCIATURA
2.01408E+16,162,RECHAZADA,PENDIENTE,RECHAZADO,MALO,0,,,,,0,INVERSIONES,MEDIO_B,NO_CLIENTE,0,ALTO,0%,3,97,0,0,0,0,55,FAMILIARES,LICENCIATURA
2.01408E+16,162,RECHAZADA,PENDIENTE,RECHAZADO,MALO,0,,,,,0,RECIBOS DE NOMINA,MEDIO_A,NO_CLIENTE,0,ALTO,0%,3,97,0,0,0,0,45,HIPOTECA,PREPARATORIA
2.01408E+16,162,RECHAZADA,PENDIENTE,RECHAZADO,MALO,0,,,,,0,RECIBOS DE NOMINA,ALTO_B,NO_CLIENTE,0,ALTO,0%,1,97,0,0,0,0,41,HIPOTECA,POSGRADO
2.01407E+16,163,RECHAZADA,PENDIENTE,RECHAZADO,MALO,0,,,,,0,INVERSIONES,MEDIO_A,NO_CLIENTE,0,ALTO,0%,4,89,0,0,0,0,37,HIPOTECA,LICENCIATURA
2.01407E+16,163,RECHAZADA,PENDIENTE,RECHAZADO,MALO,0,,0,,,0,INVERSIONES,MEDIO_A,NO_CLIENTE,0,ALTO,0%,4,89,0,44691,0,0,55,PROPIA,LICENCIATURA
2.01407E+16,163,RECHAZADA,PENDIENTE,RECHAZADO,MALO,0,,,,,0,RECIBOS DE NOMINA,MEDIO_A,NO_CLIENTE,0,ALTO,0%,4,89,0,0,0,0,30,HIPOTECA,PREPARATORIA
2.01408E+16,163,RECHAZADA,PENDIENTE,RECHAZADO,MALO,0,,,,,0,INVERSIONES,MEDIO_B,NO_CLIENTE,0,ALTO,0%,5,89,0,0,0,0,42,RENTA,PREPARATORIA
2.01408E+16,163,RECHAZADA,PENDIENTE,RECHAZADO,MALO,0,,,,,0,INVERSIONES,ALTO_B,NO_CLIENTE,0,ALTO,0%,4,89,0,0,0,0,52,RENTA,POSGRADO
2.01408E+16,163,RECHAZADA,PENDIENTE,RECHAZADO,MALO,0,,0,,,0,RECIBOS DE NOMINA,MEDIO_B,NO_CLIENTE,296000,ALTO,0%,4,89,0,30397,1830,0,25,RENTA,LICENCIATURA
2.01407E+16,163,RECHAZADA,PENDIENTE,RECHAZADO,MALO,0,,,,,0,INVERSIONES,MEDIO_A,NO_CLIENTE,0,ALTO,0%,1,91,0,0,0,0,51,HIPOTECA,LICENCIATURA
2.01407E+16,163,RECHAZADA,PENDIENTE,RECHAZADO,MALO,0,,,,,0,RECIBOS DE NOMINA,MEDIO_B,NO_CLIENTE,0,ALTO,0%,1,92,0,0,0,0,41,FAMILIARES,LICENCIATURA
2.01407E+16,163,RECHAZADA,PENDIENTE,RECHAZADO,MALO,0,,,,,0,RECIBOS DE NOMINA,MEDIO_B,NO_CLIENTE,0,ALTO,0%,3,95,0,0,0,0,48,FAMILIARES,PREPARATORIA
2.01407E+16,163,RECHAZADA,PENDIENTE,RECHAZADO,MALO,0,,0,,,0,INVERSIONES,MEDIO_A,NO_CLIENTE,0,ALTO,0%,3,97,0,227,227,0,49,PROPIA,LICENCIATURA
2.01408E+16,163,RECHAZADA,PENDIENTE,RECHAZADO,MALO,0,,,,,0,RECIBOS DE NOMINA,MEDIO_B,NO_CLIENTE,0,ALTO,0%,0,101,0,0,0,0,58,FAMILIARES,LICENCIATURA
2.01407E+16,164,RECHAZADA,PENDIENTE,RECHAZADO,MALO,0,,,,,0,RECIBOS DE NOMINA,MEDIO_A,NO_CLIENTE,0,ALTO,0%,1,92,0,0,0,0,43,HIPOTECA,LICENCIATURA
2.01407E+16,164,RECHAZADA,PENDIENTE,RECHAZADO,MALO,0,,,,,0,RECIBOS DE NOMINA,MEDIO_B,NO_CLIENTE,0,ALTO,0%,4,92,0,0,0,0,57,FAMILIARES,PREPARATORIA
2.01407E+16,164,RECHAZADA,PENDIENTE,RECHAZADO,MALO,0,,,,,0,RECIBOS DE NOMINA,MEDIO_B,NO_CLIENTE,0,ALTO,0%,3,93,0,0,0,0,36,FAMILIARES,LICENCIATURA
2.01407E+16,164,RECHAZADA,PENDIENTE,RECHAZADO,MALO,0,,,,,0,INVERSIONES,MEDIO_A,NO_CLIENTE,0,ALTO,0%,5,93,0,0,0,0,32,HIPOTECA,PREPARATORIA
2.01408E+16,165,RECHAZADA,PENDIENTE,RECHAZADO,MALO,0,,,,,0,RECIBOS DE NOMINA,MEDIO_A,NO_CLIENTE,0,ALTO,0%,4,90,0,0,0,0,49,HIPOTECA,PREPARATORIA
2.01407E+16,165,RECHAZADA,PENDIENTE,RECHAZADO,MALO,0,,,,,0,INVERSIONES,MEDIO_A,NO_CLIENTE,0,ALTO,0%,2,91,0,0,0,0,25,PROPIA,LICENCIATURA
2.01408E+16,165,RECHAZADA,PENDIENTE,RECHAZADO,MALO,0,,,,,0,RECIBOS DE NOMINA,MEDIO_A,NO_CLIENTE,0,ALTO,0%,5,91,0,0,0,0,40,PROPIA,LICENCIATURA
2.01407E+16,165,RECHAZADA,PENDIENTE,RECHAZADO,MALO,0,,,,,0,RECIBOS DE NOMINA,MEDIO_A,NO_CLIENTE,0,ALTO,0%,1,92,0,0,0,0,55,HIPOTECA,PREPARATORIA
2.01408E+16,165,RECHAZADA,PENDIENTE,RECHAZADO,MALO,0,,,,,0,RECIBOS DE NOMINA,MEDIO_A,NO_CLIENTE,0,ALTO,0%,5,92,0,0,0,0,27,HIPOTECA,PREPARATORIA
2.01408E+16,165,RECHAZADA,PENDIENTE,RECHAZADO,MALO,0,,,,,0,RECIBOS DE NOMINA,ALTO_B,NO_CLIENTE,0,ALTO,0%,4,94,0,0,0,0,39,RENTA,POSGRADO
2.01408E+16,165,RECHAZADA,PENDIENTE,RECHAZADO,MALO,0,,,,,0,RECIBOS DE NOMINA,MEDIO_A,NO_CLIENTE,0,ALTO,0%,2,95,0,0,0,0,33,HIPOTECA,PREPARATORIA
2.01408E+16,165,RECHAZADA,PENDIENTE,RECHAZADO,MALO,0,,,,,0,INVERSIONES,ALTO_A,NO_CLIENTE,0,ALTO,0%,5,99,0,0,0,0,44,PROPIA,POSGRADO
2.01408E+16,165,RECHAZADA,PENDIENTE,RECHAZADO,MALO,0,,1,,,0,INVERSIONES,MEDIO_B,NO_CLIENTE,5500,ALTO,0%,0,101,0,0,0,0,43,RENTA,PREPARATORIA
2.01408E+16,166,RECHAZADA,PENDIENTE,RECHAZADO,MALO,0,,,,,0,RECIBOS DE NOMINA,MEDIO_A,NO_CLIENTE,0,ALTO,0%,4,89,0,0,0,0,52,PROPIA,LICENCIATURA
2.01407E+16,166,RECHAZADA,PENDIENTE,RECHAZADO,MALO,0,,,,,0,RECIBOS DE NOMINA,MEDIO_B,NO_CLIENTE,0,ALTO,0%,2,92,0,0,0,0,52,FAMILIARES,PREPARATORIA
2.01407E+16,166,RECHAZADA,PENDIENTE,RECHAZADO,MALO,0,,,,,0,RECIBOS DE NOMINA,ALTO_A,NO_CLIENTE,0,ALTO,0%,4,94,0,0,0,0,45,PROPIA,POSGRADO
2.01408E+16,166,RECHAZADA,PENDIENTE,RECHAZADO,MALO,0,,,,,0,RECIBOS DE NOMINA,MEDIO_A,NO_CLIENTE,0,ALTO,0%,4,100,0,0,0,0,50,HIPOTECA,LICENCIATURA
2.01408E+16,167,RECHAZADA,PENDIENTE,RECHAZADO,MALO,0,,,,,0,RECIBOS DE NOMINA,ALTO_B,NO_CLIENTE,0,ALTO,0%,2,91,0,0,0,0,30,RENTA,POSGRADO
2.01408E+16,167,RECHAZADA,PENDIENTE,RECHAZADO,MALO,0,,,,,0,RECIBOS DE NOMINA,MEDIO_A,NO_CLIENTE,0,ALTO,0%,4,94,0,0,0,0,41,PROPIA,LICENCIATURA
2.01408E+16,167,RECHAZADA,PENDIENTE,RECHAZADO,MALO,0,,,,,0,RECIBOS DE NOMINA,ALTO_A,NO_CLIENTE,0,ALTO,0%,3,97,0,0,0,0,47,PROPIA,POSGRADO
2.01406E+16,167,RECHAZADA,PENDIENTE,RECHAZADO,MALO,0,,2,,0.00%,0,INVERSIONES,MEDIO_B,NO_CLIENTE,0,ALTO,0%,5,99,0,2231,250,0,57,RENTA,PREPARATORIA
2.01408E+16,167,RECHAZADA,PENDIENTE,RECHAZADO,MALO,0,,,,,0,RECIBOS DE NOMINA,ALTO_B,NO_CLIENTE,0,ALTO,0%,3,99,0,0,0,0,40,HIPOTECA,POSGRADO
2.01408E+16,168,RECHAZADA,PENDIENTE,RECHAZADO,MALO,0,,,,,0,INVERSIONES,MEDIO_A,NO_CLIENTE,0,ALTO,0%,4,89,0,0,0,0,48,HIPOTECA,PREPARATORIA
2.01407E+16,168,EN_PROCESO,PENDIENTE,RECHAZADO,MALO,0,,,,,0,INVERSIONES,MEDIO_B,NO_CLIENTE,0,ALTO,0%,2,92,0,0,0,0,43,HIPOTECA,POSGRADO
2.01407E+16,168,RECHAZADA,PENDIENTE,RECHAZADO,MALO,0,,0,,,0,RECIBOS DE NOMINA,ALTO_A,NO_CLIENTE,0,ALTO,0%,1,93,0,22202,960,0,34,PROPIA,POSGRADO
2.01408E+16,168,RECHAZADA,PENDIENTE,RECHAZADO,MALO,0,,0,,,0,RECIBOS DE NOMINA,MEDIO_A,NO_CLIENTE,25500,ALTO,0%,4,95,0,2652,0,0,37,PROPIA,LICENCIATURA
2.01408E+16,168,RECHAZADA,PENDIENTE,RECHAZADO,MALO,0,,,,,0,RECIBOS DE NOMINA,MEDIO_B,NO_CLIENTE,0,ALTO,0%,5,97,0,0,0,0,43,RENTA,LICENCIATURA
2.01408E+16,168,RECHAZADA,PENDIENTE,RECHAZADO,MALO,0,,,,,0,INVERSIONES,ALTO_B,NO_CLIENTE,0,ALTO,0%,0,101,0,0,0,0,51,HIPOTECA,POSGRADO
2.01407E+16,169,RECHAZADA,PENDIENTE,RECHAZADO,MALO,0,,,,,0,INVERSIONES,MEDIO_B,NO_CLIENTE,0,ALTO,0%,5,89,0,0,0,0,28,RENTA,LICENCIATURA
2.01408E+16,169,RECHAZADA,PENDIENTE,RECHAZADO,MALO,0,,,,,0,RECIBOS DE NOMINA,ALTO_B,NO_CLIENTE,0,ALTO,0%,3,90,0,0,0,0,56,HIPOTECA,POSGRADO
2.01408E+16,169,RECHAZADA,PENDIENTE,RECHAZADO,MALO,0,,0,,,0,RECIBOS DE NOMINA,MEDIO_B,NO_CLIENTE,3000,ALTO,0%,4,92,0,3423,250,0,60,RENTA,LICENCIATURA
2.01408E+16,169,RECHAZADA,PENDIENTE,RECHAZADO,MALO,0,,,,,0,INVERSIONES,ALTO_B,NO_CLIENTE,0,ALTO,0%,3,93,0,0,0,0,59,RENTA,POSGRADO
2.01408E+16,169,RECHAZADA,PENDIENTE,RECHAZADO,MALO,0,,,,,0,RECIBOS DE NOMINA,MEDIO_B,NO_CLIENTE,0,ALTO,0%,3,100,0,0,0,0,31,RENTA,PREPARATORIA
2.01408E+16,169,RECHAZADA,PENDIENTE,RECHAZADO,MALO,0,,,,,0,RECIBOS DE NOMINA,MEDIO_A,NO_CLIENTE,0,ALTO,0%,3,101,0,0,0,0,56,HIPOTECA,PREPARATORIA
2.01407E+16,170,RECHAZADA,PENDIENTE,RECHAZADO,MALO,0,,,,,0,RECIBOS DE NOMINA,MEDIO_A,NO_CLIENTE,0,ALTO,0%,3,94,0,0,0,0,47,HIPOTECA,LICENCIATURA
2.01408E+16,170,RECHAZADA,PENDIENTE,RECHAZADO,MALO,0,,,,,0,RECIBOS DE NOMINA,MEDIO_B,NO_CLIENTE,0,ALTO,0%,2,94,0,0,0,0,45,RENTA,PREPARATORIA
2.01408E+16,170,RECHAZADA,PENDIENTE,RECHAZADO,MALO,0,,,,,0,INVERSIONES,MEDIO_B,NO_CLIENTE,0,ALTO,0%,3,100,0,0,0,0,49,FAMILIARES,LICENCIATURA
2.01407E+16,171,EN_PROCESO,PENDIENTE,RECHAZADO,MALO,0,,,,,0,INVERSIONES,BAJO_A,NO_CLIENTE,0,ALTO,0%,5,91,0,0,0,0,35,RENTA,POSGRADO
2.01407E+16,171,RECHAZADA,PENDIENTE,RECHAZADO,MALO,0,,,,,0,INVERSIONES,MEDIO_B,NO_CLIENTE,0,ALTO,0%,2,95,0,0,0,0,30,RENTA,PREPARATORIA
2.01408E+16,171,RECHAZADA,PENDIENTE,RECHAZADO,MALO,0,,,,,0,RECIBOS DE NOMINA,MEDIO_A,NO_CLIENTE,0,ALTO,0%,4,95,0,0,0,0,30,HIPOTECA,LICENCIATURA
2.01407E+16,171,RECHAZADA,PENDIENTE,RECHAZADO,MALO,0,,,,,0,RECIBOS DE NOMINA,MEDIO_B,NO_CLIENTE,0,ALTO,0%,2,96,0,0,0,0,58,RENTA,PREPARATORIA
2.01407E+16,171,RECHAZADA,PENDIENTE,RECHAZADO,MALO,0,,0,,,0,INVERSIONES,ALTO_A,NO_CLIENTE,0,ALTO,0%,3,97,0,2432,0,0,52,PROPIA,POSGRADO
2.01408E+16,171,RECHAZADA,PENDIENTE,RECHAZADO,MALO,0,,,,,0,RECIBOS DE NOMINA,ALTO_A,NO_CLIENTE,0,ALTO,0%,2,97,0,0,0,0,54,PROPIA,POSGRADO
2.01408E+16,172,RECHAZADA,PENDIENTE,RECHAZADO,MALO,0,,,,,0,RECIBOS DE NOMINA,MEDIO_A,NO_CLIENTE,0,ALTO,0%,5,89,0,0,0,0,41,HIPOTECA,PREPARATORIA
2.01407E+16,172,CANCELADA,PENDIENTE,RECHAZADO,MALO,0,,,,,0,RECIBOS DE NOMINA,ALTO_B,NO_CLIENTE,0,ALTO,0%,2,90,0,0,0,0,28,FAMILIARES,POSGRADO
2.01408E+16,172,RECHAZADA,PENDIENTE,RECHAZADO,MALO,0,,,,,0,RECIBOS DE NOMINA,ALTO_B,NO_CLIENTE,0,ALTO,0%,2,92,0,0,0,0,29,HIPOTECA,POSGRADO
2.01408E+16,172,RECHAZADA,PENDIENTE,RECHAZADO,MALO,0,,,,,0,RECIBOS DE NOMINA,MEDIO_B,NO_CLIENTE,0,ALTO,0%,3,94,0,0,0,0,51,FAMILIARES,PREPARATORIA
2.01408E+16,172,RECHAZADA,PENDIENTE,RECHAZADO,MALO,0,,,,,0,RECIBOS DE NOMINA,MEDIO_A,NO_CLIENTE,0,ALTO,0%,5,97,0,0,0,0,42,HIPOTECA,PREPARATORIA
2.01408E+16,172,RECHAZADA,PENDIENTE,RECHAZADO,MALO,0,,,,,0,RECIBOS DE NOMINA,MEDIO_A,NO_CLIENTE,0,ALTO,0%,4,98,0,0,0,0,37,PROPIA,LICENCIATURA
2.01408E+16,172,RECHAZADA,PENDIENTE,RECHAZADO,MALO,0,,,,,0,RECIBOS DE NOMINA,MEDIO_B,NO_CLIENTE,0,ALTO,0%,2,99,0,0,0,0,34,RENTA,LICENCIATURA
2.01408E+16,173,RECHAZADA,PENDIENTE,RECHAZADO,MALO,0,,0,,,0,RECIBOS DE NOMINA,ALTO_A,NO_CLIENTE,20600,ALTO,0%,4,90,0,14270,0,0,49,PROPIA,POSGRADO
2.01408E+16,173,RECHAZADA,PENDIENTE,RECHAZADO,MALO,0,,,,,0,RECIBOS DE NOMINA,MEDIO_A,NO_CLIENTE,0,ALTO,0%,1,91,0,0,0,0,28,HIPOTECA,LICENCIATURA
2.01406E+16,173,RECHAZADA,PENDIENTE,RECHAZADO,MALO,0,,,,,0,RECIBOS DE NOMINA,ALTO_B,NO_CLIENTE,0,ALTO,0%,3,93,0,0,0,0,48,HIPOTECA,POSGRADO
2.01408E+16,173,RECHAZADA,PENDIENTE,RECHAZADO,MALO,0,,1,,,0,RECIBOS DE NOMINA,MEDIO_B,NO_CLIENTE,15000,ALTO,0%,4,93,0,14942,1040,0,41,FAMILIARES,PREPARATORIA
2.01408E+16,173,RECHAZADA,PENDIENTE,RECHAZADO,MALO,0,,,,,0,RECIBOS DE NOMINA,ALTO_B,NO_CLIENTE,0,ALTO,0%,2,93,0,0,0,0,28,HIPOTECA,POSGRADO
2.01408E+16,173,RECHAZADA,PENDIENTE,RECHAZADO,MALO,0,,2,,0.00%,0,RECIBOS DE NOMINA,MEDIO_B,NO_CLIENTE,5000,ALTO,0%,4,97,0,3539,0,0,35,RENTA,LICENCIATURA
2.01407E+16,173,RECHAZADA,PENDIENTE,RECHAZADO,MALO,0,,,,,0,RECIBOS DE NOMINA,ALTO_A,NO_CLIENTE,0,ALTO,0%,4,99,0,0,0,0,44,PROPIA,POSGRADO
2.01407E+16,173,RECHAZADA,PENDIENTE,RECHAZADO,MALO,0,,,,,0,RECIBOS DE NOMINA,MEDIO_B,NO_CLIENTE,0,ALTO,0%,3,99,0,0,0,0,40,FAMILIARES,LICENCIATURA
2.01408E+16,173,RECHAZADA,PENDIENTE,RECHAZADO,MALO,0,,0,,,0,RECIBOS DE NOMINA,ALTO_B,NO_CLIENTE,0,ALTO,0%,3,100,0,1000,250,0,57,FAMILIARES,POSGRADO
2.01408E+16,173,RECHAZADA,PENDIENTE,RECHAZADO,MALO,0,,,,,0,RECIBOS DE NOMINA,ALTO_A,NO_CLIENTE,0,ALTO,0%,4,100,0,0,0,0,48,PROPIA,POSGRADO
2.01408E+16,173,RECHAZADA,PENDIENTE,RECHAZADO,MALO,0,,,,,0,INVERSIONES,ALTO_B,NO_CLIENTE,0,ALTO,0%,1,101,0,0,0,0,35,RENTA,POSGRADO
2.01407E+16,174,RECHAZADA,PENDIENTE,RECHAZADO,MALO,0,,,,,0,RECIBOS DE NOMINA,ALTO_B,NO_CLIENTE,0,ALTO,0%,5,89,0,0,0,0,39,RENTA,POSGRADO
2.01408E+16,174,RECHAZADA,PENDIENTE,RECHAZADO,MALO,0,,,,,0,RECIBOS DE NOMINA,MEDIO_A,NO_CLIENTE,0,ALTO,0%,3,91,0,0,0,0,41,PROPIA,LICENCIATURA
2.01408E+16,174,RECHAZADA,PENDIENTE,RECHAZADO,MALO,0,,,,,0,INVERSIONES,MEDIO_A,NO_CLIENTE,0,ALTO,0%,4,91,0,0,0,0,45,HIPOTECA,PREPARATORIA
2.01407E+16,174,CANCELADA,PENDIENTE,RECHAZADO,MALO,0,,,,,0,RECIBOS DE NOMINA,MEDIO_B,NO_CLIENTE,0,ALTO,0%,3,95,0,0,0,0,25,FAMILIARES,PREPARATORIA
2.01408E+16,174,RECHAZADA,PENDIENTE,RECHAZADO,MALO,0,,,,,0,INVERSIONES,ALTO_B,NO_CLIENTE,0,ALTO,0%,5,95,0,0,0,0,49,RENTA,POSGRADO
2.01407E+16,174,RECHAZADA,PENDIENTE,RECHAZADO,MALO,0,,,,,0,RECIBOS DE NOMINA,MEDIO_B,NO_CLIENTE,0,ALTO,0%,4,99,0,0,0,0,33,FAMILIARES,LICENCIATURA
2.01407E+16,174,RECHAZADA,PENDIENTE,RECHAZADO,MALO,0,,,,,0,RECIBOS DE NOMINA,ALTO_B,NO_CLIENTE,0,ALTO,0%,3,99,0,0,0,0,29,HIPOTECA,POSGRADO
2.01408E+16,174,RECHAZADA,PENDIENTE,RECHAZADO,MALO,0,,,,,0,RECIBOS DE NOMINA,MEDIO_B,NO_CLIENTE,0,ALTO,0%,0,101,0,0,0,0,57,RENTA,LICENCIATURA
2.01408E+16,175,RECHAZADA,PENDIENTE,RECHAZADO,MALO,0,,,,,0,RECIBOS DE NOMINA,ALTO_A,NO_CLIENTE,0,ALTO,0%,2,90,0,0,0,0,50,PROPIA,POSGRADO
2.01408E+16,175,RECHAZADA,PENDIENTE,RECHAZADO,MALO,0,,,,,0,RECIBOS DE NOMINA,ALTO_B,NO_CLIENTE,0,ALTO,0%,1,91,0,0,0,0,42,RENTA,POSGRADO
2.01408E+16,175,RECHAZADA,PENDIENTE,RECHAZADO,MALO,0,,,,,0,INVERSIONES,ALTO_B,NO_CLIENTE,0,ALTO,0%,3,93,0,0,0,0,39,RENTA,POSGRADO
2.01407E+16,175,RECHAZADA,PENDIENTE,RECHAZADO,MALO,0,,,,,0,RECIBOS DE NOMINA,MEDIO_B,NO_CLIENTE,0,ALTO,0%,3,94,0,0,0,0,47,FAMILIARES,LICENCIATURA
2.01408E+16,175,RECHAZADA,PENDIENTE,RECHAZADO,MALO,0,,,,,0,RECIBOS DE NOMINA,MEDIO_A,NO_CLIENTE,0,ALTO,0%,5,95,0,0,0,0,26,HIPOTECA,PREPARATORIA
2.01407E+16,175,RECHAZADA,PENDIENTE,RECHAZADO,MALO,0,,0,,,0,RECIBOS DE NOMINA,MEDIO_A,NO_CLIENTE,0,ALTO,0%,2,98,0,31297,31297,0,49,PROPIA,LICENCIATURA
2.01407E+16,175,RECHAZADA,PENDIENTE,RECHAZADO,MALO,0,,,,,0,INVERSIONES,MEDIO_A,NO_CLIENTE,0,ALTO,0%,3,98,0,0,0,0,38,HIPOTECA,PREPARATORIA
2.01407E+16,175,RECHAZADA,PENDIENTE,RECHAZADO,MALO,0,,0,,,0,INVERSIONES,MEDIO_B,NO_CLIENTE,0,ALTO,0%,3,99,0,20339,0,0,48,RENTA,LICENCIATURA
2.01408E+16,175,RECHAZADA,PENDIENTE,RECHAZADO,MALO,0,,,,,0,INVERSIONES,BAJO_A,NO_CLIENTE,0,ALTO,0%,1,100,0,0,0,0,40,RENTA,SECUNDARIA
2.01408E+16,175,RECHAZADA,PENDIENTE,RECHAZADO,MALO,0,,,,,0,RECIBOS DE NOMINA,MEDIO_A,NO_CLIENTE,0,ALTO,0%,0,100,0,0,0,0,28,HIPOTECA,PREPARATORIA
2.01407E+16,175,RECHAZADA,PENDIENTE,RECHAZADO,MALO,0,,,,,0,RECIBOS DE NOMINA,MEDIO_A,NO_CLIENTE,0,ALTO,0%,2,101,0,0,0,0,59,HIPOTECA,PREPARATORIA
2.01408E+16,176,RECHAZADA,PENDIENTE,RECHAZADO,MALO,0,,,,,0,INVERSIONES,MEDIO_A,NO_CLIENTE,0,ALTO,0%,4,91,0,0,0,0,29,PROPIA,LICENCIATURA
2.01408E+16,176,RECHAZADA,PENDIENTE,RECHAZADO,MALO,0,,,,,0,RECIBOS DE NOMINA,MEDIO_A,NO_CLIENTE,0,ALTO,0%,3,94,0,0,0,0,47,HIPOTECA,LICENCIATURA
2.01407E+16,176,EN_PROCESO,PENDIENTE,RECHAZADO,MALO,0,,,,,0,RECIBOS DE NOMINA,MEDIO_A,NO_CLIENTE,0,ALTO,0%,5,94,0,0,0,0,51,PROPIA,LICENCIATURA
2.01406E+16,176,RECHAZADA,PENDIENTE,RECHAZADO,MALO,0,,0,,,0,INVERSIONES,MEDIO_A,CLIENTE_BANCO,0,ALTO,0%,5,96,0,4546,570,0,47,FAMILIARES,POSGRADO
2.01407E+16,176,RECHAZADA,PENDIENTE,RECHAZADO,MALO,0,,,,,0,RECIBOS DE NOMINA,ALTO_A,NO_CLIENTE,0,ALTO,0%,2,97,0,0,0,0,42,PROPIA,POSGRADO
2.01408E+16,176,RECHAZADA,PENDIENTE,RECHAZADO,MALO,0,,,,,0,RECIBOS DE NOMINA,MEDIO_A,NO_CLIENTE,0,ALTO,0%,3,98,0,0,0,0,33,HIPOTECA,LICENCIATURA
2.01408E+16,176,RECHAZADA,PENDIENTE,RECHAZADO,MALO,0,,,,,0,RECIBOS DE NOMINA,BAJO_A,NO_CLIENTE,0,ALTO,0%,5,99,0,0,0,0,26,RENTA,SECUNDARIA
2.01408E+16,176,RECHAZADA,PENDIENTE,RECHAZADO,MALO,0,,,,,0,INVERSIONES,MEDIO_A,NO_CLIENTE,0,ALTO,0%,0,101,0,0,0,0,26,HIPOTECA,LICENCIATURA
2.01408E+16,177,RECHAZADA,PENDIENTE,RECHAZADO,MALO,0,,2,,0.00%,0,RECIBOS DE NOMINA,MEDIO_B,NO_CLIENTE,0,ALTO,0%,5,89,0,15256,0,0,51,FAMILIARES,PREPARATORIA
2.01408E+16,177,RECHAZADA,PENDIENTE,RECHAZADO,MALO,0,,,,,0,RECIBOS DE NOMINA,ALTO_B,NO_CLIENTE,0,ALTO,0%,5,89,0,0,0,0,30,RENTA,POSGRADO
2.01408E+16,177,RECHAZADA,PENDIENTE,RECHAZADO,MALO,0,,1,,0.00%,0,INVERSIONES,MEDIO_A,NO_CLIENTE,18800,ALTO,0%,4,91,0,0,0,0,38,HIPOTECA,PREPARATORIA
2.01408E+16,177,RECHAZADA,PENDIENTE,RECHAZADO,MALO,0,,,,,0,RECIBOS DE NOMINA,MEDIO_B,NO_CLIENTE,0,ALTO,0%,2,92,0,0,0,0,43,FAMILIARES,PREPARATORIA
2.01408E+16,177,RECHAZADA,PENDIENTE,RECHAZADO,MALO,0,,,,,0,RECIBOS DE NOMINA,ALTO_B,NO_CLIENTE,0,ALTO,0%,3,92,0,0,0,0,30,FAMILIARES,POSGRADO
2.01408E+16,177,RECHAZADA,PENDIENTE,RECHAZADO,MALO,0,,,,,0,RECIBOS DE NOMINA,ALTO_B,NO_CLIENTE,0,ALTO,0%,5,94,0,0,0,0,33,RENTA,POSGRADO
2.01408E+16,177,RECHAZADA,PENDIENTE,RECHAZADO,MALO,0,,,,,0,RECIBOS DE NOMINA,ALTO_B,NO_CLIENTE,0,ALTO,0%,3,95,0,0,0,0,52,FAMILIARES,POSGRADO
2.01408E+16,177,RECHAZADA,PENDIENTE,RECHAZADO,MALO,0,,0,,,0,RECIBOS DE NOMINA,ALTO_B,NO_CLIENTE,211000,ALTO,0%,4,97,0,5377,0,0,36,HIPOTECA,POSGRADO
2.01408E+16,177,RECHAZADA,PENDIENTE,RECHAZADO,MALO,0,,2,,0.00%,0,INVERSIONES,MEDIO_A,NO_CLIENTE,9004,ALTO,0%,4,100,0,8673,0,0,34,PROPIA,LICENCIATURA
2.01406E+16,177,RECHAZADA,PENDIENTE,RECHAZADO,MALO,0,,,,,0,RECIBOS DE NOMINA,ALTO_B,NO_CLIENTE,0,ALTO,0%,4,101,0,0,0,0,25,RENTA,POSGRADO
2.01407E+16,178,RECHAZADA,PENDIENTE,RECHAZADO,MALO,0,,,,,0,INVERSIONES,MEDIO_B,NO_CLIENTE,0,ALTO,0%,5,93,0,0,0,0,41,FAMILIARES,PREPARATORIA
2.01407E+16,178,RECHAZADA,PENDIENTE,RECHAZADO,MALO,0,,,,,0,RECIBOS DE NOMINA,ALTO_B,NO_CLIENTE,0,ALTO,0%,4,97,0,0,0,0,49,RENTA,POSGRADO
2.01407E+16,179,RECHAZADA,PENDIENTE,RECHAZADO,MALO,0,,,,,0,RECIBOS DE NOMINA,ALTO_B,NO_CLIENTE,0,ALTO,0%,4,89,0,0,0,0,57,RENTA,POSGRADO
2.01407E+16,179,RECHAZADA,PENDIENTE,RECHAZADO,MALO,0,,0,,,0,RECIBOS DE NOMINA,ALTO_B,NO_CLIENTE,0,ALTO,0%,4,91,0,20898,20898,0,33,RENTA,POSGRADO
2.01408E+16,179,RECHAZADA,PENDIENTE,RECHAZADO,MALO,0,,1,,0.00%,0,RECIBOS DE NOMINA,ALTO_B,NO_CLIENTE,68000,ALTO,0%,3,94,0,42981,2580,0,48,HIPOTECA,POSGRADO
2.01407E+16,179,RECHAZADA,PENDIENTE,RECHAZADO,MALO,0,,,,,0,RECIBOS DE NOMINA,MEDIO_A,NO_CLIENTE,0,ALTO,0%,4,96,0,0,0,0,34,PROPIA,LICENCIATURA
2.01408E+16,179,RECHAZADA,PENDIENTE,RECHAZADO,MALO,0,,,,,0,RECIBOS DE NOMINA,MEDIO_B,NO_CLIENTE,0,ALTO,0%,3,96,0,0,0,0,35,RENTA,PREPARATORIA
2.01408E+16,179,RECHAZADA,PENDIENTE,RECHAZADO,MALO,0,,,,,0,RECIBOS DE NOMINA,ALTO_A,NO_CLIENTE,0,ALTO,0%,4,96,0,0,0,0,34,PROPIA,POSGRADO
2.01408E+16,179,RECHAZADA,PENDIENTE,RECHAZADO,MALO,0,,,,,0,INVERSIONES,MEDIO_B,NO_CLIENTE,0,ALTO,0%,3,97,0,0,0,0,34,FAMILIARES,LICENCIATURA
2.01408E+16,179,RECHAZADA,PENDIENTE,RECHAZADO,MALO,0,,1,,,0,INVERSIONES,MEDIO_A,NO_CLIENTE,680500,ALTO,0%,5,98,0,179966,9910,0,36,PROPIA,LICENCIATURA
2.01408E+16,179,RECHAZADA,PENDIENTE,RECHAZADO,MALO,0,,,,,0,RECIBOS DE NOMINA,ALTO_A,NO_CLIENTE,0,ALTO,0%,4,100,0,0,0,0,32,PROPIA,POSGRADO
2.01406E+16,180,RECHAZADA,PENDIENTE,RECHAZADO,MALO,0,,,,,0,INVERSIONES,MEDIO_A,CLIENTE_BANCO,0,ALTO,0%,4,96,0,0,0,0,32,FAMILIARES,LICENCIATURA
2.01408E+16,180,RECHAZADA,PENDIENTE,RECHAZADO,MALO,0,,,,,0,INVERSIONES,MEDIO_B,NO_CLIENTE,0,ALTO,0%,4,97,0,0,0,0,32,RENTA,PREPARATORIA
2.01408E+16,180,RECHAZADA,PENDIENTE,RECHAZADO,MALO,0,,,,,0,INVERSIONES,MEDIO_A,NO_CLIENTE,0,ALTO,0%,3,98,0,0,0,0,40,HIPOTECA,PREPARATORIA
2.01408E+16,180,RECHAZADA,PENDIENTE,RECHAZADO,MALO,0,,,,,0,RECIBOS DE NOMINA,ALTO_B,NO_CLIENTE,0,ALTO,0%,1,98,0,0,0,0,55,FAMILIARES,POSGRADO
2.01408E+16,180,RECHAZADA,PENDIENTE,RECHAZADO,MALO,0,,,,,0,RECIBOS DE NOMINA,MEDIO_B,NO_CLIENTE,0,ALTO,0%,3,98,0,0,0,0,47,FAMILIARES,LICENCIATURA
2.01408E+16,180,RECHAZADA,PENDIENTE,RECHAZADO,MALO,0,,,,,0,RECIBOS DE NOMINA,ALTO_B,NO_CLIENTE,0,ALTO,0%,0,101,0,0,0,0,55,HIPOTECA,POSGRADO
2.01408E+16,181,RECHAZADA,PENDIENTE,RECHAZADO,MALO,0,,,,,0,RECIBOS DE NOMINA,ALTO_B,NO_CLIENTE,0,ALTO,0%,2,90,0,0,0,0,50,RENTA,POSGRADO
2.01408E+16,181,RECHAZADA,PENDIENTE,RECHAZADO,MALO,0,,,,,0,INVERSIONES,MEDIO_B,NO_CLIENTE,0,ALTO,0%,5,96,0,0,0,0,49,RENTA,PREPARATORIA
2.01407E+16,181,CANCELADA,PENDIENTE,RECHAZADO,MALO,0,,0,,,0,INVERSIONES,MEDIO_A,NO_CLIENTE,0,ALTO,0%,3,97,0,969,440,0,60,PROPIA,LICENCIATURA
2.01407E+16,181,RECHAZADA,PENDIENTE,RECHAZADO,MALO,0,,,,,0,RECIBOS DE NOMINA,ALTO_B,NO_CLIENTE,0,ALTO,0%,2,97,0,0,0,0,50,FAMILIARES,POSGRADO
2.01407E+16,181,CANCELADA,PENDIENTE,RECHAZADO,MALO,0,,,,,0,RECIBOS DE NOMINA,ALTO_B,NO_CLIENTE,0,ALTO,0%,3,98,0,0,0,0,26,HIPOTECA,POSGRADO
2.01408E+16,181,RECHAZADA,PENDIENTE,RECHAZADO,MALO,0,,,,,0,DECLARACION ANUAL,MEDIO_A,NO_CLIENTE,0,ALTO,0%,5,98,0,0,0,0,56,PROPIA,LICENCIATURA
2.01408E+16,181,RECHAZADA,PENDIENTE,RECHAZADO,MALO,0,,0,,,0,RECIBOS DE NOMINA,MEDIO_B,NO_CLIENTE,9800,ALTO,0%,4,100,0,11572,740,0,55,RENTA,PREPARATORIA
2.01407E+16,181,RECHAZADA,PENDIENTE,RECHAZADO,MALO,0,,,,,0,RECIBOS DE NOMINA,MEDIO_A,NO_CLIENTE,0,ALTO,0%,3,101,0,0,0,0,27,HIPOTECA,PREPARATORIA
2.01408E+16,181,RECHAZADA,PENDIENTE,RECHAZADO,MALO,0,,,,,0,RECIBOS DE NOMINA,MEDIO_A,NO_CLIENTE,0,ALTO,0%,0,101,0,0,0,0,59,HIPOTECA,PREPARATORIA
2.01407E+16,182,RECHAZADA,PENDIENTE,RECHAZADO,MALO,0,,,,,0,RECIBOS DE NOMINA,MEDIO_A,NO_CLIENTE,0,ALTO,0%,5,89,0,0,0,0,37,HIPOTECA,LICENCIATURA
2.01407E+16,182,RECHAZADA,PENDIENTE,RECHAZADO,MALO,0,,,,,0,RECIBOS DE NOMINA,ALTO_A,NO_CLIENTE,0,ALTO,0%,3,90,0,0,0,0,58,PROPIA,POSGRADO
2.01407E+16,182,RECHAZADA,PENDIENTE,RECHAZADO,MALO,0,,,,,0,INVERSIONES,MEDIO_A,NO_CLIENTE,0,ALTO,0%,2,90,0,0,0,0,40,HIPOTECA,PREPARATORIA
2.01407E+16,182,RECHAZADA,PENDIENTE,RECHAZADO,MALO,0,,0,,,0,INVERSIONES,MEDIO_A,NO_CLIENTE,0,ALTO,0%,1,93,0,26628,710,0,26,HIPOTECA,LICENCIATURA
2.01407E+16,182,RECHAZADA,PENDIENTE,RECHAZADO,MALO,0,,,,,0,RECIBOS DE NOMINA,MEDIO_B,NO_CLIENTE,0,ALTO,0%,4,93,0,0,0,0,29,FAMILIARES,LICENCIATURA
2.01408E+16,182,RECHAZADA,PENDIENTE,RECHAZADO,MALO,0,,,,,0,RECIBOS DE NOMINA,MEDIO_B,NO_CLIENTE,0,ALTO,0%,5,94,0,0,0,0,41,FAMILIARES,PREPARATORIA
2.01408E+16,182,RECHAZADA,PENDIENTE,RECHAZADO,MALO,0,,1,,,0,INVERSIONES,MEDIO_A,NO_CLIENTE,21400,ALTO,0%,4,95,0,0,0,0,36,HIPOTECA,PREPARATORIA
2.01407E+16,182,RECHAZADA,PENDIENTE,RECHAZADO,MALO,0,,,,,0,RECIBOS DE NOMINA,ALTO_B,NO_CLIENTE,0,ALTO,0%,4,98,0,0,0,0,38,HIPOTECA,POSGRADO
2.01407E+16,182,RECHAZADA,PENDIENTE,RECHAZADO,MALO,0,,1,,0.00%,0,INVERSIONES,MEDIO_B,NO_CLIENTE,0,ALTO,0%,4,98,0,3399,350,0,46,RENTA,PREPARATORIA
2.01408E+16,182,RECHAZADA,PENDIENTE,RECHAZADO,MALO,0,,,,,0,INVERSIONES,MEDIO_A,NO_CLIENTE,0,ALTO,0%,2,100,0,0,0,0,41,HIPOTECA,PREPARATORIA
2.01408E+16,182,RECHAZADA,PENDIENTE,RECHAZADO,MALO,0,,1,,0.00%,0,INVERSIONES,MEDIO_A,NO_CLIENTE,47000,ALTO,0%,3,100,0,0,0,0,52,HIPOTECA,LICENCIATURA
2.01407E+16,182,RECHAZADA,PENDIENTE,RECHAZADO,MALO,0,,,,,0,INVERSIONES,ALTO_B,NO_CLIENTE,0,ALTO,0%,3,101,0,0,0,0,31,HIPOTECA,POSGRADO
2.01408E+16,183,RECHAZADA,PENDIENTE,RECHAZADO,MALO,0,,,,,0,INVERSIONES,ALTO_B,NO_CLIENTE,0,ALTO,0%,4,89,0,0,0,0,54,RENTA,POSGRADO
2.01408E+16,183,RECHAZADA,PENDIENTE,RECHAZADO,MALO,0,,1,,0.00%,0,RECIBOS DE NOMINA,ALTO_B,NO_CLIENTE,16000,ALTO,0%,4,90,0,2815,250,0,36,FAMILIARES,POSGRADO
2.01407E+16,183,CANCELADA,PENDIENTE,RECHAZADO,MALO,0,,,,,0,SIN COMPROBANTE,ALTO_B,NO_CLIENTE,0,ALTO,0%,5,91,0,0,0,0,25,RENTA,POSGRADO
2.01408E+16,183,RECHAZADA,PENDIENTE,RECHAZADO,MALO,0,,,,,0,RECIBOS DE NOMINA,ALTO_B,NO_CLIENTE,0,ALTO,0%,2,91,0,0,0,0,54,RENTA,POSGRADO
2.01408E+16,183,RECHAZADA,PENDIENTE,RECHAZADO,MALO,0,,,,,0,RECIBOS DE NOMINA,MEDIO_A,NO_CLIENTE,0,ALTO,0%,2,91,0,0,0,0,37,HIPOTECA,PREPARATORIA
2.01407E+16,183,RECHAZADA,PENDIENTE,RECHAZADO,MALO,0,,,,,0,RECIBOS DE NOMINA,MEDIO_A,NO_CLIENTE,0,ALTO,0%,4,94,0,0,0,0,55,PROPIA,LICENCIATURA
2.01408E+16,183,RECHAZADA,PENDIENTE,RECHAZADO,MALO,0,,,,,0,INVERSIONES,MEDIO_B,NO_CLIENTE,0,ALTO,0%,1,94,0,0,0,0,34,RENTA,LICENCIATURA
2.01408E+16,183,RECHAZADA,PENDIENTE,RECHAZADO,MALO,0,,1,,,0,RECIBOS DE NOMINA,MEDIO_B,NO_CLIENTE,19500,ALTO,0%,5,94,0,1483,300,0,38,FAMILIARES,PREPARATORIA
2.01408E+16,183,RECHAZADA,PENDIENTE,RECHAZADO,MALO,0,,,,,0,RECIBOS DE NOMINA,MEDIO_A,NO_CLIENTE,0,ALTO,0%,0,100,0,0,0,0,58,HIPOTECA,LICENCIATURA
2.01408E+16,183,RECHAZADA,PENDIENTE,RECHAZADO,MALO,0,,1,,0.00%,0,INVERSIONES,MEDIO_A,NO_CLIENTE,68004,ALTO,0%,3,101,0,32170,1730,0,52,HIPOTECA,LICENCIATURA
2.01408E+16,184,RECHAZADA,PENDIENTE,RECHAZADO,MALO,0,,,,,0,RECIBOS DE NOMINA,ALTO_B,NO_CLIENTE,0,ALTO,0%,5,89,0,0,0,0,30,HIPOTECA,POSGRADO
2.01407E+16,184,RECHAZADA,PENDIENTE,RECHAZADO,MALO,0,,,,,0,INVERSIONES,ALTO_B,NO_CLIENTE,0,ALTO,0%,3,90,0,0,0,0,37,FAMILIARES,POSGRADO
2.01407E+16,184,RECHAZADA,PENDIENTE,RECHAZADO,MALO,0,,,,,0,INVERSIONES,MEDIO_A,NO_CLIENTE,0,ALTO,0%,3,92,0,0,0,0,50,HIPOTECA,PREPARATORIA
2.01407E+16,184,RECHAZADA,PENDIENTE,RECHAZADO,MALO,0,,,,,0,INVERSIONES,ALTO_B,NO_CLIENTE,0,ALTO,0%,3,93,0,0,0,0,59,FAMILIARES,POSGRADO
2.01408E+16,184,RECHAZADA,PENDIENTE,RECHAZADO,MALO,0,,,,,0,RECIBOS DE NOMINA,MEDIO_B,NO_CLIENTE,0,ALTO,0%,4,94,0,0,0,0,52,FAMILIARES,LICENCIATURA
2.01407E+16,184,RECHAZADA,PENDIENTE,RECHAZADO,MALO,0,,,,,0,DECLARACION ANUAL,MEDIO_A,NO_CLIENTE,0,ALTO,0%,3,95,0,0,0,0,56,HIPOTECA,PREPARATORIA
2.01408E+16,184,RECHAZADA,PENDIENTE,RECHAZADO,MALO,0,,1,,0.00%,0,INVERSIONES,MEDIO_A,NO_CLIENTE,50000,ALTO,0%,2,99,0,6848,720,0,33,HIPOTECA,PREPARATORIA
2.01408E+16,184,RECHAZADA,PENDIENTE,RECHAZADO,MALO,0,,3,,0.00%,0,RECIBOS DE NOMINA,ALTO_B,NO_CLIENTE,5000,ALTO,0%,1,101,0,3009,290,0,32,HIPOTECA,POSGRADO
2.01407E+16,185,RECHAZADA,PENDIENTE,RECHAZADO,MALO,0,,0,,,0,INVERSIONES,ALTO_B,NO_CLIENTE,0,ALTO,0%,3,90,0,9924,500,0,53,HIPOTECA,POSGRADO
2.01408E+16,185,RECHAZADA,PENDIENTE,RECHAZADO,MALO,0,,,,,0,INVERSIONES,MEDIO_A,NO_CLIENTE,0,ALTO,0%,2,93,0,0,0,0,26,HIPOTECA,PREPARATORIA
2.01407E+16,185,RECHAZADA,PENDIENTE,RECHAZADO,MALO,0,,0,,,0,RECIBOS DE NOMINA,ALTO_B,NO_CLIENTE,0,ALTO,0%,3,94,0,869,250,0,51,HIPOTECA,POSGRADO
2.01408E+16,185,RECHAZADA,PENDIENTE,RECHAZADO,MALO,0,,0,,0.00%,0,RECIBOS DE NOMINA,ALTO_B,NO_CLIENTE,24200,ALTO,0%,4,94,0,26660,1700,0,33,RENTA,POSGRADO
2.01407E+16,185,RECHAZADA,PENDIENTE,RECHAZADO,MALO,0,,,,,0,RECIBOS DE NOMINA,ALTO_A,NO_CLIENTE,0,ALTO,0%,3,95,0,0,0,0,59,PROPIA,POSGRADO
2.01407E+16,185,RECHAZADA,PENDIENTE,RECHAZADO,MALO,0,,,,,0,RECIBOS DE NOMINA,MEDIO_B,NO_CLIENTE,0,ALTO,0%,2,96,0,0,0,0,38,RENTA,LICENCIATURA
2.01408E+16,186,RECHAZADA,PENDIENTE,RECHAZADO,MALO,0,,,,,0,RECIBOS DE NOMINA,MEDIO_B,NO_CLIENTE,0,ALTO,0%,3,94,0,0,0,0,34,RENTA,PREPARATORIA
2.01407E+16,186,RECHAZADA,PENDIENTE,RECHAZADO,MALO,0,,,,,0,RECIBOS DE NOMINA,MEDIO_A,NO_CLIENTE,0,ALTO,0%,3,98,0,0,0,0,59,HIPOTECA,PREPARATORIA
2.01408E+16,186,RECHAZADA,PENDIENTE,RECHAZADO,MALO,0,,,,,0,RECIBOS DE NOMINA,ALTO_B,NO_CLIENTE,0,ALTO,0%,5,99,0,0,0,0,35,RENTA,POSGRADO
2.01408E+16,187,RECHAZADA,PENDIENTE,RECHAZADO,MALO,0,,,,,0,RECIBOS DE NOMINA,MEDIO_A,NO_CLIENTE,0,ALTO,0%,3,91,0,0,0,0,57,PROPIA,LICENCIATURA
2.01407E+16,187,RECHAZADA,PENDIENTE,RECHAZADO,MALO,0,,,,,0,RECIBOS DE NOMINA,ALTO_B,NO_CLIENTE,0,ALTO,0%,3,97,0,0,0,0,41,FAMILIARES,POSGRADO
2.01407E+16,187,RECHAZADA,PENDIENTE,RECHAZADO,MALO,0,,,,,0,RECIBOS DE NOMINA,BAJO_A,NO_CLIENTE,0,ALTO,0%,3,98,0,0,0,0,46,FAMILIARES,SECUNDARIA
2.01408E+16,187,RECHAZADA,PENDIENTE,RECHAZADO,MALO,0,,,,,0,INVERSIONES,ALTO_A,NO_CLIENTE,0,ALTO,0%,3,98,0,0,0,0,34,PROPIA,POSGRADO
2.01407E+16,188,RECHAZADA,PENDIENTE,RECHAZADO,MALO,0,,,,,0,RECIBOS DE NOMINA,MEDIO_B,NO_CLIENTE,0,ALTO,0%,1,92,0,0,0,0,34,RENTA,PREPARATORIA
2.01407E+16,188,RECHAZADA,PENDIENTE,RECHAZADO,MALO,0,,,,,0,RECIBOS DE NOMINA,MEDIO_B,NO_CLIENTE,0,ALTO,0%,4,96,0,0,0,0,40,RENTA,LICENCIATURA
2.01408E+16,188,RECHAZADA,PENDIENTE,RECHAZADO,MALO,0,,,,,0,RECIBOS DE NOMINA,MEDIO_B,NO_CLIENTE,0,ALTO,0%,4,96,0,0,0,0,54,FAMILIARES,LICENCIATURA
2.01407E+16,188,RECHAZADA,PENDIENTE,RECHAZADO,MALO,0,,0,,,0,RECIBOS DE NOMINA,ALTO_B,NO_CLIENTE,0,ALTO,0%,5,99,0,34249,34249,0,25,FAMILIARES,POSGRADO
2.01408E+16,189,RECHAZADA,PENDIENTE,RECHAZADO,MALO,0,,,,,0,INVERSIONES,ALTO_B,NO_CLIENTE,0,ALTO,0%,5,91,0,0,0,0,44,FAMILIARES,POSGRADO
2.01407E+16,189,RECHAZADA,PENDIENTE,RECHAZADO,MALO,0,,,,,0,INVERSIONES,ALTO_A,NO_CLIENTE,0,ALTO,0%,5,93,0,0,0,0,51,PROPIA,POSGRADO
2.01407E+16,189,RECHAZADA,PENDIENTE,RECHAZADO,MALO,0,,0,,,0,RECIBOS DE NOMINA,MEDIO_B,NO_CLIENTE,0,ALTO,0%,5,94,0,1411,0,0,54,RENTA,LICENCIATURA
2.01407E+16,189,RECHAZADA,PENDIENTE,RECHAZADO,MALO,0,,,,,0,RECIBOS DE NOMINA,ALTO_B,NO_CLIENTE,0,ALTO,0%,5,94,0,0,0,0,48,FAMILIARES,POSGRADO
2.01408E+16,189,RECHAZADA,PENDIENTE,RECHAZADO,MALO,0,,,,,0,DECLARACION ANUAL,MEDIO_B,NO_CLIENTE,0,ALTO,0%,2,94,0,0,0,0,57,FAMILIARES,PREPARATORIA
2.01408E+16,189,RECHAZADA,PENDIENTE,RECHAZADO,MALO,0,,,,,0,INVERSIONES,MEDIO_A,NO_CLIENTE,0,ALTO,0%,3,97,0,0,0,0,39,PROPIA,LICENCIATURA
2.01408E+16,189,RECHAZADA,PENDIENTE,RECHAZADO,MALO,0,,,,,0,RECIBOS DE NOMINA,ALTO_A,NO_CLIENTE,0,ALTO,0%,4,99,0,0,0,0,44,PROPIA,POSGRADO
2.01407E+16,189,RECHAZADA,PENDIENTE,RECHAZADO,MALO,0,,,,,0,RECIBOS DE NOMINA,MEDIO_A,NO_CLIENTE,0,ALTO,0%,4,101,0,0,0,0,31,HIPOTECA,LICENCIATURA
2.01408E+16,190,RECHAZADA,PENDIENTE,RECHAZADO,MALO,0,,,,,0,RECIBOS DE NOMINA,MEDIO_B,NO_CLIENTE,0,ALTO,0%,4,89,0,0,0,0,52,RENTA,PREPARATORIA
2.01408E+16,190,RECHAZADA,PENDIENTE,RECHAZADO,MALO,0,,,,,0,RECIBOS DE NOMINA,MEDIO_B,NO_CLIENTE,0,ALTO,0%,1,93,0,0,0,0,47,RENTA,PREPARATORIA
2.01407E+16,190,RECHAZADA,PENDIENTE,RECHAZADO,MALO,0,,,,,0,INVERSIONES,MEDIO_A,NO_CLIENTE,0,ALTO,0%,3,95,0,0,0,0,26,HIPOTECA,PREPARATORIA
2.01407E+16,191,RECHAZADA,PENDIENTE,RECHAZADO,MALO,0,,1,,0.00%,0,INVERSIONES,MEDIO_B,NO_CLIENTE,0,ALTO,0%,5,89,0,3041,630,0,39,RENTA,PREPARATORIA
2.01408E+16,191,RECHAZADA,PENDIENTE,RECHAZADO,MALO,0,,,,,0,RECIBOS DE NOMINA,MEDIO_B,NO_CLIENTE,0,ALTO,0%,1,90,0,0,0,0,25,FAMILIARES,PREPARATORIA
2.01408E+16,191,RECHAZADA,PENDIENTE,RECHAZADO,MALO,0,,1,,0.00%,0,INVERSIONES,MEDIO_B,NO_CLIENTE,66000,ALTO,0%,5,92,0,600,0,0,40,FAMILIARES,LICENCIATURA
2.01408E+16,191,RECHAZADA,PENDIENTE,RECHAZADO,MALO,0,,,,,0,RECIBOS DE NOMINA,MEDIO_B,NO_CLIENTE,0,ALTO,0%,4,92,0,0,0,0,48,RENTA,PREPARATORIA
2.01407E+16,191,RECHAZADA,PENDIENTE,RECHAZADO,MALO,0,,1,,0.00%,0,INVERSIONES,MEDIO_A,NO_CLIENTE,0,ALTO,0%,3,93,0,4391,250,0,50,HIPOTECA,PREPARATORIA
2.01407E+16,191,RECHAZADA,PENDIENTE,RECHAZADO,MALO,0,,,,,0,INVERSIONES,MEDIO_B,NO_CLIENTE,0,ALTO,0%,4,95,0,0,0,0,44,FAMILIARES,PREPARATORIA
2.01407E+16,191,RECHAZADA,PENDIENTE,RECHAZADO,MALO,0,,0,,,0,INVERSIONES,MEDIO_A,NO_CLIENTE,0,ALTO,0%,3,95,0,12354,790,0,40,PROPIA,LICENCIATURA
2.01408E+16,191,RECHAZADA,PENDIENTE,RECHAZADO,MALO,0,,,,,0,RECIBOS DE NOMINA,MEDIO_A,NO_CLIENTE,0,ALTO,0%,4,96,0,0,0,0,28,HIPOTECA,PREPARATORIA
2.01408E+16,191,RECHAZADA,PENDIENTE,RECHAZADO,MALO,0,,,,,0,RECIBOS DE NOMINA,MEDIO_A,NO_CLIENTE,0,ALTO,0%,3,97,0,0,0,0,29,HIPOTECA,LICENCIATURA
2.01408E+16,191,RECHAZADA,PENDIENTE,RECHAZADO,MALO,0,,,,,0,INVERSIONES,MEDIO_A,NO_CLIENTE,0,ALTO,0%,0,101,0,0,0,0,41,HIPOTECA,LICENCIATURA
2.01408E+16,192,RECHAZADA,PENDIENTE,RECHAZADO,MALO,0,,1,,,0,RECIBOS DE NOMINA,MEDIO_A,NO_CLIENTE,15000,ALTO,0%,3,90,0,13068,820,0,34,HIPOTECA,PREPARATORIA
2.01408E+16,192,RECHAZADA,PENDIENTE,RECHAZADO,MALO,0,,,,,0,RECIBOS DE NOMINA,MEDIO_B,NO_CLIENTE,0,ALTO,0%,4,93,0,0,0,0,41,RENTA,LICENCIATURA
2.01408E+16,192,RECHAZADA,PENDIENTE,RECHAZADO,MALO,0,,,,,0,INVERSIONES,MEDIO_B,NO_CLIENTE,0,ALTO,0%,4,99,0,0,0,0,47,FAMILIARES,LICENCIATURA
2.01407E+16,192,RECHAZADA,PENDIENTE,RECHAZADO,MALO,0,,0,,,0,INVERSIONES,MEDIO_B,NO_CLIENTE,0,ALTO,0%,1,100,0,1586,250,0,47,FAMILIARES,LICENCIATURA
2.01408E+16,192,RECHAZADA,PENDIENTE,RECHAZADO,MALO,0,,,,,0,INVERSIONES,MEDIO_B,NO_CLIENTE,0,ALTO,0%,0,101,0,0,0,0,45,RENTA,LICENCIATURA
2.01407E+16,193,RECHAZADA,PENDIENTE,RECHAZADO,MALO,0,,,,,0,RECIBOS DE NOMINA,MEDIO_A,NO_CLIENTE,0,ALTO,0%,2,92,0,0,0,0,32,HIPOTECA,LICENCIATURA
2.01408E+16,193,RECHAZADA,PENDIENTE,RECHAZADO,MALO,0,,,,,0,INVERSIONES,ALTO_B,NO_CLIENTE,0,ALTO,0%,3,94,0,0,0,0,42,FAMILIARES,POSGRADO
2.01408E+16,193,RECHAZADA,PENDIENTE,RECHAZADO,MALO,0,,,,,0,RECIBOS DE NOMINA,MEDIO_B,NO_CLIENTE,0,ALTO,0%,2,94,0,0,0,0,42,FAMILIARES,LICENCIATURA
2.01407E+16,193,RECHAZADA,PENDIENTE,RECHAZADO,MALO,0,,,,,0,RECIBOS DE NOMINA,ALTO_B,NO_CLIENTE,0,ALTO,0%,4,95,0,0,0,0,41,RENTA,POSGRADO
2.01408E+16,193,RECHAZADA,PENDIENTE,RECHAZADO,MALO,0,,,,,0,INVERSIONES,MEDIO_A,NO_CLIENTE,0,ALTO,0%,4,97,0,0,0,0,44,PROPIA,LICENCIATURA
2.01408E+16,193,RECHAZADA,PENDIENTE,RECHAZADO,MALO,0,,,,,0,INVERSIONES,MEDIO_B,NO_CLIENTE,0,ALTO,0%,0,100,0,0,0,0,37,RENTA,LICENCIATURA
2.01407E+16,194,RECHAZADA,PENDIENTE,RECHAZADO,MALO,0,,,,,0,RECIBOS DE NOMINA,MEDIO_A,NO_CLIENTE,0,ALTO,0%,5,89,0,0,0,0,57,HIPOTECA,PREPARATORIA
2.01407E+16,194,RECHAZADA,PENDIENTE,RECHAZADO,MALO,0,,,,,0,INVERSIONES,ALTO_B,NO_CLIENTE,0,ALTO,0%,2,92,0,0,0,0,34,FAMILIARES,POSGRADO
2.01408E+16,194,RECHAZADA,PENDIENTE,RECHAZADO,MALO,0,,,,,0,RECIBOS DE NOMINA,MEDIO_A,NO_CLIENTE,0,ALTO,0%,1,92,0,0,0,0,45,HIPOTECA,PREPARATORIA
2.01407E+16,194,RECHAZADA,PENDIENTE,RECHAZADO,MALO,0,,,,,0,RECIBOS DE NOMINA,MEDIO_A,NO_CLIENTE,0,ALTO,0%,5,94,0,0,0,0,37,HIPOTECA,PREPARATORIA
2.01408E+16,195,RECHAZADA,PENDIENTE,RECHAZADO,MALO,0,,0,,,0,INVERSIONES,MEDIO_B,NO_CLIENTE,15000,ALTO,0%,5,89,0,14853,890,0,56,FAMILIARES,LICENCIATURA
2.01407E+16,195,RECHAZADA,PENDIENTE,RECHAZADO,MALO,0,,,,,0,RECIBOS DE NOMINA,MEDIO_A,NO_CLIENTE,0,ALTO,0%,4,91,0,0,0,0,29,HIPOTECA,PREPARATORIA
2.01408E+16,195,RECHAZADA,PENDIENTE,RECHAZADO,MALO,0,,,,,0,INVERSIONES,ALTO_A,NO_CLIENTE,0,ALTO,0%,2,91,0,0,0,0,39,PROPIA,POSGRADO
2.01407E+16,195,RECHAZADA,PENDIENTE,RECHAZADO,MALO,0,,0,,,0,INVERSIONES,MEDIO_A,NO_CLIENTE,96500,ALTO,0%,5,93,0,18689,1210,0,60,HIPOTECA,PREPARATORIA
2.01407E+16,195,RECHAZADA,PENDIENTE,RECHAZADO,MALO,0,,,,,0,RECIBOS DE NOMINA,MEDIO_B,NO_CLIENTE,0,ALTO,0%,3,98,0,0,0,0,48,FAMILIARES,LICENCIATURA
2.01408E+16,196,RECHAZADA,PENDIENTE,RECHAZADO,MALO,0,,,,,0,RECIBOS DE NOMINA,MEDIO_A,NO_CLIENTE,0,ALTO,0%,3,91,0,0,0,0,44,HIPOTECA,LICENCIATURA
2.01408E+16,196,RECHAZADA,PENDIENTE,RECHAZADO,MALO,0,,,,,0,RECIBOS DE NOMINA,ALTO_A,NO_CLIENTE,0,ALTO,0%,3,93,0,0,0,0,39,PROPIA,POSGRADO
2.01408E+16,196,RECHAZADA,PENDIENTE,RECHAZADO,MALO,0,,0,,,0,INVERSIONES,ALTO_B,NO_CLIENTE,37500,ALTO,0%,4,94,0,10492,0,0,28,HIPOTECA,POSGRADO
2.01408E+16,196,RECHAZADA,PENDIENTE,RECHAZADO,MALO,0,,,,,0,RECIBOS DE NOMINA,ALTO_B,NO_CLIENTE,0,ALTO,0%,4,99,0,0,0,0,53,RENTA,POSGRADO
2.01407E+16,197,RECHAZADA,PENDIENTE,RECHAZADO,MALO,0,,,,,0,INVERSIONES,ALTO_B,NO_CLIENTE,0,ALTO,0%,4,91,0,0,0,0,58,HIPOTECA,POSGRADO
2.01408E+16,197,RECHAZADA,PENDIENTE,RECHAZADO,MALO,0,,,,,0,RECIBOS DE NOMINA,MEDIO_A,NO_CLIENTE,0,ALTO,0%,1,91,0,0,0,0,42,PROPIA,LICENCIATURA
2.01408E+16,197,RECHAZADA,PENDIENTE,RECHAZADO,MALO,0,,,,,0,RECIBOS DE NOMINA,ALTO_B,NO_CLIENTE,0,ALTO,0%,4,92,0,0,0,0,26,RENTA,POSGRADO
2.01407E+16,197,RECHAZADA,PENDIENTE,RECHAZADO,MALO,0,,,,,0,DECLARACION ANUAL,MEDIO_A,NO_CLIENTE,0,ALTO,0%,2,93,0,0,0,0,25,HIPOTECA,PREPARATORIA
2.01407E+16,197,RECHAZADA,PENDIENTE,RECHAZADO,MALO,0,,,,,0,RECIBOS DE NOMINA,MEDIO_B,NO_CLIENTE,0,ALTO,0%,3,97,0,0,0,0,49,RENTA,LICENCIATURA
2.01407E+16,197,RECHAZADA,PENDIENTE,RECHAZADO,MALO,0,,,,,0,RECIBOS DE NOMINA,MEDIO_A,NO_CLIENTE,0,ALTO,0%,3,101,0,0,0,0,45,HIPOTECA,PREPARATORIA
2.01407E+16,198,RECHAZADA,PENDIENTE,RECHAZADO,MALO,0,,0,,,0,INVERSIONES,MEDIO_A,NO_CLIENTE,0,ALTO,0%,3,90,0,8925,1920,0,54,PROPIA,LICENCIATURA
2.01408E+16,198,RECHAZADA,PENDIENTE,RECHAZADO,MALO,0,,,,,0,INVERSIONES,ALTO_B,NO_CLIENTE,0,ALTO,0%,4,94,0,0,0,0,41,FAMILIARES,POSGRADO
2.01408E+16,198,RECHAZADA,PENDIENTE,RECHAZADO,MALO,0,,0,,,0,INVERSIONES,MEDIO_B,NO_CLIENTE,11000,ALTO,0%,3,97,0,10789,710,0,56,RENTA,LICENCIATURA
2.01408E+16,198,RECHAZADA,PENDIENTE,RECHAZADO,MALO,0,,,,,0,INVERSIONES,MEDIO_B,NO_CLIENTE,0,ALTO,0%,0,101,0,0,0,0,25,RENTA,PREPARATORIA
2.01408E+16,199,RECHAZADA,PENDIENTE,RECHAZADO,MALO,0,,,,,0,RECIBOS DE NOMINA,ALTO_A,NO_CLIENTE,0,ALTO,0%,4,90,0,0,0,0,54,PROPIA,POSGRADO
2.01407E+16,199,RECHAZADA,PENDIENTE,RECHAZADO,MALO,0,,0,,,0,RECIBOS DE NOMINA,MEDIO_A,NO_CLIENTE,0,ALTO,0%,4,91,0,7613,7613,0,33,PROPIA,LICENCIATURA
2.01408E+16,199,RECHAZADA,PENDIENTE,RECHAZADO,MALO,0,,,,,0,RECIBOS DE NOMINA,MEDIO_A,NO_CLIENTE,0,ALTO,0%,5,93,0,0,0,0,55,HIPOTECA,PREPARATORIA
2.01408E+16,199,RECHAZADA,PENDIENTE,RECHAZADO,MALO,0,,,,,0,INVERSIONES,MEDIO_B,NO_CLIENTE,0,ALTO,0%,4,94,0,0,0,0,31,RENTA,PREPARATORIA
2.01407E+16,199,RECHAZADA,PENDIENTE,RECHAZADO,MALO,0,,0,,,0,INVERSIONES,MEDIO_A,NO_CLIENTE,0,ALTO,0%,2,95,0,2562,0,0,50,PROPIA,LICENCIATURA
2.01407E+16,199,RECHAZADA,PENDIENTE,RECHAZADO,MALO,0,,,,,0,RECIBOS DE NOMINA,ALTO_B,NO_CLIENTE,0,ALTO,0%,3,96,0,0,0,0,34,FAMILIARES,POSGRADO
2.01408E+16,199,RECHAZADA,PENDIENTE,RECHAZADO,MALO,0,,,,,0,RECIBOS DE NOMINA,MEDIO_B,NO_CLIENTE,0,ALTO,0%,4,96,0,0,0,0,38,FAMILIARES,LICENCIATURA
2.01407E+16,199,RECHAZADA,PENDIENTE,RECHAZADO,MALO,0,,,,,0,RECIBOS DE NOMINA,MEDIO_A,NO_CLIENTE,0,ALTO,0%,3,97,0,0,0,0,57,HIPOTECA,PREPARATORIA
2.01406E+16,199,RECHAZADA,PENDIENTE,RECHAZADO,MALO,0,,0,,,0,INVERSIONES,MEDIO_B,NO_CLIENTE,0,ALTO,0%,4,98,0,3512,0,0,30,FAMILIARES,LICENCIATURA
2.01408E+16,199,RECHAZADA,PENDIENTE,RECHAZADO,MALO,0,,,,,0,RECIBOS DE NOMINA,ALTO_B,NO_CLIENTE,0,ALTO,0%,2,98,0,0,0,0,42,RENTA,POSGRADO
2.01408E+16,199,RECHAZADA,PENDIENTE,RECHAZADO,MALO,0,,,,,0,RECIBOS DE NOMINA,ALTO_A,NO_CLIENTE,0,ALTO,0%,2,100,0,0,0,0,58,PROPIA,POSGRADO
2.01408E+16,199,RECHAZADA,PENDIENTE,RECHAZADO,MALO,0,,,,,0,RECIBOS DE NOMINA,MEDIO_A,NO_CLIENTE,0,ALTO,0%,3,100,0,0,0,0,58,HIPOTECA,PREPARATORIA
2.01407E+16,200,RECHAZADA,PENDIENTE,RECHAZADO,MALO,0,,,,,0,RECIBOS DE NOMINA,ALTO_A,NO_CLIENTE,0,ALTO,0%,3,91,0,0,0,0,49,PROPIA,POSGRADO
2.01407E+16,200,RECHAZADA,PENDIENTE,RECHAZADO,MALO,0,,0,,,0,INVERSIONES,ALTO_B,NO_CLIENTE,0,ALTO,0%,3,91,0,14326,0,0,31,FAMILIARES,POSGRADO
2.01408E+16,200,RECHAZADA,PENDIENTE,RECHAZADO,MALO,0,,3,,0.00%,0,INVERSIONES,MEDIO_A,NO_CLIENTE,7000,ALTO,0%,2,93,0,4874,820,0,50,PROPIA,LICENCIATURA
2.01407E+16,200,RECHAZADA,PENDIENTE,RECHAZADO,MALO,0,,,,,0,RECIBOS DE NOMINA,MEDIO_A,NO_CLIENTE,0,ALTO,0%,1,95,0,0,0,0,46,HIPOTECA,PREPARATORIA
2.01407E+16,200,RECHAZADA,PENDIENTE,RECHAZADO,MALO,0,,,,,0,RECIBOS DE NOMINA,MEDIO_A,NO_CLIENTE,0,ALTO,0%,1,97,0,0,0,0,36,PROPIA,LICENCIATURA
2.01407E+16,201,RECHAZADA,PENDIENTE,RECHAZADO,MALO,0,,0,,,0,RECIBOS DE NOMINA,MEDIO_B,NO_CLIENTE,0,ALTO,0%,4,89,0,3214,250,0,26,RENTA,LICENCIATURA
2.01408E+16,201,RECHAZADA,PENDIENTE,RECHAZADO,MALO,0,,,,,0,DECLARACION ANUAL,MEDIO_A,NO_CLIENTE,0,ALTO,0%,5,89,0,0,0,0,36,HIPOTECA,LICENCIATURA
2.01408E+16,201,RECHAZADA,PENDIENTE,RECHAZADO,MALO,0,,1,,0.00%,0,INVERSIONES,ALTO_A,NO_CLIENTE,130000,ALTO,0%,4,91,0,52854,1630,0,48,PROPIA,POSGRADO
2.01407E+16,201,RECHAZADA,PENDIENTE,RECHAZADO,MALO,0,,,,,0,RECIBOS DE NOMINA,ALTO_B,NO_CLIENTE,0,ALTO,0%,1,93,0,0,0,0,53,RENTA,POSGRADO
2.01407E+16,201,RECHAZADA,PENDIENTE,RECHAZADO,MALO,0,,,,,0,RECIBOS DE NOMINA,MEDIO_B,NO_CLIENTE,0,ALTO,0%,2,93,0,0,0,0,44,RENTA,LICENCIATURA
2.01407E+16,201,RECHAZADA,PENDIENTE,RECHAZADO,MALO,0,,,,,0,RECIBOS DE NOMINA,MEDIO_B,NO_CLIENTE,0,ALTO,0%,4,93,0,0,0,0,31,RENTA,LICENCIATURA
2.01408E+16,201,RECHAZADA,PENDIENTE,RECHAZADO,MALO,0,,1,,0.00%,0,INVERSIONES,MEDIO_A,NO_CLIENTE,3999,ALTO,0%,3,93,0,0,0,0,48,HIPOTECA,PREPARATORIA
2.01408E+16,201,RECHAZADA,PENDIENTE,RECHAZADO,MALO,0,,1,,0.00%,0,INVERSIONES,ALTO_B,NO_CLIENTE,7000,ALTO,0%,4,95,0,633,0,0,58,RENTA,POSGRADO
2.01408E+16,201,RECHAZADA,PENDIENTE,RECHAZADO,MALO,0,,,,,0,RECIBOS DE NOMINA,MEDIO_A,NO_CLIENTE,0,ALTO,0%,4,96,0,0,0,0,32,PROPIA,LICENCIATURA
2.01408E+16,201,RECHAZADA,PENDIENTE,RECHAZADO,MALO,0,,0,,,0,INVERSIONES,MEDIO_A,NO_CLIENTE,200000,ALTO,0%,4,99,0,174066,0,0,43,PROPIA,LICENCIATURA
2.01408E+16,201,RECHAZADA,PENDIENTE,RECHAZADO,MALO,0,,,,,0,RECIBOS DE NOMINA,MEDIO_A,NO_CLIENTE,0,ALTO,0%,3,100,0,0,0,0,36,PROPIA,LICENCIATURA
2.01407E+16,201,RECHAZADA,PENDIENTE,RECHAZADO,MALO,0,,,,,0,INVERSIONES,MEDIO_A,NO_CLIENTE,0,ALTO,0%,2,100,0,0,0,0,54,HIPOTECA,PREPARATORIA
2.01408E+16,201,RECHAZADA,PENDIENTE,RECHAZADO,MALO,0,,,,,0,INVERSIONES,MEDIO_A,NO_CLIENTE,0,ALTO,0%,0,101,0,0,0,0,53,HIPOTECA,LICENCIATURA
2.01407E+16,201,EN_PROCESO,PENDIENTE,RECHAZADO,MALO,0,,,,,0,INVERSIONES,BAJO_A,NO_CLIENTE,0,ALTO,0%,0,101,0,0,0,0,57,RENTA,POSGRADO
2.01408E+16,202,RECHAZADA,PENDIENTE,RECHAZADO,MALO,0,,1,,,0,RECIBOS DE NOMINA,MEDIO_A,NO_CLIENTE,37300,ALTO,0%,3,90,0,28899,2140,0,52,HIPOTECA,LICENCIATURA
2.01408E+16,202,RECHAZADA,PENDIENTE,RECHAZADO,MALO,0,,0,,,0,INVERSIONES,ALTO_B,NO_CLIENTE,0,ALTO,0%,3,93,0,7079,7079,0,54,FAMILIARES,POSGRADO
2.01408E+16,202,RECHAZADA,PENDIENTE,RECHAZADO,MALO,0,,0,,,0,RECIBOS DE NOMINA,MEDIO_B,NO_CLIENTE,18000,ALTO,0%,5,94,0,17366,1070,0,26,FAMILIARES,PREPARATORIA
2.01408E+16,202,RECHAZADA,PENDIENTE,RECHAZADO,MALO,0,,1,,0.00%,0,INVERSIONES,MEDIO_B,NO_CLIENTE,121000,ALTO,0%,2,97,0,21541,0,0,38,FAMILIARES,LICENCIATURA
2.01408E+16,202,RECHAZADA,PENDIENTE,RECHAZADO,MALO,0,,1,,0.00%,0,RECIBOS DE NOMINA,MEDIO_A,NO_CLIENTE,33500,ALTO,0%,2,100,0,14695,1100,0,60,PROPIA,LICENCIATURA
2.01407E+16,203,RECHAZADA,PENDIENTE,RECHAZADO,MALO,0,,,,,0,INVERSIONES,MEDIO_B,NO_CLIENTE,0,ALTO,0%,5,89,0,0,0,0,33,FAMILIARES,LICENCIATURA
2.01408E+16,203,RECHAZADA,PENDIENTE,RECHAZADO,MALO,0,,,,,0,RECIBOS DE NOMINA,ALTO_B,NO_CLIENTE,0,ALTO,0%,2,91,0,0,0,0,57,FAMILIARES,POSGRADO
2.01408E+16,203,RECHAZADA,PENDIENTE,RECHAZADO,MALO,0,,,,,0,RECIBOS DE NOMINA,MEDIO_A,NO_CLIENTE,0,ALTO,0%,2,91,0,0,0,0,28,HIPOTECA,LICENCIATURA
2.01407E+16,203,RECHAZADA,PENDIENTE,RECHAZADO,MALO,0,,,,,0,RECIBOS DE NOMINA,ALTO_B,NO_CLIENTE,0,ALTO,0%,5,93,0,0,0,0,34,RENTA,POSGRADO
2.01408E+16,203,RECHAZADA,PENDIENTE,RECHAZADO,MALO,0,,,,,0,RECIBOS DE NOMINA,MEDIO_B,NO_CLIENTE,0,ALTO,0%,2,97,0,0,0,0,27,FAMILIARES,LICENCIATURA
2.01407E+16,203,RECHAZADA,PENDIENTE,RECHAZADO,MALO,0,,1,,0.00%,0,RECIBOS DE NOMINA,MEDIO_A,NO_CLIENTE,0,ALTO,0%,4,98,0,1540,250,0,44,HIPOTECA,PREPARATORIA
2.01407E+16,203,RECHAZADA,PENDIENTE,RECHAZADO,MALO,0,,,,,0,INVERSIONES,MEDIO_B,NO_CLIENTE,0,ALTO,0%,3,99,0,0,0,0,48,FAMILIARES,LICENCIATURA
2.01408E+16,203,RECHAZADA,PENDIENTE,RECHAZADO,MALO,0,,,,,0,INVERSIONES,MEDIO_A,NO_CLIENTE,0,ALTO,0%,2,99,0,0,0,0,28,PROPIA,LICENCIATURA
2.01407E+16,203,RECHAZADA,PENDIENTE,RECHAZADO,MALO,0,,,,,0,RECIBOS DE NOMINA,ALTO_B,NO_CLIENTE,0,ALTO,0%,4,100,0,0,0,0,37,FAMILIARES,POSGRADO
2.01408E+16,203,RECHAZADA,PENDIENTE,RECHAZADO,MALO,0,,,,,0,RECIBOS DE NOMINA,MEDIO_A,NO_CLIENTE,0,ALTO,0%,1,100,0,0,0,0,53,PROPIA,LICENCIATURA
2.01408E+16,204,RECHAZADA,PENDIENTE,RECHAZADO,MALO,0,,1,,0.00%,0,INVERSIONES,MEDIO_B,NO_CLIENTE,3000,ALTO,0%,3,90,0,2317,0,0,48,FAMILIARES,LICENCIATURA
2.01407E+16,204,RECHAZADA,PENDIENTE,RECHAZADO,MALO,0,,0,,,0,RECIBOS DE NOMINA,ALTO_A,NO_CLIENTE,0,ALTO,0%,3,92,0,9244,0,0,32,PROPIA,POSGRADO
2.01408E+16,204,RECHAZADA,PENDIENTE,RECHAZADO,MALO,0,,,,,0,INVERSIONES,MEDIO_B,NO_CLIENTE,0,ALTO,0%,4,93,0,0,0,0,56,RENTA,LICENCIATURA
2.01407E+16,204,RECHAZADA,PENDIENTE,RECHAZADO,MALO,0,,,,,0,RECIBOS DE NOMINA,ALTO_B,NO_CLIENTE,0,ALTO,0%,2,96,0,0,0,0,41,RENTA,POSGRADO
2.01406E+16,204,RECHAZADA,PENDIENTE,RECHAZADO,MALO,0,,,,,0,INVERSIONES,MEDIO_B,NO_CLIENTE,0,ALTO,0%,5,98,0,0,0,0,59,FAMILIARES,LICENCIATURA
2.01408E+16,204,RECHAZADA,PENDIENTE,RECHAZADO,MALO,0,,,,,0,RECIBOS DE NOMINA,MEDIO_B,NO_CLIENTE,0,ALTO,0%,3,98,0,0,0,0,43,RENTA,PREPARATORIA
2.01408E+16,204,RECHAZADA,PENDIENTE,RECHAZADO,MALO,0,,,,,0,INVERSIONES,ALTO_A,NO_CLIENTE,0,ALTO,0%,3,98,0,0,0,0,50,PROPIA,POSGRADO
2.01408E+16,205,RECHAZADA,PENDIENTE,RECHAZADO,MALO,0,,2,,0.00%,0,INVERSIONES,ALTO_B,NO_CLIENTE,14000,ALTO,0%,5,93,0,13511,0,0,45,FAMILIARES,POSGRADO
2.01408E+16,205,RECHAZADA,PENDIENTE,RECHAZADO,MALO,0,,,,,0,RECIBOS DE NOMINA,MEDIO_A,NO_CLIENTE,0,ALTO,0%,3,97,0,0,0,0,31,PROPIA,LICENCIATURA
2.01407E+16,205,RECHAZADA,PENDIENTE,RECHAZADO,MALO,0,,,,,0,INVERSIONES,MEDIO_B,NO_CLIENTE,0,ALTO,0%,3,98,0,0,0,0,37,RENTA,LICENCIATURA
2.01408E+16,205,RECHAZADA,PENDIENTE,RECHAZADO,MALO,0,,,,,0,RECIBOS DE NOMINA,ALTO_B,NO_CLIENTE,0,ALTO,0%,4,98,0,0,0,0,43,HIPOTECA,POSGRADO
2.01408E+16,205,RECHAZADA,PENDIENTE,RECHAZADO,MALO,0,,,,,0,RECIBOS DE NOMINA,MEDIO_B,NO_CLIENTE,0,ALTO,0%,2,100,0,0,0,0,45,FAMILIARES,LICENCIATURA
2.01407E+16,205,RECHAZADA,PENDIENTE,RECHAZADO,MALO,0,,,,,0,INVERSIONES,MEDIO_B,NO_CLIENTE,0,ALTO,0%,0,101,0,0,0,0,37,FAMILIARES,LICENCIATURA
2.01408E+16,205,RECHAZADA,PENDIENTE,RECHAZADO,MALO,0,,,,,0,INVERSIONES,MEDIO_B,NO_CLIENTE,0,ALTO,0%,0,101,0,0,0,0,55,FAMILIARES,PREPARATORIA
2.01407E+16,206,RECHAZADA,PENDIENTE,RECHAZADO,MALO,0,,0,,,0,INVERSIONES,ALTO_B,NO_CLIENTE,0,ALTO,0%,2,90,0,60125,2080,0,35,FAMILIARES,POSGRADO
2.01406E+16,206,RECHAZADA,PENDIENTE,RECHAZADO,MALO,0,,,,,34932,RECIBOS DE NOMINA,ALTO_B,CLIENTE_BANCO,0,ALTO,0%,4,91,0,0,0,0,37,HIPOTECA,LICENCIATURA
2.01407E+16,206,RECHAZADA,PENDIENTE,RECHAZADO,MALO,0,,0,,,0,INVERSIONES,ALTO_B,NO_CLIENTE,0,ALTO,0%,5,94,0,27450,1390,0,49,RENTA,POSGRADO
2.01406E+16,206,RECHAZADA,PENDIENTE,RECHAZADO,MALO,0,,,,,0,INVERSIONES,MEDIO_B,NO_CLIENTE,0,ALTO,0%,3,97,0,0,0,0,51,RENTA,PREPARATORIA
2.01408E+16,206,RECHAZADA,PENDIENTE,RECHAZADO,MALO,0,,,,,0,INVERSIONES,ALTO_B,NO_CLIENTE,0,ALTO,0%,2,98,0,0,0,0,54,FAMILIARES,POSGRADO
2.01408E+16,207,EN_PROCESO,PENDIENTE,RECHAZADO,MALO,0,,,,,0,RECIBOS DE NOMINA,BAJO_A,NO_CLIENTE,0,ALTO,0%,5,91,0,0,0,0,53,HIPOTECA,PREPARATORIA
2.01408E+16,207,RECHAZADA,PENDIENTE,RECHAZADO,MALO,0,,,,,0,INVERSIONES,ALTO_B,NO_CLIENTE,0,ALTO,0%,3,95,0,0,0,0,56,RENTA,POSGRADO
2.01406E+16,207,RECHAZADA,PENDIENTE,RECHAZADO,MALO,0,,,,,5436,RECIBOS DE NOMINA,ALTO_B,CLIENTE_BANCO,0,ALTO,0%,4,97,0,0,0,0,58,FAMILIARES,SECUNDARIA
2.01407E+16,207,CANCELADA,PENDIENTE,RECHAZADO,MALO,0,,,,,0,SIN COMPROBANTE,ALTO_B,NO_CLIENTE,0,ALTO,0%,3,100,0,0,0,0,51,HIPOTECA,POSGRADO
2.01406E+16,208,RECHAZADA,PENDIENTE,RECHAZADO,MALO,0,,,,,0,RECIBOS DE NOMINA,MEDIO_B,NO_CLIENTE,0,ALTO,0%,5,90,0,0,0,0,34,FAMILIARES,LICENCIATURA
2.01408E+16,208,RECHAZADA,PENDIENTE,RECHAZADO,MALO,0,,1,,0.00%,0,INVERSIONES,MEDIO_B,NO_CLIENTE,18004,ALTO,0%,3,94,0,16379,0,0,37,FAMILIARES,LICENCIATURA
2.01408E+16,208,RECHAZADA,PENDIENTE,RECHAZADO,MALO,0,,,,,0,RECIBOS DE NOMINA,MEDIO_A,NO_CLIENTE,0,ALTO,0%,2,94,0,0,0,0,39,HIPOTECA,PREPARATORIA
2.01408E+16,208,RECHAZADA,PENDIENTE,RECHAZADO,MALO,0,,0,,,0,RECIBOS DE NOMINA,ALTO_B,NO_CLIENTE,0,ALTO,0%,2,96,0,14579,870,0,50,RENTA,POSGRADO
2.01407E+16,208,RECHAZADA,PENDIENTE,RECHAZADO,MALO,0,,,,,0,RECIBOS DE NOMINA,MEDIO_A,NO_CLIENTE,0,ALTO,0%,3,97,0,0,0,0,30,PROPIA,LICENCIATURA
2.01408E+16,208,RECHAZADA,PENDIENTE,RECHAZADO,MALO,0,,,,,0,RECIBOS DE NOMINA,MEDIO_A,NO_CLIENTE,0,ALTO,0%,5,98,0,0,0,0,32,HIPOTECA,LICENCIATURA
2.01408E+16,208,RECHAZADA,PENDIENTE,RECHAZADO,MALO,0,,,,,0,RECIBOS DE NOMINA,ALTO_B,NO_CLIENTE,0,ALTO,0%,5,99,0,0,0,0,57,HIPOTECA,POSGRADO
2.01407E+16,208,RECHAZADA,PENDIENTE,RECHAZADO,MALO,0,,2,,0.00%,0,RECIBOS DE NOMINA,MEDIO_B,NO_CLIENTE,0,ALTO,0%,2,100,0,17736,2740,0,56,RENTA,PREPARATORIA
2.01408E+16,208,RECHAZADA,PENDIENTE,RECHAZADO,MALO,0,,0,,,0,RECIBOS DE NOMINA,ALTO_B,NO_CLIENTE,0,ALTO,0%,3,101,0,13760,13760,0,50,FAMILIARES,POSGRADO
2.01408E+16,209,RECHAZADA,PENDIENTE,RECHAZADO,MALO,0,,0,,,0,INVERSIONES,ALTO_A,NO_CLIENTE,0,ALTO,0%,3,91,0,12393,0,0,50,PROPIA,POSGRADO
2.01408E+16,209,EN_PROCESO,PENDIENTE,RECHAZADO,MALO,0,,,,,0,RECIBOS DE NOMINA,MEDIO_B,NO_CLIENTE,0,ALTO,0%,4,92,0,0,0,0,50,RENTA,LICENCIATURA
2.01407E+16,209,RECHAZADA,PENDIENTE,RECHAZADO,MALO,0,,,,,0,INVERSIONES,MEDIO_A,NO_CLIENTE,0,ALTO,0%,2,93,0,0,0,0,36,HIPOTECA,PREPARATORIA
2.01407E+16,209,RECHAZADA,PENDIENTE,RECHAZADO,MALO,0,,,,,0,INVERSIONES,ALTO_B,NO_CLIENTE,0,ALTO,0%,5,93,0,0,0,0,39,FAMILIARES,POSGRADO
2.01408E+16,209,RECHAZADA,PENDIENTE,RECHAZADO,MALO,0,,,,,0,RECIBOS DE NOMINA,MEDIO_B,NO_CLIENTE,0,ALTO,0%,2,94,0,0,0,0,40,FAMILIARES,PREPARATORIA
2.01408E+16,209,RECHAZADA,PENDIENTE,RECHAZADO,MALO,0,,0,,,0,RECIBOS DE NOMINA,ALTO_B,NO_CLIENTE,374500,ALTO,0%,2,99,0,210437,7340,0,53,HIPOTECA,POSGRADO
2.01407E+16,210,RECHAZADA,PENDIENTE,RECHAZADO,MALO,0,,0,,,0,INVERSIONES,MEDIO_B,NO_CLIENTE,0,ALTO,0%,2,90,0,7451,530,0,53,FAMILIARES,LICENCIATURA
2.01408E+16,210,RECHAZADA,PENDIENTE,RECHAZADO,MALO,0,,0,,,0,RECIBOS DE NOMINA,MEDIO_B,NO_CLIENTE,5050,ALTO,0%,3,92,0,0,0,0,29,RENTA,LICENCIATURA
2.01408E+16,210,RECHAZADA,PENDIENTE,RECHAZADO,MALO,0,,0,,,0,INVERSIONES,MEDIO_A,NO_CLIENTE,25000,ALTO,0%,3,93,0,26490,1610,0,50,HIPOTECA,PREPARATORIA
2.01408E+16,210,RECHAZADA,PENDIENTE,RECHAZADO,MALO,0,,,,,0,RECIBOS DE NOMINA,MEDIO_B,NO_CLIENTE,0,ALTO,0%,3,98,0,0,0,0,38,FAMILIARES,PREPARATORIA
2.01408E+16,210,RECHAZADA,PENDIENTE,RECHAZADO,MALO,0,,0,,0.00%,0,INVERSIONES,ALTO_B,NO_CLIENTE,40104,ALTO,0%,2,98,0,38210,341,0,50,HIPOTECA,POSGRADO
2.01406E+16,210,RECHAZADA,PENDIENTE,RECHAZADO,MALO,0,,,,,0,RECIBOS DE NOMINA,MEDIO_A,NO_CLIENTE,0,ALTO,0%,5,98,0,0,0,0,58,FAMILIARES,PREPARATORIA
2.01407E+16,210,RECHAZADA,PENDIENTE,RECHAZADO,MALO,0,,,,,0,INVERSIONES,MEDIO_A,NO_CLIENTE,0,ALTO,0%,4,101,0,0,0,0,44,HIPOTECA,PREPARATORIA
2.01407E+16,210,CANCELADA,PENDIENTE,RECHAZADO,MALO,0,,0,,,0,RECIBOS DE NOMINA,MEDIO_B,NO_CLIENTE,0,ALTO,0%,3,101,0,17992,1280,0,36,RENTA,LICENCIATURA
2.01408E+16,211,RECHAZADA,PENDIENTE,RECHAZADO,MALO,0,,,,,0,INVERSIONES,MEDIO_B,NO_CLIENTE,0,ALTO,0%,3,90,0,0,0,0,34,RENTA,PREPARATORIA
2.01407E+16,211,RECHAZADA,PENDIENTE,RECHAZADO,MALO,0,,,,,0,RECIBOS DE NOMINA,ALTO_B,NO_CLIENTE,0,ALTO,0%,4,93,0,0,0,0,56,FAMILIARES,POSGRADO
2.01407E+16,211,CANCELADA,PENDIENTE,RECHAZADO,MALO,0,,,,,0,INVERSIONES,ALTO_B,NO_CLIENTE,0,ALTO,0%,4,94,0,0,0,0,28,FAMILIARES,POSGRADO
2.01406E+16,211,RECHAZADA,PENDIENTE,RECHAZADO,MALO,0,,,,,0,DECLARACION ANUAL,MEDIO_B,NO_CLIENTE,0,ALTO,0%,3,96,0,0,0,0,49,FAMILIARES,LICENCIATURA
2.01407E+16,211,RECHAZADA,PENDIENTE,RECHAZADO,MALO,0,,,,,0,INVERSIONES,MEDIO_A,NO_CLIENTE,0,ALTO,0%,2,96,0,0,0,0,42,HIPOTECA,PREPARATORIA
2.01408E+16,211,RECHAZADA,PENDIENTE,RECHAZADO,MALO,0,,,,,0,RECIBOS DE NOMINA,ALTO_B,NO_CLIENTE,0,ALTO,0%,3,96,0,0,0,0,54,FAMILIARES,POSGRADO
2.01407E+16,211,RECHAZADA,PENDIENTE,RECHAZADO,MALO,0,,,,,0,RECIBOS DE NOMINA,MEDIO_B,NO_CLIENTE,0,ALTO,0%,2,97,0,0,0,0,25,FAMILIARES,LICENCIATURA
2.01407E+16,211,RECHAZADA,PENDIENTE,RECHAZADO,MALO,0,,,,,0,RECIBOS DE NOMINA,MEDIO_A,NO_CLIENTE,0,ALTO,0%,2,98,0,0,0,0,35,PROPIA,LICENCIATURA
2.01407E+16,211,RECHAZADA,PENDIENTE,RECHAZADO,MALO,0,,,,,0,RECIBOS DE NOMINA,ALTO_B,NO_CLIENTE,0,ALTO,0%,3,98,0,0,0,0,39,HIPOTECA,POSGRADO
2.01407E+16,211,RECHAZADA,PENDIENTE,RECHAZADO,MALO,0,,,,,0,RECIBOS DE NOMINA,ALTO_B,NO_CLIENTE,0,ALTO,0%,3,100,0,0,0,0,50,RENTA,POSGRADO
2.01408E+16,211,RECHAZADA,PENDIENTE,RECHAZADO,MALO,0,,,,,0,RECIBOS DE NOMINA,MEDIO_B,NO_CLIENTE,0,ALTO,0%,1,100,0,0,0,0,43,FAMILIARES,LICENCIATURA
2.01407E+16,211,RECHAZADA,PENDIENTE,RECHAZADO,MALO,0,,,,,0,RECIBOS DE NOMINA,ALTO_B,NO_CLIENTE,0,ALTO,0%,3,101,0,0,0,0,45,HIPOTECA,POSGRADO
2.01407E+16,212,CANCELADA,PENDIENTE,RECHAZADO,MALO,0,,,,,0,SIN COMPROBANTE,MEDIO_A,NO_CLIENTE,0,ALTO,0%,3,90,0,0,0,0,55,HIPOTECA,PREPARATORIA
2.01407E+16,212,RECHAZADA,PENDIENTE,RECHAZADO,MALO,0,,0,,,0,INVERSIONES,MEDIO_A,NO_CLIENTE,0,ALTO,0%,2,94,0,4888,0,0,35,PROPIA,LICENCIATURA
2.01407E+16,213,RECHAZADA,PENDIENTE,RECHAZADO,MALO,0,,,,,0,RECIBOS DE NOMINA,ALTO_A,NO_CLIENTE,0,ALTO,0%,5,91,0,0,0,0,57,PROPIA,POSGRADO
2.01407E+16,213,RECHAZADA,PENDIENTE,RECHAZADO,MALO,0,,0,,,0,INVERSIONES,ALTO_B,NO_CLIENTE,0,ALTO,0%,3,92,0,2243,1550,0,45,RENTA,POSGRADO
2.01408E+16,213,RECHAZADA,PENDIENTE,RECHAZADO,MALO,0,,1,,,0,RECIBOS DE NOMINA,MEDIO_B,NO_CLIENTE,38100,ALTO,0%,2,100,0,26913,0,0,57,RENTA,PREPARATORIA
2.01407E+16,214,RECHAZADA,PENDIENTE,RECHAZADO,MALO,0,,,,,0,RECIBOS DE NOMINA,MEDIO_A,NO_CLIENTE,0,ALTO,0%,5,89,0,0,0,0,27,PROPIA,LICENCIATURA
2.01407E+16,214,RECHAZADA,PENDIENTE,RECHAZADO,MALO,0,,,,,0,RECIBOS DE NOMINA,MEDIO_A,NO_CLIENTE,0,ALTO,0%,1,95,0,0,0,0,54,HIPOTECA,PREPARATORIA
2.01408E+16,214,RECHAZADA,PENDIENTE,RECHAZADO,MALO,0,,,,,0,INVERSIONES,ALTO_B,NO_CLIENTE,0,ALTO,0%,3,95,0,0,0,0,39,FAMILIARES,POSGRADO
2.01407E+16,214,RECHAZADA,PENDIENTE,RECHAZADO,MALO,0,,,,,0,RECIBOS DE NOMINA,ALTO_A,NO_CLIENTE,0,ALTO,0%,1,96,0,0,0,0,50,PROPIA,POSGRADO
2.01408E+16,214,RECHAZADA,PENDIENTE,RECHAZADO,MALO,0,,,,,0,RECIBOS DE NOMINA,MEDIO_A,NO_CLIENTE,0,ALTO,0%,1,98,0,0,0,0,48,HIPOTECA,PREPARATORIA
2.01408E+16,214,RECHAZADA,PENDIENTE,RECHAZADO,MALO,0,,,,,0,RECIBOS DE NOMINA,ALTO_B,NO_CLIENTE,0,ALTO,0%,2,98,0,0,0,0,59,HIPOTECA,POSGRADO
2.01408E+16,214,RECHAZADA,PENDIENTE,RECHAZADO,MALO,0,,,,,0,RECIBOS DE NOMINA,MEDIO_B,NO_CLIENTE,0,ALTO,0%,4,100,0,0,0,0,53,RENTA,LICENCIATURA
2.01407E+16,215,RECHAZADA,PENDIENTE,RECHAZADO,MALO,0,,,,,0,RECIBOS DE NOMINA,MEDIO_B,NO_CLIENTE,0,ALTO,0%,3,91,0,0,0,0,56,FAMILIARES,LICENCIATURA
2.01408E+16,215,RECHAZADA,PENDIENTE,RECHAZADO,MALO,0,,,,,0,INVERSIONES,ALTO_B,NO_CLIENTE,0,ALTO,0%,4,91,0,0,0,0,44,HIPOTECA,POSGRADO
2.01408E+16,215,RECHAZADA,PENDIENTE,RECHAZADO,MALO,0,,,,,0,INVERSIONES,ALTO_B,NO_CLIENTE,0,ALTO,0%,3,94,0,0,0,0,45,FAMILIARES,POSGRADO
2.01407E+16,215,RECHAZADA,PENDIENTE,RECHAZADO,MALO,0,,,,,0,RECIBOS DE NOMINA,MEDIO_A,NO_CLIENTE,0,ALTO,0%,2,95,0,0,0,0,37,HIPOTECA,PREPARATORIA
2.01406E+16,215,RECHAZADA,PENDIENTE,RECHAZADO,MALO,0,,,,,0,RECIBOS DE NOMINA,MEDIO_B,NO_CLIENTE,0,ALTO,0%,4,98,0,0,0,0,38,RENTA,LICENCIATURA
2.01408E+16,215,RECHAZADA,PENDIENTE,RECHAZADO,MALO,0,,,,,0,RECIBOS DE NOMINA,ALTO_B,NO_CLIENTE,0,ALTO,0%,2,99,0,0,0,0,36,FAMILIARES,POSGRADO
2.01408E+16,215,RECHAZADA,PENDIENTE,RECHAZADO,MALO,0,,,,,0,INVERSIONES,MEDIO_B,NO_CLIENTE,0,ALTO,0%,2,101,0,0,0,0,51,RENTA,PREPARATORIA
2.01408E+16,216,RECHAZADA,PENDIENTE,RECHAZADO,MALO,0,,1,,,0,RECIBOS DE NOMINA,MEDIO_A,NO_CLIENTE,10003,ALTO,0%,4,90,0,6802,0,0,50,HIPOTECA,PREPARATORIA
2.01408E+16,216,RECHAZADA,PENDIENTE,RECHAZADO,MALO,0,,,,,0,RECIBOS DE NOMINA,MEDIO_A,NO_CLIENTE,0,ALTO,0%,5,99,0,0,0,0,56,HIPOTECA,LICENCIATURA
2.01408E+16,216,RECHAZADA,PENDIENTE,RECHAZADO,MALO,0,,,,,0,RECIBOS DE NOMINA,ALTO_A,NO_CLIENTE,0,ALTO,0%,3,100,0,0,0,0,52,PROPIA,POSGRADO
2.01407E+16,216,RECHAZADA,PENDIENTE,RECHAZADO,MALO,0,,,,,0,INVERSIONES,ALTO_B,NO_CLIENTE,0,ALTO,0%,1,101,0,0,0,0,27,FAMILIARES,POSGRADO
2.01408E+16,216,RECHAZADA,PENDIENTE,RECHAZADO,MALO,0,,,,,0,RECIBOS DE NOMINA,MEDIO_B,NO_CLIENTE,0,ALTO,0%,3,101,0,0,0,0,44,RENTA,PREPARATORIA
2.01408E+16,216,RECHAZADA,PENDIENTE,RECHAZADO,MALO,0,,,,,0,INVERSIONES,ALTO_B,NO_CLIENTE,0,ALTO,0%,3,101,0,0,0,0,32,HIPOTECA,POSGRADO
2.01408E+16,217,RECHAZADA,PENDIENTE,RECHAZADO,MALO,0,,,,,0,INVERSIONES,MEDIO_A,NO_CLIENTE,0,ALTO,0%,4,89,0,0,0,0,50,HIPOTECA,PREPARATORIA
2.01407E+16,217,RECHAZADA,PENDIENTE,RECHAZADO,MALO,0,,,,,0,DECLARACION ANUAL,ALTO_B,NO_CLIENTE,0,ALTO,0%,3,100,0,0,0,0,34,RENTA,POSGRADO
2.01407E+16,217,RECHAZADA,PENDIENTE,RECHAZADO,MALO,0,,0,,,0,INVERSIONES,ALTO_A,NO_CLIENTE,0,ALTO,0%,3,100,0,44884,0,0,50,PROPIA,POSGRADO
2.01406E+16,218,RECHAZADA,PENDIENTE,RECHAZADO,MALO,0,,,,,0,RECIBOS DE NOMINA,MEDIO_B,NO_CLIENTE,0,ALTO,0%,4,90,0,0,0,0,32,RENTA,PREPARATORIA
2.01407E+16,218,RECHAZADA,PENDIENTE,RECHAZADO,MALO,0,,2,,0.00%,0,RECIBOS DE NOMINA,MEDIO_B,NO_CLIENTE,0,ALTO,0%,2,90,0,637,637,0,41,RENTA,PREPARATORIA
2.01312E+16,218,CANCELADA,PENDIENTE,RECHAZADO,MALO,0,,,,,0,INVERSIONES,ALTO_B,NO_CLIENTE,0,ALTO,0%,5,91,0,0,0,0,48,RENTA,POSGRADO
2.01407E+16,218,RECHAZADA,PENDIENTE,RECHAZADO,MALO,0,,,,,0,RECIBOS DE NOMINA,ALTO_B,NO_CLIENTE,0,ALTO,0%,2,92,0,0,0,0,59,FAMILIARES,POSGRADO
2.01408E+16,218,RECHAZADA,PENDIENTE,RECHAZADO,MALO,0,,,,,0,INVERSIONES,MEDIO_A,NO_CLIENTE,0,ALTO,0%,2,93,0,0,0,0,52,HIPOTECA,PREPARATORIA
2.01408E+16,218,RECHAZADA,PENDIENTE,RECHAZADO,MALO,0,,,,,0,RECIBOS DE NOMINA,MEDIO_B,NO_CLIENTE,0,ALTO,0%,2,93,0,0,0,0,38,FAMILIARES,LICENCIATURA
2.01408E+16,218,RECHAZADA,PENDIENTE,RECHAZADO,MALO,0,,,,,0,INVERSIONES,MEDIO_B,NO_CLIENTE,0,ALTO,0%,5,95,0,0,0,0,47,FAMILIARES,LICENCIATURA
2.01406E+16,218,RECHAZADA,PENDIENTE,RECHAZADO,MALO,0,,,,,18183,RECIBOS DE NOMINA,MEDIO_B,NO_CLIENTE,0,ALTO,0%,1,95,0,0,0,0,59,FAMILIARES,PREPARATORIA
2.01408E+16,218,RECHAZADA,PENDIENTE,RECHAZADO,MALO,0,,,,,0,INVERSIONES,MEDIO_A,NO_CLIENTE,0,ALTO,0%,4,96,0,0,0,0,50,HIPOTECA,LICENCIATURA
2.01408E+16,218,RECHAZADA,PENDIENTE,RECHAZADO,MALO,0,,,,,0,DECLARACION ANUAL,MEDIO_B,NO_CLIENTE,0,ALTO,0%,3,98,0,0,0,0,53,FAMILIARES,PREPARATORIA
2.01407E+16,219,RECHAZADA,PENDIENTE,RECHAZADO,MALO,0,,2,,0.00%,0,INVERSIONES,MEDIO_A,NO_CLIENTE,0,ALTO,0%,2,90,0,14198,890,0,56,HIPOTECA,PREPARATORIA
2.01407E+16,219,RECHAZADA,PENDIENTE,RECHAZADO,MALO,0,,1,,0.00%,0,INVERSIONES,ALTO_B,NO_CLIENTE,142500,ALTO,0%,3,93,0,17451,1790,0,51,HIPOTECA,POSGRADO
2.01408E+16,219,RECHAZADA,PENDIENTE,RECHAZADO,MALO,0,,,,,0,RECIBOS DE NOMINA,ALTO_B,NO_CLIENTE,0,ALTO,0%,4,93,0,0,0,0,38,FAMILIARES,POSGRADO
2.01408E+16,219,RECHAZADA,PENDIENTE,RECHAZADO,MALO,0,,,,,0,RECIBOS DE NOMINA,MEDIO_A,NO_CLIENTE,0,ALTO,0%,1,93,0,0,0,0,41,PROPIA,LICENCIATURA
2.01407E+16,219,RECHAZADA,PENDIENTE,RECHAZADO,MALO,0,,,,,0,INVERSIONES,MEDIO_A,NO_CLIENTE,0,ALTO,0%,2,94,0,0,0,0,47,HIPOTECA,LICENCIATURA
2.01407E+16,219,RECHAZADA,PENDIENTE,RECHAZADO,MALO,0,,,,,0,DECLARACION ANUAL,MEDIO_B,NO_CLIENTE,0,ALTO,0%,2,95,0,0,0,0,52,FAMILIARES,PREPARATORIA
2.01407E+16,219,RECHAZADA,PENDIENTE,RECHAZADO,MALO,0,,,,,0,INVERSIONES,MEDIO_A,NO_CLIENTE,0,ALTO,0%,4,95,0,0,0,0,60,PROPIA,LICENCIATURA
2.01408E+16,219,RECHAZADA,PENDIENTE,RECHAZADO,MALO,0,,1,,,0,INVERSIONES,ALTO_B,NO_CLIENTE,30000,ALTO,0%,5,95,0,0,0,0,48,HIPOTECA,POSGRADO
2.01407E+16,219,RECHAZADA,PENDIENTE,RECHAZADO,MALO,0,,,,,0,RECIBOS DE NOMINA,MEDIO_A,NO_CLIENTE,0,ALTO,0%,2,100,0,0,0,0,48,HIPOTECA,LICENCIATURA
2.01407E+16,220,RECHAZADA,PENDIENTE,RECHAZADO,MALO,0,,,,,0,RECIBOS DE NOMINA,MEDIO_B,NO_CLIENTE,0,ALTO,0%,2,90,0,0,0,0,41,RENTA,PREPARATORIA
2.01407E+16,220,RECHAZADA,PENDIENTE,RECHAZADO,MALO,0,,0,,,0,INVERSIONES,MEDIO_A,NO_CLIENTE,0,ALTO,0%,4,91,0,22645,1080,0,60,HIPOTECA,LICENCIATURA
2.01407E+16,220,RECHAZADA,PENDIENTE,RECHAZADO,MALO,0,,,,,0,RECIBOS DE NOMINA,ALTO_B,NO_CLIENTE,0,ALTO,0%,1,95,0,0,0,0,46,RENTA,POSGRADO
2.01407E+16,220,RECHAZADA,PENDIENTE,RECHAZADO,MALO,0,,0,,,0,INVERSIONES,ALTO_B,NO_CLIENTE,0,ALTO,0%,4,97,0,15511,0,0,48,HIPOTECA,POSGRADO
2.01407E+16,220,RECHAZADA,PENDIENTE,RECHAZADO,MALO,0,,,,,0,RECIBOS DE NOMINA,ALTO_B,NO_CLIENTE,0,ALTO,0%,2,99,0,0,0,0,32,HIPOTECA,POSGRADO
2.01407E+16,220,RECHAZADA,PENDIENTE,RECHAZADO,MALO,0,,,,,0,RECIBOS DE NOMINA,ALTO_B,NO_CLIENTE,0,ALTO,0%,3,100,0,0,0,0,37,RENTA,POSGRADO
2.01407E+16,220,RECHAZADA,PENDIENTE,RECHAZADO,MALO,0,,,,,0,RECIBOS DE NOMINA,MEDIO_B,NO_CLIENTE,0,ALTO,0%,2,100,0,0,0,0,26,RENTA,LICENCIATURA
2.01407E+16,221,RECHAZADA,PENDIENTE,RECHAZADO,MALO,0,,,,,0,INVERSIONES,ALTO_B,NO_CLIENTE,0,ALTO,0%,2,94,0,0,0,0,43,HIPOTECA,POSGRADO
2.01408E+16,221,RECHAZADA,PENDIENTE,RECHAZADO,MALO,0,,,,,0,RECIBOS DE NOMINA,ALTO_B,NO_CLIENTE,0,ALTO,0%,0,100,0,0,0,0,45,HIPOTECA,POSGRADO
2.01407E+16,222,RECHAZADA,PENDIENTE,RECHAZADO,MALO,0,,,,,0,INVERSIONES,ALTO_B,NO_CLIENTE,0,ALTO,0%,4,89,0,0,0,0,47,FAMILIARES,POSGRADO
2.01408E+16,222,RECHAZADA,PENDIENTE,RECHAZADO,MALO,0,,,,,0,RECIBOS DE NOMINA,MEDIO_A,NO_CLIENTE,0,ALTO,0%,3,90,0,0,0,0,35,HIPOTECA,PREPARATORIA
2.01408E+16,222,RECHAZADA,PENDIENTE,RECHAZADO,MALO,0,,1,,0.00%,0,INVERSIONES,MEDIO_A,NO_CLIENTE,50000,ALTO,0%,3,92,0,34809,1880,0,47,HIPOTECA,PREPARATORIA
2.01408E+16,222,RECHAZADA,PENDIENTE,RECHAZADO,MALO,0,,,,,0,RECIBOS DE NOMINA,ALTO_B,NO_CLIENTE,0,ALTO,0%,2,96,0,0,0,0,37,HIPOTECA,POSGRADO
2.01408E+16,222,RECHAZADA,PENDIENTE,RECHAZADO,MALO,0,,,,,0,RECIBOS DE NOMINA,MEDIO_A,NO_CLIENTE,0,ALTO,0%,3,97,0,0,0,0,53,HIPOTECA,PREPARATORIA
2.01408E+16,222,RECHAZADA,PENDIENTE,RECHAZADO,MALO,0,,,,,0,INVERSIONES,MEDIO_A,NO_CLIENTE,0,ALTO,0%,5,97,0,0,0,0,52,HIPOTECA,LICENCIATURA
2.01407E+16,222,RECHAZADA,PENDIENTE,RECHAZADO,MALO,0,,,,,0,INVERSIONES,MEDIO_B,NO_CLIENTE,0,ALTO,0%,4,101,0,0,0,0,54,FAMILIARES,PREPARATORIA
2.01407E+16,222,RECHAZADA,PENDIENTE,RECHAZADO,MALO,0,,,,,0,RECIBOS DE NOMINA,BAJO_A,NO_CLIENTE,0,ALTO,0%,0,101,0,0,0,0,37,FAMILIARES,SECUNDARIA
2.01407E+16,223,RECHAZADA,PENDIENTE,RECHAZADO,MALO,0,,,,,0,RECIBOS DE NOMINA,MEDIO_B,NO_CLIENTE,0,ALTO,0%,4,91,0,0,0,0,50,RENTA,PREPARATORIA
2.01407E+16,223,RECHAZADA,PENDIENTE,RECHAZADO,MALO,0,,,,,0,RECIBOS DE NOMINA,ALTO_B,NO_CLIENTE,0,ALTO,0%,3,91,0,0,0,0,34,RENTA,POSGRADO
2.01406E+16,223,RECHAZADA,PENDIENTE,RECHAZADO,MALO,0,,2,,0.00%,0,RECIBOS DE NOMINA,MEDIO_A,NO_CLIENTE,0,ALTO,0%,5,94,0,111,0,0,38,HIPOTECA,PREPARATORIA
2.01407E+16,223,RECHAZADA,PENDIENTE,RECHAZADO,MALO,0,,,,,0,RECIBOS DE NOMINA,MEDIO_B,NO_CLIENTE,0,ALTO,0%,2,96,0,0,0,0,40,RENTA,PREPARATORIA
2.01407E+16,223,RECHAZADA,PENDIENTE,RECHAZADO,MALO,0,,,,,0,RECIBOS DE NOMINA,ALTO_A,NO_CLIENTE,0,ALTO,0%,3,97,0,0,0,0,43,PROPIA,POSGRADO
2.01407E+16,223,RECHAZADA,PENDIENTE,RECHAZADO,MALO,0,,0,,,0,INVERSIONES,MEDIO_B,NO_CLIENTE,0,ALTO,0%,4,99,0,3724,0,0,32,FAMILIARES,LICENCIATURA
2.01408E+16,223,RECHAZADA,PENDIENTE,RECHAZADO,MALO,0,,0,,0.00%,0,INVERSIONES,ALTO_B,NO_CLIENTE,23500,ALTO,0%,3,99,0,5770,300,0,54,HIPOTECA,POSGRADO
2.01406E+16,224,RECHAZADA,PENDIENTE,RECHAZADO,MALO,0,,0,,,0,INVERSIONES,MEDIO_A,NO_CLIENTE,0,ALTO,0%,4,98,0,19042,1230,0,38,HIPOTECA,LICENCIATURA
2.01408E+16,224,RECHAZADA,PENDIENTE,RECHAZADO,MALO,0,,,,,0,RECIBOS DE NOMINA,ALTO_B,NO_CLIENTE,0,ALTO,0%,5,99,0,0,0,0,31,RENTA,POSGRADO
2.01407E+16,225,RECHAZADA,PENDIENTE,RECHAZADO,MALO,0,,,,,0,INVERSIONES,MEDIO_B,NO_CLIENTE,0,ALTO,0%,3,90,0,0,0,0,36,FAMILIARES,LICENCIATURA
2.01408E+16,225,RECHAZADA,PENDIENTE,RECHAZADO,MALO,0,,,,,0,RECIBOS DE NOMINA,MEDIO_B,NO_CLIENTE,0,ALTO,0%,2,91,0,0,0,0,30,RENTA,PREPARATORIA
2.01408E+16,225,RECHAZADA,PENDIENTE,RECHAZADO,MALO,0,,,,,0,RECIBOS DE NOMINA,MEDIO_B,NO_CLIENTE,0,ALTO,0%,5,92,0,0,0,0,53,FAMILIARES,LICENCIATURA
2.01407E+16,225,RECHAZADA,PENDIENTE,RECHAZADO,MALO,0,,,,,0,RECIBOS DE NOMINA,MEDIO_B,NO_CLIENTE,0,ALTO,0%,4,93,0,0,0,0,59,RENTA,PREPARATORIA
2.01408E+16,225,RECHAZADA,PENDIENTE,RECHAZADO,MALO,0,,,,,0,RECIBOS DE NOMINA,ALTO_B,NO_CLIENTE,0,ALTO,0%,5,96,0,0,0,0,56,HIPOTECA,POSGRADO
2.01407E+16,225,RECHAZADA,PENDIENTE,RECHAZADO,MALO,0,,,,,0,RECIBOS DE NOMINA,ALTO_B,NO_CLIENTE,0,ALTO,0%,3,97,0,0,0,0,39,RENTA,POSGRADO
2.01408E+16,225,RECHAZADA,PENDIENTE,RECHAZADO,MALO,0,,,,,0,INVERSIONES,MEDIO_A,NO_CLIENTE,0,ALTO,0%,5,98,0,0,0,0,43,PROPIA,LICENCIATURA
2.01407E+16,225,RECHAZADA,PENDIENTE,RECHAZADO,MALO,0,,,,,0,INVERSIONES,ALTO_B,NO_CLIENTE,0,ALTO,0%,3,99,0,0,0,0,43,FAMILIARES,POSGRADO
2.01408E+16,225,RECHAZADA,PENDIENTE,RECHAZADO,MALO,0,,0,,,0,INVERSIONES,MEDIO_B,NO_CLIENTE,10500,ALTO,0%,5,99,0,220,0,0,49,RENTA,PREPARATORIA
2.01408E+16,226,RECHAZADA,PENDIENTE,RECHAZADO,MALO,0,,,,,0,INVERSIONES,MEDIO_A,NO_CLIENTE,0,ALTO,0%,5,92,0,0,0,0,37,HIPOTECA,PREPARATORIA
2.01408E+16,226,RECHAZADA,PENDIENTE,RECHAZADO,MALO,0,,,,,0,RECIBOS DE NOMINA,MEDIO_A,NO_CLIENTE,0,ALTO,0%,4,93,0,0,0,0,39,HIPOTECA,LICENCIATURA
2.01407E+16,226,RECHAZADA,PENDIENTE,RECHAZADO,MALO,0,,,,,0,RECIBOS DE NOMINA,MEDIO_A,NO_CLIENTE,0,ALTO,0%,2,99,0,0,0,0,41,HIPOTECA,LICENCIATURA
2.01407E+16,227,RECHAZADA,PENDIENTE,RECHAZADO,MALO,0,,,,,0,RECIBOS DE NOMINA,ALTO_A,NO_CLIENTE,0,ALTO,0%,3,92,0,0,0,0,54,PROPIA,POSGRADO
2.01407E+16,227,RECHAZADA,PENDIENTE,RECHAZADO,MALO,0,,,,,0,RECIBOS DE NOMINA,MEDIO_A,NO_CLIENTE,0,ALTO,0%,3,92,0,0,0,0,46,HIPOTECA,PREPARATORIA
2.01408E+16,227,RECHAZADA,PENDIENTE,RECHAZADO,MALO,0,,,,,0,INVERSIONES,MEDIO_B,NO_CLIENTE,0,ALTO,0%,2,93,0,0,0,0,56,FAMILIARES,LICENCIATURA
2.01407E+16,227,RECHAZADA,PENDIENTE,RECHAZADO,MALO,0,,,,,0,INVERSIONES,MEDIO_A,NO_CLIENTE,0,ALTO,0%,2,96,0,0,0,0,60,PROPIA,LICENCIATURA
2.01407E+16,227,RECHAZADA,PENDIENTE,RECHAZADO,MALO,0,,,,,0,RECIBOS DE NOMINA,MEDIO_B,NO_CLIENTE,0,ALTO,0%,2,99,0,0,0,0,33,FAMILIARES,LICENCIATURA
2.01407E+16,227,RECHAZADA,PENDIENTE,RECHAZADO,MALO,0,,,,,0,RECIBOS DE NOMINA,ALTO_B,NO_CLIENTE,0,ALTO,0%,2,99,0,0,0,0,42,RENTA,POSGRADO
2.01408E+16,228,RECHAZADA,PENDIENTE,RECHAZADO,MALO,0,,,,,0,RECIBOS DE NOMINA,MEDIO_B,NO_CLIENTE,0,ALTO,0%,2,90,0,0,0,0,53,RENTA,LICENCIATURA
2.01408E+16,228,RECHAZADA,PENDIENTE,RECHAZADO,MALO,0,,,,,0,INVERSIONES,MEDIO_B,NO_CLIENTE,0,ALTO,0%,3,90,0,0,0,0,33,RENTA,LICENCIATURA
2.01408E+16,228,RECHAZADA,PENDIENTE,RECHAZADO,MALO,0,,,,,0,RECIBOS DE NOMINA,MEDIO_A,NO_CLIENTE,0,ALTO,0%,4,93,0,0,0,0,27,HIPOTECA,PREPARATORIA
2.01408E+16,228,RECHAZADA,PENDIENTE,RECHAZADO,MALO,0,,,,,0,RECIBOS DE NOMINA,ALTO_A,NO_CLIENTE,0,ALTO,0%,3,96,0,0,0,0,25,PROPIA,POSGRADO
2.01408E+16,228,RECHAZADA,PENDIENTE,RECHAZADO,MALO,0,,,,,0,RECIBOS DE NOMINA,MEDIO_B,NO_CLIENTE,0,ALTO,0%,2,98,0,0,0,0,30,RENTA,LICENCIATURA
2.01407E+16,228,RECHAZADA,PENDIENTE,RECHAZADO,MALO,0,,,,,0,RECIBOS DE NOMINA,MEDIO_A,NO_CLIENTE,0,ALTO,0%,4,100,0,0,0,0,26,HIPOTECA,LICENCIATURA
2.01408E+16,228,RECHAZADA,PENDIENTE,RECHAZADO,MALO,0,,,,,0,INVERSIONES,MEDIO_B,NO_CLIENTE,0,ALTO,0%,0,100,0,0,0,0,34,RENTA,PREPARATORIA
2.01408E+16,229,RECHAZADA,PENDIENTE,RECHAZADO,MALO,0,,,,,0,RECIBOS DE NOMINA,MEDIO_B,NO_CLIENTE,0,ALTO,0%,3,91,0,0,0,0,51,FAMILIARES,LICENCIATURA
2.01407E+16,229,EN_PROCESO,PENDIENTE,RECHAZADO,MALO,0,,,,,0,RECIBOS DE NOMINA,BAJO_A,NO_CLIENTE,0,ALTO,0%,5,93,0,0,0,0,52,RENTA,LICENCIATURA
2.01407E+16,229,RECHAZADA,PENDIENTE,RECHAZADO,MALO,0,,,,,0,RECIBOS DE NOMINA,ALTO_A,NO_CLIENTE,0,ALTO,0%,0,101,0,0,0,0,43,PROPIA,POSGRADO
2.01408E+16,230,RECHAZADA,PENDIENTE,RECHAZADO,MALO,0,,0,,,0,INVERSIONES,MEDIO_B,NO_CLIENTE,20500,ALTO,0%,5,89,0,0,0,0,40,FAMILIARES,PREPARATORIA
2.01407E+16,230,RECHAZADA,PENDIENTE,RECHAZADO,MALO,0,,,,,0,INVERSIONES,MEDIO_B,NO_CLIENTE,0,ALTO,0%,4,90,0,0,0,0,48,FAMILIARES,LICENCIATURA
2.01408E+16,230,RECHAZADA,PENDIENTE,RECHAZADO,MALO,0,,,,,0,RECIBOS DE NOMINA,MEDIO_B,NO_CLIENTE,0,ALTO,0%,3,90,0,0,0,0,57,FAMILIARES,LICENCIATURA
2.01408E+16,230,RECHAZADA,PENDIENTE,RECHAZADO,MALO,0,,,,,0,RECIBOS DE NOMINA,MEDIO_A,NO_CLIENTE,0,ALTO,0%,2,91,0,0,0,0,51,HIPOTECA,PREPARATORIA
2.01408E+16,230,RECHAZADA,PENDIENTE,RECHAZADO,MALO,0,,1,,0.00%,0,INVERSIONES,MEDIO_A,NO_CLIENTE,1,ALTO,0%,2,93,0,0,0,0,55,PROPIA,LICENCIATURA
2.01407E+16,230,RECHAZADA,PENDIENTE,RECHAZADO,MALO,0,,,,,0,RECIBOS DE NOMINA,ALTO_B,NO_CLIENTE,0,ALTO,0%,4,98,0,0,0,0,36,FAMILIARES,POSGRADO
2.01408E+16,231,RECHAZADA,PENDIENTE,RECHAZADO,MALO,0,,,,,0,RECIBOS DE NOMINA,MEDIO_A,NO_CLIENTE,0,ALTO,0%,5,89,0,0,0,0,43,PROPIA,LICENCIATURA
2.01408E+16,231,RECHAZADA,PENDIENTE,RECHAZADO,MALO,0,,,,,0,RECIBOS DE NOMINA,MEDIO_A,NO_CLIENTE,0,ALTO,0%,2,90,0,0,0,0,55,HIPOTECA,PREPARATORIA
2.01408E+16,231,RECHAZADA,PENDIENTE,RECHAZADO,MALO,0,,,,,0,RECIBOS DE NOMINA,ALTO_B,NO_CLIENTE,0,ALTO,0%,3,93,0,0,0,0,39,RENTA,POSGRADO
2.01408E+16,231,RECHAZADA,PENDIENTE,RECHAZADO,MALO,0,,,,,0,INVERSIONES,ALTO_B,NO_CLIENTE,0,ALTO,0%,2,93,0,0,0,0,30,HIPOTECA,POSGRADO
2.01408E+16,231,RECHAZADA,PENDIENTE,RECHAZADO,MALO,0,,1,,0.00%,0,INVERSIONES,MEDIO_A,NO_CLIENTE,31000,ALTO,0%,4,93,0,15082,0,0,42,HIPOTECA,PREPARATORIA
2.01407E+16,231,RECHAZADA,PENDIENTE,RECHAZADO,MALO,0,,,,,0,RECIBOS DE NOMINA,MEDIO_B,NO_CLIENTE,0,ALTO,0%,4,94,0,0,0,0,46,RENTA,LICENCIATURA
2.01407E+16,231,RECHAZADA,PENDIENTE,RECHAZADO,MALO,0,,,,,0,RECIBOS DE NOMINA,ALTO_B,NO_CLIENTE,0,ALTO,0%,3,99,0,0,0,0,25,RENTA,POSGRADO
2.01407E+16,231,RECHAZADA,PENDIENTE,RECHAZADO,MALO,0,,,,,0,RECIBOS DE NOMINA,ALTO_B,NO_CLIENTE,0,ALTO,0%,2,101,0,0,0,0,49,RENTA,POSGRADO
2.01407E+16,232,RECHAZADA,PENDIENTE,RECHAZADO,MALO,0,,,,,0,INVERSIONES,MEDIO_A,NO_CLIENTE,0,ALTO,0%,5,89,0,0,0,0,49,HIPOTECA,PREPARATORIA
2.01407E+16,232,RECHAZADA,PENDIENTE,RECHAZADO,MALO,0,,,,,0,RECIBOS DE NOMINA,MEDIO_A,NO_CLIENTE,0,ALTO,0%,2,91,0,0,0,0,29,HIPOTECA,PREPARATORIA
2.01407E+16,232,RECHAZADA,PENDIENTE,RECHAZADO,MALO,0,,,,,0,RECIBOS DE NOMINA,MEDIO_A,NO_CLIENTE,0,ALTO,0%,4,98,0,0,0,0,51,PROPIA,LICENCIATURA
2.01408E+16,232,RECHAZADA,PENDIENTE,RECHAZADO,MALO,0,,,,,0,RECIBOS DE NOMINA,MEDIO_A,NO_CLIENTE,0,ALTO,0%,0,101,0,0,0,0,25,PROPIA,LICENCIATURA
2.01408E+16,233,RECHAZADA,PENDIENTE,RECHAZADO,MALO,0,,,,,0,RECIBOS DE NOMINA,ALTO_B,NO_CLIENTE,0,ALTO,0%,2,90,0,0,0,0,32,HIPOTECA,POSGRADO
2.01407E+16,233,RECHAZADA,PENDIENTE,RECHAZADO,MALO,0,,0,,,0,INVERSIONES,MEDIO_B,NO_CLIENTE,0,ALTO,0%,5,91,0,2496,480,0,54,FAMILIARES,LICENCIATURA
2.01408E+16,233,RECHAZADA,PENDIENTE,RECHAZADO,MALO,0,,,,,0,INVERSIONES,MEDIO_B,NO_CLIENTE,0,ALTO,0%,1,93,0,0,0,0,45,FAMILIARES,LICENCIATURA
2.01408E+16,233,RECHAZADA,PENDIENTE,RECHAZADO,MALO,0,,,,,0,RECIBOS DE NOMINA,MEDIO_B,NO_CLIENTE,0,ALTO,0%,5,94,0,0,0,0,32,FAMILIARES,LICENCIATURA
2.01408E+16,233,RECHAZADA,PENDIENTE,RECHAZADO,MALO,0,,,,,0,RECIBOS DE NOMINA,ALTO_A,NO_CLIENTE,0,ALTO,0%,5,95,0,0,0,0,57,PROPIA,POSGRADO
2.01407E+16,233,RECHAZADA,PENDIENTE,RECHAZADO,MALO,0,,,,,0,INVERSIONES,ALTO_B,NO_CLIENTE,0,ALTO,0%,1,96,0,0,0,0,35,FAMILIARES,POSGRADO
2.01403E+16,233,RECHAZADA,PENDIENTE,RECHAZADO,MALO,0,,1,,0.00%,15660,RECIBOS DE NOMINA,MEDIO_A,CLIENTE_BANCO,0,ALTO,0%,5,97,0,50546,0,0,60,FAMILIARES,PREPARATORIA
2.01407E+16,234,RECHAZADA,PENDIENTE,RECHAZADO,MALO,0,,,,,0,INVERSIONES,ALTO_B,NO_CLIENTE,0,ALTO,0%,4,89,0,0,0,0,36,HIPOTECA,POSGRADO
2.01407E+16,234,RECHAZADA,PENDIENTE,RECHAZADO,MALO,0,,,,,0,RECIBOS DE NOMINA,ALTO_B,NO_CLIENTE,0,ALTO,0%,3,91,0,0,0,0,46,HIPOTECA,POSGRADO
2.01407E+16,234,RECHAZADA,PENDIENTE,RECHAZADO,MALO,0,,,,,0,RECIBOS DE NOMINA,ALTO_B,NO_CLIENTE,0,ALTO,0%,3,95,0,0,0,0,51,FAMILIARES,POSGRADO
2.01407E+16,234,CANCELADA,PENDIENTE,RECHAZADO,MALO,0,,,,,0,RECIBOS DE NOMINA,MEDIO_B,NO_CLIENTE,0,ALTO,0%,3,96,0,0,0,0,50,FAMILIARES,PREPARATORIA
2.01407E+16,234,RECHAZADA,PENDIENTE,RECHAZADO,MALO,0,,,,,0,RECIBOS DE NOMINA,ALTO_A,NO_CLIENTE,0,ALTO,0%,1,97,0,0,0,0,45,PROPIA,POSGRADO
2.01408E+16,234,RECHAZADA,PENDIENTE,RECHAZADO,MALO,0,,,,,0,DECLARACION ANUAL,MEDIO_A,NO_CLIENTE,0,ALTO,0%,2,97,0,0,0,0,36,HIPOTECA,PREPARATORIA
2.01407E+16,234,RECHAZADA,PENDIENTE,RECHAZADO,MALO,0,,,,,0,INVERSIONES,MEDIO_A,NO_CLIENTE,0,ALTO,0%,4,98,0,0,0,0,38,HIPOTECA,PREPARATORIA
2.01408E+16,234,RECHAZADA,PENDIENTE,RECHAZADO,MALO,0,,,,,0,INVERSIONES,MEDIO_A,NO_CLIENTE,0,ALTO,0%,0,100,0,0,0,0,59,HIPOTECA,LICENCIATURA
2.01408E+16,234,RECHAZADA,PENDIENTE,RECHAZADO,MALO,0,,0,,,0,RECIBOS DE NOMINA,MEDIO_A,NO_CLIENTE,15000,ALTO,0%,1,100,0,10166,250,0,58,PROPIA,LICENCIATURA
2.01407E+16,235,RECHAZADA,PENDIENTE,RECHAZADO,MALO,0,,,,,0,INVERSIONES,ALTO_B,NO_CLIENTE,0,ALTO,0%,2,91,0,0,0,0,58,FAMILIARES,POSGRADO
2.01408E+16,235,RECHAZADA,PENDIENTE,RECHAZADO,MALO,0,,,,,0,INVERSIONES,MEDIO_A,NO_CLIENTE,0,ALTO,0%,3,91,0,0,0,0,56,HIPOTECA,LICENCIATURA
2.01408E+16,235,RECHAZADA,PENDIENTE,RECHAZADO,MALO,0,,,,,0,INVERSIONES,ALTO_B,NO_CLIENTE,0,ALTO,0%,5,92,0,0,0,0,50,FAMILIARES,POSGRADO
2.01408E+16,235,RECHAZADA,PENDIENTE,RECHAZADO,MALO,0,,0,,,0,INVERSIONES,MEDIO_B,NO_CLIENTE,43000,ALTO,0%,1,98,0,27820,1600,0,51,FAMILIARES,LICENCIATURA
2.01408E+16,235,RECHAZADA,PENDIENTE,RECHAZADO,MALO,0,,,,,0,RECIBOS DE NOMINA,ALTO_A,NO_CLIENTE,0,ALTO,0%,4,100,0,0,0,0,36,PROPIA,POSGRADO
2.01407E+16,236,RECHAZADA,PENDIENTE,RECHAZADO,MALO,0,,,,,0,RECIBOS DE NOMINA,MEDIO_A,NO_CLIENTE,0,ALTO,0%,4,89,0,0,0,0,59,PROPIA,LICENCIATURA
2.01408E+16,236,EN_PROCESO,PENDIENTE,RECHAZADO,MALO,0,,,,,0,INVERSIONES,MEDIO_B,NO_CLIENTE,0,ALTO,0%,5,91,0,0,0,0,44,RENTA,LICENCIATURA
2.01408E+16,236,RECHAZADA,PENDIENTE,RECHAZADO,MALO,0,,0,,,0,RECIBOS DE NOMINA,MEDIO_B,NO_CLIENTE,0,ALTO,0%,5,93,0,518,0,0,46,RENTA,LICENCIATURA
2.01407E+16,236,RECHAZADA,PENDIENTE,RECHAZADO,MALO,0,,,,,0,RECIBOS DE NOMINA,ALTO_B,NO_CLIENTE,0,ALTO,0%,1,101,0,0,0,0,32,RENTA,POSGRADO
2.01407E+16,237,RECHAZADA,PENDIENTE,RECHAZADO,MALO,0,,,,,0,RECIBOS DE NOMINA,MEDIO_A,NO_CLIENTE,0,ALTO,0%,2,92,0,0,0,0,25,PROPIA,LICENCIATURA
2.01408E+16,237,RECHAZADA,PENDIENTE,RECHAZADO,MALO,0,,,,,0,RECIBOS DE NOMINA,MEDIO_B,NO_CLIENTE,0,ALTO,0%,4,92,0,0,0,0,47,RENTA,LICENCIATURA
2.01408E+16,237,RECHAZADA,PENDIENTE,RECHAZADO,MALO,0,,,,,0,DECLARACION ANUAL,ALTO_B,NO_CLIENTE,0,ALTO,0%,4,92,0,0,0,0,34,RENTA,POSGRADO
2.01408E+16,237,RECHAZADA,PENDIENTE,RECHAZADO,MALO,0,,,,,0,INVERSIONES,ALTO_B,NO_CLIENTE,0,ALTO,0%,2,97,0,0,0,0,38,HIPOTECA,POSGRADO
2.01406E+16,237,RECHAZADA,PENDIENTE,RECHAZADO,MALO,0,,,,,0,RECIBOS DE NOMINA,MEDIO_A,NO_CLIENTE,0,ALTO,0%,5,97,0,0,0,0,36,PROPIA,LICENCIATURA
2.01408E+16,237,RECHAZADA,PENDIENTE,RECHAZADO,MALO,0,,,,,0,RECIBOS DE NOMINA,ALTO_B,NO_CLIENTE,0,ALTO,0%,3,99,0,0,0,0,60,FAMILIARES,POSGRADO
2.01408E+16,237,RECHAZADA,PENDIENTE,RECHAZADO,MALO,0,,,,,0,INVERSIONES,ALTO_B,NO_CLIENTE,0,ALTO,0%,3,100,0,0,0,0,57,FAMILIARES,POSGRADO
2.01407E+16,237,RECHAZADA,PENDIENTE,RECHAZADO,MALO,0,,,,,0,RECIBOS DE NOMINA,MEDIO_B,NO_CLIENTE,0,ALTO,0%,2,101,0,0,0,0,28,FAMILIARES,LICENCIATURA
2.01408E+16,237,RECHAZADA,PENDIENTE,RECHAZADO,MALO,0,,,,,0,RECIBOS DE NOMINA,ALTO_B,NO_CLIENTE,0,ALTO,0%,0,101,0,0,0,0,42,FAMILIARES,POSGRADO
2.01408E+16,238,RECHAZADA,PENDIENTE,RECHAZADO,MALO,0,,,,,0,INVERSIONES,MEDIO_A,NO_CLIENTE,0,ALTO,0%,2,91,0,0,0,0,30,HIPOTECA,PREPARATORIA
2.01408E+16,238,RECHAZADA,PENDIENTE,RECHAZADO,MALO,0,,,,,0,INVERSIONES,MEDIO_B,NO_CLIENTE,0,ALTO,0%,4,92,0,0,0,0,47,FAMILIARES,LICENCIATURA
2.01406E+16,238,RECHAZADA,PENDIENTE,RECHAZADO,MALO,0,,,,,0,RECIBOS DE NOMINA,MEDIO_A,NO_CLIENTE,0,ALTO,0%,3,92,0,0,0,0,31,HIPOTECA,POSGRADO
2.01407E+16,238,RECHAZADA,PENDIENTE,RECHAZADO,MALO,0,,,,,0,RECIBOS DE NOMINA,MEDIO_B,NO_CLIENTE,0,ALTO,0%,5,93,0,0,0,0,27,FAMILIARES,LICENCIATURA
2.01408E+16,238,RECHAZADA,PENDIENTE,RECHAZADO,MALO,0,,,,,0,RECIBOS DE NOMINA,ALTO_B,NO_CLIENTE,0,ALTO,0%,1,94,0,0,0,0,38,HIPOTECA,POSGRADO
2.01408E+16,238,RECHAZADA,PENDIENTE,RECHAZADO,MALO,0,,,,,0,RECIBOS DE NOMINA,MEDIO_A,NO_CLIENTE,0,ALTO,0%,3,94,0,0,0,0,39,HIPOTECA,PREPARATORIA
2.01407E+16,238,RECHAZADA,PENDIENTE,RECHAZADO,MALO,0,,,,,0,RECIBOS DE NOMINA,MEDIO_B,NO_CLIENTE,0,ALTO,0%,4,95,0,0,0,0,54,RENTA,LICENCIATURA
2.01408E+16,238,RECHAZADA,PENDIENTE,RECHAZADO,MALO,0,,,,,0,RECIBOS DE NOMINA,MEDIO_B,NO_CLIENTE,0,ALTO,0%,3,97,0,0,0,0,50,RENTA,LICENCIATURA
2.01407E+16,239,RECHAZADA,PENDIENTE,RECHAZADO,MALO,0,,,,,0,RECIBOS DE NOMINA,MEDIO_B,NO_CLIENTE,0,ALTO,0%,1,90,0,0,0,0,59,RENTA,PREPARATORIA
2.01408E+16,239,RECHAZADA,PENDIENTE,RECHAZADO,MALO,0,,0,,,0,INVERSIONES,MEDIO_A,NO_CLIENTE,5000,ALTO,0%,4,92,0,4663,0,0,47,HIPOTECA,PREPARATORIA
2.01408E+16,239,RECHAZADA,PENDIENTE,RECHAZADO,MALO,0,,,,,0,INVERSIONES,MEDIO_A,NO_CLIENTE,0,ALTO,0%,4,95,0,0,0,0,48,HIPOTECA,LICENCIATURA
2.01408E+16,239,RECHAZADA,PENDIENTE,RECHAZADO,MALO,0,,,,,0,RECIBOS DE NOMINA,ALTO_B,NO_CLIENTE,0,ALTO,0%,3,98,0,0,0,0,60,HIPOTECA,POSGRADO
2.01407E+16,240,RECHAZADA,PENDIENTE,RECHAZADO,MALO,0,,,,,0,INVERSIONES,MEDIO_A,NO_CLIENTE,0,ALTO,0%,5,89,0,0,0,0,56,PROPIA,LICENCIATURA
2.01408E+16,240,RECHAZADA,PENDIENTE,RECHAZADO,MALO,0,,,,,0,RECIBOS DE NOMINA,MEDIO_A,NO_CLIENTE,0,ALTO,0%,3,90,0,0,0,0,43,HIPOTECA,PREPARATORIA
2.01407E+16,240,RECHAZADA,PENDIENTE,RECHAZADO,MALO,0,,,,,0,RECIBOS DE NOMINA,ALTO_B,NO_CLIENTE,0,ALTO,0%,4,92,0,0,0,0,33,FAMILIARES,POSGRADO
2.01407E+16,240,RECHAZADA,PENDIENTE,RECHAZADO,MALO,0,,,,,0,RECIBOS DE NOMINA,MEDIO_B,NO_CLIENTE,0,ALTO,0%,4,92,0,0,0,0,45,RENTA,PREPARATORIA
2.01408E+16,240,RECHAZADA,PENDIENTE,RECHAZADO,MALO,0,,,,,0,RECIBOS DE NOMINA,ALTO_B,NO_CLIENTE,0,ALTO,0%,4,92,0,0,0,0,59,RENTA,POSGRADO
2.01407E+16,240,CANCELADA,PENDIENTE,RECHAZADO,MALO,0,,,,,0,RECIBOS DE NOMINA,MEDIO_A,NO_CLIENTE,0,ALTO,0%,2,95,0,0,0,0,34,HIPOTECA,PREPARATORIA
2.01408E+16,240,RECHAZADA,PENDIENTE,RECHAZADO,MALO,0,,,,,0,RECIBOS DE NOMINA,MEDIO_B,NO_CLIENTE,0,ALTO,0%,3,96,0,0,0,0,55,FAMILIARES,LICENCIATURA
2.01408E+16,240,RECHAZADA,PENDIENTE,RECHAZADO,MALO,0,,,,,0,RECIBOS DE NOMINA,MEDIO_B,NO_CLIENTE,0,ALTO,0%,3,97,0,0,0,0,57,FAMILIARES,LICENCIATURA
2.01407E+16,240,RECHAZADA,PENDIENTE,RECHAZADO,MALO,0,,0,,,0,INVERSIONES,ALTO_B,NO_CLIENTE,0,ALTO,0%,3,99,0,12063,820,0,49,RENTA,POSGRADO
2.01407E+16,240,RECHAZADA,PENDIENTE,RECHAZADO,MALO,0,,,,,0,RECIBOS DE NOMINA,MEDIO_A,NO_CLIENTE,0,ALTO,0%,3,100,0,0,0,0,49,PROPIA,LICENCIATURA
2.01408E+16,240,RECHAZADA,PENDIENTE,RECHAZADO,MALO,0,,,,,0,INVERSIONES,MEDIO_A,NO_CLIENTE,0,ALTO,0%,0,100,0,0,0,0,42,HIPOTECA,LICENCIATURA
2.01407E+16,241,RECHAZADA,PENDIENTE,RECHAZADO,MALO,0,,,,,0,RECIBOS DE NOMINA,MEDIO_A,NO_CLIENTE,0,ALTO,0%,2,91,0,0,0,0,32,HIPOTECA,LICENCIATURA
2.01408E+16,241,RECHAZADA,PENDIENTE,RECHAZADO,MALO,0,,,,,0,RECIBOS DE NOMINA,MEDIO_B,NO_CLIENTE,0,ALTO,0%,4,92,0,0,0,0,57,FAMILIARES,PREPARATORIA
2.01408E+16,241,RECHAZADA,PENDIENTE,RECHAZADO,MALO,0,,,,,0,RECIBOS DE NOMINA,MEDIO_B,NO_CLIENTE,0,ALTO,0%,3,95,0,0,0,0,36,FAMILIARES,PREPARATORIA
2.01408E+16,241,RECHAZADA,PENDIENTE,RECHAZADO,MALO,0,,,,,0,INVERSIONES,MEDIO_A,NO_CLIENTE,0,ALTO,0%,1,97,0,0,0,0,36,HIPOTECA,PREPARATORIA
2.01407E+16,242,CANCELADA,PENDIENTE,RECHAZADO,MALO,0,,,,,0,SIN COMPROBANTE,MEDIO_A,NO_CLIENTE,0,ALTO,0%,2,90,0,0,0,0,46,HIPOTECA,LICENCIATURA
2.01408E+16,242,RECHAZADA,PENDIENTE,RECHAZADO,MALO,0,,,,,0,RECIBOS DE NOMINA,ALTO_B,NO_CLIENTE,0,ALTO,0%,1,91,0,0,0,0,52,HIPOTECA,POSGRADO
2.01407E+16,242,RECHAZADA,PENDIENTE,RECHAZADO,MALO,0,,,,,0,RECIBOS DE NOMINA,MEDIO_A,NO_CLIENTE,0,ALTO,0%,1,96,0,0,0,0,35,HIPOTECA,LICENCIATURA
2.01408E+16,242,RECHAZADA,PENDIENTE,RECHAZADO,MALO,0,,,,,0,INVERSIONES,MEDIO_A,NO_CLIENTE,0,ALTO,0%,5,96,0,0,0,0,43,HIPOTECA,PREPARATORIA
2.01408E+16,242,RECHAZADA,PENDIENTE,RECHAZADO,MALO,0,,,,,0,INVERSIONES,MEDIO_A,NO_CLIENTE,0,ALTO,0%,3,97,0,0,0,0,55,HIPOTECA,PREPARATORIA
2.01408E+16,242,RECHAZADA,PENDIENTE,RECHAZADO,MALO,0,,,,,0,RECIBOS DE NOMINA,ALTO_B,NO_CLIENTE,0,ALTO,0%,3,98,0,0,0,0,31,RENTA,POSGRADO
2.01408E+16,242,RECHAZADA,PENDIENTE,RECHAZADO,MALO,0,,0,,,0,INVERSIONES,ALTO_A,NO_CLIENTE,3000,ALTO,0%,2,98,0,4130,550,0,53,PROPIA,POSGRADO
2.01407E+16,242,RECHAZADA,PENDIENTE,RECHAZADO,MALO,0,,,,,0,INVERSIONES,ALTO_A,NO_CLIENTE,0,ALTO,0%,4,99,0,0,0,0,44,PROPIA,POSGRADO
2.01407E+16,242,RECHAZADA,PENDIENTE,RECHAZADO,MALO,0,,,,,0,RECIBOS DE NOMINA,ALTO_A,NO_CLIENTE,0,ALTO,0%,1,101,0,0,0,0,30,PROPIA,POSGRADO
2.01408E+16,243,RECHAZADA,PENDIENTE,RECHAZADO,MALO,0,,,,,0,RECIBOS DE NOMINA,ALTO_B,NO_CLIENTE,0,ALTO,0%,4,89,0,0,0,0,28,FAMILIARES,POSGRADO
2.01407E+16,243,RECHAZADA,PENDIENTE,RECHAZADO,MALO,0,,0,,,0,RECIBOS DE NOMINA,ALTO_B,NO_CLIENTE,0,ALTO,0%,4,92,0,95758,95758,0,49,HIPOTECA,POSGRADO
2.01408E+16,243,RECHAZADA,PENDIENTE,RECHAZADO,MALO,0,,,,,0,RECIBOS DE NOMINA,ALTO_B,NO_CLIENTE,0,ALTO,0%,2,92,0,0,0,0,25,FAMILIARES,POSGRADO
2.01408E+16,243,RECHAZADA,PENDIENTE,RECHAZADO,MALO,0,,,,,0,INVERSIONES,ALTO_B,NO_CLIENTE,0,ALTO,0%,1,93,0,0,0,0,43,FAMILIARES,POSGRADO
2.01408E+16,243,RECHAZADA,PENDIENTE,RECHAZADO,MALO,0,,,,,0,RECIBOS DE NOMINA,MEDIO_A,NO_CLIENTE,0,ALTO,0%,5,95,0,0,0,0,32,HIPOTECA,PREPARATORIA
2.01406E+16,243,RECHAZADA,PENDIENTE,RECHAZADO,MALO,0,,,,,0,RECIBOS DE NOMINA,MEDIO_A,NO_CLIENTE,0,ALTO,0%,3,96,0,0,0,0,54,HIPOTECA,PREPARATORIA
2.01407E+16,243,RECHAZADA,PENDIENTE,RECHAZADO,MALO,0,,0,,,0,INVERSIONES,ALTO_A,NO_CLIENTE,0,ALTO,0%,3,97,0,2072,1970,0,29,PROPIA,POSGRADO
2.01406E+16,243,RECHAZADA,PENDIENTE,RECHAZADO,MALO,0,,,,,0,RECIBOS DE NOMINA,MEDIO_A,NO_CLIENTE,0,ALTO,0%,4,97,0,0,0,0,52,FAMILIARES,POSGRADO
2.01408E+16,243,RECHAZADA,PENDIENTE,RECHAZADO,MALO,0,,,,,0,INVERSIONES,MEDIO_A,NO_CLIENTE,0,ALTO,0%,5,99,0,0,0,0,36,HIPOTECA,PREPARATORIA
2.01408E+16,243,RECHAZADA,PENDIENTE,RECHAZADO,MALO,0,,,,,0,RECIBOS DE NOMINA,MEDIO_B,NO_CLIENTE,0,ALTO,0%,0,101,0,0,0,0,45,RENTA,PREPARATORIA
2.01406E+16,243,RECHAZADA,PENDIENTE,RECHAZADO,MALO,0,,,,,0,RECIBOS DE NOMINA,MEDIO_B,NO_CLIENTE,0,ALTO,0%,0,101,0,0,0,0,48,HIPOTECA,LICENCIATURA
2.01407E+16,244,RECHAZADA,PENDIENTE,RECHAZADO,MALO,0,,,,,0,RECIBOS DE NOMINA,ALTO_B,NO_CLIENTE,0,ALTO,0%,2,92,0,0,0,0,36,RENTA,POSGRADO
2.01408E+16,244,RECHAZADA,PENDIENTE,RECHAZADO,MALO,0,,,,,0,RECIBOS DE NOMINA,MEDIO_B,NO_CLIENTE,0,ALTO,0%,3,93,0,0,0,0,53,FAMILIARES,PREPARATORIA
2.01407E+16,245,RECHAZADA,PENDIENTE,RECHAZADO,MALO,0,,,,,0,RECIBOS DE NOMINA,ALTO_B,NO_CLIENTE,0,ALTO,0%,5,89,0,0,0,0,34,FAMILIARES,POSGRADO
2.01408E+16,245,RECHAZADA,PENDIENTE,RECHAZADO,MALO,0,,,,,0,RECIBOS DE NOMINA,MEDIO_A,NO_CLIENTE,0,ALTO,0%,4,89,0,0,0,0,44,HIPOTECA,LICENCIATURA
2.01407E+16,245,RECHAZADA,PENDIENTE,RECHAZADO,MALO,0,,,,,0,RECIBOS DE NOMINA,MEDIO_A,NO_CLIENTE,0,ALTO,0%,4,92,0,0,0,0,35,HIPOTECA,LICENCIATURA
2.01408E+16,245,RECHAZADA,PENDIENTE,RECHAZADO,MALO,0,,,,,0,INVERSIONES,MEDIO_A,NO_CLIENTE,0,ALTO,0%,3,94,0,0,0,0,30,PROPIA,LICENCIATURA
2.01408E+16,245,RECHAZADA,PENDIENTE,RECHAZADO,MALO,0,,,,,0,RECIBOS DE NOMINA,BAJO_A,NO_CLIENTE,0,ALTO,0%,2,96,0,0,0,0,36,RENTA,SECUNDARIA
2.01408E+16,246,RECHAZADA,PENDIENTE,RECHAZADO,MALO,0,,,,,0,RECIBOS DE NOMINA,MEDIO_B,NO_CLIENTE,0,ALTO,0%,5,92,0,0,0,0,43,FAMILIARES,PREPARATORIA
2.01408E+16,246,RECHAZADA,PENDIENTE,RECHAZADO,MALO,0,,1,,,0,INVERSIONES,ALTO_B,NO_CLIENTE,39000,ALTO,0%,1,94,0,34062,0,0,44,FAMILIARES,POSGRADO
2.01407E+16,246,RECHAZADA,PENDIENTE,RECHAZADO,MALO,0,,,,,0,RECIBOS DE NOMINA,ALTO_A,NO_CLIENTE,0,ALTO,0%,2,95,0,0,0,0,51,PROPIA,POSGRADO
2.01408E+16,246,RECHAZADA,PENDIENTE,RECHAZADO,MALO,0,,,,,0,RECIBOS DE NOMINA,MEDIO_A,NO_CLIENTE,0,ALTO,0%,4,95,0,0,0,0,31,HIPOTECA,PREPARATORIA
2.01408E+16,246,RECHAZADA,PENDIENTE,RECHAZADO,MALO,0,,,,,0,INVERSIONES,MEDIO_A,NO_CLIENTE,0,ALTO,0%,5,95,0,0,0,0,41,HIPOTECA,PREPARATORIA
2.01408E+16,246,RECHAZADA,PENDIENTE,RECHAZADO,MALO,0,,,,,0,INVERSIONES,MEDIO_A,NO_CLIENTE,0,ALTO,0%,3,96,0,0,0,0,26,HIPOTECA,PREPARATORIA
2.01408E+16,246,RECHAZADA,PENDIENTE,RECHAZADO,MALO,0,,,,,0,RECIBOS DE NOMINA,ALTO_B,NO_CLIENTE,0,ALTO,0%,5,99,0,0,0,0,51,HIPOTECA,POSGRADO
2.01408E+16,246,RECHAZADA,PENDIENTE,RECHAZADO,MALO,0,,,,,0,RECIBOS DE NOMINA,MEDIO_A,NO_CLIENTE,0,ALTO,0%,3,99,0,0,0,0,52,PROPIA,LICENCIATURA
2.01407E+16,246,RECHAZADA,PENDIENTE,RECHAZADO,MALO,0,,0,,,0,INVERSIONES,ALTO_B,NO_CLIENTE,0,ALTO,0%,3,100,0,25276,1150,0,54,HIPOTECA,POSGRADO
2.01408E+16,246,RECHAZADA,PENDIENTE,RECHAZADO,MALO,0,,,,,0,RECIBOS DE NOMINA,ALTO_A,NO_CLIENTE,0,ALTO,0%,1,100,0,0,0,0,46,PROPIA,POSGRADO
2.01408E+16,246,RECHAZADA,PENDIENTE,RECHAZADO,MALO,0,,,,,0,RECIBOS DE NOMINA,MEDIO_A,NO_CLIENTE,0,ALTO,0%,1,101,0,0,0,0,43,HIPOTECA,LICENCIATURA
2.01408E+16,247,RECHAZADA,PENDIENTE,RECHAZADO,MALO,0,,,,,0,INVERSIONES,MEDIO_A,NO_CLIENTE,0,ALTO,0%,2,95,0,0,0,0,32,PROPIA,LICENCIATURA
2.01408E+16,247,RECHAZADA,PENDIENTE,RECHAZADO,MALO,0,,,,,59194,INVERSIONES,ALTO_B,CLIENTE_BANCO,0,ALTO,0%,5,96,0,0,0,0,53,FAMILIARES,PREPARATORIA
2.01407E+16,247,RECHAZADA,PENDIENTE,RECHAZADO,MALO,0,,,,,0,INVERSIONES,MEDIO_B,NO_CLIENTE,0,ALTO,0%,3,97,0,0,0,0,40,RENTA,PREPARATORIA
2.01407E+16,247,RECHAZADA,PENDIENTE,RECHAZADO,MALO,0,,,,,0,RECIBOS DE NOMINA,ALTO_B,NO_CLIENTE,0,ALTO,0%,4,99,0,0,0,0,25,RENTA,POSGRADO
2.01408E+16,247,RECHAZADA,PENDIENTE,RECHAZADO,MALO,0,,,,,0,INVERSIONES,MEDIO_B,NO_CLIENTE,0,ALTO,0%,1,101,0,0,0,0,28,RENTA,PREPARATORIA
2.01407E+16,248,RECHAZADA,PENDIENTE,RECHAZADO,MALO,0,,,,,0,RECIBOS DE NOMINA,MEDIO_B,NO_CLIENTE,0,ALTO,0%,5,89,0,0,0,0,45,RENTA,LICENCIATURA
2.01407E+16,248,RECHAZADA,PENDIENTE,RECHAZADO,MALO,0,,0,,,0,INVERSIONES,ALTO_A,NO_CLIENTE,0,ALTO,0%,3,90,0,11774,530,0,27,PROPIA,POSGRADO
2.01408E+16,248,RECHAZADA,PENDIENTE,RECHAZADO,MALO,0,,,,,0,RECIBOS DE NOMINA,MEDIO_B,NO_CLIENTE,0,ALTO,0%,3,90,0,0,0,0,59,RENTA,PREPARATORIA
2.01408E+16,248,RECHAZADA,PENDIENTE,RECHAZADO,MALO,0,,,,,0,INVERSIONES,MEDIO_B,NO_CLIENTE,0,ALTO,0%,3,91,0,0,0,0,31,RENTA,PREPARATORIA
2.01408E+16,248,RECHAZADA,PENDIENTE,RECHAZADO,MALO,0,,0,,0.00%,0,RECIBOS DE NOMINA,MEDIO_B,NO_CLIENTE,31500,ALTO,0%,4,92,0,31927,1840,0,28,FAMILIARES,LICENCIATURA
2.01408E+16,248,RECHAZADA,PENDIENTE,RECHAZADO,MALO,0,,,,,0,RECIBOS DE NOMINA,MEDIO_B,NO_CLIENTE,0,ALTO,0%,1,100,0,0,0,0,36,FAMILIARES,PREPARATORIA
2.01408E+16,249,RECHAZADA,PENDIENTE,RECHAZADO,MALO,0,,,,,0,RECIBOS DE NOMINA,ALTO_A,NO_CLIENTE,0,ALTO,0%,4,89,0,0,0,0,29,PROPIA,POSGRADO
2.01408E+16,249,RECHAZADA,PENDIENTE,RECHAZADO,MALO,0,,,,,0,RECIBOS DE NOMINA,ALTO_B,NO_CLIENTE,0,ALTO,0%,3,91,0,0,0,0,60,RENTA,POSGRADO
2.01408E+16,249,RECHAZADA,PENDIENTE,RECHAZADO,MALO,0,,,,,0,RECIBOS DE NOMINA,MEDIO_A,NO_CLIENTE,0,ALTO,0%,5,93,0,0,0,0,33,HIPOTECA,LICENCIATURA
2.01406E+16,249,CANCELADA,PENDIENTE,RECHAZADO,MALO,0,,1,,0.00%,0,RECIBOS DE NOMINA,MEDIO_B,NO_CLIENTE,0,ALTO,0%,5,95,0,51434,620,0,31,RENTA,PREPARATORIA
2.01407E+16,249,RECHAZADA,PENDIENTE,RECHAZADO,MALO,0,,,,,0,INVERSIONES,MEDIO_A,NO_CLIENTE,0,ALTO,0%,3,96,0,0,0,0,38,PROPIA,LICENCIATURA
2.01407E+16,249,RECHAZADA,PENDIENTE,RECHAZADO,MALO,0,,0,,,0,INVERSIONES,MEDIO_A,NO_CLIENTE,0,ALTO,0%,3,96,0,13300,0,0,43,PROPIA,LICENCIATURA
2.01408E+16,249,RECHAZADA,PENDIENTE,RECHAZADO,MALO,0,,,,,0,INVERSIONES,MEDIO_A,NO_CLIENTE,0,ALTO,0%,3,98,0,0,0,0,25,HIPOTECA,PREPARATORIA
2.01407E+16,250,RECHAZADA,PENDIENTE,RECHAZADO,MALO,0,,,,,0,INVERSIONES,MEDIO_A,NO_CLIENTE,0,ALTO,0%,4,91,0,0,0,0,39,HIPOTECA,PREPARATORIA
2.01407E+16,250,RECHAZADA,PENDIENTE,RECHAZADO,MALO,0,,,,,0,DECLARACION ANUAL,MEDIO_B,NO_CLIENTE,0,ALTO,0%,4,93,0,0,0,0,28,FAMILIARES,LICENCIATURA
2.01407E+16,250,CANCELADA,PENDIENTE,RECHAZADO,MALO,0,,,,,0,SIN COMPROBANTE,ALTO_B,NO_CLIENTE,0,ALTO,0%,5,94,0,0,0,0,36,HIPOTECA,POSGRADO
2.01407E+16,250,RECHAZADA,PENDIENTE,RECHAZADO,MALO,0,,,,,0,DECLARACION ANUAL,MEDIO_A,NO_CLIENTE,0,ALTO,0%,2,96,0,0,0,0,30,PROPIA,LICENCIATURA
2.01408E+16,250,RECHAZADA,PENDIENTE,RECHAZADO,MALO,0,,0,,,0,RECIBOS DE NOMINA,MEDIO_A,NO_CLIENTE,0,ALTO,0%,2,96,0,2512,0,0,25,HIPOTECA,LICENCIATURA
2.01408E+16,250,RECHAZADA,PENDIENTE,RECHAZADO,MALO,0,,,,,0,RECIBOS DE NOMINA,ALTO_B,NO_CLIENTE,0,ALTO,0%,5,96,0,0,0,0,28,FAMILIARES,POSGRADO
2.01408E+16,250,RECHAZADA,PENDIENTE,RECHAZADO,MALO,0,,,,,0,RECIBOS DE NOMINA,MEDIO_A,NO_CLIENTE,0,ALTO,0%,4,96,0,0,0,0,52,HIPOTECA,LICENCIATURA
2.01407E+16,250,RECHAZADA,PENDIENTE,RECHAZADO,MALO,0,,,,,0,INVERSIONES,ALTO_A,NO_CLIENTE,0,ALTO,0%,3,97,0,0,0,0,49,PROPIA,POSGRADO
2.01406E+16,251,RECHAZADA,PENDIENTE,RECHAZADO,MALO,0,,,,,0,INVERSIONES,MEDIO_B,NO_CLIENTE,0,ALTO,0%,5,89,0,0,0,0,32,RENTA,LICENCIATURA
2.01408E+16,251,RECHAZADA,PENDIENTE,RECHAZADO,MALO,0,,0,,0.00%,0,RECIBOS DE NOMINA,MEDIO_B,NO_CLIENTE,56000,ALTO,0%,5,91,0,7481,710,0,33,RENTA,PREPARATORIA
2.01407E+16,251,RECHAZADA,PENDIENTE,RECHAZADO,MALO,0,,,,,0,RECIBOS DE NOMINA,ALTO_B,NO_CLIENTE,0,ALTO,0%,1,92,0,0,0,0,53,RENTA,POSGRADO
2.01408E+16,251,RECHAZADA,PENDIENTE,RECHAZADO,MALO,0,,,,,0,SIN COMPROBANTE,ALTO_B,NO_CLIENTE,0,ALTO,0%,3,93,0,0,0,0,54,HIPOTECA,POSGRADO
2.01407E+16,251,RECHAZADA,PENDIENTE,RECHAZADO,MALO,0,,,,,0,RECIBOS DE NOMINA,MEDIO_A,NO_CLIENTE,0,ALTO,0%,2,94,0,0,0,0,27,HIPOTECA,PREPARATORIA
2.01407E+16,251,RECHAZADA,PENDIENTE,RECHAZADO,MALO,0,,0,,,0,RECIBOS DE NOMINA,MEDIO_B,NO_CLIENTE,0,ALTO,0%,5,95,0,64773,2460,0,49,RENTA,LICENCIATURA
2.01408E+16,251,RECHAZADA,PENDIENTE,RECHAZADO,MALO,0,,,,,0,INVERSIONES,MEDIO_B,NO_CLIENTE,0,ALTO,0%,4,96,0,0,0,0,35,FAMILIARES,LICENCIATURA
2.01408E+16,251,RECHAZADA,PENDIENTE,RECHAZADO,MALO,0,,0,,0.00%,0,INVERSIONES,MEDIO_A,NO_CLIENTE,32000,ALTO,0%,5,96,0,23335,0,0,45,HIPOTECA,PREPARATORIA
2.01408E+16,251,RECHAZADA,PENDIENTE,RECHAZADO,MALO,0,,,,,0,RECIBOS DE NOMINA,ALTO_A,NO_CLIENTE,0,ALTO,0%,3,97,0,0,0,0,45,PROPIA,POSGRADO
2.01407E+16,251,RECHAZADA,PENDIENTE,RECHAZADO,MALO,0,,,,,0,RECIBOS DE NOMINA,ALTO_A,NO_CLIENTE,0,ALTO,0%,5,99,0,0,0,0,58,PROPIA,POSGRADO
2.01408E+16,251,RECHAZADA,PENDIENTE,RECHAZADO,MALO,0,,0,,,0,RECIBOS DE NOMINA,MEDIO_B,NO_CLIENTE,15000,ALTO,0%,2,99,0,16671,1880,0,57,RENTA,LICENCIATURA
2.01408E+16,251,RECHAZADA,PENDIENTE,RECHAZADO,MALO,0,,,,,0,RECIBOS DE NOMINA,MEDIO_A,NO_CLIENTE,0,ALTO,0%,3,100,0,0,0,0,58,HIPOTECA,LICENCIATURA
2.01407E+16,252,RECHAZADA,PENDIENTE,RECHAZADO,MALO,0,,,,,0,RECIBOS DE NOMINA,MEDIO_A,NO_CLIENTE,0,ALTO,0%,3,96,0,0,0,0,41,HIPOTECA,LICENCIATURA
2.01408E+16,252,RECHAZADA,PENDIENTE,RECHAZADO,MALO,0,,,,,0,RECIBOS DE NOMINA,ALTO_A,NO_CLIENTE,0,ALTO,0%,2,98,0,0,0,0,51,PROPIA,POSGRADO
2.01407E+16,252,RECHAZADA,PENDIENTE,RECHAZADO,MALO,0,,1,,0.00%,0,INVERSIONES,MEDIO_B,NO_CLIENTE,0,ALTO,0%,3,100,0,8125,510,0,40,RENTA,PREPARATORIA
2.01407E+16,253,RECHAZADA,PENDIENTE,RECHAZADO,MALO,0,,,,,0,INVERSIONES,MEDIO_A,NO_CLIENTE,0,ALTO,0%,5,89,0,0,0,0,54,PROPIA,LICENCIATURA
2.01407E+16,253,RECHAZADA,PENDIENTE,RECHAZADO,MALO,0,,,,,0,INVERSIONES,BAJO_A,NO_CLIENTE,0,ALTO,0%,5,89,0,0,0,0,31,FAMILIARES,SECUNDARIA
2.01408E+16,253,RECHAZADA,PENDIENTE,RECHAZADO,MALO,0,,,,,0,INVERSIONES,MEDIO_B,NO_CLIENTE,0,ALTO,0%,5,89,0,0,0,0,27,RENTA,LICENCIATURA
2.01408E+16,253,EN_PROCESO,PENDIENTE,RECHAZADO,MALO,0,,,,,0,RECIBOS DE NOMINA,ALTO_A,NO_CLIENTE,0,ALTO,0%,4,94,0,0,0,0,57,PROPIA,POSGRADO
2.01408E+16,254,RECHAZADA,PENDIENTE,RECHAZADO,MALO,0,,,,,0,RECIBOS DE NOMINA,MEDIO_A,NO_CLIENTE,0,ALTO,0%,4,90,0,0,0,0,31,PROPIA,LICENCIATURA
2.01407E+16,254,RECHAZADA,PENDIENTE,RECHAZADO,MALO,0,,,,,0,INVERSIONES,ALTO_B,NO_CLIENTE,0,ALTO,0%,1,92,0,0,0,0,49,HIPOTECA,POSGRADO
2.01407E+16,254,RECHAZADA,PENDIENTE,RECHAZADO,MALO,0,,,,,0,INVERSIONES,MEDIO_B,NO_CLIENTE,0,ALTO,0%,4,93,0,0,0,0,38,FAMILIARES,LICENCIATURA
2.01408E+16,254,RECHAZADA,PENDIENTE,RECHAZADO,MALO,0,,,,,0,INVERSIONES,ALTO_B,NO_CLIENTE,0,ALTO,0%,2,93,0,0,0,0,59,RENTA,POSGRADO
2.01408E+16,254,RECHAZADA,PENDIENTE,RECHAZADO,MALO,0,,,,,0,RECIBOS DE NOMINA,MEDIO_B,NO_CLIENTE,0,ALTO,0%,2,93,0,0,0,0,50,RENTA,PREPARATORIA
2.01408E+16,254,RECHAZADA,PENDIENTE,RECHAZADO,MALO,0,,,,,0,RECIBOS DE NOMINA,MEDIO_A,NO_CLIENTE,0,ALTO,0%,1,94,0,0,0,0,37,PROPIA,LICENCIATURA
2.01408E+16,254,RECHAZADA,PENDIENTE,RECHAZADO,MALO,0,,0,,0.00%,0,INVERSIONES,ALTO_B,NO_CLIENTE,26000,ALTO,0%,4,95,0,6821,370,0,38,RENTA,POSGRADO
2.01407E+16,254,RECHAZADA,PENDIENTE,RECHAZADO,MALO,0,,0,,,0,INVERSIONES,ALTO_B,NO_CLIENTE,0,ALTO,0%,1,98,0,6617,250,0,37,RENTA,POSGRADO
2.01408E+16,254,RECHAZADA,PENDIENTE,RECHAZADO,MALO,0,,,,,0,RECIBOS DE NOMINA,ALTO_B,NO_CLIENTE,0,ALTO,0%,2,99,0,0,0,0,34,RENTA,POSGRADO
2.01408E+16,254,RECHAZADA,PENDIENTE,RECHAZADO,MALO,0,,,,,0,RECIBOS DE NOMINA,MEDIO_B,NO_CLIENTE,0,ALTO,0%,0,101,0,0,0,0,38,FAMILIARES,LICENCIATURA
2.01408E+16,255,RECHAZADA,PENDIENTE,RECHAZADO,MALO,0,,,,,0,RECIBOS DE NOMINA,MEDIO_B,NO_CLIENTE,0,ALTO,0%,4,90,0,0,0,0,46,RENTA,PREPARATORIA
2.01408E+16,255,RECHAZADA,PENDIENTE,RECHAZADO,MALO,0,,2,,0.00%,0,RECIBOS DE NOMINA,MEDIO_B,NO_CLIENTE,0,ALTO,0%,5,91,0,46733,37960,0,54,FAMILIARES,PREPARATORIA
2.01407E+16,255,RECHAZADA,PENDIENTE,RECHAZADO,MALO,0,,1,,0.00%,0,INVERSIONES,MEDIO_A,NO_CLIENTE,0,ALTO,0%,1,92,0,1229,320,0,28,HIPOTECA,PREPARATORIA
2.01407E+16,255,EN_PROCESO,PENDIENTE,RECHAZADO,MALO,0,,,,,0,INVERSIONES,ALTO_B,NO_CLIENTE,0,ALTO,0%,2,95,0,0,0,0,58,HIPOTECA,POSGRADO
2.01408E+16,255,RECHAZADA,PENDIENTE,RECHAZADO,MALO,0,,1,,0.00%,0,INVERSIONES,MEDIO_A,NO_CLIENTE,0,ALTO,0%,2,97,0,8302,0,0,49,HIPOTECA,PREPARATORIA
2.01408E+16,255,RECHAZADA,PENDIENTE,RECHAZADO,MALO,0,,,,,0,RECIBOS DE NOMINA,ALTO_A,NO_CLIENTE,0,ALTO,0%,2,99,0,0,0,0,30,PROPIA,POSGRADO
2.01408E+16,256,RECHAZADA,PENDIENTE,RECHAZADO,MALO,0,,,,,0,INVERSIONES,MEDIO_B,NO_CLIENTE,0,ALTO,0%,2,90,0,0,0,0,36,FAMILIARES,PREPARATORIA
2.01406E+16,256,RECHAZADA,PENDIENTE,RECHAZADO,MALO,0,,,,,0,INVERSIONES,MEDIO_A,NO_CLIENTE,0,ALTO,0%,5,91,0,0,0,0,36,PROPIA,LICENCIATURA
2.01407E+16,256,RECHAZADA,PENDIENTE,RECHAZADO,MALO,0,,,,,0,RECIBOS DE NOMINA,MEDIO_A,NO_CLIENTE,0,ALTO,0%,2,92,0,0,0,0,38,HIPOTECA,PREPARATORIA
2.01408E+16,256,RECHAZADA,PENDIENTE,RECHAZADO,MALO,0,,1,,0.00%,0,INVERSIONES,MEDIO_A,NO_CLIENTE,5500,ALTO,0%,3,92,0,103,0,0,45,HIPOTECA,PREPARATORIA
2.01408E+16,256,RECHAZADA,PENDIENTE,RECHAZADO,MALO,0,,2,,0.00%,0,RECIBOS DE NOMINA,ALTO_B,NO_CLIENTE,7600,ALTO,0%,5,92,0,0,0,0,25,HIPOTECA,POSGRADO
2.01407E+16,256,RECHAZADA,PENDIENTE,RECHAZADO,MALO,0,,,,,0,INVERSIONES,MEDIO_A,NO_CLIENTE,0,ALTO,0%,2,95,0,0,0,0,47,PROPIA,LICENCIATURA
2.01407E+16,256,CANCELADA,PENDIENTE,RECHAZADO,MALO,0,,,,,0,INVERSIONES,ALTO_A,NO_CLIENTE,0,ALTO,0%,2,95,0,0,0,0,55,PROPIA,POSGRADO
2.01408E+16,256,RECHAZADA,PENDIENTE,RECHAZADO,MALO,0,,,,,0,RECIBOS DE NOMINA,MEDIO_A,NO_CLIENTE,0,ALTO,0%,3,96,0,0,0,0,52,HIPOTECA,PREPARATORIA
2.01408E+16,256,RECHAZADA,PENDIENTE,RECHAZADO,MALO,0,,,,,0,RECIBOS DE NOMINA,ALTO_B,NO_CLIENTE,0,ALTO,0%,3,97,0,0,0,0,58,HIPOTECA,POSGRADO
2.01407E+16,256,RECHAZADA,PENDIENTE,RECHAZADO,MALO,0,,,,,0,RECIBOS DE NOMINA,ALTO_B,NO_CLIENTE,0,ALTO,0%,1,98,0,0,0,0,48,RENTA,POSGRADO
2.01408E+16,256,RECHAZADA,PENDIENTE,RECHAZADO,MALO,0,,,,,0,RECIBOS DE NOMINA,ALTO_B,NO_CLIENTE,0,ALTO,0%,3,98,0,0,0,0,41,HIPOTECA,POSGRADO
2.01407E+16,256,RECHAZADA,PENDIENTE,RECHAZADO,MALO,0,,,,,0,DECLARACION ANUAL,MEDIO_B,NO_CLIENTE,0,ALTO,0%,3,100,0,0,0,0,29,RENTA,PREPARATORIA
2.01407E+16,256,RECHAZADA,PENDIENTE,RECHAZADO,MALO,0,,,,,0,RECIBOS DE NOMINA,MEDIO_B,NO_CLIENTE,0,ALTO,0%,3,100,0,0,0,0,55,FAMILIARES,LICENCIATURA
2.01408E+16,256,RECHAZADA,PENDIENTE,RECHAZADO,MALO,0,,1,,,0,INVERSIONES,ALTO_B,NO_CLIENTE,89300,ALTO,0%,1,100,0,102646,26250,0,36,RENTA,POSGRADO
2.01408E+16,256,RECHAZADA,PENDIENTE,RECHAZADO,MALO,0,,,,,0,RECIBOS DE NOMINA,MEDIO_A,NO_CLIENTE,0,ALTO,0%,0,101,0,0,0,0,27,HIPOTECA,PREPARATORIA
2.01408E+16,257,RECHAZADA,PENDIENTE,RECHAZADO,MALO,0,,,,,0,RECIBOS DE NOMINA,MEDIO_B,NO_CLIENTE,0,ALTO,0%,4,89,0,0,0,0,56,FAMILIARES,LICENCIATURA
2.01406E+16,257,RECHAZADA,PENDIENTE,RECHAZADO,MALO,0,,,,,0,RECIBOS DE NOMINA,MEDIO_A,NO_CLIENTE,0,ALTO,0%,5,90,0,0,0,0,38,RENTA,LICENCIATURA
2.01407E+16,257,RECHAZADA,PENDIENTE,RECHAZADO,MALO,0,,,,,0,RECIBOS DE NOMINA,ALTO_A,NO_CLIENTE,0,ALTO,0%,3,95,0,0,0,0,25,PROPIA,POSGRADO
2.01408E+16,257,RECHAZADA,PENDIENTE,RECHAZADO,MALO,0,,,,,0,RECIBOS DE NOMINA,MEDIO_B,NO_CLIENTE,0,ALTO,0%,3,95,0,0,0,0,42,FAMILIARES,PREPARATORIA
2.01408E+16,257,RECHAZADA,PENDIENTE,RECHAZADO,MALO,0,,,,,0,RECIBOS DE NOMINA,MEDIO_A,NO_CLIENTE,0,ALTO,0%,2,96,0,0,0,0,32,HIPOTECA,PREPARATORIA
2.01408E+16,257,RECHAZADA,PENDIENTE,RECHAZADO,MALO,0,,,,,0,RECIBOS DE NOMINA,MEDIO_B,NO_CLIENTE,0,ALTO,0%,1,98,0,0,0,0,60,RENTA,LICENCIATURA
2.01311E+16,258,CANCELADA,PENDIENTE,RECHAZADO,MALO,0,,0,,,0,RECIBOS DE NOMINA,ALTO_B,NO_CLIENTE,0,ALTO,0%,4,89,0,151248,2460,0,31,HIPOTECA,POSGRADO
2.01408E+16,258,RECHAZADA,PENDIENTE,RECHAZADO,MALO,0,,0,,,0,DECLARACION ANUAL,ALTO_B,NO_CLIENTE,18000,ALTO,0%,5,91,0,1458,888,0,59,RENTA,POSGRADO
2.01408E+16,258,RECHAZADA,PENDIENTE,RECHAZADO,MALO,0,,,,,0,RECIBOS DE NOMINA,MEDIO_A,NO_CLIENTE,0,ALTO,0%,2,94,0,0,0,0,45,HIPOTECA,LICENCIATURA
2.01408E+16,258,RECHAZADA,PENDIENTE,RECHAZADO,MALO,0,,,,,0,RECIBOS DE NOMINA,MEDIO_A,NO_CLIENTE,0,ALTO,0%,5,94,0,0,0,0,25,HIPOTECA,PREPARATORIA
2.01407E+16,258,RECHAZADA,PENDIENTE,RECHAZADO,MALO,0,,,,,0,RECIBOS DE NOMINA,MEDIO_A,NO_CLIENTE,0,ALTO,0%,4,97,0,0,0,0,57,PROPIA,LICENCIATURA
2.01407E+16,258,RECHAZADA,PENDIENTE,RECHAZADO,MALO,0,,,,,0,RECIBOS DE NOMINA,MEDIO_B,NO_CLIENTE,0,ALTO,0%,3,97,0,0,0,0,50,FAMILIARES,LICENCIATURA
2.01408E+16,258,RECHAZADA,PENDIENTE,RECHAZADO,MALO,0,,,,,0,RECIBOS DE NOMINA,MEDIO_B,NO_CLIENTE,0,ALTO,0%,0,101,0,0,0,0,38,FAMILIARES,LICENCIATURA
2.01408E+16,258,RECHAZADA,PENDIENTE,RECHAZADO,MALO,0,,,,,0,RECIBOS DE NOMINA,MEDIO_B,NO_CLIENTE,0,ALTO,0%,2,101,0,0,0,0,51,RENTA,PREPARATORIA
2.01408E+16,258,RECHAZADA,PENDIENTE,RECHAZADO,MALO,0,,,,,0,RECIBOS DE NOMINA,ALTO_B,NO_CLIENTE,0,ALTO,0%,0,101,0,0,0,0,36,RENTA,POSGRADO
2.01408E+16,259,RECHAZADA,PENDIENTE,RECHAZADO,MALO,0,,,,,0,RECIBOS DE NOMINA,ALTO_B,NO_CLIENTE,0,ALTO,0%,1,94,0,0,0,0,28,FAMILIARES,POSGRADO
2.01407E+16,259,RECHAZADA,PENDIENTE,RECHAZADO,MALO,0,,,,,0,RECIBOS DE NOMINA,ALTO_B,NO_CLIENTE,0,ALTO,0%,2,96,0,0,0,1,44,HIPOTECA,POSGRADO
2.01408E+16,259,RECHAZADA,PENDIENTE,RECHAZADO,MALO,0,,,,,0,RECIBOS DE NOMINA,MEDIO_A,NO_CLIENTE,0,ALTO,0%,4,98,0,0,0,0,48,HIPOTECA,PREPARATORIA
2.01401E+16,259,RECHAZADA,PENDIENTE,RECHAZADO,MALO,0,,,,,6695,INVERSIONES,MEDIO_B,NO_CLIENTE,0,ALTO,0%,4,98,0,0,0,0,55,FAMILIARES,LICENCIATURA
2.01408E+16,259,RECHAZADA,PENDIENTE,RECHAZADO,MALO,0,,,,,0,INVERSIONES,ALTO_B,NO_CLIENTE,0,ALTO,0%,0,100,0,0,0,0,42,HIPOTECA,POSGRADO
2.01407E+16,260,RECHAZADA,PENDIENTE,RECHAZADO,MALO,0,,,,,0,INVERSIONES,MEDIO_B,NO_CLIENTE,0,ALTO,0%,4,89,0,0,0,0,43,FAMILIARES,PREPARATORIA
2.01408E+16,260,RECHAZADA,PENDIENTE,RECHAZADO,MALO,0,,,,,0,RECIBOS DE NOMINA,ALTO_A,NO_CLIENTE,0,ALTO,0%,2,94,0,0,0,0,38,PROPIA,POSGRADO
2.01408E+16,260,RECHAZADA,PENDIENTE,RECHAZADO,MALO,0,,,,,0,INVERSIONES,MEDIO_A,NO_CLIENTE,0,ALTO,0%,3,97,0,0,0,0,32,HIPOTECA,LICENCIATURA
2.01407E+16,260,RECHAZADA,PENDIENTE,RECHAZADO,MALO,0,,,,,0,RECIBOS DE NOMINA,MEDIO_A,NO_CLIENTE,0,ALTO,0%,4,101,0,0,0,0,34,PROPIA,LICENCIATURA
2.01408E+16,261,RECHAZADA,PENDIENTE,RECHAZADO,MALO,0,,,,,0,INVERSIONES,ALTO_B,NO_CLIENTE,0,ALTO,0%,5,89,0,0,0,0,39,RENTA,POSGRADO
2.01407E+16,261,RECHAZADA,PENDIENTE,RECHAZADO,MALO,0,,,,,0,RECIBOS DE NOMINA,ALTO_B,NO_CLIENTE,0,ALTO,0%,5,98,0,0,0,0,35,HIPOTECA,POSGRADO
2.01407E+16,261,RECHAZADA,PENDIENTE,RECHAZADO,MALO,0,,,,,0,INVERSIONES,MEDIO_A,NO_CLIENTE,0,ALTO,0%,1,100,0,0,0,0,55,HIPOTECA,PREPARATORIA
2.01407E+16,262,RECHAZADA,PENDIENTE,RECHAZADO,MALO,0,,,,,0,RECIBOS DE NOMINA,MEDIO_B,NO_CLIENTE,0,ALTO,0%,2,90,0,0,0,0,38,RENTA,PREPARATORIA
2.01407E+16,262,RECHAZADA,PENDIENTE,RECHAZADO,MALO,0,,,,,0,RECIBOS DE NOMINA,MEDIO_A,NO_CLIENTE,0,ALTO,0%,2,90,0,0,0,0,35,PROPIA,LICENCIATURA
2.01408E+16,262,RECHAZADA,PENDIENTE,RECHAZADO,MALO,0,,,,,0,INVERSIONES,MEDIO_A,NO_CLIENTE,0,ALTO,0%,2,90,0,0,0,0,60,HIPOTECA,LICENCIATURA
2.01408E+16,262,RECHAZADA,PENDIENTE,RECHAZADO,MALO,0,,,,,0,RECIBOS DE NOMINA,ALTO_B,NO_CLIENTE,0,ALTO,0%,4,90,0,0,0,0,49,RENTA,POSGRADO
2.01408E+16,262,RECHAZADA,PENDIENTE,RECHAZADO,MALO,0,,,,,0,RECIBOS DE NOMINA,MEDIO_B,NO_CLIENTE,0,ALTO,0%,5,90,0,0,0,0,59,RENTA,PREPARATORIA
2.01407E+16,262,RECHAZADA,PENDIENTE,RECHAZADO,MALO,0,,,,,0,RECIBOS DE NOMINA,MEDIO_A,NO_CLIENTE,0,ALTO,0%,5,94,0,0,0,0,25,HIPOTECA,LICENCIATURA
2.01408E+16,262,RECHAZADA,PENDIENTE,RECHAZADO,MALO,0,,,,,0,INVERSIONES,ALTO_B,NO_CLIENTE,0,ALTO,0%,4,94,0,0,0,0,25,RENTA,POSGRADO
2.01408E+16,262,RECHAZADA,PENDIENTE,RECHAZADO,MALO,0,,,,,0,RECIBOS DE NOMINA,MEDIO_A,NO_CLIENTE,0,ALTO,0%,3,97,0,0,0,0,44,PROPIA,LICENCIATURA
2.01407E+16,262,RECHAZADA,PENDIENTE,RECHAZADO,MALO,0,,,,,0,RECIBOS DE NOMINA,MEDIO_B,NO_CLIENTE,0,ALTO,0%,3,98,0,0,0,0,53,RENTA,PREPARATORIA
2.01408E+16,263,RECHAZADA,PENDIENTE,RECHAZADO,MALO,0,,1,,,0,RECIBOS DE NOMINA,ALTO_B,NO_CLIENTE,21600,ALTO,0%,4,95,0,450,0,0,58,HIPOTECA,POSGRADO
2.01407E+16,263,RECHAZADA,PENDIENTE,RECHAZADO,MALO,0,,,,,0,INVERSIONES,MEDIO_A,NO_CLIENTE,0,ALTO,0%,2,98,0,0,0,0,34,HIPOTECA,PREPARATORIA
2.01408E+16,263,RECHAZADA,PENDIENTE,RECHAZADO,MALO,0,,,,,0,RECIBOS DE NOMINA,MEDIO_A,NO_CLIENTE,0,ALTO,0%,3,98,0,0,0,0,49,HIPOTECA,PREPARATORIA
2.01408E+16,263,RECHAZADA,PENDIENTE,RECHAZADO,MALO,0,,,,,0,INVERSIONES,MEDIO_B,NO_CLIENTE,0,ALTO,0%,1,100,0,0,0,0,49,FAMILIARES,PREPARATORIA
2.01406E+16,264,RECHAZADA,PENDIENTE,RECHAZADO,MALO,0,,0,,,0,INVERSIONES,ALTO_B,NO_CLIENTE,0,ALTO,0%,4,89,0,17012,1090,0,53,HIPOTECA,POSGRADO
2.01408E+16,264,RECHAZADA,PENDIENTE,RECHAZADO,MALO,0,,,,,0,RECIBOS DE NOMINA,MEDIO_B,NO_CLIENTE,0,ALTO,0%,5,92,0,0,0,0,52,RENTA,LICENCIATURA
2.01407E+16,264,RECHAZADA,PENDIENTE,RECHAZADO,MALO,0,,,,,0,RECIBOS DE NOMINA,MEDIO_A,NO_CLIENTE,0,ALTO,0%,3,101,0,0,0,0,44,HIPOTECA,PREPARATORIA
2.01408E+16,264,RECHAZADA,PENDIENTE,RECHAZADO,MALO,0,,,,,0,INVERSIONES,MEDIO_B,NO_CLIENTE,0,ALTO,0%,0,101,0,0,0,0,33,RENTA,LICENCIATURA
2.01408E+16,265,RECHAZADA,PENDIENTE,RECHAZADO,MALO,0,,,,,0,INVERSIONES,ALTO_B,NO_CLIENTE,0,ALTO,0%,5,89,0,0,0,0,48,RENTA,POSGRADO
2.01407E+16,265,EN_PROCESO,PENDIENTE,RECHAZADO,MALO,0,,,,,0,INVERSIONES,MEDIO_A,NO_CLIENTE,0,ALTO,0%,4,90,0,0,0,0,30,RENTA,LICENCIATURA
2.01407E+16,265,RECHAZADA,PENDIENTE,RECHAZADO,MALO,0,,,,,0,RECIBOS DE NOMINA,MEDIO_A,NO_CLIENTE,0,ALTO,0%,5,91,0,0,0,0,43,HIPOTECA,PREPARATORIA
2.01408E+16,265,RECHAZADA,PENDIENTE,RECHAZADO,MALO,0,,,,,0,RECIBOS DE NOMINA,MEDIO_B,NO_CLIENTE,0,ALTO,0%,4,91,0,0,0,0,43,RENTA,PREPARATORIA
2.01408E+16,265,RECHAZADA,PENDIENTE,RECHAZADO,MALO,0,,,,,0,RECIBOS DE NOMINA,MEDIO_A,NO_CLIENTE,0,ALTO,0%,1,92,0,0,0,0,27,HIPOTECA,PREPARATORIA
2.01407E+16,265,RECHAZADA,PENDIENTE,RECHAZADO,MALO,0,,,,,0,RECIBOS DE NOMINA,MEDIO_B,NO_CLIENTE,0,ALTO,0%,5,93,0,0,0,0,28,FAMILIARES,LICENCIATURA
2.01408E+16,265,RECHAZADA,PENDIENTE,RECHAZADO,MALO,0,,,,,0,RECIBOS DE NOMINA,MEDIO_A,NO_CLIENTE,0,ALTO,0%,3,93,0,0,0,0,37,HIPOTECA,PREPARATORIA
2.01407E+16,265,RECHAZADA,PENDIENTE,RECHAZADO,MALO,0,,,,,0,INVERSIONES,MEDIO_B,NO_CLIENTE,0,ALTO,0%,2,94,0,0,0,0,44,RENTA,LICENCIATURA
2.01408E+16,265,RECHAZADA,PENDIENTE,RECHAZADO,MALO,0,,,,,0,RECIBOS DE NOMINA,ALTO_B,NO_CLIENTE,0,ALTO,0%,1,97,0,0,0,0,35,RENTA,POSGRADO
2.01407E+16,265,RECHAZADA,PENDIENTE,RECHAZADO,MALO,0,,,,,0,RECIBOS DE NOMINA,MEDIO_A,NO_CLIENTE,0,ALTO,0%,2,98,0,0,0,0,34,HIPOTECA,LICENCIATURA
2.01408E+16,266,RECHAZADA,PENDIENTE,RECHAZADO,MALO,0,,,,,0,INVERSIONES,MEDIO_B,NO_CLIENTE,0,ALTO,0%,5,94,0,0,0,0,48,RENTA,PREPARATORIA
2.01408E+16,266,RECHAZADA,PENDIENTE,RECHAZADO,MALO,0,,,,,0,RECIBOS DE NOMINA,ALTO_B,NO_CLIENTE,0,ALTO,0%,2,95,0,0,0,0,55,FAMILIARES,POSGRADO
2.01408E+16,266,RECHAZADA,PENDIENTE,RECHAZADO,MALO,0,,,,,0,INVERSIONES,MEDIO_B,NO_CLIENTE,0,ALTO,0%,4,97,0,0,0,0,57,FAMILIARES,PREPARATORIA
2.01407E+16,266,RECHAZADA,PENDIENTE,RECHAZADO,MALO,0,,,,,0,INVERSIONES,ALTO_B,NO_CLIENTE,0,ALTO,0%,1,98,0,0,0,0,50,HIPOTECA,POSGRADO
2.01407E+16,266,RECHAZADA,PENDIENTE,RECHAZADO,MALO,0,,,,,0,RECIBOS DE NOMINA,MEDIO_B,NO_CLIENTE,0,ALTO,0%,3,101,0,0,0,0,56,RENTA,LICENCIATURA
2.01408E+16,267,RECHAZADA,PENDIENTE,RECHAZADO,MALO,0,,0,,,0,RECIBOS DE NOMINA,ALTO_B,NO_CLIENTE,10800,ALTO,0%,2,92,0,11466,1460,0,39,RENTA,POSGRADO
2.01407E+16,267,RECHAZADA,PENDIENTE,RECHAZADO,MALO,0,,2,,0.00%,0,INVERSIONES,MEDIO_B,NO_CLIENTE,0,ALTO,0%,3,93,0,11237,660,0,41,RENTA,PREPARATORIA
2.0131E+16,267,RECHAZADA,PENDIENTE,RECHAZADO,MALO,0,,0,,0.00%,12364,INVERSIONES,MEDIO_A,CLIENTE_BANCO,11000,ALTO,0%,5,93,0,10399,0,0,39,HIPOTECA,POSGRADO
2.01407E+16,267,RECHAZADA,PENDIENTE,RECHAZADO,MALO,0,,0,,,0,INVERSIONES,MEDIO_A,NO_CLIENTE,0,ALTO,0%,2,101,0,18089,1130,0,32,PROPIA,LICENCIATURA
2.01408E+16,268,RECHAZADA,PENDIENTE,RECHAZADO,MALO,0,,,,,0,RECIBOS DE NOMINA,MEDIO_B,NO_CLIENTE,0,ALTO,0%,5,89,0,0,0,0,28,RENTA,PREPARATORIA
2.01407E+16,268,RECHAZADA,PENDIENTE,RECHAZADO,MALO,0,,,,,0,RECIBOS DE NOMINA,ALTO_B,NO_CLIENTE,0,ALTO,0%,1,91,0,0,0,0,59,FAMILIARES,POSGRADO
2.01408E+16,268,RECHAZADA,PENDIENTE,RECHAZADO,MALO,0,,,,,0,INVERSIONES,ALTO_B,NO_CLIENTE,0,ALTO,0%,4,92,0,0,0,0,37,HIPOTECA,POSGRADO
2.01408E+16,268,RECHAZADA,PENDIENTE,RECHAZADO,MALO,0,,,,,0,RECIBOS DE NOMINA,ALTO_B,NO_CLIENTE,0,ALTO,0%,5,95,0,0,0,0,27,FAMILIARES,POSGRADO
2.01407E+16,268,RECHAZADA,PENDIENTE,RECHAZADO,MALO,0,,,,,0,RECIBOS DE NOMINA,MEDIO_B,NO_CLIENTE,0,ALTO,0%,2,96,0,0,0,0,38,FAMILIARES,PREPARATORIA
2.01408E+16,268,RECHAZADA,PENDIENTE,RECHAZADO,MALO,0,,,,,0,RECIBOS DE NOMINA,ALTO_B,NO_CLIENTE,0,ALTO,0%,5,97,0,0,0,0,47,HIPOTECA,POSGRADO
2.01407E+16,268,RECHAZADA,PENDIENTE,RECHAZADO,MALO,0,,,,,0,INVERSIONES,ALTO_A,NO_CLIENTE,0,ALTO,0%,2,98,0,0,0,0,35,PROPIA,POSGRADO
2.01408E+16,268,RECHAZADA,PENDIENTE,RECHAZADO,MALO,0,,1,,,0,INVERSIONES,ALTO_B,NO_CLIENTE,51000,ALTO,0%,4,99,0,704,640,0,28,RENTA,POSGRADO
2.01407E+16,269,RECHAZADA,PENDIENTE,RECHAZADO,MALO,0,,,,,0,RECIBOS DE NOMINA,ALTO_A,NO_CLIENTE,0,ALTO,0%,4,89,0,0,0,0,46,PROPIA,POSGRADO
2.01406E+16,269,RECHAZADA,PENDIENTE,RECHAZADO,MALO,0,,,,,0,RECIBOS DE NOMINA,MEDIO_B,NO_CLIENTE,0,ALTO,0%,5,94,0,0,0,0,35,RENTA,PREPARATORIA
2.01407E+16,269,RECHAZADA,PENDIENTE,RECHAZADO,MALO,0,,0,,,0,INVERSIONES,ALTO_A,NO_CLIENTE,0,ALTO,0%,4,98,0,16192,870,0,55,PROPIA,POSGRADO
2.01408E+16,269,RECHAZADA,PENDIENTE,RECHAZADO,MALO,0,,,,,0,RECIBOS DE NOMINA,MEDIO_A,NO_CLIENTE,0,ALTO,0%,3,98,0,0,0,0,51,HIPOTECA,PREPARATORIA
2.01406E+16,269,RECHAZADA,PENDIENTE,RECHAZADO,MALO,0,,,,,0,INVERSIONES,MEDIO_A,NO_CLIENTE,0,ALTO,0%,4,99,0,0,0,0,32,HIPOTECA,LICENCIATURA
2.01408E+16,270,RECHAZADA,PENDIENTE,RECHAZADO,MALO,0,,,,,0,RECIBOS DE NOMINA,MEDIO_A,NO_CLIENTE,0,ALTO,0%,5,89,0,0,0,0,41,PROPIA,LICENCIATURA
2.01407E+16,270,RECHAZADA,PENDIENTE,RECHAZADO,MALO,0,,,,,0,RECIBOS DE NOMINA,MEDIO_A,NO_CLIENTE,0,ALTO,0%,4,90,0,0,0,0,44,HIPOTECA,PREPARATORIA
2.01408E+16,270,RECHAZADA,PENDIENTE,RECHAZADO,MALO,0,,,,,0,RECIBOS DE NOMINA,MEDIO_A,NO_CLIENTE,0,ALTO,0%,3,91,0,0,0,0,46,PROPIA,LICENCIATURA
2.01408E+16,270,RECHAZADA,PENDIENTE,RECHAZADO,MALO,0,,,,,0,INVERSIONES,MEDIO_B,NO_CLIENTE,0,ALTO,0%,4,92,0,0,0,0,25,RENTA,PREPARATORIA
2.01408E+16,270,RECHAZADA,PENDIENTE,RECHAZADO,MALO,0,,,,,0,RECIBOS DE NOMINA,MEDIO_B,NO_CLIENTE,0,ALTO,0%,5,92,0,0,0,0,35,FAMILIARES,PREPARATORIA
2.01408E+16,270,RECHAZADA,PENDIENTE,RECHAZADO,MALO,0,,1,,0.00%,0,INVERSIONES,MEDIO_B,NO_CLIENTE,8000,ALTO,0%,2,92,0,320,0,0,34,RENTA,PREPARATORIA
2.01408E+16,270,RECHAZADA,PENDIENTE,RECHAZADO,MALO,0,,,,,0,RECIBOS DE NOMINA,ALTO_B,NO_CLIENTE,0,ALTO,0%,5,94,0,0,0,0,38,RENTA,POSGRADO
2.01407E+16,270,RECHAZADA,PENDIENTE,RECHAZADO,MALO,0,,,,,0,RECIBOS DE NOMINA,ALTO_B,NO_CLIENTE,0,ALTO,0%,4,95,0,0,0,0,40,RENTA,POSGRADO
2.01408E+16,270,RECHAZADA,PENDIENTE,RECHAZADO,MALO,0,,,,,0,INVERSIONES,MEDIO_B,NO_CLIENTE,0,ALTO,0%,3,96,0,0,0,0,46,RENTA,LICENCIATURA
2.01408E+16,270,RECHAZADA,PENDIENTE,RECHAZADO,MALO,0,,,,,0,RECIBOS DE NOMINA,ALTO_A,NO_CLIENTE,0,ALTO,0%,5,99,0,0,0,0,43,PROPIA,POSGRADO
2.01408E+16,270,RECHAZADA,PENDIENTE,RECHAZADO,MALO,0,,,,,0,RECIBOS DE NOMINA,MEDIO_A,NO_CLIENTE,0,ALTO,0%,0,100,0,0,0,0,43,PROPIA,LICENCIATURA
2.01407E+16,271,RECHAZADA,PENDIENTE,RECHAZADO,MALO,0,,,,,0,RECIBOS DE NOMINA,MEDIO_A,NO_CLIENTE,0,ALTO,0%,2,92,0,0,0,0,59,PROPIA,LICENCIATURA
2.01408E+16,271,RECHAZADA,PENDIENTE,RECHAZADO,MALO,0,,,,,0,INVERSIONES,MEDIO_B,NO_CLIENTE,0,ALTO,0%,4,95,0,0,0,0,53,FAMILIARES,PREPARATORIA
2.01408E+16,271,RECHAZADA,PENDIENTE,RECHAZADO,MALO,0,,0,,,0,INVERSIONES,MEDIO_B,NO_CLIENTE,80500,ALTO,0%,5,95,0,17952,270,0,29,RENTA,PREPARATORIA
2.01408E+16,271,RECHAZADA,PENDIENTE,RECHAZADO,MALO,0,,,,,0,RECIBOS DE NOMINA,MEDIO_B,NO_CLIENTE,0,ALTO,0%,5,96,0,0,0,0,52,RENTA,PREPARATORIA
2.01408E+16,271,RECHAZADA,PENDIENTE,RECHAZADO,MALO,0,,,,,0,INVERSIONES,ALTO_B,NO_CLIENTE,0,ALTO,0%,4,97,0,0,0,0,54,HIPOTECA,POSGRADO
2.01407E+16,271,RECHAZADA,PENDIENTE,RECHAZADO,MALO,0,,,,,0,INVERSIONES,ALTO_B,NO_CLIENTE,0,ALTO,0%,3,100,0,0,0,0,37,HIPOTECA,POSGRADO
2.01407E+16,272,RECHAZADA,PENDIENTE,RECHAZADO,MALO,0,,,,,0,RECIBOS DE NOMINA,ALTO_B,NO_CLIENTE,0,ALTO,0%,5,89,0,0,0,0,60,FAMILIARES,POSGRADO
2.01408E+16,272,RECHAZADA,PENDIENTE,RECHAZADO,MALO,0,,,,,0,RECIBOS DE NOMINA,MEDIO_B,NO_CLIENTE,0,ALTO,0%,3,90,0,0,0,0,25,FAMILIARES,PREPARATORIA
2.01407E+16,272,RECHAZADA,PENDIENTE,RECHAZADO,MALO,0,,,,,0,INVERSIONES,MEDIO_B,NO_CLIENTE,0,ALTO,0%,4,91,0,0,0,0,26,RENTA,LICENCIATURA
2.01407E+16,272,RECHAZADA,PENDIENTE,RECHAZADO,MALO,0,,,,,0,INVERSIONES,MEDIO_A,NO_CLIENTE,0,ALTO,0%,2,91,0,0,0,0,37,PROPIA,LICENCIATURA
2.01408E+16,272,RECHAZADA,PENDIENTE,RECHAZADO,MALO,0,,,,,0,RECIBOS DE NOMINA,MEDIO_A,NO_CLIENTE,0,ALTO,0%,3,91,0,0,0,0,52,HIPOTECA,PREPARATORIA
2.01407E+16,272,RECHAZADA,PENDIENTE,RECHAZADO,MALO,0,,,,,0,RECIBOS DE NOMINA,ALTO_B,NO_CLIENTE,0,ALTO,0%,3,92,0,0,0,0,38,HIPOTECA,POSGRADO
2.01407E+16,272,RECHAZADA,PENDIENTE,RECHAZADO,MALO,0,,,,,0,RECIBOS DE NOMINA,MEDIO_B,NO_CLIENTE,0,ALTO,0%,3,94,0,0,0,0,31,FAMILIARES,LICENCIATURA
2.01408E+16,272,RECHAZADA,PENDIENTE,RECHAZADO,MALO,0,,0,,,0,RECIBOS DE NOMINA,ALTO_B,NO_CLIENTE,0,ALTO,0%,2,96,0,19038,19038,0,25,HIPOTECA,POSGRADO
2.01408E+16,272,RECHAZADA,PENDIENTE,RECHAZADO,MALO,0,,,,,0,RECIBOS DE NOMINA,MEDIO_B,NO_CLIENTE,0,ALTO,0%,1,96,0,0,0,0,41,FAMILIARES,LICENCIATURA
2.01407E+16,272,RECHAZADA,PENDIENTE,RECHAZADO,MALO,0,,,,,0,RECIBOS DE NOMINA,BAJO_A,NO_CLIENTE,0,ALTO,0%,2,98,0,0,0,0,41,FAMILIARES,SECUNDARIA
2.01407E+16,272,RECHAZADA,PENDIENTE,RECHAZADO,MALO,0,,,,,0,RECIBOS DE NOMINA,MEDIO_A,NO_CLIENTE,0,ALTO,0%,2,99,0,0,0,0,50,PROPIA,LICENCIATURA
2.01408E+16,272,RECHAZADA,PENDIENTE,RECHAZADO,MALO,0,,,,,0,INVERSIONES,MEDIO_A,NO_CLIENTE,0,ALTO,0%,0,100,0,0,0,0,55,HIPOTECA,PREPARATORIA
2.01408E+16,272,RECHAZADA,PENDIENTE,RECHAZADO,MALO,0,,0,,,0,RECIBOS DE NOMINA,ALTO_B,NO_CLIENTE,4000,ALTO,0%,2,101,0,0,0,0,49,RENTA,POSGRADO
2.01407E+16,273,CANCELADA,PENDIENTE,RECHAZADO,MALO,0,,,,,0,RECIBOS DE NOMINA,MEDIO_A,NO_CLIENTE,0,ALTO,0%,2,92,0,0,0,0,28,HIPOTECA,LICENCIATURA
2.01408E+16,273,RECHAZADA,PENDIENTE,RECHAZADO,MALO,0,,,,,0,INVERSIONES,ALTO_B,NO_CLIENTE,0,ALTO,0%,3,92,0,0,0,0,33,RENTA,POSGRADO
2.01406E+16,273,RECHAZADA,PENDIENTE,RECHAZADO,MALO,0,,,,,0,RECIBOS DE NOMINA,MEDIO_A,NO_CLIENTE,0,ALTO,0%,4,94,0,0,0,0,38,PROPIA,POSGRADO
2.01408E+16,273,RECHAZADA,PENDIENTE,RECHAZADO,MALO,0,,,,,0,INVERSIONES,ALTO_B,NO_CLIENTE,0,ALTO,0%,4,95,0,0,0,0,49,HIPOTECA,POSGRADO
2.01408E+16,273,RECHAZADA,PENDIENTE,RECHAZADO,MALO,0,,,,,0,INVERSIONES,MEDIO_A,NO_CLIENTE,0,ALTO,0%,0,100,0,0,0,0,42,HIPOTECA,PREPARATORIA
2.01407E+16,274,RECHAZADA,PENDIENTE,RECHAZADO,MALO,0,,0,,,0,RECIBOS DE NOMINA,MEDIO_A,NO_CLIENTE,0,ALTO,0%,2,92,0,11102,9360,0,40,HIPOTECA,LICENCIATURA
2.01408E+16,274,RECHAZADA,PENDIENTE,RECHAZADO,MALO,0,,,,,0,INVERSIONES,MEDIO_B,NO_CLIENTE,0,ALTO,0%,4,94,0,0,0,0,55,RENTA,LICENCIATURA
2.01407E+16,274,RECHAZADA,PENDIENTE,RECHAZADO,MALO,0,,0,,,0,RECIBOS DE NOMINA,ALTO_A,NO_CLIENTE,0,ALTO,0%,1,95,0,9703,0,0,44,PROPIA,POSGRADO
2.01408E+16,274,RECHAZADA,PENDIENTE,RECHAZADO,MALO,0,,,,,0,INVERSIONES,ALTO_B,NO_CLIENTE,0,ALTO,0%,4,96,0,0,0,0,46,RENTA,POSGRADO
2.01407E+16,274,RECHAZADA,PENDIENTE,RECHAZADO,MALO,0,,,,,0,RECIBOS DE NOMINA,MEDIO_B,NO_CLIENTE,0,ALTO,0%,5,98,0,0,0,0,41,RENTA,LICENCIATURA
2.01408E+16,274,RECHAZADA,PENDIENTE,RECHAZADO,MALO,0,,,,,0,RECIBOS DE NOMINA,MEDIO_A,NO_CLIENTE,0,ALTO,0%,2,100,0,0,0,0,45,HIPOTECA,PREPARATORIA
2.01408E+16,275,RECHAZADA,PENDIENTE,RECHAZADO,MALO,0,,,,,0,RECIBOS DE NOMINA,ALTO_B,NO_CLIENTE,0,ALTO,0%,4,89,0,0,0,0,37,FAMILIARES,POSGRADO
2.01408E+16,275,RECHAZADA,PENDIENTE,RECHAZADO,MALO,0,,,,,0,RECIBOS DE NOMINA,MEDIO_A,NO_CLIENTE,0,ALTO,0%,3,91,0,0,0,0,45,HIPOTECA,PREPARATORIA
2.01408E+16,275,RECHAZADA,PENDIENTE,RECHAZADO,MALO,0,,,,,0,RECIBOS DE NOMINA,MEDIO_B,NO_CLIENTE,0,ALTO,0%,3,92,0,0,0,0,45,RENTA,PREPARATORIA
2.01407E+16,275,RECHAZADA,PENDIENTE,RECHAZADO,MALO,0,,,,,0,RECIBOS DE NOMINA,MEDIO_B,NO_CLIENTE,0,ALTO,0%,1,95,0,0,0,0,26,FAMILIARES,PREPARATORIA
2.01408E+16,275,RECHAZADA,PENDIENTE,RECHAZADO,MALO,0,,,,,0,RECIBOS DE NOMINA,MEDIO_B,NO_CLIENTE,0,ALTO,0%,5,96,0,0,0,0,47,FAMILIARES,LICENCIATURA
2.01408E+16,275,RECHAZADA,PENDIENTE,RECHAZADO,MALO,0,,,,,0,RECIBOS DE NOMINA,ALTO_B,NO_CLIENTE,0,ALTO,0%,3,98,0,0,0,0,29,RENTA,POSGRADO
2.01407E+16,275,RECHAZADA,PENDIENTE,RECHAZADO,MALO,0,,0,,,0,INVERSIONES,MEDIO_B,NO_CLIENTE,0,ALTO,0%,3,100,0,9981,620,0,49,FAMILIARES,LICENCIATURA
2.01407E+16,276,RECHAZADA,PENDIENTE,RECHAZADO,MALO,0,,,,,0,DECLARACION ANUAL,ALTO_B,NO_CLIENTE,0,ALTO,0%,4,90,0,0,0,0,46,HIPOTECA,POSGRADO
2.01408E+16,276,RECHAZADA,PENDIENTE,RECHAZADO,MALO,0,,,,,0,DECLARACION ANUAL,ALTO_A,NO_CLIENTE,0,ALTO,0%,5,95,0,0,0,0,40,PROPIA,POSGRADO
2.01406E+16,276,RECHAZADA,PENDIENTE,RECHAZADO,MALO,0,,,,,0,RECIBOS DE NOMINA,MEDIO_A,NO_CLIENTE,0,ALTO,0%,5,99,0,0,0,0,53,PROPIA,LICENCIATURA
2.01407E+16,276,RECHAZADA,PENDIENTE,RECHAZADO,MALO,0,,,,,0,INVERSIONES,MEDIO_A,NO_CLIENTE,0,ALTO,0%,4,99,0,0,0,0,52,HIPOTECA,PREPARATORIA
2.01408E+16,276,RECHAZADA,PENDIENTE,RECHAZADO,MALO,0,,,,,0,RECIBOS DE NOMINA,ALTO_B,NO_CLIENTE,0,ALTO,0%,1,100,0,0,0,0,47,FAMILIARES,POSGRADO
2.01408E+16,276,RECHAZADA,PENDIENTE,RECHAZADO,MALO,0,,,,,0,INVERSIONES,MEDIO_A,NO_CLIENTE,0,ALTO,0%,0,101,0,0,0,0,57,PROPIA,LICENCIATURA
2.01408E+16,276,RECHAZADA,PENDIENTE,RECHAZADO,MALO,0,,0,,,0,RECIBOS DE NOMINA,ALTO_B,NO_CLIENTE,68000,ALTO,0%,3,101,0,53862,0,0,29,RENTA,POSGRADO
2.01407E+16,277,CANCELADA,PENDIENTE,RECHAZADO,MALO,0,,0,,,0,SIN COMPROBANTE,ALTO_B,NO_CLIENTE,0,ALTO,0%,3,90,0,15349,680,0,30,RENTA,POSGRADO
2.01408E+16,277,RECHAZADA,PENDIENTE,RECHAZADO,MALO,0,,,,,0,RECIBOS DE NOMINA,MEDIO_B,NO_CLIENTE,0,ALTO,0%,3,92,0,0,0,0,46,RENTA,LICENCIATURA
2.01407E+16,277,RECHAZADA,PENDIENTE,RECHAZADO,MALO,0,,1,,0.00%,0,INVERSIONES,MEDIO_A,NO_CLIENTE,0,ALTO,0%,4,95,0,4882,250,0,53,HIPOTECA,PREPARATORIA
2.01408E+16,277,RECHAZADA,PENDIENTE,RECHAZADO,MALO,0,,1,,0.00%,0,INVERSIONES,ALTO_A,NO_CLIENTE,20700,ALTO,0%,2,96,0,11827,1150,0,54,PROPIA,POSGRADO
2.01408E+16,277,RECHAZADA,PENDIENTE,RECHAZADO,MALO,0,,0,,,0,INVERSIONES,MEDIO_A,NO_CLIENTE,18004,ALTO,0%,5,97,0,8735,260,0,38,PROPIA,LICENCIATURA
2.01407E+16,278,RECHAZADA,PENDIENTE,RECHAZADO,MALO,0,,1,,0.00%,0,RECIBOS DE NOMINA,MEDIO_A,NO_CLIENTE,0,ALTO,0%,4,90,0,5459,800,0,32,HIPOTECA,PREPARATORIA
2.01408E+16,278,RECHAZADA,PENDIENTE,RECHAZADO,MALO,0,,,,,0,RECIBOS DE NOMINA,ALTO_B,NO_CLIENTE,0,ALTO,0%,2,90,0,0,0,0,40,RENTA,POSGRADO
2.01408E+16,278,RECHAZADA,PENDIENTE,RECHAZADO,MALO,0,,,,,0,RECIBOS DE NOMINA,ALTO_B,NO_CLIENTE,0,ALTO,0%,4,94,0,0,0,0,53,RENTA,POSGRADO
2.01408E+16,278,RECHAZADA,PENDIENTE,RECHAZADO,MALO,0,,,,,0,INVERSIONES,MEDIO_A,NO_CLIENTE,0,ALTO,0%,5,95,0,0,0,0,44,PROPIA,LICENCIATURA
2.01408E+16,278,RECHAZADA,PENDIENTE,RECHAZADO,MALO,0,,,,,0,RECIBOS DE NOMINA,MEDIO_B,NO_CLIENTE,0,ALTO,0%,5,98,0,0,0,0,46,FAMILIARES,LICENCIATURA
2.01407E+16,278,EN_PROCESO,PENDIENTE,RECHAZADO,MALO,0,,,,,0,INVERSIONES,MEDIO_A,NO_CLIENTE,0,ALTO,0%,4,98,0,0,0,0,35,RENTA,LICENCIATURA
2.01408E+16,278,RECHAZADA,PENDIENTE,RECHAZADO,MALO,0,,,,,0,RECIBOS DE NOMINA,MEDIO_A,NO_CLIENTE,0,ALTO,0%,5,99,0,0,0,0,25,HIPOTECA,PREPARATORIA
2.01408E+16,278,RECHAZADA,PENDIENTE,RECHAZADO,MALO,0,,,,,0,RECIBOS DE NOMINA,MEDIO_A,NO_CLIENTE,0,ALTO,0%,2,100,0,0,0,0,35,HIPOTECA,PREPARATORIA
2.01408E+16,278,RECHAZADA,PENDIENTE,RECHAZADO,MALO,0,,0,,,0,RECIBOS DE NOMINA,MEDIO_B,NO_CLIENTE,14300,ALTO,0%,1,100,0,12494,0,0,59,RENTA,LICENCIATURA
2.01407E+16,278,RECHAZADA,PENDIENTE,RECHAZADO,MALO,0,,,,,0,RECIBOS DE NOMINA,ALTO_B,NO_CLIENTE,0,ALTO,0%,1,101,0,0,0,0,31,HIPOTECA,POSGRADO
2.01406E+16,279,RECHAZADA,PENDIENTE,RECHAZADO,MALO,0,,,,,0,INVERSIONES,MEDIO_A,NO_CLIENTE,0,ALTO,0%,5,89,0,0,0,0,26,HIPOTECA,PREPARATORIA
2.01408E+16,279,RECHAZADA,PENDIENTE,RECHAZADO,MALO,0,,0,,,0,INVERSIONES,ALTO_B,NO_CLIENTE,31000,ALTO,0%,1,90,0,30342,0,0,42,RENTA,POSGRADO
2.01408E+16,279,RECHAZADA,PENDIENTE,RECHAZADO,MALO,0,,,,,0,INVERSIONES,ALTO_B,NO_CLIENTE,0,ALTO,0%,4,92,0,0,0,0,46,RENTA,POSGRADO
2.01407E+16,279,RECHAZADA,PENDIENTE,RECHAZADO,MALO,0,,,,,0,RECIBOS DE NOMINA,ALTO_B,NO_CLIENTE,0,ALTO,0%,5,93,0,0,0,0,58,RENTA,POSGRADO
2.01408E+16,279,RECHAZADA,PENDIENTE,RECHAZADO,MALO,0,,,,,0,RECIBOS DE NOMINA,ALTO_A,NO_CLIENTE,0,ALTO,0%,4,93,0,0,0,0,26,PROPIA,POSGRADO
2.01408E+16,279,RECHAZADA,PENDIENTE,RECHAZADO,MALO,0,,,,,0,RECIBOS DE NOMINA,MEDIO_B,NO_CLIENTE,0,ALTO,0%,5,94,0,0,0,0,45,RENTA,PREPARATORIA
2.01407E+16,279,RECHAZADA,PENDIENTE,RECHAZADO,MALO,0,,,,,0,RECIBOS DE NOMINA,MEDIO_B,NO_CLIENTE,0,ALTO,0%,3,95,0,0,0,0,30,FAMILIARES,LICENCIATURA
2.01408E+16,279,RECHAZADA,PENDIENTE,RECHAZADO,MALO,0,,,,,0,RECIBOS DE NOMINA,MEDIO_B,NO_CLIENTE,0,ALTO,0%,5,95,0,0,0,0,56,RENTA,PREPARATORIA
2.01408E+16,279,RECHAZADA,PENDIENTE,RECHAZADO,MALO,0,,,,,0,INVERSIONES,MEDIO_B,NO_CLIENTE,0,ALTO,0%,2,101,0,0,0,0,46,RENTA,PREPARATORIA
2.01408E+16,280,RECHAZADA,PENDIENTE,RECHAZADO,MALO,0,,0,,,0,RECIBOS DE NOMINA,MEDIO_A,NO_CLIENTE,15000,ALTO,0%,4,89,0,6366,250,0,36,HIPOTECA,PREPARATORIA
2.01407E+16,280,RECHAZADA,PENDIENTE,RECHAZADO,MALO,0,,,,,0,DECLARACION ANUAL,ALTO_B,NO_CLIENTE,0,ALTO,0%,4,91,0,0,0,0,28,FAMILIARES,POSGRADO
2.01407E+16,280,RECHAZADA,PENDIENTE,RECHAZADO,MALO,0,,,,,0,RECIBOS DE NOMINA,ALTO_B,NO_CLIENTE,0,ALTO,0%,3,91,0,0,0,0,53,HIPOTECA,POSGRADO
2.01408E+16,280,RECHAZADA,PENDIENTE,RECHAZADO,MALO,0,,0,,,0,RECIBOS DE NOMINA,MEDIO_B,NO_CLIENTE,3000,ALTO,0%,5,91,0,2336,250,0,31,RENTA,PREPARATORIA
2.01407E+16,280,RECHAZADA,PENDIENTE,RECHAZADO,MALO,0,,,,,0,INVERSIONES,MEDIO_B,NO_CLIENTE,0,ALTO,0%,4,94,0,0,0,0,37,RENTA,LICENCIATURA
2.01408E+16,280,RECHAZADA,PENDIENTE,RECHAZADO,MALO,0,,,,,0,RECIBOS DE NOMINA,MEDIO_B,NO_CLIENTE,0,ALTO,0%,3,94,0,0,0,0,42,RENTA,PREPARATORIA
2.01407E+16,280,RECHAZADA,PENDIENTE,RECHAZADO,MALO,0,,,,,0,RECIBOS DE NOMINA,MEDIO_A,NO_CLIENTE,0,ALTO,0%,3,95,0,0,0,0,39,PROPIA,LICENCIATURA
2.01407E+16,280,RECHAZADA,PENDIENTE,RECHAZADO,MALO,0,,,,,0,RECIBOS DE NOMINA,MEDIO_A,NO_CLIENTE,0,ALTO,0%,4,96,0,0,0,0,29,HIPOTECA,PREPARATORIA
2.01407E+16,280,RECHAZADA,PENDIENTE,RECHAZADO,MALO,0,,,,,0,RECIBOS DE NOMINA,ALTO_A,NO_CLIENTE,0,ALTO,0%,2,98,0,0,0,0,38,PROPIA,POSGRADO
2.01407E+16,280,RECHAZADA,PENDIENTE,RECHAZADO,MALO,0,,,,,0,RECIBOS DE NOMINA,MEDIO_B,NO_CLIENTE,0,ALTO,0%,4,99,0,0,0,0,36,FAMILIARES,PREPARATORIA
2.01408E+16,280,RECHAZADA,PENDIENTE,RECHAZADO,MALO,0,,,,,0,INVERSIONES,MEDIO_B,NO_CLIENTE,0,ALTO,0%,4,99,0,0,0,0,46,RENTA,PREPARATORIA
2.01408E+16,280,RECHAZADA,PENDIENTE,RECHAZADO,MALO,0,,,,,0,RECIBOS DE NOMINA,MEDIO_A,NO_CLIENTE,0,ALTO,0%,4,99,0,0,0,0,34,PROPIA,LICENCIATURA
2.01408E+16,281,RECHAZADA,PENDIENTE,RECHAZADO,MALO,0,,,,,0,INVERSIONES,MEDIO_B,NO_CLIENTE,0,ALTO,0%,3,90,0,0,0,0,56,RENTA,LICENCIATURA
2.01408E+16,281,RECHAZADA,PENDIENTE,RECHAZADO,MALO,0,,,,,0,RECIBOS DE NOMINA,MEDIO_A,NO_CLIENTE,0,ALTO,0%,4,90,0,0,0,0,58,HIPOTECA,LICENCIATURA
2.01407E+16,281,RECHAZADA,PENDIENTE,RECHAZADO,MALO,0,,,,,0,INVERSIONES,ALTO_B,NO_CLIENTE,0,ALTO,0%,5,91,0,0,0,0,44,RENTA,POSGRADO
2.01408E+16,281,RECHAZADA,PENDIENTE,RECHAZADO,MALO,0,,,,,0,RECIBOS DE NOMINA,MEDIO_A,NO_CLIENTE,0,ALTO,0%,1,94,0,0,0,0,54,HIPOTECA,PREPARATORIA
2.01406E+16,281,RECHAZADA,PENDIENTE,RECHAZADO,MALO,0,,0,,,0,INVERSIONES,ALTO_B,NO_CLIENTE,0,ALTO,0%,1,96,0,11526,70,0,35,HIPOTECA,POSGRADO
2.01408E+16,281,RECHAZADA,PENDIENTE,RECHAZADO,MALO,0,,,,,0,RECIBOS DE NOMINA,MEDIO_A,NO_CLIENTE,0,ALTO,0%,4,98,0,0,0,0,40,PROPIA,LICENCIATURA
2.01408E+16,281,RECHAZADA,PENDIENTE,RECHAZADO,MALO,0,,0,,0.00%,0,INVERSIONES,ALTO_B,NO_CLIENTE,26003,ALTO,0%,4,98,0,26838,1610,0,51,FAMILIARES,POSGRADO
2.01408E+16,281,RECHAZADA,PENDIENTE,RECHAZADO,MALO,0,,,,,0,RECIBOS DE NOMINA,MEDIO_A,NO_CLIENTE,0,ALTO,0%,2,98,0,0,0,0,39,PROPIA,LICENCIATURA
2.01407E+16,282,RECHAZADA,PENDIENTE,RECHAZADO,MALO,0,,,,,0,RECIBOS DE NOMINA,ALTO_A,NO_CLIENTE,0,ALTO,0%,4,89,0,0,0,0,34,PROPIA,POSGRADO
2.01407E+16,282,EN_PROCESO,PENDIENTE,RECHAZADO,MALO,0,,,,,0,RECIBOS DE NOMINA,BAJO_A,NO_CLIENTE,0,ALTO,0%,5,89,0,0,0,0,53,FAMILIARES,PREPARATORIA
2.01407E+16,282,RECHAZADA,PENDIENTE,RECHAZADO,MALO,0,,,,,0,RECIBOS DE NOMINA,MEDIO_A,NO_CLIENTE,0,ALTO,0%,4,91,0,0,0,0,60,HIPOTECA,PREPARATORIA
2.01408E+16,282,RECHAZADA,PENDIENTE,RECHAZADO,MALO,0,,,,,0,RECIBOS DE NOMINA,MEDIO_A,NO_CLIENTE,0,ALTO,0%,4,91,0,0,0,0,54,HIPOTECA,PREPARATORIA
2.01403E+16,282,RECHAZADA,PENDIENTE,RECHAZADO,MALO,0,,,,,1884,RECIBOS DE NOMINA,MEDIO_A,CLIENTE_BANCO,0,ALTO,0%,5,91,0,0,0,0,57,RENTA,PREPARATORIA
2.01407E+16,282,RECHAZADA,PENDIENTE,RECHAZADO,MALO,0,,,,,0,RECIBOS DE NOMINA,ALTO_A,NO_CLIENTE,0,ALTO,0%,5,93,0,0,0,0,44,PROPIA,POSGRADO
2.01407E+16,282,RECHAZADA,PENDIENTE,RECHAZADO,MALO,0,,2,,0.00%,0,INVERSIONES,MEDIO_A,NO_CLIENTE,0,ALTO,0%,1,95,0,48997,0,0,48,HIPOTECA,PREPARATORIA
2.01408E+16,282,RECHAZADA,PENDIENTE,RECHAZADO,MALO,0,,,,,0,RECIBOS DE NOMINA,ALTO_B,NO_CLIENTE,0,ALTO,0%,3,96,0,0,0,0,36,RENTA,POSGRADO
2.01407E+16,282,RECHAZADA,PENDIENTE,RECHAZADO,MALO,0,,,,,0,RECIBOS DE NOMINA,ALTO_B,NO_CLIENTE,0,ALTO,0%,1,97,0,0,0,0,37,FAMILIARES,POSGRADO
2.01407E+16,282,RECHAZADA,PENDIENTE,RECHAZADO,MALO,0,,,,,0,RECIBOS DE NOMINA,MEDIO_A,NO_CLIENTE,0,ALTO,0%,3,97,0,0,0,0,37,PROPIA,LICENCIATURA
2.01407E+16,283,RECHAZADA,PENDIENTE,RECHAZADO,MALO,0,,,,,0,INVERSIONES,ALTO_B,NO_CLIENTE,0,ALTO,0%,4,90,0,0,0,0,36,RENTA,POSGRADO
2.01408E+16,283,RECHAZADA,PENDIENTE,RECHAZADO,MALO,0,,,,,0,INVERSIONES,MEDIO_A,NO_CLIENTE,0,ALTO,0%,1,90,0,0,0,0,39,HIPOTECA,LICENCIATURA
2.01407E+16,283,RECHAZADA,PENDIENTE,RECHAZADO,MALO,0,,,,,0,RECIBOS DE NOMINA,MEDIO_B,NO_CLIENTE,0,ALTO,0%,2,91,0,0,0,0,56,FAMILIARES,LICENCIATURA
2.01407E+16,283,RECHAZADA,PENDIENTE,RECHAZADO,MALO,0,,,,,0,INVERSIONES,ALTO_B,NO_CLIENTE,0,ALTO,0%,2,95,0,0,0,0,32,RENTA,POSGRADO
2.01408E+16,283,RECHAZADA,PENDIENTE,RECHAZADO,MALO,0,,,,,0,INVERSIONES,MEDIO_B,NO_CLIENTE,0,ALTO,0%,5,97,0,0,0,0,30,RENTA,LICENCIATURA
2.01408E+16,284,RECHAZADA,PENDIENTE,RECHAZADO,MALO,0,,,,,0,RECIBOS DE NOMINA,ALTO_B,NO_CLIENTE,0,ALTO,0%,4,91,0,0,0,0,28,HIPOTECA,POSGRADO
2.01408E+16,284,RECHAZADA,PENDIENTE,RECHAZADO,MALO,0,,,,,0,RECIBOS DE NOMINA,ALTO_B,NO_CLIENTE,0,ALTO,0%,3,93,0,0,0,0,49,RENTA,POSGRADO
2.01408E+16,284,RECHAZADA,PENDIENTE,RECHAZADO,MALO,0,,,,,0,INVERSIONES,ALTO_B,NO_CLIENTE,0,ALTO,0%,3,96,0,0,0,0,32,RENTA,POSGRADO
2.01407E+16,284,RECHAZADA,PENDIENTE,RECHAZADO,MALO,0,,,,,0,RECIBOS DE NOMINA,MEDIO_B,NO_CLIENTE,0,ALTO,0%,1,97,0,0,0,0,55,RENTA,LICENCIATURA
2.01406E+16,284,RECHAZADA,PENDIENTE,RECHAZADO,MALO,0,,,,,4065,RECIBOS DE NOMINA,ALTO_B,CLIENTE_BANCO,0,ALTO,0%,5,97,0,0,0,0,38,HIPOTECA,LICENCIATURA
2.01407E+16,284,RECHAZADA,PENDIENTE,RECHAZADO,MALO,0,,,,,0,RECIBOS DE NOMINA,ALTO_A,NO_CLIENTE,0,ALTO,0%,3,100,0,0,0,0,51,PROPIA,POSGRADO
2.01407E+16,285,RECHAZADA,PENDIENTE,RECHAZADO,MALO,0,,0,,,0,INVERSIONES,MEDIO_A,NO_CLIENTE,0,ALTO,0%,2,91,0,12278,9810,0,36,PROPIA,LICENCIATURA
2.01406E+16,285,RECHAZADA,PENDIENTE,RECHAZADO,MALO,0,,2,,0.00%,4310,RECIBOS DE NOMINA,MEDIO_A,CLIENTE_BANCO,0,ALTO,0%,4,93,0,3773,0,0,33,HIPOTECA,PREPARATORIA
2.01407E+16,285,RECHAZADA,PENDIENTE,RECHAZADO,MALO,0,,1,,0.00%,0,INVERSIONES,MEDIO_B,NO_CLIENTE,0,ALTO,0%,3,99,0,3014,250,0,46,FAMILIARES,PREPARATORIA
2.01407E+16,286,RECHAZADA,PENDIENTE,RECHAZADO,MALO,0,,,,,0,RECIBOS DE NOMINA,MEDIO_B,NO_CLIENTE,0,ALTO,0%,3,94,0,0,0,0,30,FAMILIARES,LICENCIATURA
2.01408E+16,286,RECHAZADA,PENDIENTE,RECHAZADO,MALO,0,,,,,0,INVERSIONES,ALTO_A,NO_CLIENTE,0,ALTO,0%,3,94,0,0,0,0,49,PROPIA,POSGRADO
2.01408E+16,286,RECHAZADA,PENDIENTE,RECHAZADO,MALO,0,,1,,0.00%,0,RECIBOS DE NOMINA,MEDIO_A,NO_CLIENTE,7000,ALTO,0%,2,96,0,0,0,0,48,HIPOTECA,PREPARATORIA
2.01407E+16,286,RECHAZADA,PENDIENTE,RECHAZADO,MALO,0,,0,,,0,RECIBOS DE NOMINA,ALTO_B,NO_CLIENTE,0,ALTO,0%,3,97,0,2655,500,0,36,FAMILIARES,POSGRADO
2.01408E+16,286,RECHAZADA,PENDIENTE,RECHAZADO,MALO,0,,0,,,0,INVERSIONES,MEDIO_B,NO_CLIENTE,20000,ALTO,0%,2,97,0,6425,440,0,43,RENTA,LICENCIATURA
2.01407E+16,286,RECHAZADA,PENDIENTE,RECHAZADO,MALO,0,,,,,0,RECIBOS DE NOMINA,ALTO_B,NO_CLIENTE,0,ALTO,0%,2,100,0,0,0,0,44,HIPOTECA,POSGRADO
2.01408E+16,286,RECHAZADA,PENDIENTE,RECHAZADO,MALO,0,,,,,0,INVERSIONES,MEDIO_B,NO_CLIENTE,0,ALTO,0%,1,101,0,0,0,0,51,RENTA,LICENCIATURA
2.01408E+16,286,RECHAZADA,PENDIENTE,RECHAZADO,MALO,0,,,,,0,RECIBOS DE NOMINA,ALTO_B,NO_CLIENTE,0,ALTO,0%,0,101,0,0,0,0,30,FAMILIARES,POSGRADO
2.01408E+16,287,RECHAZADA,PENDIENTE,RECHAZADO,MALO,0,,,,,0,RECIBOS DE NOMINA,ALTO_B,NO_CLIENTE,0,ALTO,0%,5,89,0,0,0,0,43,HIPOTECA,POSGRADO
2.01407E+16,287,RECHAZADA,PENDIENTE,RECHAZADO,MALO,0,,,,,0,DECLARACION ANUAL,ALTO_B,NO_CLIENTE,0,ALTO,0%,2,91,0,0,0,0,31,HIPOTECA,POSGRADO
2.01408E+16,287,RECHAZADA,PENDIENTE,RECHAZADO,MALO,0,,,,,0,RECIBOS DE NOMINA,MEDIO_B,NO_CLIENTE,0,ALTO,0%,4,94,0,0,0,0,33,RENTA,LICENCIATURA
2.01407E+16,287,RECHAZADA,PENDIENTE,RECHAZADO,MALO,0,,0,,,0,INVERSIONES,MEDIO_A,NO_CLIENTE,0,ALTO,0%,3,98,0,120783,0,0,58,PROPIA,LICENCIATURA
2.01408E+16,287,RECHAZADA,PENDIENTE,RECHAZADO,MALO,0,,,,,0,RECIBOS DE NOMINA,MEDIO_B,NO_CLIENTE,0,ALTO,0%,2,98,0,0,0,0,58,FAMILIARES,LICENCIATURA
2.01406E+16,287,RECHAZADA,PENDIENTE,RECHAZADO,MALO,0,,,,,0,RECIBOS DE NOMINA,ALTO_B,NO_CLIENTE,0,ALTO,0%,3,100,0,0,0,0,48,HIPOTECA,POSGRADO
2.01407E+16,288,RECHAZADA,PENDIENTE,RECHAZADO,MALO,0,,,,,0,INVERSIONES,ALTO_A,NO_CLIENTE,0,ALTO,0%,1,90,0,0,0,0,36,PROPIA,POSGRADO
2.01408E+16,288,RECHAZADA,PENDIENTE,RECHAZADO,MALO,0,,,,,0,INVERSIONES,MEDIO_A,NO_CLIENTE,0,ALTO,0%,2,90,0,0,0,0,30,HIPOTECA,PREPARATORIA
2.01407E+16,288,RECHAZADA,PENDIENTE,RECHAZADO,MALO,0,,,,,0,INVERSIONES,MEDIO_B,NO_CLIENTE,0,ALTO,0%,3,93,0,0,0,0,30,FAMILIARES,LICENCIATURA
2.01407E+16,288,RECHAZADA,PENDIENTE,RECHAZADO,MALO,0,,,,,0,INVERSIONES,MEDIO_A,NO_CLIENTE,0,ALTO,0%,5,94,0,0,0,0,58,PROPIA,LICENCIATURA
2.01408E+16,288,RECHAZADA,PENDIENTE,RECHAZADO,MALO,0,,,,,0,INVERSIONES,ALTO_B,NO_CLIENTE,0,ALTO,0%,2,94,0,0,0,0,30,HIPOTECA,POSGRADO
2.01406E+16,288,RECHAZADA,PENDIENTE,RECHAZADO,MALO,0,,,,,0,INVERSIONES,MEDIO_A,NO_CLIENTE,0,ALTO,0%,3,97,0,0,0,0,30,PROPIA,LICENCIATURA
2.01408E+16,288,RECHAZADA,PENDIENTE,RECHAZADO,MALO,0,,,,,0,INVERSIONES,MEDIO_B,NO_CLIENTE,0,ALTO,0%,2,98,0,0,0,0,57,FAMILIARES,PREPARATORIA
2.01407E+16,289,RECHAZADA,PENDIENTE,RECHAZADO,MALO,0,,0,,,0,RECIBOS DE NOMINA,MEDIO_A,NO_CLIENTE,0,ALTO,0%,4,92,0,9922,590,0,58,PROPIA,LICENCIATURA
2.01408E+16,289,RECHAZADA,PENDIENTE,RECHAZADO,MALO,0,,,,,0,RECIBOS DE NOMINA,MEDIO_A,NO_CLIENTE,0,ALTO,0%,4,94,0,0,0,0,29,HIPOTECA,LICENCIATURA
2.01406E+16,289,RECHAZADA,PENDIENTE,RECHAZADO,MALO,0,,0,,,0,RECIBOS DE NOMINA,MEDIO_B,NO_CLIENTE,0,ALTO,0%,4,95,0,23685,520,0,49,RENTA,LICENCIATURA
2.01408E+16,289,RECHAZADA,PENDIENTE,RECHAZADO,MALO,0,,,,,0,RECIBOS DE NOMINA,MEDIO_B,NO_CLIENTE,0,ALTO,0%,2,95,0,0,0,0,57,FAMILIARES,LICENCIATURA
2.01407E+16,289,RECHAZADA,PENDIENTE,RECHAZADO,MALO,0,,,,,0,RECIBOS DE NOMINA,ALTO_B,NO_CLIENTE,0,ALTO,0%,3,100,0,0,0,0,51,FAMILIARES,POSGRADO
2.01408E+16,290,RECHAZADA,PENDIENTE,RECHAZADO,MALO,0,,,,,0,RECIBOS DE NOMINA,MEDIO_A,NO_CLIENTE,0,ALTO,0%,5,89,0,0,0,0,46,HIPOTECA,LICENCIATURA
2.01406E+16,290,RECHAZADA,PENDIENTE,RECHAZADO,MALO,0,,,,,0,INVERSIONES,MEDIO_A,NO_CLIENTE,0,ALTO,0%,4,90,0,0,0,0,46,HIPOTECA,PREPARATORIA
2.01407E+16,290,RECHAZADA,PENDIENTE,RECHAZADO,MALO,0,,,,,0,INVERSIONES,MEDIO_B,NO_CLIENTE,0,ALTO,0%,1,91,0,0,0,0,33,FAMILIARES,PREPARATORIA
2.01408E+16,290,RECHAZADA,PENDIENTE,RECHAZADO,MALO,0,,,,,0,RECIBOS DE NOMINA,MEDIO_A,NO_CLIENTE,0,ALTO,0%,5,92,0,0,0,0,29,HIPOTECA,LICENCIATURA
2.01408E+16,290,RECHAZADA,PENDIENTE,RECHAZADO,MALO,0,,,,,0,RECIBOS DE NOMINA,ALTO_B,NO_CLIENTE,0,ALTO,0%,2,93,0,0,0,0,25,HIPOTECA,POSGRADO
2.01406E+16,290,RECHAZADA,PENDIENTE,RECHAZADO,MALO,0,,0,,,0,INVERSIONES,MEDIO_B,NO_CLIENTE,0,ALTO,0%,5,95,0,4042,0,0,54,RENTA,LICENCIATURA
2.01408E+16,290,RECHAZADA,PENDIENTE,RECHAZADO,MALO,0,,1,,,0,INVERSIONES,MEDIO_B,NO_CLIENTE,43000,ALTO,0%,5,95,0,8332,540,0,56,RENTA,PREPARATORIA
2.01407E+16,291,RECHAZADA,PENDIENTE,RECHAZADO,MALO,0,,,,,0,RECIBOS DE NOMINA,MEDIO_A,NO_CLIENTE,0,ALTO,0%,4,90,0,0,0,0,42,HIPOTECA,PREPARATORIA
2.01408E+16,291,RECHAZADA,PENDIENTE,RECHAZADO,MALO,0,,,,,0,INVERSIONES,ALTO_B,NO_CLIENTE,0,ALTO,0%,2,93,0,0,0,0,50,HIPOTECA,POSGRADO
2.01408E+16,291,RECHAZADA,PENDIENTE,RECHAZADO,MALO,0,,,,,0,RECIBOS DE NOMINA,ALTO_B,NO_CLIENTE,0,ALTO,0%,5,93,0,0,0,0,42,FAMILIARES,POSGRADO
2.01408E+16,291,RECHAZADA,PENDIENTE,RECHAZADO,MALO,0,,0,,,0,INVERSIONES,ALTO_B,NO_CLIENTE,57000,ALTO,0%,2,99,0,259,0,0,38,FAMILIARES,POSGRADO
2.01407E+16,291,RECHAZADA,PENDIENTE,RECHAZADO,MALO,0,,,,,0,INVERSIONES,ALTO_B,NO_CLIENTE,0,ALTO,0%,3,100,0,0,0,0,59,RENTA,POSGRADO
2.01408E+16,292,RECHAZADA,PENDIENTE,RECHAZADO,MALO,0,,,,,0,INVERSIONES,MEDIO_A,NO_CLIENTE,0,ALTO,0%,2,90,0,0,0,0,35,PROPIA,LICENCIATURA
2.01408E+16,292,RECHAZADA,PENDIENTE,RECHAZADO,MALO,0,,,,,0,INVERSIONES,MEDIO_A,NO_CLIENTE,0,ALTO,0%,1,95,0,0,0,0,42,HIPOTECA,PREPARATORIA
2.01407E+16,292,RECHAZADA,PENDIENTE,RECHAZADO,MALO,0,,0,,,0,INVERSIONES,ALTO_A,NO_CLIENTE,0,ALTO,0%,2,98,0,10964,690,0,29,PROPIA,POSGRADO
2.01408E+16,292,RECHAZADA,PENDIENTE,RECHAZADO,MALO,0,,,,,0,RECIBOS DE NOMINA,MEDIO_B,NO_CLIENTE,0,ALTO,0%,4,98,0,0,0,0,33,RENTA,LICENCIATURA
2.01408E+16,292,RECHAZADA,PENDIENTE,RECHAZADO,MALO,0,,,,,0,RECIBOS DE NOMINA,MEDIO_B,NO_CLIENTE,0,ALTO,0%,4,98,0,0,0,0,56,RENTA,LICENCIATURA
2.01407E+16,293,RECHAZADA,PENDIENTE,RECHAZADO,MALO,0,,,,,0,DECLARACION ANUAL,MEDIO_B,NO_CLIENTE,0,ALTO,0%,5,89,0,0,0,0,35,RENTA,PREPARATORIA
2.01408E+16,293,RECHAZADA,PENDIENTE,RECHAZADO,MALO,0,,,,,0,RECIBOS DE NOMINA,MEDIO_B,NO_CLIENTE,0,ALTO,0%,4,89,0,0,0,0,57,FAMILIARES,LICENCIATURA
2.01408E+16,293,RECHAZADA,PENDIENTE,RECHAZADO,MALO,0,,,,,0,RECIBOS DE NOMINA,MEDIO_B,NO_CLIENTE,0,ALTO,0%,2,93,0,0,0,0,47,FAMILIARES,PREPARATORIA
2.01408E+16,293,RECHAZADA,PENDIENTE,RECHAZADO,MALO,0,,,,,0,DECLARACION ANUAL,ALTO_B,NO_CLIENTE,0,ALTO,0%,3,96,0,0,0,0,57,HIPOTECA,POSGRADO
2.01406E+16,293,RECHAZADA,PENDIENTE,RECHAZADO,MALO,0,,,,,15648,RECIBOS DE NOMINA,MEDIO_B,CLIENTE_BANCO,0,ALTO,0%,1,100,0,0,0,0,34,RENTA,PREPARATORIA
2.01408E+16,294,RECHAZADA,PENDIENTE,RECHAZADO,MALO,0,,,,,0,INVERSIONES,ALTO_B,NO_CLIENTE,0,ALTO,0%,4,91,0,0,0,0,35,HIPOTECA,POSGRADO
2.01408E+16,294,RECHAZADA,PENDIENTE,RECHAZADO,MALO,0,,,,,0,INVERSIONES,ALTO_A,NO_CLIENTE,0,ALTO,0%,5,92,0,0,0,0,40,PROPIA,POSGRADO
2.01408E+16,294,RECHAZADA,PENDIENTE,RECHAZADO,MALO,0,,,,,0,RECIBOS DE NOMINA,MEDIO_A,NO_CLIENTE,0,ALTO,0%,5,93,0,0,0,0,30,PROPIA,LICENCIATURA
2.01408E+16,294,RECHAZADA,PENDIENTE,RECHAZADO,MALO,0,,,,,0,INVERSIONES,MEDIO_A,NO_CLIENTE,0,ALTO,0%,3,93,0,0,0,0,35,HIPOTECA,PREPARATORIA
2.01408E+16,294,RECHAZADA,PENDIENTE,RECHAZADO,MALO,0,,,,,0,RECIBOS DE NOMINA,MEDIO_B,NO_CLIENTE,0,ALTO,0%,2,97,0,0,0,0,49,RENTA,PREPARATORIA
2.01407E+16,294,RECHAZADA,PENDIENTE,RECHAZADO,MALO,0,,0,,,0,INVERSIONES,MEDIO_A,NO_CLIENTE,0,ALTO,0%,4,98,0,5004,280,0,53,PROPIA,LICENCIATURA
2.01408E+16,294,RECHAZADA,PENDIENTE,RECHAZADO,MALO,0,,,,,0,RECIBOS DE NOMINA,MEDIO_B,NO_CLIENTE,0,ALTO,0%,4,99,0,0,0,0,53,RENTA,PREPARATORIA
2.01407E+16,295,RECHAZADA,PENDIENTE,RECHAZADO,MALO,0,,,,,0,RECIBOS DE NOMINA,MEDIO_B,NO_CLIENTE,0,ALTO,0%,5,89,0,0,0,0,48,FAMILIARES,PREPARATORIA
2.01408E+16,295,RECHAZADA,PENDIENTE,RECHAZADO,MALO,0,,1,,,0,INVERSIONES,MEDIO_A,NO_CLIENTE,13500,ALTO,0%,5,89,0,2157,250,0,49,HIPOTECA,LICENCIATURA
2.01407E+16,295,RECHAZADA,PENDIENTE,RECHAZADO,MALO,0,,,,,0,RECIBOS DE NOMINA,ALTO_A,NO_CLIENTE,0,ALTO,0%,4,94,0,0,0,0,60,PROPIA,POSGRADO
2.01408E+16,295,RECHAZADA,PENDIENTE,RECHAZADO,MALO,0,,,,,0,INVERSIONES,MEDIO_B,NO_CLIENTE,0,ALTO,0%,1,95,0,0,0,0,53,RENTA,LICENCIATURA
2.01407E+16,295,CANCELADA,PENDIENTE,RECHAZADO,MALO,0,,,,,0,SIN COMPROBANTE,MEDIO_B,NO_CLIENTE,0,ALTO,0%,4,98,0,0,0,0,28,FAMILIARES,LICENCIATURA
2.01408E+16,295,RECHAZADA,PENDIENTE,RECHAZADO,MALO,0,,,,,0,RECIBOS DE NOMINA,ALTO_B,NO_CLIENTE,0,ALTO,0%,3,100,0,0,0,0,50,FAMILIARES,POSGRADO
2.01407E+16,295,RECHAZADA,PENDIENTE,RECHAZADO,MALO,0,,2,,0.00%,0,INVERSIONES,MEDIO_B,NO_CLIENTE,0,ALTO,0%,1,101,0,12560,560,0,58,RENTA,PREPARATORIA
2.01406E+16,296,RECHAZADA,PENDIENTE,RECHAZADO,MALO,0,,,,,0,INVERSIONES,MEDIO_B,NO_CLIENTE,0,ALTO,0%,4,91,0,0,0,0,50,FAMILIARES,PREPARATORIA
2.01407E+16,296,RECHAZADA,PENDIENTE,RECHAZADO,MALO,0,,,,,0,RECIBOS DE NOMINA,MEDIO_B,NO_CLIENTE,0,ALTO,0%,3,95,0,0,0,0,25,FAMILIARES,PREPARATORIA
2.01408E+16,296,RECHAZADA,PENDIENTE,RECHAZADO,MALO,0,,,,,0,RECIBOS DE NOMINA,MEDIO_A,NO_CLIENTE,0,ALTO,0%,2,97,0,0,0,0,28,HIPOTECA,PREPARATORIA
2.01407E+16,296,RECHAZADA,PENDIENTE,RECHAZADO,MALO,0,,,,,0,INVERSIONES,MEDIO_A,NO_CLIENTE,0,ALTO,0%,1,100,0,0,0,0,49,HIPOTECA,PREPARATORIA
2.01408E+16,296,RECHAZADA,PENDIENTE,RECHAZADO,MALO,0,,,,,0,RECIBOS DE NOMINA,ALTO_A,NO_CLIENTE,0,ALTO,0%,0,100,0,0,0,0,48,PROPIA,POSGRADO
2.01407E+16,296,RECHAZADA,PENDIENTE,RECHAZADO,MALO,0,,,,,0,RECIBOS DE NOMINA,ALTO_B,NO_CLIENTE,0,ALTO,0%,2,101,0,0,0,0,49,RENTA,POSGRADO
2.01408E+16,297,RECHAZADA,PENDIENTE,RECHAZADO,MALO,0,,,,,0,INVERSIONES,MEDIO_A,NO_CLIENTE,0,ALTO,0%,2,90,0,0,0,0,33,HIPOTECA,LICENCIATURA
2.01408E+16,297,RECHAZADA,PENDIENTE,RECHAZADO,MALO,0,,,,,0,RECIBOS DE NOMINA,MEDIO_A,NO_CLIENTE,0,ALTO,0%,3,90,0,0,0,0,37,HIPOTECA,LICENCIATURA
2.01407E+16,297,RECHAZADA,PENDIENTE,RECHAZADO,MALO,0,,,,,0,INVERSIONES,MEDIO_B,NO_CLIENTE,0,ALTO,0%,1,91,0,0,0,0,52,FAMILIARES,LICENCIATURA
2.01408E+16,297,RECHAZADA,PENDIENTE,RECHAZADO,MALO,0,,,,,0,INVERSIONES,MEDIO_A,NO_CLIENTE,0,ALTO,0%,5,98,0,0,0,0,57,PROPIA,LICENCIATURA
2.01408E+16,297,RECHAZADA,PENDIENTE,RECHAZADO,MALO,0,,,,,0,RECIBOS DE NOMINA,MEDIO_B,NO_CLIENTE,0,ALTO,0%,2,100,0,0,0,0,27,FAMILIARES,PREPARATORIA
2.01408E+16,297,RECHAZADA,PENDIENTE,RECHAZADO,MALO,0,,,,,0,INVERSIONES,ALTO_A,NO_CLIENTE,0,ALTO,0%,3,100,0,0,0,0,59,PROPIA,POSGRADO
2.01408E+16,298,RECHAZADA,PENDIENTE,RECHAZADO,MALO,0,,0,,,0,INVERSIONES,ALTO_B,NO_CLIENTE,101000,ALTO,0%,3,95,0,91702,4020,0,49,FAMILIARES,POSGRADO
2.01408E+16,298,RECHAZADA,PENDIENTE,RECHAZADO,MALO,0,,,,,0,INVERSIONES,MEDIO_B,NO_CLIENTE,0,ALTO,0%,5,96,0,0,0,0,34,FAMILIARES,LICENCIATURA
2.01408E+16,298,RECHAZADA,PENDIENTE,RECHAZADO,MALO,0,,,,,0,RECIBOS DE NOMINA,ALTO_B,NO_CLIENTE,0,ALTO,0%,4,97,0,0,0,0,37,HIPOTECA,POSGRADO
2.01408E+16,298,RECHAZADA,PENDIENTE,RECHAZADO,MALO,0,,,,,0,RECIBOS DE NOMINA,MEDIO_A,NO_CLIENTE,0,ALTO,0%,2,98,0,0,0,0,26,HIPOTECA,PREPARATORIA
2.01408E+16,298,RECHAZADA,PENDIENTE,RECHAZADO,MALO,0,,,,,0,RECIBOS DE NOMINA,ALTO_A,NO_CLIENTE,0,ALTO,0%,3,100,0,0,0,0,55,PROPIA,POSGRADO
2.01408E+16,299,RECHAZADA,PENDIENTE,RECHAZADO,MALO,0,,,,,0,RECIBOS DE NOMINA,MEDIO_B,NO_CLIENTE,0,ALTO,0%,2,91,0,0,0,0,50,RENTA,LICENCIATURA
2.01407E+16,299,RECHAZADA,PENDIENTE,RECHAZADO,MALO,0,,,,,0,RECIBOS DE NOMINA,MEDIO_A,NO_CLIENTE,0,ALTO,0%,2,92,0,0,0,0,33,HIPOTECA,LICENCIATURA
2.01408E+16,299,RECHAZADA,PENDIENTE,RECHAZADO,MALO,0,,,,,0,INVERSIONES,MEDIO_A,NO_CLIENTE,0,ALTO,0%,3,92,0,0,0,0,55,HIPOTECA,PREPARATORIA
2.01407E+16,299,RECHAZADA,PENDIENTE,RECHAZADO,MALO,0,,0,,,0,INVERSIONES,ALTO_B,NO_CLIENTE,0,ALTO,0%,3,98,0,18895,1190,0,44,HIPOTECA,POSGRADO
2.01408E+16,299,RECHAZADA,PENDIENTE,RECHAZADO,MALO,0,,0,,,0,RECIBOS DE NOMINA,ALTO_B,NO_CLIENTE,0,ALTO,0%,3,98,0,578,250,0,25,FAMILIARES,POSGRADO
2.01408E+16,299,RECHAZADA,PENDIENTE,RECHAZADO,MALO,0,,,,,0,RECIBOS DE NOMINA,MEDIO_B,NO_CLIENTE,0,ALTO,0%,3,100,0,0,0,0,27,FAMILIARES,LICENCIATURA
2.01407E+16,153,RECHAZADA,PENDIENTE,RECHAZADO,MALO,0,,,,,0,RECIBOS DE NOMINA,MEDIO_A,NO_CLIENTE,0,ALTO,0%,4,89,0,0,0,0,31,HIPOTECA,PREPARATORIA
2.01408E+16,149,RECHAZADA,PENDIENTE,RECHAZADO,MALO,0,,,,,0,RECIBOS DE NOMINA,ALTO_B,NO_CLIENTE,0,ALTO,0%,1,90,0,0,0,0,53,HIPOTECA,POSGRADO
2.01408E+16,170,RECHAZADA,PENDIENTE,RECHAZADO,MALO,0,,,,,0,INVERSIONES,ALTO_B,NO_CLIENTE,0,ALTO,0%,4,91,0,0,0,0,44,HIPOTECA,POSGRADO
2.01408E+16,191,RECHAZADA,PENDIENTE,RECHAZADO,MALO,0,,,,,0,DECLARACION ANUAL,ALTO_A,NO_CLIENTE,0,ALTO,0%,2,93,0,0,0,0,53,PROPIA,POSGRADO
2.01408E+16,136,RECHAZADA,PENDIENTE,RECHAZADO,MALO,0,,,,,0,DECLARACION ANUAL,MEDIO_A,NO_CLIENTE,0,ALTO,0%,5,94,0,0,0,0,56,HIPOTECA,PREPARATORIA
2.01407E+16,118,RECHAZADA,PENDIENTE,RECHAZADO,MALO,0,,0,,,0,INVERSIONES,MEDIO_B,NO_CLIENTE,0,ALTO,0%,4,95,0,37859,1520,0,44,RENTA,LICENCIATURA
2.01407E+16,192,RECHAZADA,PENDIENTE,RECHAZADO,MALO,0,,0,,,0,RECIBOS DE NOMINA,MEDIO_B,NO_CLIENTE,0,ALTO,0%,1,95,0,1565,380,0,38,RENTA,LICENCIATURA
2.01408E+16,181,RECHAZADA,PENDIENTE,RECHAZADO,MALO,0,,,,,0,RECIBOS DE NOMINA,MEDIO_B,NO_CLIENTE,0,ALTO,0%,2,95,0,0,0,0,29,RENTA,LICENCIATURA
2.01408E+16,193,RECHAZADA,PENDIENTE,RECHAZADO,MALO,0,,0,,0.00%,0,INVERSIONES,ALTO_B,NO_CLIENTE,14600,ALTO,0%,5,98,0,7104,0,0,36,FAMILIARES,POSGRADO
2.01408E+16,129,RECHAZADA,PENDIENTE,RECHAZADO,MALO,0,,1,,,0,INVERSIONES,MEDIO_B,NO_CLIENTE,18100,ALTO,0%,3,100,0,17677,0,0,40,RENTA,PREPARATORIA
2.01408E+16,128,RECHAZADA,PENDIENTE,RECHAZADO,MALO,0,,,,,0,INVERSIONES,ALTO_B,NO_CLIENTE,0,ALTO,0%,3,100,0,0,0,0,32,FAMILIARES,POSGRADO
2.01407E+16,156,RECHAZADA,PENDIENTE,RECHAZADO,MALO,0,,,,,0,RECIBOS DE NOMINA,MEDIO_B,NO_CLIENTE,0,ALTO,0%,5,89,0,0,0,0,32,FAMILIARES,PREPARATORIA
2.01407E+16,165,RECHAZADA,PENDIENTE,RECHAZADO,MALO,0,,,,,0,RECIBOS DE NOMINA,ALTO_B,NO_CLIENTE,0,ALTO,0%,4,89,0,0,0,0,44,FAMILIARES,POSGRADO
2.01408E+16,162,RECHAZADA,PENDIENTE,RECHAZADO,MALO,0,,,,,0,INVERSIONES,MEDIO_A,NO_CLIENTE,0,ALTO,0%,4,89,0,0,0,0,48,HIPOTECA,PREPARATORIA
2.01408E+16,113,RECHAZADA,PENDIENTE,RECHAZADO,MALO,0,,,,,0,RECIBOS DE NOMINA,ALTO_A,NO_CLIENTE,0,ALTO,0%,3,97,0,0,0,0,39,PROPIA,POSGRADO
2.01408E+16,194,RECHAZADA,PENDIENTE,RECHAZADO,MALO,0,,,,,0,RECIBOS DE NOMINA,MEDIO_A,NO_CLIENTE,0,ALTO,0%,3,98,0,0,0,0,57,PROPIA,LICENCIATURA
2.01408E+16,177,RECHAZADA,PENDIENTE,RECHAZADO,MALO,0,,,,,0,RECIBOS DE NOMINA,MEDIO_A,NO_CLIENTE,0,ALTO,0%,3,98,0,0,0,0,60,HIPOTECA,LICENCIATURA
2.01408E+16,200,RECHAZADA,PENDIENTE,RECHAZADO,MALO,0,,,,,0,INVERSIONES,ALTO_A,NO_CLIENTE,0,ALTO,0%,1,100,0,0,0,0,52,PROPIA,POSGRADO
2.01408E+16,200,RECHAZADA,PENDIENTE,RECHAZADO,MALO,0,,,,,0,INVERSIONES,MEDIO_A,NO_CLIENTE,0,ALTO,0%,1,101,0,0,0,0,50,HIPOTECA,LICENCIATURA
2.01407E+16,165,RECHAZADA,PENDIENTE,RECHAZADO,MALO,0,,,,,0,INVERSIONES,MEDIO_B,NO_CLIENTE,0,ALTO,0%,2,90,0,0,0,0,47,RENTA,PREPARATORIA
2.01408E+16,170,RECHAZADA,PENDIENTE,RECHAZADO,MALO,0,,,,,0,RECIBOS DE NOMINA,MEDIO_A,NO_CLIENTE,0,ALTO,0%,4,91,0,0,0,0,53,HIPOTECA,PREPARATORIA
2.01408E+16,198,RECHAZADA,PENDIENTE,RECHAZADO,MALO,0,,,,,0,RECIBOS DE NOMINA,MEDIO_A,NO_CLIENTE,0,ALTO,0%,2,92,0,0,0,0,35,HIPOTECA,PREPARATORIA
2.01406E+16,185,RECHAZADA,PENDIENTE,RECHAZADO,MALO,0,,,,,0,RECIBOS DE NOMINA,ALTO_A,NO_CLIENTE,0,ALTO,0%,4,94,0,0,0,0,49,PROPIA,POSGRADO
2.01408E+16,167,RECHAZADA,PENDIENTE,RECHAZADO,MALO,0,,,,,0,RECIBOS DE NOMINA,MEDIO_A,NO_CLIENTE,0,ALTO,0%,5,96,0,0,0,0,43,HIPOTECA,PREPARATORIA
2.01407E+16,136,RECHAZADA,PENDIENTE,RECHAZADO,MALO,0,,,,,0,INVERSIONES,ALTO_A,NO_CLIENTE,0,ALTO,0%,4,97,0,0,0,0,35,PROPIA,POSGRADO
2.01408E+16,137,RECHAZADA,PENDIENTE,RECHAZADO,MALO,0,,,,,0,INVERSIONES,MEDIO_B,NO_CLIENTE,0,ALTO,0%,0,101,0,0,0,0,38,FAMILIARES,PREPARATORIA
2.01407E+16,138,RECHAZADA,PENDIENTE,RECHAZADO,MALO,0,,,,,0,RECIBOS DE NOMINA,MEDIO_B,NO_CLIENTE,0,ALTO,0%,4,91,0,0,0,0,53,FAMILIARES,PREPARATORIA
2.01408E+16,162,RECHAZADA,PENDIENTE,RECHAZADO,MALO,0,,,,,0,INVERSIONES,ALTO_B,NO_CLIENTE,0,ALTO,0%,3,91,0,0,0,0,42,HIPOTECA,POSGRADO
2.01407E+16,135,RECHAZADA,PENDIENTE,RECHAZADO,MALO,0,,,,,0,DECLARACION ANUAL,MEDIO_B,NO_CLIENTE,0,ALTO,0%,3,94,0,0,0,0,41,FAMILIARES,PREPARATORIA
2.01408E+16,203,RECHAZADA,PENDIENTE,RECHAZADO,MALO,0,,0,,,0,INVERSIONES,MEDIO_A,NO_CLIENTE,0,ALTO,0%,1,100,0,3352,370,0,52,HIPOTECA,LICENCIATURA
2.01407E+16,163,RECHAZADA,PENDIENTE,RECHAZADO,MALO,0,,,,,0,RECIBOS DE NOMINA,MEDIO_B,NO_CLIENTE,0,ALTO,0%,2,90,0,0,0,0,47,RENTA,LICENCIATURA
2.01407E+16,139,RECHAZADA,PENDIENTE,RECHAZADO,MALO,0,,,,,0,RECIBOS DE NOMINA,MEDIO_B,NO_CLIENTE,0,ALTO,0%,5,91,0,0,0,0,33,RENTA,LICENCIATURA
2.01408E+16,134,RECHAZADA,PENDIENTE,RECHAZADO,MALO,0,,0,,,0,INVERSIONES,MEDIO_B,NO_CLIENTE,6000,ALTO,0%,1,92,0,21120,8130,0,31,FAMILIARES,PREPARATORIA
2.01408E+16,190,RECHAZADA,PENDIENTE,RECHAZADO,MALO,0,,,,,0,RECIBOS DE NOMINA,MEDIO_B,NO_CLIENTE,0,ALTO,0%,4,93,0,0,0,0,39,FAMILIARES,PREPARATORIA
2.01408E+16,192,RECHAZADA,PENDIENTE,RECHAZADO,MALO,0,,0,,,0,RECIBOS DE NOMINA,MEDIO_B,NO_CLIENTE,10000,ALTO,0%,5,89,0,0,0,0,31,RENTA,PREPARATORIA
2.01408E+16,175,RECHAZADA,PENDIENTE,RECHAZADO,MALO,0,,0,,,0,INVERSIONES,ALTO_B,NO_CLIENTE,5000,ALTO,0%,5,90,0,1224,500,0,45,FAMILIARES,POSGRADO
2.01408E+16,179,RECHAZADA,PENDIENTE,RECHAZADO,MALO,0,,,,,0,RECIBOS DE NOMINA,MEDIO_A,NO_CLIENTE,0,ALTO,0%,1,97,0,0,0,0,54,HIPOTECA,LICENCIATURA
2.01407E+16,134,RECHAZADA,PENDIENTE,RECHAZADO,MALO,0,,0,,,0,RECIBOS DE NOMINA,ALTO_A,NO_CLIENTE,0,ALTO,0%,1,99,0,3311,0,0,37,PROPIA,POSGRADO
2.01407E+16,188,RECHAZADA,PENDIENTE,RECHAZADO,MALO,0,,,,,0,DECLARACION ANUAL,MEDIO_A,NO_CLIENTE,0,ALTO,0%,3,101,0,0,0,0,30,PROPIA,LICENCIATURA
2.01407E+16,154,RECHAZADA,PENDIENTE,RECHAZADO,MALO,0,,,,,0,RECIBOS DE NOMINA,MEDIO_B,NO_CLIENTE,0,ALTO,0%,2,101,0,0,0,0,48,RENTA,LICENCIATURA
2.01407E+16,190,RECHAZADA,PENDIENTE,RECHAZADO,MALO,0,,1,,0.00%,0,INVERSIONES,MEDIO_A,NO_CLIENTE,0,ALTO,0%,1,90,0,11398,910,0,45,HIPOTECA,PREPARATORIA
2.01408E+16,196,RECHAZADA,PENDIENTE,RECHAZADO,MALO,0,,,,,0,RECIBOS DE NOMINA,MEDIO_A,NO_CLIENTE,0,ALTO,0%,2,91,0,0,0,0,56,PROPIA,LICENCIATURA
2.01408E+16,180,RECHAZADA,PENDIENTE,RECHAZADO,MALO,0,,,,,0,INVERSIONES,MEDIO_B,NO_CLIENTE,0,ALTO,0%,5,91,0,0,0,0,51,FAMILIARES,LICENCIATURA
2.01407E+16,183,RECHAZADA,PENDIENTE,RECHAZADO,MALO,0,,2,,0.00%,0,INVERSIONES,MEDIO_A,NO_CLIENTE,0,ALTO,0%,4,94,0,19134,19134,0,51,HIPOTECA,PREPARATORIA
2.01408E+16,140,RECHAZADA,PENDIENTE,RECHAZADO,MALO,0,,,,,0,INVERSIONES,ALTO_B,NO_CLIENTE,0,ALTO,0%,5,95,0,0,0,0,48,RENTA,POSGRADO
2.01407E+16,138,RECHAZADA,PENDIENTE,RECHAZADO,MALO,0,,,,,0,INVERSIONES,ALTO_A,NO_CLIENTE,0,ALTO,0%,2,101,0,0,0,0,26,PROPIA,POSGRADO
2.01406E+16,131,RECHAZADA,PENDIENTE,RECHAZADO,MALO,0,,,,,0,INVERSIONES,MEDIO_B,NO_CLIENTE,0,ALTO,0%,5,89,0,0,0,0,40,FAMILIARES,SECUNDARIA
2.01408E+16,157,RECHAZADA,PENDIENTE,RECHAZADO,MALO,0,,,,,0,RECIBOS DE NOMINA,MEDIO_B,NO_CLIENTE,0,ALTO,0%,2,91,0,0,0,0,60,FAMILIARES,PREPARATORIA
2.01407E+16,175,RECHAZADA,PENDIENTE,RECHAZADO,MALO,0,,,,,0,RECIBOS DE NOMINA,MEDIO_B,NO_CLIENTE,0,ALTO,0%,3,92,0,0,0,0,43,RENTA,LICENCIATURA
2.01407E+16,169,RECHAZADA,PENDIENTE,RECHAZADO,MALO,0,,0,,,0,INVERSIONES,ALTO_B,NO_CLIENTE,0,ALTO,0%,2,96,0,2901,250,0,34,HIPOTECA,POSGRADO
2.01408E+16,173,RECHAZADA,PENDIENTE,RECHAZADO,MALO,0,,,,,0,INVERSIONES,ALTO_B,NO_CLIENTE,0,ALTO,0%,1,96,0,0,0,0,58,FAMILIARES,POSGRADO
2.01408E+16,136,RECHAZADA,PENDIENTE,RECHAZADO,MALO,0,,,,,0,RECIBOS DE NOMINA,MEDIO_A,NO_CLIENTE,0,ALTO,0%,5,89,0,0,0,0,36,HIPOTECA,PREPARATORIA
2.01407E+16,136,RECHAZADA,PENDIENTE,RECHAZADO,MALO,0,,,,,0,RECIBOS DE NOMINA,MEDIO_A,NO_CLIENTE,0,ALTO,0%,1,90,0,0,0,0,26,PROPIA,LICENCIATURA
2.01407E+16,165,RECHAZADA,PENDIENTE,RECHAZADO,MALO,0,,0,,,0,INVERSIONES,ALTO_B,NO_CLIENTE,0,ALTO,0%,3,91,0,399,250,0,46,RENTA,POSGRADO
2.01407E+16,121,RECHAZADA,PENDIENTE,RECHAZADO,MALO,0,,,,,0,SIN COMPROBANTE,MEDIO_A,NO_CLIENTE,0,ALTO,0%,3,93,0,0,0,0,58,HIPOTECA,PREPARATORIA
2.01407E+16,149,RECHAZADA,PENDIENTE,RECHAZADO,MALO,0,,2,,0.00%,0,RECIBOS DE NOMINA,MEDIO_A,NO_CLIENTE,0,ALTO,0%,5,95,0,19162,1240,0,34,HIPOTECA,PREPARATORIA
2.01407E+16,147,RECHAZADA,PENDIENTE,RECHAZADO,MALO,0,,,,,0,RECIBOS DE NOMINA,ALTO_B,NO_CLIENTE,0,ALTO,0%,3,98,0,0,0,0,49,HIPOTECA,POSGRADO
2.01407E+16,175,RECHAZADA,PENDIENTE,RECHAZADO,MALO,0,,,,,0,RECIBOS DE NOMINA,MEDIO_B,NO_CLIENTE,0,ALTO,0%,2,99,0,0,0,0,32,FAMILIARES,PREPARATORIA
2.01408E+16,139,RECHAZADA,PENDIENTE,RECHAZADO,MALO,0,,,,,0,RECIBOS DE NOMINA,MEDIO_A,NO_CLIENTE,0,ALTO,0%,4,89,0,0,0,0,60,HIPOTECA,LICENCIATURA
2.01407E+16,171,EN_PROCESO,PENDIENTE,RECHAZADO,MALO,0,,,,,0,RECIBOS DE NOMINA,MEDIO_B,NO_CLIENTE,0,ALTO,0%,2,90,0,0,0,0,37,FAMILIARES,PREPARATORIA
2.01407E+16,193,RECHAZADA,PENDIENTE,RECHAZADO,MALO,0,,2,,0.00%,0,INVERSIONES,MEDIO_B,NO_CLIENTE,0,ALTO,0%,3,93,0,6052,400,0,31,FAMILIARES,PREPARATORIA
2.01408E+16,189,RECHAZADA,PENDIENTE,RECHAZADO,MALO,0,,,,,0,RECIBOS DE NOMINA,MEDIO_B,NO_CLIENTE,0,ALTO,0%,1,95,0,0,0,0,57,FAMILIARES,LICENCIATURA
2.01407E+16,147,RECHAZADA,PENDIENTE,RECHAZADO,MALO,0,,,,,0,RECIBOS DE NOMINA,MEDIO_A,NO_CLIENTE,0,ALTO,0%,4,96,0,0,0,0,54,HIPOTECA,PREPARATORIA
2.01407E+16,168,RECHAZADA,PENDIENTE,RECHAZADO,MALO,0,,,,,0,RECIBOS DE NOMINA,MEDIO_B,NO_CLIENTE,0,ALTO,0%,5,98,0,0,0,0,36,FAMILIARES,PREPARATORIA
2.01408E+16,207,RECHAZADA,PENDIENTE,RECHAZADO,MALO,0,,,,,0,INVERSIONES,MEDIO_A,NO_CLIENTE,0,ALTO,0%,5,89,0,0,0,0,47,HIPOTECA,PREPARATORIA
2.01407E+16,119,RECHAZADA,PENDIENTE,RECHAZADO,MALO,0,,0,,,0,INVERSIONES,MEDIO_B,NO_CLIENTE,0,ALTO,0%,3,90,0,1428,250,0,33,FAMILIARES,LICENCIATURA
2.01407E+16,127,RECHAZADA,PENDIENTE,RECHAZADO,MALO,0,,,,,0,RECIBOS DE NOMINA,MEDIO_B,NO_CLIENTE,0,ALTO,0%,2,91,0,0,0,0,32,RENTA,LICENCIATURA
2.01408E+16,177,RECHAZADA,PENDIENTE,RECHAZADO,MALO,0,,2,,0.00%,0,RECIBOS DE NOMINA,MEDIO_A,NO_CLIENTE,0,ALTO,0%,3,92,0,7240,7240,0,55,HIPOTECA,PREPARATORIA
2.01407E+16,140,RECHAZADA,PENDIENTE,RECHAZADO,MALO,0,,,,,0,INVERSIONES,MEDIO_B,NO_CLIENTE,0,ALTO,0%,5,93,0,0,0,0,46,FAMILIARES,PREPARATORIA
2.01408E+16,114,RECHAZADA,PENDIENTE,RECHAZADO,MALO,0,,,,,0,INVERSIONES,ALTO_B,NO_CLIENTE,0,ALTO,0%,2,95,0,0,0,0,42,RENTA,POSGRADO
2.01408E+16,119,RECHAZADA,PENDIENTE,RECHAZADO,MALO,0,,1,,,0,RECIBOS DE NOMINA,ALTO_B,NO_CLIENTE,1999,ALTO,0%,5,96,0,1601,250,0,26,RENTA,POSGRADO
2.01407E+16,138,RECHAZADA,PENDIENTE,RECHAZADO,MALO,0,,,,,0,INVERSIONES,MEDIO_B,NO_CLIENTE,0,ALTO,0%,4,89,0,0,0,0,29,RENTA,PREPARATORIA
2.01407E+16,144,RECHAZADA,PENDIENTE,RECHAZADO,MALO,0,,,,,0,RECIBOS DE NOMINA,ALTO_A,NO_CLIENTE,0,ALTO,0%,5,89,0,0,0,0,57,PROPIA,POSGRADO
2.01407E+16,207,RECHAZADA,PENDIENTE,RECHAZADO,MALO,0,,0,,,0,RECIBOS DE NOMINA,ALTO_A,NO_CLIENTE,0,ALTO,0%,4,89,0,10389,0,0,36,PROPIA,POSGRADO
2.01407E+16,183,RECHAZADA,PENDIENTE,RECHAZADO,MALO,0,,,,,0,RECIBOS DE NOMINA,MEDIO_B,NO_CLIENTE,0,ALTO,0%,2,90,0,0,0,0,39,FAMILIARES,LICENCIATURA
2.01408E+16,168,RECHAZADA,PENDIENTE,RECHAZADO,MALO,0,,2,,0.00%,0,RECIBOS DE NOMINA,MEDIO_B,NO_CLIENTE,0,ALTO,0%,2,92,0,4982,0,0,48,RENTA,PREPARATORIA
2.01408E+16,205,RECHAZADA,PENDIENTE,RECHAZADO,MALO,0,,0,,,0,INVERSIONES,ALTO_B,NO_CLIENTE,5700,ALTO,0%,3,93,0,5046,360,0,29,HIPOTECA,POSGRADO
2.01408E+16,123,RECHAZADA,PENDIENTE,RECHAZADO,MALO,0,,,,,0,INVERSIONES,MEDIO_B,NO_CLIENTE,0,ALTO,0%,1,93,0,0,0,0,34,RENTA,PREPARATORIA
2.01406E+16,130,RECHAZADA,PENDIENTE,RECHAZADO,MALO,0,,,,,0,RECIBOS DE NOMINA,MEDIO_B,NO_CLIENTE,0,ALTO,0%,5,94,0,0,0,0,43,RENTA,LICENCIATURA
2.01408E+16,154,RECHAZADA,PENDIENTE,RECHAZADO,MALO,0,,,,,0,RECIBOS DE NOMINA,MEDIO_A,NO_CLIENTE,0,ALTO,0%,4,95,0,0,0,0,34,HIPOTECA,LICENCIATURA
2.01407E+16,132,RECHAZADA,PENDIENTE,RECHAZADO,MALO,0,,,,,0,INVERSIONES,ALTO_B,NO_CLIENTE,0,ALTO,0%,2,97,0,0,0,0,37,RENTA,POSGRADO
2.01407E+16,176,RECHAZADA,PENDIENTE,RECHAZADO,MALO,0,,,,,0,RECIBOS DE NOMINA,MEDIO_B,NO_CLIENTE,0,ALTO,0%,3,97,0,0,0,0,59,FAMILIARES,PREPARATORIA
2.01408E+16,143,RECHAZADA,PENDIENTE,RECHAZADO,MALO,0,,,,,0,INVERSIONES,MEDIO_B,NO_CLIENTE,0,ALTO,0%,3,98,0,0,0,0,57,RENTA,LICENCIATURA
2.01408E+16,152,RECHAZADA,PENDIENTE,RECHAZADO,MALO,0,,,,,0,RECIBOS DE NOMINA,MEDIO_A,NO_CLIENTE,0,ALTO,0%,3,99,0,0,0,0,58,PROPIA,LICENCIATURA
2.01408E+16,123,RECHAZADA,PENDIENTE,RECHAZADO,MALO,0,,,,,0,RECIBOS DE NOMINA,ALTO_B,NO_CLIENTE,0,ALTO,0%,3,99,0,0,0,0,43,HIPOTECA,POSGRADO
2.01407E+16,182,RECHAZADA,PENDIENTE,RECHAZADO,MALO,0,,,,,0,INVERSIONES,MEDIO_B,NO_CLIENTE,0,ALTO,0%,4,90,0,0,0,0,48,RENTA,PREPARATORIA
2.01407E+16,141,RECHAZADA,PENDIENTE,RECHAZADO,MALO,0,,,,,0,RECIBOS DE NOMINA,ALTO_B,NO_CLIENTE,0,ALTO,0%,3,91,0,0,0,0,37,HIPOTECA,POSGRADO
2.01407E+16,152,RECHAZADA,PENDIENTE,RECHAZADO,MALO,0,,,,,0,RECIBOS DE NOMINA,MEDIO_B,NO_CLIENTE,0,ALTO,0%,4,94,0,0,0,0,30,RENTA,LICENCIATURA
2.01407E+16,182,RECHAZADA,PENDIENTE,RECHAZADO,MALO,0,,0,,,0,INVERSIONES,ALTO_A,NO_CLIENTE,0,ALTO,0%,3,95,0,927,250,0,41,PROPIA,POSGRADO
2.01408E+16,151,RECHAZADA,PENDIENTE,RECHAZADO,MALO,0,,,,,0,RECIBOS DE NOMINA,ALTO_B,NO_CLIENTE,0,ALTO,0%,1,100,0,0,0,0,40,FAMILIARES,POSGRADO
2.01408E+16,191,RECHAZADA,PENDIENTE,RECHAZADO,MALO,0,,,,,0,RECIBOS DE NOMINA,MEDIO_A,NO_CLIENTE,0,ALTO,0%,2,100,0,0,0,0,35,PROPIA,LICENCIATURA
2.01408E+16,130,EN_PROCESO,PENDIENTE,RECHAZADO,MALO,0,,,,,0,RECIBOS DE NOMINA,BAJO_A,NO_CLIENTE,0,ALTO,0%,2,100,0,0,0,0,43,FAMILIARES,POSGRADO
2.01407E+16,179,RECHAZADA,PENDIENTE,RECHAZADO,MALO,0,,,,,0,RECIBOS DE NOMINA,MEDIO_B,NO_CLIENTE,0,ALTO,0%,5,89,0,0,0,0,27,FAMILIARES,LICENCIATURA
2.01408E+16,149,RECHAZADA,PENDIENTE,RECHAZADO,MALO,0,,,,,0,RECIBOS DE NOMINA,MEDIO_B,NO_CLIENTE,0,ALTO,0%,4,93,0,0,0,0,37,RENTA,PREPARATORIA
2.01407E+16,126,RECHAZADA,PENDIENTE,RECHAZADO,MALO,0,,0,,,0,RECIBOS DE NOMINA,ALTO_B,NO_CLIENTE,0,ALTO,0%,2,95,0,2146,250,0,51,HIPOTECA,POSGRADO
2.01408E+16,170,RECHAZADA,PENDIENTE,RECHAZADO,MALO,0,,0,,,0,INVERSIONES,MEDIO_B,NO_CLIENTE,23904,ALTO,0%,3,96,0,448,335,0,48,FAMILIARES,PREPARATORIA
2.01408E+16,183,RECHAZADA,PENDIENTE,RECHAZADO,MALO,0,,,,,0,INVERSIONES,MEDIO_B,NO_CLIENTE,0,ALTO,0%,2,98,0,0,0,0,36,RENTA,LICENCIATURA
2.01408E+16,211,RECHAZADA,PENDIENTE,RECHAZADO,MALO,0,,0,,,0,RECIBOS DE NOMINA,ALTO_A,NO_CLIENTE,0,ALTO,0%,2,99,0,87385,46910,0,49,PROPIA,POSGRADO
2.01407E+16,199,RECHAZADA,PENDIENTE,RECHAZADO,MALO,0,,,,,0,INVERSIONES,ALTO_B,NO_CLIENTE,0,ALTO,0%,2,100,0,0,0,0,59,RENTA,POSGRADO
2.01408E+16,193,RECHAZADA,PENDIENTE,RECHAZADO,MALO,0,,,,,0,INVERSIONES,MEDIO_B,NO_CLIENTE,0,ALTO,0%,5,89,0,0,0,0,55,FAMILIARES,PREPARATORIA
2.01407E+16,146,RECHAZADA,PENDIENTE,RECHAZADO,MALO,0,,,,,0,RECIBOS DE NOMINA,MEDIO_A,NO_CLIENTE,0,ALTO,0%,2,90,0,0,0,0,36,HIPOTECA,PREPARATORIA
2.01408E+16,198,RECHAZADA,PENDIENTE,RECHAZADO,MALO,0,,1,,,0,INVERSIONES,MEDIO_B,NO_CLIENTE,39999,ALTO,0%,2,96,0,713,0,0,50,FAMILIARES,LICENCIATURA
2.01408E+16,212,RECHAZADA,PENDIENTE,RECHAZADO,MALO,0,,,,,0,RECIBOS DE NOMINA,ALTO_A,NO_CLIENTE,0,ALTO,0%,3,98,0,0,0,0,52,PROPIA,POSGRADO
2.01407E+16,194,RECHAZADA,PENDIENTE,RECHAZADO,MALO,0,,,,,0,RECIBOS DE NOMINA,MEDIO_A,NO_CLIENTE,0,ALTO,0%,5,91,0,0,0,0,48,PROPIA,LICENCIATURA
2.01408E+16,178,RECHAZADA,PENDIENTE,RECHAZADO,MALO,0,,,,,0,RECIBOS DE NOMINA,MEDIO_B,NO_CLIENTE,0,ALTO,0%,1,92,0,0,0,0,50,FAMILIARES,LICENCIATURA
2.01408E+16,152,RECHAZADA,PENDIENTE,RECHAZADO,MALO,0,,,,,0,RECIBOS DE NOMINA,MEDIO_B,NO_CLIENTE,0,ALTO,0%,4,93,0,0,0,0,44,RENTA,LICENCIATURA
2.01408E+16,170,RECHAZADA,PENDIENTE,RECHAZADO,MALO,0,,,,,0,INVERSIONES,MEDIO_A,NO_CLIENTE,0,ALTO,0%,2,94,0,0,0,0,46,HIPOTECA,LICENCIATURA
2.01407E+16,167,RECHAZADA,PENDIENTE,RECHAZADO,MALO,0,,,,,0,INVERSIONES,ALTO_B,NO_CLIENTE,0,ALTO,0%,3,95,0,0,0,0,32,RENTA,POSGRADO
2.01407E+16,182,RECHAZADA,PENDIENTE,RECHAZADO,MALO,0,,,,,0,RECIBOS DE NOMINA,ALTO_B,NO_CLIENTE,0,ALTO,0%,3,95,0,0,0,0,34,FAMILIARES,POSGRADO
2.01408E+16,174,RECHAZADA,PENDIENTE,RECHAZADO,MALO,0,,,,,0,RECIBOS DE NOMINA,MEDIO_B,NO_CLIENTE,0,ALTO,0%,3,96,0,0,0,0,34,FAMILIARES,LICENCIATURA
2.01407E+16,157,RECHAZADA,PENDIENTE,RECHAZADO,MALO,0,,,,,0,SIN COMPROBANTE,MEDIO_A,NO_CLIENTE,0,ALTO,0%,2,100,0,0,0,0,53,HIPOTECA,PREPARATORIA
2.01408E+16,167,RECHAZADA,PENDIENTE,RECHAZADO,MALO,0,,,,,0,RECIBOS DE NOMINA,MEDIO_B,NO_CLIENTE,0,ALTO,0%,4,89,0,0,0,0,46,FAMILIARES,LICENCIATURA
2.01408E+16,184,RECHAZADA,PENDIENTE,RECHAZADO,MALO,0,,0,,,0,INVERSIONES,MEDIO_B,NO_CLIENTE,0,ALTO,0%,4,94,0,6774,6774,0,39,FAMILIARES,LICENCIATURA
2.01408E+16,167,RECHAZADA,PENDIENTE,RECHAZADO,MALO,0,,0,,,0,RECIBOS DE NOMINA,MEDIO_A,NO_CLIENTE,3000,ALTO,0%,5,94,0,3176,250,0,36,PROPIA,LICENCIATURA
2.01407E+16,189,RECHAZADA,PENDIENTE,RECHAZADO,MALO,0,,,,,0,RECIBOS DE NOMINA,ALTO_B,NO_CLIENTE,0,ALTO,0%,3,95,0,0,0,0,48,HIPOTECA,POSGRADO
2.01407E+16,168,RECHAZADA,PENDIENTE,RECHAZADO,MALO,0,,,,,0,INVERSIONES,ALTO_B,NO_CLIENTE,0,ALTO,0%,4,99,0,0,0,0,25,HIPOTECA,POSGRADO
2.01407E+16,201,RECHAZADA,PENDIENTE,RECHAZADO,MALO,0,,,,,0,INVERSIONES,MEDIO_A,NO_CLIENTE,0,ALTO,0%,3,99,0,0,0,0,25,HIPOTECA,LICENCIATURA
2.01407E+16,136,RECHAZADA,PENDIENTE,RECHAZADO,MALO,0,,0,,,0,DECLARACION ANUAL,MEDIO_B,NO_CLIENTE,0,ALTO,0%,4,89,0,4418,250,0,60,FAMILIARES,LICENCIATURA
2.01408E+16,188,RECHAZADA,PENDIENTE,RECHAZADO,MALO,0,,1,,0.00%,0,RECIBOS DE NOMINA,ALTO_B,NO_CLIENTE,8000,ALTO,0%,5,91,0,14972,8450,0,46,FAMILIARES,POSGRADO
2.01408E+16,175,RECHAZADA,PENDIENTE,RECHAZADO,MALO,0,,,,,0,INVERSIONES,MEDIO_A,NO_CLIENTE,0,ALTO,0%,5,92,0,0,0,0,33,PROPIA,LICENCIATURA
2.01407E+16,182,RECHAZADA,PENDIENTE,RECHAZADO,MALO,0,,,,,0,RECIBOS DE NOMINA,MEDIO_A,NO_CLIENTE,0,ALTO,0%,3,95,0,0,0,0,57,HIPOTECA,PREPARATORIA
2.01408E+16,125,RECHAZADA,PENDIENTE,RECHAZADO,MALO,0,,0,,,0,INVERSIONES,ALTO_B,NO_CLIENTE,28700,ALTO,0%,5,96,0,29773,0,0,39,RENTA,POSGRADO
2.01408E+16,171,RECHAZADA,PENDIENTE,RECHAZADO,MALO,0,,,,,0,RECIBOS DE NOMINA,ALTO_B,NO_CLIENTE,0,ALTO,0%,0,101,0,0,0,0,29,FAMILIARES,POSGRADO
2.01408E+16,150,RECHAZADA,PENDIENTE,RECHAZADO,MALO,0,,,,,0,RECIBOS DE NOMINA,MEDIO_B,NO_CLIENTE,0,ALTO,0%,2,90,0,0,0,0,51,FAMILIARES,LICENCIATURA
2.01408E+16,202,RECHAZADA,PENDIENTE,RECHAZADO,MALO,0,,,,,0,RECIBOS DE NOMINA,MEDIO_A,NO_CLIENTE,0,ALTO,0%,4,91,0,0,0,0,49,HIPOTECA,PREPARATORIA
2.01407E+16,159,RECHAZADA,PENDIENTE,RECHAZADO,MALO,0,,,,,0,INVERSIONES,MEDIO_A,NO_CLIENTE,0,ALTO,0%,3,92,0,0,0,0,53,HIPOTECA,PREPARATORIA
2.01407E+16,137,RECHAZADA,PENDIENTE,RECHAZADO,MALO,0,,,,,0,RECIBOS DE NOMINA,MEDIO_A,NO_CLIENTE,0,ALTO,0%,3,92,0,0,0,0,35,HIPOTECA,LICENCIATURA
2.01407E+16,217,RECHAZADA,PENDIENTE,RECHAZADO,MALO,0,,,,,0,SIN COMPROBANTE,ALTO_B,NO_CLIENTE,0,ALTO,0%,2,94,0,0,0,0,47,RENTA,POSGRADO
2.01407E+16,189,RECHAZADA,PENDIENTE,RECHAZADO,MALO,0,,,,,0,INVERSIONES,MEDIO_B,NO_CLIENTE,0,ALTO,0%,3,96,0,0,0,0,25,RENTA,PREPARATORIA
2.01408E+16,173,RECHAZADA,PENDIENTE,RECHAZADO,MALO,0,,,,,0,RECIBOS DE NOMINA,MEDIO_B,NO_CLIENTE,0,ALTO,0%,5,96,0,0,0,0,59,FAMILIARES,LICENCIATURA
2.01408E+16,146,RECHAZADA,PENDIENTE,RECHAZADO,MALO,0,,,,,0,RECIBOS DE NOMINA,ALTO_A,NO_CLIENTE,0,ALTO,0%,4,99,0,0,0,0,42,PROPIA,POSGRADO
2.01407E+16,197,RECHAZADA,PENDIENTE,RECHAZADO,MALO,0,,,,,0,RECIBOS DE NOMINA,MEDIO_A,NO_CLIENTE,0,ALTO,0%,2,100,0,0,0,0,33,HIPOTECA,LICENCIATURA
2.01407E+16,154,RECHAZADA,PENDIENTE,RECHAZADO,MALO,0,,,,,0,RECIBOS DE NOMINA,MEDIO_B,NO_CLIENTE,0,ALTO,0%,2,92,0,0,0,0,29,RENTA,PREPARATORIA
2.01407E+16,204,RECHAZADA,PENDIENTE,RECHAZADO,MALO,0,,,,,0,RECIBOS DE NOMINA,ALTO_B,NO_CLIENTE,0,ALTO,0%,1,94,0,0,0,0,32,FAMILIARES,POSGRADO
2.01408E+16,147,RECHAZADA,PENDIENTE,RECHAZADO,MALO,0,,,,,0,RECIBOS DE NOMINA,MEDIO_B,NO_CLIENTE,0,ALTO,0%,3,94,0,0,0,0,26,FAMILIARES,LICENCIATURA
2.01408E+16,185,RECHAZADA,PENDIENTE,RECHAZADO,MALO,0,,,,,0,RECIBOS DE NOMINA,MEDIO_B,NO_CLIENTE,0,ALTO,0%,4,95,0,0,0,0,57,FAMILIARES,LICENCIATURA
2.01408E+16,126,RECHAZADA,PENDIENTE,RECHAZADO,MALO,0,,,,,0,RECIBOS DE NOMINA,MEDIO_A,NO_CLIENTE,0,ALTO,0%,4,96,0,0,0,0,29,HIPOTECA,LICENCIATURA
2.01408E+16,143,RECHAZADA,PENDIENTE,RECHAZADO,MALO,0,,,,,0,INVERSIONES,ALTO_A,NO_CLIENTE,0,ALTO,0%,2,100,0,0,0,0,43,PROPIA,POSGRADO
2.01408E+16,211,RECHAZADA,PENDIENTE,RECHAZADO,MALO,0,,1,,,0,RECIBOS DE NOMINA,ALTO_B,NO_CLIENTE,5004,ALTO,0%,1,101,0,5328,530,0,42,FAMILIARES,POSGRADO
2.01408E+16,146,RECHAZADA,PENDIENTE,RECHAZADO,MALO,0,,1,,0.00%,0,INVERSIONES,ALTO_B,NO_CLIENTE,8000,ALTO,0%,4,89,0,5412,920,0,31,HIPOTECA,POSGRADO
2.01408E+16,135,RECHAZADA,PENDIENTE,RECHAZADO,MALO,0,,,,,0,INVERSIONES,MEDIO_B,NO_CLIENTE,0,ALTO,0%,3,90,0,0,0,0,41,RENTA,LICENCIATURA
2.01408E+16,170,RECHAZADA,PENDIENTE,RECHAZADO,MALO,0,,,,,0,RECIBOS DE NOMINA,ALTO_B,NO_CLIENTE,0,ALTO,0%,5,91,0,0,0,0,46,RENTA,POSGRADO
2.01408E+16,133,RECHAZADA,PENDIENTE,RECHAZADO,MALO,0,,0,,0.00%,0,INVERSIONES,MEDIO_B,NO_CLIENTE,45300,ALTO,0%,1,92,0,41224,0,0,32,FAMILIARES,LICENCIATURA
2.01408E+16,216,RECHAZADA,PENDIENTE,RECHAZADO,MALO,0,,,,,0,INVERSIONES,MEDIO_A,NO_CLIENTE,0,ALTO,0%,4,97,0,0,0,0,33,PROPIA,LICENCIATURA
2.01408E+16,208,RECHAZADA,PENDIENTE,RECHAZADO,MALO,0,,,,,0,RECIBOS DE NOMINA,ALTO_B,NO_CLIENTE,0,ALTO,0%,4,98,0,0,0,0,28,HIPOTECA,POSGRADO
2.01408E+16,162,RECHAZADA,PENDIENTE,RECHAZADO,MALO,0,,,,,0,RECIBOS DE NOMINA,ALTO_B,NO_CLIENTE,0,ALTO,0%,0,101,0,0,0,0,45,RENTA,POSGRADO
2.01408E+16,208,RECHAZADA,PENDIENTE,RECHAZADO,MALO,0,,,,,0,RECIBOS DE NOMINA,MEDIO_A,NO_CLIENTE,0,ALTO,0%,2,93,0,0,0,0,50,HIPOTECA,PREPARATORIA
2.01408E+16,155,RECHAZADA,PENDIENTE,RECHAZADO,MALO,0,,1,,0.00%,0,INVERSIONES,MEDIO_A,NO_CLIENTE,0,ALTO,0%,2,95,0,60532,6900,0,53,HIPOTECA,PREPARATORIA
2.01407E+16,194,RECHAZADA,PENDIENTE,RECHAZADO,MALO,0,,,,,0,RECIBOS DE NOMINA,MEDIO_A,NO_CLIENTE,0,ALTO,0%,4,96,0,0,0,0,27,HIPOTECA,PREPARATORIA
2.01408E+16,145,RECHAZADA,PENDIENTE,RECHAZADO,MALO,0,,,,,0,INVERSIONES,MEDIO_A,NO_CLIENTE,0,ALTO,0%,4,98,0,0,0,0,33,HIPOTECA,PREPARATORIA
2.01408E+16,166,RECHAZADA,PENDIENTE,RECHAZADO,MALO,0,,,,,0,RECIBOS DE NOMINA,MEDIO_A,NO_CLIENTE,0,ALTO,0%,5,99,0,0,0,0,51,PROPIA,LICENCIATURA
2.01408E+16,153,RECHAZADA,PENDIENTE,RECHAZADO,MALO,0,,,,,0,INVERSIONES,ALTO_A,NO_CLIENTE,0,ALTO,0%,2,100,0,0,0,0,55,PROPIA,POSGRADO
2.01407E+16,219,RECHAZADA,PENDIENTE,RECHAZADO,MALO,0,,1,,0.00%,0,RECIBOS DE NOMINA,MEDIO_A,NO_CLIENTE,0,ALTO,0%,1,101,0,529,0,0,56,HIPOTECA,PREPARATORIA
2.01408E+16,139,RECHAZADA,PENDIENTE,RECHAZADO,MALO,0,,,,,0,INVERSIONES,ALTO_A,NO_CLIENTE,0,ALTO,0%,5,89,0,0,0,0,49,PROPIA,POSGRADO
2.01408E+16,212,RECHAZADA,PENDIENTE,RECHAZADO,MALO,0,,,,,0,RECIBOS DE NOMINA,MEDIO_A,NO_CLIENTE,0,ALTO,0%,3,91,0,0,0,0,34,PROPIA,LICENCIATURA
2.01408E+16,182,RECHAZADA,PENDIENTE,RECHAZADO,MALO,0,,,,,0,INVERSIONES,MEDIO_A,NO_CLIENTE,0,ALTO,0%,3,95,0,0,0,0,39,HIPOTECA,PREPARATORIA
2.01408E+16,153,RECHAZADA,PENDIENTE,RECHAZADO,MALO,0,,,,,0,RECIBOS DE NOMINA,ALTO_B,NO_CLIENTE,0,ALTO,0%,4,91,0,0,0,0,36,HIPOTECA,POSGRADO
2.01408E+16,141,RECHAZADA,PENDIENTE,RECHAZADO,MALO,0,,,,,0,RECIBOS DE NOMINA,MEDIO_B,NO_CLIENTE,0,ALTO,0%,2,93,0,0,0,0,33,RENTA,LICENCIATURA
2.01408E+16,189,EN_PROCESO,PENDIENTE,RECHAZADO,MALO,0,,,,,0,RECIBOS DE NOMINA,MEDIO_B,NO_CLIENTE,0,ALTO,0%,2,94,0,0,0,0,52,RENTA,LICENCIATURA
2.01407E+16,191,RECHAZADA,PENDIENTE,RECHAZADO,MALO,0,,,,,0,RECIBOS DE NOMINA,MEDIO_B,NO_CLIENTE,0,ALTO,0%,1,99,0,0,0,0,28,RENTA,PREPARATORIA
2.01408E+16,163,RECHAZADA,PENDIENTE,RECHAZADO,MALO,0,,,,,0,INVERSIONES,ALTO_A,NO_CLIENTE,0,ALTO,0%,5,99,0,0,0,0,58,PROPIA,POSGRADO
2.01407E+16,204,RECHAZADA,PENDIENTE,RECHAZADO,MALO,0,,,,,0,INVERSIONES,ALTO_A,NO_CLIENTE,0,ALTO,0%,2,100,0,0,0,0,31,PROPIA,POSGRADO
2.01407E+16,217,RECHAZADA,PENDIENTE,RECHAZADO,MALO,0,,,,,0,RECIBOS DE NOMINA,MEDIO_A,NO_CLIENTE,0,ALTO,0%,0,101,0,0,0,0,46,HIPOTECA,PREPARATORIA
2.01407E+16,206,RECHAZADA,PENDIENTE,RECHAZADO,MALO,0,,0,,,0,RECIBOS DE NOMINA,MEDIO_A,NO_CLIENTE,0,ALTO,0%,2,91,0,6834,0,0,56,HIPOTECA,LICENCIATURA
2.01408E+16,165,RECHAZADA,PENDIENTE,RECHAZADO,MALO,0,,,,,0,RECIBOS DE NOMINA,ALTO_B,NO_CLIENTE,0,ALTO,0%,3,91,0,0,0,0,39,RENTA,POSGRADO
2.01403E+16,138,RECHAZADA,PENDIENTE,RECHAZADO,MALO,0,,0,,,0,RECIBOS DE NOMINA,MEDIO_A,CLIENTE_BANCO,0,ALTO,0%,3,92,0,6009,914,0,53,HIPOTECA,POSGRADO
2.01406E+16,140,RECHAZADA,PENDIENTE,RECHAZADO,MALO,0,,,,,0,RECIBOS DE NOMINA,MEDIO_B,NO_CLIENTE,0,ALTO,0%,1,93,0,0,0,0,38,FAMILIARES,PREPARATORIA
2.01408E+16,195,RECHAZADA,PENDIENTE,RECHAZADO,MALO,0,,,,,0,INVERSIONES,ALTO_B,NO_CLIENTE,0,ALTO,0%,3,94,0,0,0,0,58,FAMILIARES,POSGRADO
2.01407E+16,190,RECHAZADA,PENDIENTE,RECHAZADO,MALO,0,,0,,,0,INVERSIONES,MEDIO_B,NO_CLIENTE,0,ALTO,0%,5,91,0,30501,0,0,58,FAMILIARES,LICENCIATURA
2.01408E+16,179,RECHAZADA,PENDIENTE,RECHAZADO,MALO,0,,0,,,0,INVERSIONES,ALTO_B,NO_CLIENTE,0,ALTO,0%,3,91,0,2333,340,1,55,FAMILIARES,POSGRADO
2.01407E+16,161,RECHAZADA,PENDIENTE,RECHAZADO,MALO,0,,,,,0,RECIBOS DE NOMINA,ALTO_B,NO_CLIENTE,0,ALTO,0%,3,92,0,0,0,0,55,RENTA,POSGRADO
2.01408E+16,197,RECHAZADA,PENDIENTE,RECHAZADO,MALO,0,,0,,,0,INVERSIONES,MEDIO_B,NO_CLIENTE,44000,ALTO,0%,1,95,0,34074,0,0,45,FAMILIARES,PREPARATORIA
2.01408E+16,150,RECHAZADA,PENDIENTE,RECHAZADO,MALO,0,,,,,0,RECIBOS DE NOMINA,ALTO_B,NO_CLIENTE,0,ALTO,0%,4,95,0,0,0,0,39,RENTA,POSGRADO
2.01407E+16,164,RECHAZADA,PENDIENTE,RECHAZADO,MALO,0,,,,,0,RECIBOS DE NOMINA,MEDIO_B,NO_CLIENTE,0,ALTO,0%,3,96,0,0,0,0,58,FAMILIARES,PREPARATORIA
2.01407E+16,132,RECHAZADA,PENDIENTE,RECHAZADO,MALO,0,,,,,0,RECIBOS DE NOMINA,MEDIO_B,NO_CLIENTE,0,ALTO,0%,3,96,0,0,0,0,56,FAMILIARES,LICENCIATURA
2.01408E+16,140,RECHAZADA,PENDIENTE,RECHAZADO,MALO,0,,,,,0,INVERSIONES,MEDIO_A,NO_CLIENTE,0,ALTO,0%,1,96,0,0,0,0,25,HIPOTECA,PREPARATORIA
2.01407E+16,173,RECHAZADA,PENDIENTE,RECHAZADO,MALO,0,,,,,0,RECIBOS DE NOMINA,ALTO_A,NO_CLIENTE,0,ALTO,0%,3,98,0,0,0,0,34,PROPIA,POSGRADO
2.01407E+16,175,RECHAZADA,PENDIENTE,RECHAZADO,MALO,0,,,,,0,RECIBOS DE NOMINA,MEDIO_A,NO_CLIENTE,0,ALTO,0%,1,100,0,0,0,0,32,HIPOTECA,LICENCIATURA
2.01408E+16,205,RECHAZADA,PENDIENTE,RECHAZADO,MALO,0,,,,,0,RECIBOS DE NOMINA,MEDIO_A,NO_CLIENTE,0,ALTO,0%,1,100,0,0,0,0,34,HIPOTECA,LICENCIATURA
2.01407E+16,144,RECHAZADA,PENDIENTE,RECHAZADO,MALO,0,,,,,0,RECIBOS DE NOMINA,MEDIO_B,NO_CLIENTE,0,ALTO,0%,3,101,0,0,0,0,26,FAMILIARES,LICENCIATURA
2.01408E+16,214,RECHAZADA,PENDIENTE,RECHAZADO,MALO,0,,,,,0,INVERSIONES,MEDIO_A,NO_CLIENTE,0,ALTO,0%,5,89,0,0,0,0,28,PROPIA,LICENCIATURA
2.01407E+16,164,RECHAZADA,PENDIENTE,RECHAZADO,MALO,0,,1,,0.00%,0,RECIBOS DE NOMINA,MEDIO_A,NO_CLIENTE,0,ALTO,0%,2,93,0,39056,2220,0,39,HIPOTECA,PREPARATORIA
2.01407E+16,155,RECHAZADA,PENDIENTE,RECHAZADO,MALO,0,,,,,0,INVERSIONES,ALTO_B,NO_CLIENTE,0,ALTO,0%,4,93,0,0,0,0,33,FAMILIARES,POSGRADO
2.01408E+16,227,RECHAZADA,PENDIENTE,RECHAZADO,MALO,0,,,,,0,RECIBOS DE NOMINA,ALTO_A,NO_CLIENTE,0,ALTO,0%,1,93,0,0,0,0,43,PROPIA,POSGRADO
2.01406E+16,226,RECHAZADA,PENDIENTE,RECHAZADO,MALO,0,,2,,0.00%,0,INVERSIONES,MEDIO_A,NO_CLIENTE,0,ALTO,0%,3,101,0,2034,0,0,47,HIPOTECA,PREPARATORIA
2.01408E+16,168,RECHAZADA,PENDIENTE,RECHAZADO,MALO,0,,,,,0,RECIBOS DE NOMINA,ALTO_B,NO_CLIENTE,0,ALTO,0%,4,89,0,0,0,0,48,HIPOTECA,POSGRADO
2.01407E+16,137,RECHAZADA,PENDIENTE,RECHAZADO,MALO,0,,,,,0,DECLARACION ANUAL,MEDIO_B,NO_CLIENTE,0,ALTO,0%,5,91,0,0,0,0,26,FAMILIARES,PREPARATORIA
2.01408E+16,176,RECHAZADA,PENDIENTE,RECHAZADO,MALO,0,,,,,0,RECIBOS DE NOMINA,ALTO_A,NO_CLIENTE,0,ALTO,0%,2,92,0,0,0,0,33,PROPIA,POSGRADO
2.01408E+16,148,RECHAZADA,PENDIENTE,RECHAZADO,MALO,0,,,,,0,INVERSIONES,MEDIO_B,NO_CLIENTE,0,ALTO,0%,4,93,0,0,0,0,29,FAMILIARES,PREPARATORIA
2.01408E+16,130,RECHAZADA,PENDIENTE,RECHAZADO,MALO,0,,,,,0,RECIBOS DE NOMINA,MEDIO_B,NO_CLIENTE,0,ALTO,0%,5,94,0,0,0,0,38,FAMILIARES,PREPARATORIA
2.01407E+16,175,EN_PROCESO,PENDIENTE,RECHAZADO,MALO,0,,,,,0,RECIBOS DE NOMINA,BAJO_A,NO_CLIENTE,0,ALTO,0%,5,94,0,0,0,0,41,RENTA,LICENCIATURA
2.01407E+16,182,RECHAZADA,PENDIENTE,RECHAZADO,MALO,0,,,,,0,INVERSIONES,ALTO_B,NO_CLIENTE,0,ALTO,0%,2,95,0,0,0,0,49,FAMILIARES,POSGRADO
2.01408E+16,150,RECHAZADA,PENDIENTE,RECHAZADO,MALO,0,,,,,0,RECIBOS DE NOMINA,MEDIO_B,NO_CLIENTE,0,ALTO,0%,5,95,0,0,0,0,38,FAMILIARES,PREPARATORIA
2.01407E+16,213,RECHAZADA,PENDIENTE,RECHAZADO,MALO,0,,,,,0,RECIBOS DE NOMINA,ALTO_B,NO_CLIENTE,0,ALTO,0%,1,97,0,0,0,0,34,FAMILIARES,POSGRADO
2.01408E+16,204,RECHAZADA,PENDIENTE,RECHAZADO,MALO,0,,,,,0,RECIBOS DE NOMINA,ALTO_B,NO_CLIENTE,0,ALTO,0%,5,99,0,0,0,0,54,HIPOTECA,POSGRADO
2.01408E+16,200,RECHAZADA,PENDIENTE,RECHAZADO,MALO,0,,,,,0,RECIBOS DE NOMINA,ALTO_B,NO_CLIENTE,0,ALTO,0%,5,99,0,0,0,0,31,HIPOTECA,POSGRADO
2.01407E+16,220,RECHAZADA,PENDIENTE,RECHAZADO,MALO,0,,,,,0,RECIBOS DE NOMINA,ALTO_B,NO_CLIENTE,0,ALTO,0%,2,100,0,0,0,0,26,RENTA,POSGRADO
2.01408E+16,175,RECHAZADA,PENDIENTE,RECHAZADO,MALO,0,,,,,0,INVERSIONES,ALTO_B,NO_CLIENTE,0,ALTO,0%,5,89,0,0,0,0,52,FAMILIARES,POSGRADO
2.01408E+16,151,RECHAZADA,PENDIENTE,RECHAZADO,MALO,0,,,,,0,INVERSIONES,MEDIO_A,NO_CLIENTE,0,ALTO,0%,5,92,0,0,0,0,59,HIPOTECA,PREPARATORIA
2.01408E+16,195,RECHAZADA,PENDIENTE,RECHAZADO,MALO,0,,,,,0,RECIBOS DE NOMINA,ALTO_A,NO_CLIENTE,0,ALTO,0%,2,92,0,0,0,0,55,PROPIA,POSGRADO
2.01408E+16,191,RECHAZADA,PENDIENTE,RECHAZADO,MALO,0,,,,,0,INVERSIONES,MEDIO_A,NO_CLIENTE,0,ALTO,0%,3,93,0,0,0,0,27,HIPOTECA,PREPARATORIA
2.01408E+16,171,RECHAZADA,PENDIENTE,RECHAZADO,MALO,0,,,,,0,INVERSIONES,MEDIO_B,NO_CLIENTE,0,ALTO,0%,3,93,0,0,0,0,39,RENTA,LICENCIATURA
2.01406E+16,153,RECHAZADA,PENDIENTE,RECHAZADO,MALO,0,,,,,0,INVERSIONES,MEDIO_A,NO_CLIENTE,0,ALTO,0%,5,95,0,0,0,0,29,PROPIA,LICENCIATURA
2.01408E+16,193,RECHAZADA,PENDIENTE,RECHAZADO,MALO,0,,,,,0,RECIBOS DE NOMINA,MEDIO_B,NO_CLIENTE,0,ALTO,0%,5,96,0,0,0,0,42,FAMILIARES,LICENCIATURA
2.01408E+16,159,RECHAZADA,PENDIENTE,RECHAZADO,MALO,0,,,,,0,RECIBOS DE NOMINA,ALTO_B,NO_CLIENTE,0,ALTO,0%,3,99,0,0,0,0,49,FAMILIARES,POSGRADO
2.01408E+16,136,RECHAZADA,PENDIENTE,RECHAZADO,MALO,0,,,,,0,RECIBOS DE NOMINA,ALTO_B,NO_CLIENTE,0,ALTO,0%,2,90,0,0,0,0,28,HIPOTECA,POSGRADO
2.01407E+16,206,RECHAZADA,PENDIENTE,RECHAZADO,MALO,0,,,,,0,RECIBOS DE NOMINA,ALTO_B,NO_CLIENTE,0,ALTO,0%,5,92,0,0,0,0,37,FAMILIARES,POSGRADO
2.01407E+16,230,RECHAZADA,PENDIENTE,RECHAZADO,MALO,0,,0,,,0,RECIBOS DE NOMINA,MEDIO_A,NO_CLIENTE,0,ALTO,0%,5,92,0,16458,500,0,26,PROPIA,LICENCIATURA
2.01408E+16,171,RECHAZADA,PENDIENTE,RECHAZADO,MALO,0,,0,,,0,RECIBOS DE NOMINA,MEDIO_B,NO_CLIENTE,6000,ALTO,0%,3,93,0,5091,320,0,41,RENTA,LICENCIATURA
2.01408E+16,155,RECHAZADA,PENDIENTE,RECHAZADO,MALO,0,,0,,,0,RECIBOS DE NOMINA,ALTO_A,NO_CLIENTE,0,ALTO,0%,2,94,0,4076,4076,0,47,PROPIA,POSGRADO
2.01408E+16,177,RECHAZADA,PENDIENTE,RECHAZADO,MALO,0,,,,,0,RECIBOS DE NOMINA,ALTO_B,NO_CLIENTE,0,ALTO,0%,3,97,0,0,0,0,42,RENTA,POSGRADO
2.01408E+16,226,RECHAZADA,PENDIENTE,RECHAZADO,MALO,0,,1,,0.00%,0,RECIBOS DE NOMINA,MEDIO_A,NO_CLIENTE,3000,ALTO,0%,3,99,0,1630,0,0,39,HIPOTECA,LICENCIATURA
2.01406E+16,156,RECHAZADA,PENDIENTE,RECHAZADO,MALO,0,,,,,0,RECIBOS DE NOMINA,MEDIO_B,NO_CLIENTE,0,ALTO,0%,5,89,0,0,0,0,25,RENTA,PREPARATORIA
2.01407E+16,230,RECHAZADA,PENDIENTE,RECHAZADO,MALO,0,,,,,0,INVERSIONES,ALTO_B,NO_CLIENTE,0,ALTO,0%,5,89,0,0,0,0,50,FAMILIARES,POSGRADO
2.01408E+16,202,RECHAZADA,PENDIENTE,RECHAZADO,MALO,0,,,,,0,RECIBOS DE NOMINA,MEDIO_B,NO_CLIENTE,0,ALTO,0%,1,90,0,0,0,0,53,FAMILIARES,PREPARATORIA
2.01407E+16,166,RECHAZADA,PENDIENTE,RECHAZADO,MALO,0,,,,,0,INVERSIONES,MEDIO_B,NO_CLIENTE,0,ALTO,0%,3,91,0,0,0,0,60,FAMILIARES,PREPARATORIA
2.01408E+16,157,RECHAZADA,PENDIENTE,RECHAZADO,MALO,0,,,,,0,RECIBOS DE NOMINA,ALTO_B,NO_CLIENTE,0,ALTO,0%,4,91,0,0,0,0,29,HIPOTECA,POSGRADO
2.01407E+16,201,RECHAZADA,PENDIENTE,RECHAZADO,MALO,0,,,,,0,INVERSIONES,MEDIO_A,NO_CLIENTE,0,ALTO,0%,2,94,0,0,0,0,59,PROPIA,LICENCIATURA
2.01408E+16,183,RECHAZADA,PENDIENTE,RECHAZADO,MALO,0,,,,,0,RECIBOS DE NOMINA,MEDIO_B,NO_CLIENTE,0,ALTO,0%,3,95,0,0,0,0,60,FAMILIARES,PREPARATORIA
2.01407E+16,146,RECHAZADA,PENDIENTE,RECHAZADO,MALO,0,,,,,0,RECIBOS DE NOMINA,MEDIO_A,NO_CLIENTE,0,ALTO,0%,1,97,0,0,0,0,49,PROPIA,LICENCIATURA
2.01407E+16,144,RECHAZADA,PENDIENTE,RECHAZADO,MALO,0,,,,,0,RECIBOS DE NOMINA,ALTO_B,NO_CLIENTE,0,ALTO,0%,4,100,0,0,0,0,25,FAMILIARES,POSGRADO
2.01407E+16,180,RECHAZADA,PENDIENTE,RECHAZADO,MALO,0,,0,,,0,INVERSIONES,ALTO_B,NO_CLIENTE,0,ALTO,0%,2,100,0,3227,0,0,39,FAMILIARES,POSGRADO
2.01408E+16,150,RECHAZADA,PENDIENTE,RECHAZADO,MALO,0,,,,,0,RECIBOS DE NOMINA,MEDIO_B,NO_CLIENTE,0,ALTO,0%,5,89,0,0,0,0,40,FAMILIARES,LICENCIATURA
2.01408E+16,217,RECHAZADA,PENDIENTE,RECHAZADO,MALO,0,,,,,0,DECLARACION ANUAL,MEDIO_A,NO_CLIENTE,0,ALTO,0%,2,91,0,0,0,0,42,HIPOTECA,PREPARATORIA
2.01407E+16,146,RECHAZADA,PENDIENTE,RECHAZADO,MALO,0,,,,,0,RECIBOS DE NOMINA,MEDIO_B,NO_CLIENTE,0,ALTO,0%,2,92,0,0,0,0,51,RENTA,PREPARATORIA
2.01408E+16,151,RECHAZADA,PENDIENTE,RECHAZADO,MALO,0,,,,,0,RECIBOS DE NOMINA,ALTO_B,NO_CLIENTE,0,ALTO,0%,2,95,0,0,0,0,53,RENTA,POSGRADO
2.01407E+16,225,RECHAZADA,PENDIENTE,RECHAZADO,MALO,0,,1,,0.00%,0,INVERSIONES,MEDIO_A,NO_CLIENTE,0,ALTO,0%,1,97,0,32986,1820,0,56,HIPOTECA,PREPARATORIA
2.01408E+16,202,RECHAZADA,PENDIENTE,RECHAZADO,MALO,0,,,,,0,RECIBOS DE NOMINA,MEDIO_A,NO_CLIENTE,0,ALTO,0%,2,98,0,0,0,0,36,HIPOTECA,PREPARATORIA
2.01408E+16,164,RECHAZADA,PENDIENTE,RECHAZADO,MALO,0,,,,,0,RECIBOS DE NOMINA,MEDIO_A,NO_CLIENTE,0,ALTO,0%,4,98,0,0,0,0,54,HIPOTECA,PREPARATORIA
2.01407E+16,201,RECHAZADA,PENDIENTE,RECHAZADO,MALO,0,,1,,,0,INVERSIONES,ALTO_B,NO_CLIENTE,136500,ALTO,0%,5,99,0,113561,5110,0,56,FAMILIARES,POSGRADO
2.01408E+16,161,RECHAZADA,PENDIENTE,RECHAZADO,MALO,0,,,,,0,RECIBOS DE NOMINA,MEDIO_A,NO_CLIENTE,0,ALTO,0%,2,99,0,0,0,0,56,PROPIA,LICENCIATURA
2.01406E+16,134,RECHAZADA,PENDIENTE,RECHAZADO,MALO,0,,,,,0,RECIBOS DE NOMINA,MEDIO_A,NO_CLIENTE,0,ALTO,0%,4,96,0,0,0,0,29,HIPOTECA,PREPARATORIA
2.01408E+16,151,RECHAZADA,PENDIENTE,RECHAZADO,MALO,0,,,,,0,RECIBOS DE NOMINA,MEDIO_A,NO_CLIENTE,0,ALTO,0%,4,97,0,0,0,0,57,HIPOTECA,PREPARATORIA
2.01408E+16,165,RECHAZADA,PENDIENTE,RECHAZADO,MALO,0,,1,,0.00%,0,INVERSIONES,MEDIO_A,NO_CLIENTE,107200,ALTO,0%,0,101,0,7054,640,0,41,HIPOTECA,PREPARATORIA
2.01408E+16,134,RECHAZADA,PENDIENTE,RECHAZADO,MALO,0,,,,,0,RECIBOS DE NOMINA,MEDIO_B,NO_CLIENTE,0,ALTO,0%,5,89,0,0,0,0,43,RENTA,LICENCIATURA
2.01408E+16,223,RECHAZADA,PENDIENTE,RECHAZADO,MALO,0,,,,,0,INVERSIONES,MEDIO_A,NO_CLIENTE,0,ALTO,0%,1,90,0,0,0,0,47,PROPIA,LICENCIATURA
2.01407E+16,210,RECHAZADA,PENDIENTE,RECHAZADO,MALO,0,,,,,0,RECIBOS DE NOMINA,MEDIO_A,NO_CLIENTE,0,ALTO,0%,2,96,0,0,0,0,42,HIPOTECA,PREPARATORIA
2.01408E+16,179,RECHAZADA,PENDIENTE,RECHAZADO,MALO,0,,,,,0,RECIBOS DE NOMINA,MEDIO_A,NO_CLIENTE,0,ALTO,0%,1,96,0,0,0,0,45,HIPOTECA,PREPARATORIA
2.01408E+16,189,RECHAZADA,PENDIENTE,RECHAZADO,MALO,0,,0,,0.00%,0,RECIBOS DE NOMINA,MEDIO_B,NO_CLIENTE,11000,ALTO,0%,2,97,0,0,0,0,28,FAMILIARES,LICENCIATURA
2.01407E+16,163,RECHAZADA,PENDIENTE,RECHAZADO,MALO,0,,1,,0.00%,0,INVERSIONES,MEDIO_B,NO_CLIENTE,0,ALTO,0%,1,100,0,1149,250,0,26,RENTA,PREPARATORIA
2.01408E+16,203,RECHAZADA,PENDIENTE,RECHAZADO,MALO,0,,,,,0,RECIBOS DE NOMINA,MEDIO_A,NO_CLIENTE,0,ALTO,0%,1,100,0,0,0,0,47,PROPIA,LICENCIATURA
2.01408E+16,217,RECHAZADA,PENDIENTE,RECHAZADO,MALO,0,,,,,0,RECIBOS DE NOMINA,ALTO_B,NO_CLIENTE,0,ALTO,0%,1,101,0,0,0,0,32,FAMILIARES,POSGRADO
2.01407E+16,199,RECHAZADA,PENDIENTE,RECHAZADO,MALO,0,,,,,0,RECIBOS DE NOMINA,ALTO_B,NO_CLIENTE,0,ALTO,0%,4,89,0,0,0,0,59,HIPOTECA,POSGRADO
2.01407E+16,139,RECHAZADA,PENDIENTE,RECHAZADO,MALO,0,,,,,0,RECIBOS DE NOMINA,MEDIO_A,NO_CLIENTE,0,ALTO,0%,1,92,0,0,0,0,37,HIPOTECA,LICENCIATURA
2.01408E+16,185,RECHAZADA,PENDIENTE,RECHAZADO,MALO,0,,,,,0,RECIBOS DE NOMINA,ALTO_B,NO_CLIENTE,0,ALTO,0%,2,93,0,0,0,0,49,RENTA,POSGRADO
2.01408E+16,226,RECHAZADA,PENDIENTE,RECHAZADO,MALO,0,,,,,0,RECIBOS DE NOMINA,ALTO_B,NO_CLIENTE,0,ALTO,0%,4,95,0,0,0,0,55,RENTA,POSGRADO
2.01407E+16,154,RECHAZADA,PENDIENTE,RECHAZADO,MALO,0,,0,,,0,INVERSIONES,MEDIO_B,NO_CLIENTE,0,ALTO,0%,2,97,0,32341,970,0,59,FAMILIARES,LICENCIATURA
2.01408E+16,194,RECHAZADA,PENDIENTE,RECHAZADO,MALO,0,,,,,0,INVERSIONES,MEDIO_B,NO_CLIENTE,0,ALTO,0%,1,97,0,0,0,0,60,FAMILIARES,LICENCIATURA
2.01408E+16,229,RECHAZADA,PENDIENTE,RECHAZADO,MALO,0,,1,,0.00%,0,RECIBOS DE NOMINA,MEDIO_A,NO_CLIENTE,9900,ALTO,0%,0,101,0,3802,0,0,29,PROPIA,LICENCIATURA
2.01408E+16,197,RECHAZADA,PENDIENTE,RECHAZADO,MALO,0,,,,,0,RECIBOS DE NOMINA,MEDIO_A,NO_CLIENTE,0,ALTO,0%,1,101,0,0,0,0,40,HIPOTECA,PREPARATORIA
2.01408E+16,142,RECHAZADA,PENDIENTE,RECHAZADO,MALO,0,,,,,0,INVERSIONES,ALTO_B,NO_CLIENTE,0,ALTO,0%,4,89,0,0,0,0,36,HIPOTECA,POSGRADO
2.01408E+16,193,RECHAZADA,PENDIENTE,RECHAZADO,MALO,0,,0,,0.00%,0,RECIBOS DE NOMINA,MEDIO_B,NO_CLIENTE,4000,ALTO,0%,2,91,0,412,257,0,45,FAMILIARES,PREPARATORIA
2.01407E+16,175,RECHAZADA,PENDIENTE,RECHAZADO,MALO,0,,0,,,0,INVERSIONES,MEDIO_A,NO_CLIENTE,0,ALTO,0%,3,92,0,2102,0,0,41,HIPOTECA,LICENCIATURA
2.01407E+16,211,RECHAZADA,PENDIENTE,RECHAZADO,MALO,0,,,,,0,INVERSIONES,ALTO_B,NO_CLIENTE,0,ALTO,0%,2,92,0,0,0,0,48,FAMILIARES,POSGRADO
2.01407E+16,217,RECHAZADA,PENDIENTE,RECHAZADO,MALO,0,,1,,0.00%,0,INVERSIONES,MEDIO_A,NO_CLIENTE,0,ALTO,0%,2,92,0,8399,430,0,43,HIPOTECA,PREPARATORIA
2.01408E+16,166,RECHAZADA,PENDIENTE,RECHAZADO,MALO,0,,1,,0.00%,0,INVERSIONES,MEDIO_A,NO_CLIENTE,0,ALTO,0%,2,95,0,41487,2490,0,30,HIPOTECA,PREPARATORIA
2.01407E+16,225,RECHAZADA,PENDIENTE,RECHAZADO,MALO,0,,,,,0,INVERSIONES,ALTO_B,NO_CLIENTE,0,ALTO,0%,2,96,0,0,0,0,37,RENTA,POSGRADO
2.01408E+16,228,RECHAZADA,PENDIENTE,RECHAZADO,MALO,0,,,,,0,RECIBOS DE NOMINA,ALTO_B,NO_CLIENTE,0,ALTO,0%,5,98,0,0,0,0,48,RENTA,POSGRADO
2.01407E+16,150,RECHAZADA,PENDIENTE,RECHAZADO,MALO,0,,,,,0,RECIBOS DE NOMINA,MEDIO_A,NO_CLIENTE,0,ALTO,0%,0,101,0,0,0,0,43,HIPOTECA,PREPARATORIA
2.01408E+16,155,EN_PROCESO,PENDIENTE,RECHAZADO,MALO,0,,,,,0,INVERSIONES,ALTO_B,NO_CLIENTE,0,ALTO,0%,0,101,0,0,0,0,50,RENTA,PREPARATORIA
2.01407E+16,208,RECHAZADA,PENDIENTE,RECHAZADO,MALO,0,,,,,0,RECIBOS DE NOMINA,ALTO_A,NO_CLIENTE,0,ALTO,0%,4,89,0,0,0,0,50,PROPIA,POSGRADO
2.01406E+16,152,RECHAZADA,PENDIENTE,RECHAZADO,MALO,0,,,,,0,RECIBOS DE NOMINA,MEDIO_B,NO_CLIENTE,0,ALTO,0%,3,93,0,0,0,0,37,FAMILIARES,PREPARATORIA
2.01407E+16,190,RECHAZADA,PENDIENTE,RECHAZADO,MALO,0,,,,,0,INVERSIONES,MEDIO_B,NO_CLIENTE,0,ALTO,0%,3,94,0,0,0,0,50,RENTA,PREPARATORIA
2.01407E+16,224,RECHAZADA,PENDIENTE,RECHAZADO,MALO,0,,,,,0,RECIBOS DE NOMINA,MEDIO_A,NO_CLIENTE,0,ALTO,0%,3,100,0,0,0,0,32,PROPIA,LICENCIATURA
2.01408E+16,155,RECHAZADA,PENDIENTE,RECHAZADO,MALO,0,,,,,0,DECLARACION ANUAL,ALTO_B,NO_CLIENTE,0,ALTO,0%,4,89,0,0,0,0,41,HIPOTECA,POSGRADO
2.01407E+16,168,RECHAZADA,PENDIENTE,RECHAZADO,MALO,0,,,,,0,RECIBOS DE NOMINA,ALTO_B,NO_CLIENTE,0,ALTO,0%,5,90,0,0,0,0,53,FAMILIARES,POSGRADO
2.01406E+16,224,RECHAZADA,PENDIENTE,RECHAZADO,MALO,0,,,,,0,INVERSIONES,MEDIO_A,NO_CLIENTE,0,ALTO,0%,4,92,0,0,0,0,34,HIPOTECA,PREPARATORIA
2.01408E+16,156,RECHAZADA,PENDIENTE,RECHAZADO,MALO,0,,,,,0,RECIBOS DE NOMINA,ALTO_B,NO_CLIENTE,0,ALTO,0%,3,92,0,0,0,0,30,RENTA,POSGRADO
2.01407E+16,152,RECHAZADA,PENDIENTE,RECHAZADO,MALO,0,,,,,0,RECIBOS DE NOMINA,MEDIO_B,NO_CLIENTE,0,ALTO,0%,5,94,0,0,0,0,32,RENTA,LICENCIATURA
2.01407E+16,190,RECHAZADA,PENDIENTE,RECHAZADO,MALO,0,,,,,0,DECLARACION ANUAL,MEDIO_A,NO_CLIENTE,0,ALTO,0%,2,95,0,0,0,0,25,HIPOTECA,PREPARATORIA
2.01407E+16,155,RECHAZADA,PENDIENTE,RECHAZADO,MALO,0,,,,,0,RECIBOS DE NOMINA,MEDIO_A,NO_CLIENTE,0,ALTO,0%,1,97,0,0,0,0,27,HIPOTECA,LICENCIATURA
2.01408E+16,170,RECHAZADA,PENDIENTE,RECHAZADO,MALO,0,,2,,0.00%,0,INVERSIONES,ALTO_B,NO_CLIENTE,12700,ALTO,0%,2,98,0,8827,250,0,30,HIPOTECA,POSGRADO
2.01407E+16,139,RECHAZADA,PENDIENTE,RECHAZADO,MALO,0,,0,,,0,INVERSIONES,MEDIO_B,NO_CLIENTE,0,ALTO,0%,5,99,0,22184,3870,0,52,FAMILIARES,LICENCIATURA
2.01408E+16,201,RECHAZADA,PENDIENTE,RECHAZADO,MALO,0,,,,,0,INVERSIONES,MEDIO_A,NO_CLIENTE,0,ALTO,0%,3,101,0,0,0,0,46,HIPOTECA,LICENCIATURA
2.01408E+16,219,RECHAZADA,PENDIENTE,RECHAZADO,MALO,0,,,,,0,INVERSIONES,MEDIO_B,NO_CLIENTE,0,ALTO,0%,3,90,0,0,0,0,53,FAMILIARES,PREPARATORIA
2.01408E+16,185,RECHAZADA,PENDIENTE,RECHAZADO,MALO,0,,,,,0,INVERSIONES,MEDIO_A,NO_CLIENTE,0,ALTO,0%,3,92,0,0,0,0,51,HIPOTECA,PREPARATORIA
2.01408E+16,231,RECHAZADA,PENDIENTE,RECHAZADO,MALO,0,,,,,0,RECIBOS DE NOMINA,ALTO_B,NO_CLIENTE,0,ALTO,0%,2,93,0,0,0,0,55,RENTA,POSGRADO
2.01408E+16,156,RECHAZADA,PENDIENTE,RECHAZADO,MALO,0,,,,,0,INVERSIONES,ALTO_B,NO_CLIENTE,0,ALTO,0%,2,93,0,0,0,0,39,FAMILIARES,POSGRADO
2.01407E+16,231,RECHAZADA,PENDIENTE,RECHAZADO,MALO,0,,,,,0,RECIBOS DE NOMINA,MEDIO_B,NO_CLIENTE,0,ALTO,0%,2,96,0,0,0,0,53,FAMILIARES,LICENCIATURA
2.01407E+16,227,RECHAZADA,PENDIENTE,RECHAZADO,MALO,0,,,,,0,RECIBOS DE NOMINA,MEDIO_A,NO_CLIENTE,0,ALTO,0%,1,99,0,0,0,0,36,PROPIA,LICENCIATURA
2.01407E+16,156,EN_PROCESO,PENDIENTE,RECHAZADO,MALO,0,,,,,0,INVERSIONES,MEDIO_A,NO_CLIENTE,0,ALTO,0%,4,99,0,0,0,0,60,FAMILIARES,POSGRADO
2.01407E+16,156,RECHAZADA,PENDIENTE,RECHAZADO,MALO,0,,,,,0,INVERSIONES,MEDIO_B,NO_CLIENTE,0,ALTO,0%,2,101,0,0,0,0,38,FAMILIARES,PREPARATORIA
2.01407E+16,206,RECHAZADA,PENDIENTE,RECHAZADO,MALO,0,,2,,0.00%,0,INVERSIONES,MEDIO_B,NO_CLIENTE,0,ALTO,0%,1,101,0,6045,540,0,38,RENTA,PREPARATORIA
2.01407E+16,167,RECHAZADA,PENDIENTE,RECHAZADO,MALO,0,,,,,0,INVERSIONES,ALTO_A,NO_CLIENTE,0,ALTO,0%,5,89,0,0,0,0,59,PROPIA,POSGRADO
2.01407E+16,203,RECHAZADA,PENDIENTE,RECHAZADO,MALO,0,,,,,0,INVERSIONES,MEDIO_A,NO_CLIENTE,0,ALTO,0%,5,89,0,0,0,0,27,PROPIA,LICENCIATURA
2.01407E+16,213,RECHAZADA,PENDIENTE,RECHAZADO,MALO,0,,,,,0,INVERSIONES,MEDIO_B,NO_CLIENTE,0,ALTO,0%,4,90,0,0,0,0,51,RENTA,PREPARATORIA
2.01408E+16,213,RECHAZADA,PENDIENTE,RECHAZADO,MALO,0,,,,,0,RECIBOS DE NOMINA,MEDIO_A,NO_CLIENTE,0,ALTO,0%,2,92,0,0,0,0,29,HIPOTECA,LICENCIATURA
2.01408E+16,218,RECHAZADA,PENDIENTE,RECHAZADO,MALO,0,,1,,0.00%,0,INVERSIONES,ALTO_B,NO_CLIENTE,3000,ALTO,0%,5,95,0,2191,0,0,39,RENTA,POSGRADO
2.01407E+16,195,RECHAZADA,PENDIENTE,RECHAZADO,MALO,0,,,,,0,RECIBOS DE NOMINA,MEDIO_B,NO_CLIENTE,0,ALTO,0%,2,97,0,0,0,0,38,FAMILIARES,PREPARATORIA
2.01408E+16,195,RECHAZADA,PENDIENTE,RECHAZADO,MALO,0,,,,,0,RECIBOS DE NOMINA,ALTO_B,NO_CLIENTE,0,ALTO,0%,3,99,0,0,0,0,25,FAMILIARES,POSGRADO
2.01408E+16,217,RECHAZADA,PENDIENTE,RECHAZADO,MALO,0,,,,,0,RECIBOS DE NOMINA,ALTO_A,NO_CLIENTE,0,ALTO,0%,1,99,0,0,0,0,34,PROPIA,POSGRADO
2.01407E+16,140,RECHAZADA,PENDIENTE,RECHAZADO,MALO,0,,2,,0.00%,0,INVERSIONES,MEDIO_B,NO_CLIENTE,0,ALTO,0%,3,100,0,14368,820,0,49,RENTA,PREPARATORIA
2.01407E+16,159,RECHAZADA,PENDIENTE,RECHAZADO,MALO,0,,,,,0,RECIBOS DE NOMINA,MEDIO_A,NO_CLIENTE,0,ALTO,0%,2,90,0,0,0,0,33,HIPOTECA,LICENCIATURA
2.01407E+16,229,RECHAZADA,PENDIENTE,RECHAZADO,MALO,0,,,,,0,RECIBOS DE NOMINA,MEDIO_A,NO_CLIENTE,0,ALTO,0%,4,91,0,0,0,0,45,HIPOTECA,PREPARATORIA
2.01407E+16,149,RECHAZADA,PENDIENTE,RECHAZADO,MALO,0,,,,,0,RECIBOS DE NOMINA,MEDIO_B,NO_CLIENTE,0,ALTO,0%,1,91,0,0,0,0,36,RENTA,LICENCIATURA
2.01407E+16,218,RECHAZADA,PENDIENTE,RECHAZADO,MALO,0,,,,,0,RECIBOS DE NOMINA,MEDIO_B,NO_CLIENTE,0,ALTO,0%,3,94,0,0,0,0,49,FAMILIARES,PREPARATORIA
2.01407E+16,195,RECHAZADA,PENDIENTE,RECHAZADO,MALO,0,,,,,0,RECIBOS DE NOMINA,MEDIO_B,NO_CLIENTE,0,ALTO,0%,2,96,0,0,0,0,42,RENTA,LICENCIATURA
2.01407E+16,191,RECHAZADA,PENDIENTE,RECHAZADO,MALO,0,,,,,0,RECIBOS DE NOMINA,MEDIO_A,NO_CLIENTE,0,ALTO,0%,1,96,0,0,0,0,45,HIPOTECA,PREPARATORIA
2.01407E+16,184,RECHAZADA,PENDIENTE,RECHAZADO,MALO,0,,,,,0,RECIBOS DE NOMINA,MEDIO_B,NO_CLIENTE,0,ALTO,0%,4,100,0,0,0,0,29,FAMILIARES,LICENCIATURA
2.01407E+16,222,RECHAZADA,PENDIENTE,RECHAZADO,MALO,0,,,,,0,RECIBOS DE NOMINA,MEDIO_A,NO_CLIENTE,0,ALTO,0%,3,100,0,0,0,0,43,HIPOTECA,LICENCIATURA
2.01407E+16,206,RECHAZADA,PENDIENTE,RECHAZADO,MALO,0,,,,,0,RECIBOS DE NOMINA,ALTO_B,NO_CLIENTE,0,ALTO,0%,3,101,0,0,0,0,56,RENTA,POSGRADO
2.01407E+16,232,RECHAZADA,PENDIENTE,RECHAZADO,MALO,0,,0,,,0,DECLARACION ANUAL,ALTO_B,NO_CLIENTE,0,ALTO,0%,4,93,0,13987,880,0,59,RENTA,POSGRADO
2.01408E+16,192,EN_PROCESO,PENDIENTE,RECHAZADO,MALO,0,,1,,,0,RECIBOS DE NOMINA,MEDIO_A,NO_CLIENTE,40004,ALTO,0%,1,93,0,2715,510,0,41,PROPIA,LICENCIATURA
2.01408E+16,143,RECHAZADA,PENDIENTE,RECHAZADO,MALO,0,,1,,0.00%,0,INVERSIONES,ALTO_B,NO_CLIENTE,39600,ALTO,0%,4,94,0,29280,0,1,49,FAMILIARES,POSGRADO
2.01407E+16,186,RECHAZADA,PENDIENTE,RECHAZADO,MALO,0,,,,,0,INVERSIONES,ALTO_B,NO_CLIENTE,0,ALTO,0%,3,96,0,0,0,0,60,RENTA,POSGRADO
2.01408E+16,182,RECHAZADA,PENDIENTE,RECHAZADO,MALO,0,,,,,0,RECIBOS DE NOMINA,MEDIO_A,NO_CLIENTE,0,ALTO,0%,5,98,0,0,0,0,47,HIPOTECA,PREPARATORIA
2.01407E+16,241,RECHAZADA,PENDIENTE,RECHAZADO,MALO,0,,1,,0.00%,0,INVERSIONES,MEDIO_B,NO_CLIENTE,0,ALTO,0%,3,100,0,10121,0,0,48,FAMILIARES,PREPARATORIA
2.01407E+16,167,RECHAZADA,PENDIENTE,RECHAZADO,MALO,0,,1,,0.00%,0,INVERSIONES,MEDIO_B,NO_CLIENTE,0,ALTO,0%,5,89,0,8407,450,0,53,FAMILIARES,PREPARATORIA
2.01408E+16,216,RECHAZADA,PENDIENTE,RECHAZADO,MALO,0,,,,,0,RECIBOS DE NOMINA,MEDIO_B,NO_CLIENTE,0,ALTO,0%,2,90,0,0,0,0,54,RENTA,LICENCIATURA
2.01407E+16,152,RECHAZADA,PENDIENTE,RECHAZADO,MALO,0,,0,,,0,INVERSIONES,ALTO_B,NO_CLIENTE,0,ALTO,0%,4,93,0,4920,880,0,57,HIPOTECA,POSGRADO
2.01408E+16,219,RECHAZADA,PENDIENTE,RECHAZADO,MALO,0,,,,,0,INVERSIONES,MEDIO_B,NO_CLIENTE,0,ALTO,0%,3,97,0,0,0,0,32,RENTA,PREPARATORIA
2.01408E+16,209,RECHAZADA,PENDIENTE,RECHAZADO,MALO,0,,,,,0,INVERSIONES,MEDIO_A,NO_CLIENTE,0,ALTO,0%,4,98,0,0,0,0,32,HIPOTECA,LICENCIATURA
2.01408E+16,231,RECHAZADA,PENDIENTE,RECHAZADO,MALO,0,,,,,0,RECIBOS DE NOMINA,MEDIO_B,NO_CLIENTE,0,ALTO,0%,0,100,0,0,0,0,33,RENTA,PREPARATORIA
2.01407E+16,172,RECHAZADA,PENDIENTE,RECHAZADO,MALO,0,,,,,0,RECIBOS DE NOMINA,ALTO_A,NO_CLIENTE,0,ALTO,0%,5,91,0,0,0,0,38,PROPIA,POSGRADO
2.01408E+16,189,RECHAZADA,PENDIENTE,RECHAZADO,MALO,0,,,,,0,DECLARACION ANUAL,MEDIO_A,NO_CLIENTE,0,ALTO,0%,2,93,0,0,0,0,29,PROPIA,LICENCIATURA
2.01407E+16,201,RECHAZADA,PENDIENTE,RECHAZADO,MALO,0,,,,,0,RECIBOS DE NOMINA,MEDIO_A,NO_CLIENTE,0,ALTO,0%,2,95,0,0,0,0,45,HIPOTECA,PREPARATORIA
2.01408E+16,226,RECHAZADA,PENDIENTE,RECHAZADO,MALO,0,,,,,0,RECIBOS DE NOMINA,ALTO_B,NO_CLIENTE,0,ALTO,0%,4,96,0,0,0,0,50,HIPOTECA,POSGRADO
2.01407E+16,204,RECHAZADA,PENDIENTE,RECHAZADO,MALO,0,,,,,0,RECIBOS DE NOMINA,MEDIO_B,NO_CLIENTE,0,ALTO,0%,1,97,0,0,0,0,41,FAMILIARES,LICENCIATURA
2.01408E+16,223,RECHAZADA,PENDIENTE,RECHAZADO,MALO,0,,,,,0,INVERSIONES,ALTO_B,NO_CLIENTE,0,ALTO,0%,2,90,0,0,0,0,58,RENTA,POSGRADO
2.01408E+16,226,RECHAZADA,PENDIENTE,RECHAZADO,MALO,0,,1,,0.00%,0,DECLARACION ANUAL,ALTO_B,NO_CLIENTE,24500,ALTO,0%,4,91,0,13174,0,0,25,HIPOTECA,POSGRADO
2.01408E+16,231,RECHAZADA,PENDIENTE,RECHAZADO,MALO,0,,,,,0,RECIBOS DE NOMINA,MEDIO_B,NO_CLIENTE,0,ALTO,0%,4,92,0,0,0,0,42,RENTA,PREPARATORIA
2.01407E+16,169,RECHAZADA,PENDIENTE,RECHAZADO,MALO,0,,0,,,0,INVERSIONES,ALTO_A,NO_CLIENTE,0,ALTO,0%,4,95,0,3355,0,0,31,PROPIA,POSGRADO
2.01408E+16,232,RECHAZADA,PENDIENTE,RECHAZADO,MALO,0,,,,,0,SIN COMPROBANTE,MEDIO_B,NO_CLIENTE,0,ALTO,0%,4,98,0,0,0,0,54,FAMILIARES,PREPARATORIA
2.01407E+16,231,RECHAZADA,PENDIENTE,RECHAZADO,MALO,0,,,,,0,RECIBOS DE NOMINA,MEDIO_B,NO_CLIENTE,0,ALTO,0%,2,99,0,0,0,0,41,RENTA,LICENCIATURA
2.01408E+16,230,RECHAZADA,PENDIENTE,RECHAZADO,MALO,0,,,,,0,RECIBOS DE NOMINA,MEDIO_A,NO_CLIENTE,0,ALTO,0%,5,99,0,0,0,0,41,PROPIA,LICENCIATURA
2.01407E+16,158,RECHAZADA,PENDIENTE,RECHAZADO,MALO,0,,0,,,0,INVERSIONES,ALTO_A,NO_CLIENTE,0,ALTO,0%,4,90,0,6132,0,0,29,PROPIA,POSGRADO
2.01408E+16,153,RECHAZADA,PENDIENTE,RECHAZADO,MALO,0,,,,,0,RECIBOS DE NOMINA,ALTO_A,NO_CLIENTE,0,ALTO,0%,1,91,0,0,0,0,42,PROPIA,POSGRADO
2.01408E+16,202,RECHAZADA,PENDIENTE,RECHAZADO,MALO,0,,1,,0.00%,0,INVERSIONES,MEDIO_A,NO_CLIENTE,9900,ALTO,0%,4,91,0,8166,290,0,49,PROPIA,LICENCIATURA
2.01408E+16,153,RECHAZADA,PENDIENTE,RECHAZADO,MALO,0,,,,,0,RECIBOS DE NOMINA,MEDIO_A,NO_CLIENTE,0,ALTO,0%,3,97,0,0,0,0,56,HIPOTECA,PREPARATORIA
2.01408E+16,175,RECHAZADA,PENDIENTE,RECHAZADO,MALO,0,,,,,0,INVERSIONES,ALTO_B,NO_CLIENTE,0,ALTO,0%,5,97,0,0,0,0,35,FAMILIARES,POSGRADO
2.01407E+16,226,RECHAZADA,PENDIENTE,RECHAZADO,MALO,0,,0,,,0,RECIBOS DE NOMINA,BAJO_A,NO_CLIENTE,0,ALTO,0%,2,98,0,5194,0,0,28,FAMILIARES,SECUNDARIA
2.01408E+16,206,RECHAZADA,PENDIENTE,RECHAZADO,MALO,0,,,,,0,RECIBOS DE NOMINA,MEDIO_A,NO_CLIENTE,0,ALTO,0%,3,100,0,0,0,0,50,HIPOTECA,LICENCIATURA
2.01408E+16,197,RECHAZADA,PENDIENTE,RECHAZADO,MALO,0,,1,,0.00%,0,RECIBOS DE NOMINA,MEDIO_A,NO_CLIENTE,2000,ALTO,0%,4,89,0,0,0,0,26,HIPOTECA,PREPARATORIA
2.01408E+16,245,RECHAZADA,PENDIENTE,RECHAZADO,MALO,0,,,,,0,RECIBOS DE NOMINA,MEDIO_B,NO_CLIENTE,0,ALTO,0%,5,90,0,0,0,0,52,RENTA,PREPARATORIA
2.01408E+16,220,RECHAZADA,PENDIENTE,RECHAZADO,MALO,0,,,,,0,INVERSIONES,MEDIO_B,NO_CLIENTE,0,ALTO,0%,4,91,0,0,0,0,40,FAMILIARES,PREPARATORIA
2.01407E+16,220,RECHAZADA,PENDIENTE,RECHAZADO,MALO,0,,,,,0,RECIBOS DE NOMINA,MEDIO_B,NO_CLIENTE,0,ALTO,0%,1,94,0,0,0,0,28,FAMILIARES,PREPARATORIA
2.01407E+16,183,RECHAZADA,PENDIENTE,RECHAZADO,MALO,0,,,,,0,RECIBOS DE NOMINA,MEDIO_B,NO_CLIENTE,0,ALTO,0%,3,94,0,0,0,0,26,FAMILIARES,LICENCIATURA
2.01407E+16,241,RECHAZADA,PENDIENTE,RECHAZADO,MALO,0,,,,,0,RECIBOS DE NOMINA,MEDIO_A,NO_CLIENTE,0,ALTO,0%,4,96,0,0,0,0,36,PROPIA,LICENCIATURA
2.01408E+16,243,RECHAZADA,PENDIENTE,RECHAZADO,MALO,0,,,,,0,RECIBOS DE NOMINA,MEDIO_B,NO_CLIENTE,0,ALTO,0%,4,96,0,0,0,0,51,RENTA,PREPARATORIA
2.01406E+16,147,RECHAZADA,PENDIENTE,RECHAZADO,MALO,0,,,,,4157,RECIBOS DE NOMINA,MEDIO_B,NO_CLIENTE,0,ALTO,0%,4,96,0,0,0,0,46,RENTA,POSGRADO
2.01407E+16,214,RECHAZADA,PENDIENTE,RECHAZADO,MALO,0,,,,,0,RECIBOS DE NOMINA,ALTO_A,NO_CLIENTE,0,ALTO,0%,3,97,0,0,0,0,41,PROPIA,POSGRADO
2.01407E+16,164,RECHAZADA,PENDIENTE,RECHAZADO,MALO,0,,,,,0,RECIBOS DE NOMINA,MEDIO_A,NO_CLIENTE,0,ALTO,0%,2,97,0,0,0,0,35,HIPOTECA,PREPARATORIA
2.01408E+16,148,RECHAZADA,PENDIENTE,RECHAZADO,MALO,0,,,,,0,RECIBOS DE NOMINA,MEDIO_A,NO_CLIENTE,0,ALTO,0%,4,97,0,0,0,0,49,PROPIA,LICENCIATURA
2.01407E+16,175,RECHAZADA,PENDIENTE,RECHAZADO,MALO,0,,,,,0,RECIBOS DE NOMINA,ALTO_B,NO_CLIENTE,0,ALTO,0%,3,100,0,0,0,0,38,FAMILIARES,POSGRADO
2.01408E+16,241,RECHAZADA,PENDIENTE,RECHAZADO,MALO,0,,,,,0,RECIBOS DE NOMINA,ALTO_A,NO_CLIENTE,0,ALTO,0%,0,101,0,0,0,0,48,PROPIA,POSGRADO
2.01408E+16,203,RECHAZADA,PENDIENTE,RECHAZADO,MALO,0,,,,,0,RECIBOS DE NOMINA,MEDIO_B,NO_CLIENTE,0,ALTO,0%,2,90,0,0,0,0,47,FAMILIARES,LICENCIATURA
2.01407E+16,222,RECHAZADA,PENDIENTE,RECHAZADO,MALO,0,,,,,0,RECIBOS DE NOMINA,MEDIO_B,NO_CLIENTE,0,ALTO,0%,3,91,0,0,0,0,43,RENTA,LICENCIATURA
2.01408E+16,160,RECHAZADA,PENDIENTE,RECHAZADO,MALO,0,,0,,,0,INVERSIONES,MEDIO_A,NO_CLIENTE,8500,ALTO,0%,2,92,0,8537,530,0,32,HIPOTECA,LICENCIATURA
2.01408E+16,171,RECHAZADA,PENDIENTE,RECHAZADO,MALO,0,,,,,0,RECIBOS DE NOMINA,MEDIO_A,NO_CLIENTE,0,ALTO,0%,1,93,0,0,0,0,48,HIPOTECA,PREPARATORIA
2.01408E+16,235,RECHAZADA,PENDIENTE,RECHAZADO,MALO,0,,,,,0,RECIBOS DE NOMINA,MEDIO_A,NO_CLIENTE,0,ALTO,0%,3,99,0,0,0,0,27,HIPOTECA,PREPARATORIA
2.01407E+16,183,RECHAZADA,PENDIENTE,RECHAZADO,MALO,0,,,,,0,RECIBOS DE NOMINA,MEDIO_A,NO_CLIENTE,0,ALTO,0%,2,100,0,0,0,0,56,PROPIA,LICENCIATURA
2.01408E+16,186,RECHAZADA,PENDIENTE,RECHAZADO,MALO,0,,2,,0.00%,0,RECIBOS DE NOMINA,MEDIO_A,NO_CLIENTE,12400,ALTO,0%,2,100,0,13528,10,0,41,HIPOTECA,PREPARATORIA
2.01408E+16,162,RECHAZADA,PENDIENTE,RECHAZADO,MALO,0,,,,,0,INVERSIONES,ALTO_B,NO_CLIENTE,0,ALTO,0%,2,90,0,0,0,0,37,FAMILIARES,POSGRADO
2.01407E+16,149,RECHAZADA,PENDIENTE,RECHAZADO,MALO,0,,,,,0,RECIBOS DE NOMINA,MEDIO_A,NO_CLIENTE,0,ALTO,0%,3,93,0,0,0,0,54,HIPOTECA,PREPARATORIA
2.01407E+16,200,RECHAZADA,PENDIENTE,RECHAZADO,MALO,0,,,,,0,RECIBOS DE NOMINA,MEDIO_A,NO_CLIENTE,0,ALTO,0%,4,94,0,0,0,0,35,HIPOTECA,PREPARATORIA
2.01408E+16,225,RECHAZADA,PENDIENTE,RECHAZADO,MALO,0,,,,,0,INVERSIONES,MEDIO_B,NO_CLIENTE,0,ALTO,0%,4,94,0,0,0,0,50,FAMILIARES,PREPARATORIA
2.01407E+16,227,RECHAZADA,PENDIENTE,RECHAZADO,MALO,0,,,,,0,INVERSIONES,MEDIO_A,NO_CLIENTE,0,ALTO,0%,2,95,0,0,0,0,33,HIPOTECA,PREPARATORIA
2.01408E+16,248,RECHAZADA,PENDIENTE,RECHAZADO,MALO,0,,,,,0,RECIBOS DE NOMINA,ALTO_B,NO_CLIENTE,0,ALTO,0%,4,95,0,0,0,0,32,FAMILIARES,POSGRADO
2.01408E+16,192,RECHAZADA,PENDIENTE,RECHAZADO,MALO,0,,,,,0,INVERSIONES,MEDIO_B,NO_CLIENTE,0,ALTO,0%,4,95,0,0,0,0,40,FAMILIARES,PREPARATORIA
2.01408E+16,155,RECHAZADA,PENDIENTE,RECHAZADO,MALO,0,,,,,0,RECIBOS DE NOMINA,MEDIO_A,NO_CLIENTE,0,ALTO,0%,1,96,0,0,0,0,40,HIPOTECA,LICENCIATURA
2.01408E+16,193,RECHAZADA,PENDIENTE,RECHAZADO,MALO,0,,,,,0,RECIBOS DE NOMINA,MEDIO_A,NO_CLIENTE,0,ALTO,0%,4,97,0,0,0,0,52,HIPOTECA,PREPARATORIA
2.01408E+16,245,RECHAZADA,PENDIENTE,RECHAZADO,MALO,0,,,,,0,RECIBOS DE NOMINA,ALTO_B,NO_CLIENTE,0,ALTO,0%,2,98,0,0,0,0,34,FAMILIARES,POSGRADO
2.01407E+16,169,RECHAZADA,PENDIENTE,RECHAZADO,MALO,0,,,,,0,RECIBOS DE NOMINA,MEDIO_B,NO_CLIENTE,0,ALTO,0%,2,100,0,0,0,0,57,RENTA,PREPARATORIA
2.01408E+16,206,RECHAZADA,PENDIENTE,RECHAZADO,MALO,0,,0,,,39760,RECIBOS DE NOMINA,MEDIO_A,CLIENTE_BANCO,2999,ALTO,0%,4,100,0,2340,0,0,46,FAMILIARES,PREPARATORIA
2.01408E+16,197,RECHAZADA,PENDIENTE,RECHAZADO,MALO,0,,,,,0,RECIBOS DE NOMINA,MEDIO_A,NO_CLIENTE,0,ALTO,0%,0,101,0,0,0,0,29,PROPIA,LICENCIATURA
2.01407E+16,214,RECHAZADA,PENDIENTE,RECHAZADO,MALO,0,,2,,0.00%,0,INVERSIONES,MEDIO_B,NO_CLIENTE,0,ALTO,0%,5,89,0,13465,13465,0,60,FAMILIARES,PREPARATORIA
2.01407E+16,225,RECHAZADA,PENDIENTE,RECHAZADO,MALO,0,,,,,0,RECIBOS DE NOMINA,MEDIO_B,NO_CLIENTE,0,ALTO,0%,5,91,0,0,0,0,40,RENTA,LICENCIATURA
2.01408E+16,202,RECHAZADA,PENDIENTE,RECHAZADO,MALO,0,,,,,0,RECIBOS DE NOMINA,ALTO_A,NO_CLIENTE,0,ALTO,0%,4,91,0,0,0,0,47,PROPIA,POSGRADO
2.01408E+16,238,RECHAZADA,PENDIENTE,RECHAZADO,MALO,0,,1,,,0,INVERSIONES,ALTO_A,NO_CLIENTE,205700,ALTO,0%,3,91,0,53149,4310,0,47,PROPIA,POSGRADO
2.01407E+16,168,RECHAZADA,PENDIENTE,RECHAZADO,MALO,0,,,,,0,RECIBOS DE NOMINA,MEDIO_B,NO_CLIENTE,0,ALTO,0%,3,96,0,0,0,0,58,RENTA,PREPARATORIA
2.01407E+16,196,RECHAZADA,PENDIENTE,RECHAZADO,MALO,0,,,,,0,INVERSIONES,MEDIO_A,NO_CLIENTE,0,ALTO,0%,1,96,0,0,0,0,51,PROPIA,LICENCIATURA
2.01407E+16,231,RECHAZADA,PENDIENTE,RECHAZADO,MALO,0,,,,,0,INVERSIONES,ALTO_B,NO_CLIENTE,0,ALTO,0%,2,101,0,0,0,0,59,RENTA,POSGRADO
2.01408E+16,187,RECHAZADA,PENDIENTE,RECHAZADO,MALO,0,,,,,0,INVERSIONES,MEDIO_A,NO_CLIENTE,0,ALTO,0%,0,101,0,0,0,0,36,HIPOTECA,PREPARATORIA
2.01408E+16,222,RECHAZADA,PENDIENTE,RECHAZADO,MALO,0,,0,,,0,INVERSIONES,MEDIO_B,NO_CLIENTE,0,ALTO,0%,2,90,0,9752,250,0,45,FAMILIARES,LICENCIATURA
2.01408E+16,172,RECHAZADA,PENDIENTE,RECHAZADO,MALO,0,,,,,0,INVERSIONES,ALTO_B,NO_CLIENTE,0,ALTO,0%,3,90,0,0,0,0,59,FAMILIARES,POSGRADO
2.01408E+16,212,RECHAZADA,PENDIENTE,RECHAZADO,MALO,0,,,,,0,INVERSIONES,MEDIO_A,NO_CLIENTE,0,ALTO,0%,4,90,0,0,0,0,55,HIPOTECA,LICENCIATURA
2.01407E+16,240,RECHAZADA,PENDIENTE,RECHAZADO,MALO,0,,0,,,0,INVERSIONES,ALTO_A,NO_CLIENTE,0,ALTO,0%,5,93,0,3,3,0,52,PROPIA,POSGRADO
2.01408E+16,229,RECHAZADA,PENDIENTE,RECHAZADO,MALO,0,,,,,0,RECIBOS DE NOMINA,MEDIO_B,NO_CLIENTE,0,ALTO,0%,2,96,0,0,0,0,46,FAMILIARES,PREPARATORIA
2.01408E+16,247,RECHAZADA,PENDIENTE,RECHAZADO,MALO,0,,,,,0,RECIBOS DE NOMINA,MEDIO_B,NO_CLIENTE,0,ALTO,0%,2,97,0,0,0,0,28,FAMILIARES,LICENCIATURA
2.01408E+16,234,RECHAZADA,PENDIENTE,RECHAZADO,MALO,0,,,,,0,INVERSIONES,ALTO_B,NO_CLIENTE,0,ALTO,0%,4,99,0,0,0,0,47,RENTA,POSGRADO
2.01407E+16,250,RECHAZADA,PENDIENTE,RECHAZADO,MALO,0,,,,,0,RECIBOS DE NOMINA,MEDIO_B,NO_CLIENTE,0,ALTO,0%,2,93,0,0,0,0,37,FAMILIARES,LICENCIATURA
2.01408E+16,223,RECHAZADA,PENDIENTE,RECHAZADO,MALO,0,,,,,0,RECIBOS DE NOMINA,MEDIO_A,NO_CLIENTE,0,ALTO,0%,4,93,0,0,0,0,29,HIPOTECA,LICENCIATURA
2.01407E+16,166,RECHAZADA,PENDIENTE,RECHAZADO,MALO,0,,0,,,0,RECIBOS DE NOMINA,MEDIO_A,NO_CLIENTE,0,ALTO,0%,3,96,0,10000,0,0,55,HIPOTECA,LICENCIATURA
2.01407E+16,227,RECHAZADA,PENDIENTE,RECHAZADO,MALO,0,,,,,0,INVERSIONES,MEDIO_A,NO_CLIENTE,0,ALTO,0%,3,97,0,0,0,0,31,HIPOTECA,PREPARATORIA
2.01406E+16,172,RECHAZADA,PENDIENTE,RECHAZADO,MALO,0,,,,,0,INVERSIONES,MEDIO_B,NO_CLIENTE,0,ALTO,0%,5,89,0,0,0,0,46,RENTA,LICENCIATURA
2.01407E+16,202,RECHAZADA,PENDIENTE,RECHAZADO,MALO,0,,0,,,0,INVERSIONES,ALTO_B,NO_CLIENTE,0,ALTO,0%,4,89,0,33133,1460,0,33,RENTA,POSGRADO
2.01408E+16,188,RECHAZADA,PENDIENTE,RECHAZADO,MALO,0,,,,,0,RECIBOS DE NOMINA,ALTO_B,NO_CLIENTE,0,ALTO,0%,2,91,0,0,0,0,27,FAMILIARES,POSGRADO
2.01407E+16,182,RECHAZADA,PENDIENTE,RECHAZADO,MALO,0,,,,,0,RECIBOS DE NOMINA,MEDIO_B,NO_CLIENTE,0,ALTO,0%,4,92,0,0,0,0,30,RENTA,PREPARATORIA
2.01407E+16,253,RECHAZADA,PENDIENTE,RECHAZADO,MALO,0,,0,,,0,INVERSIONES,ALTO_B,NO_CLIENTE,0,ALTO,0%,4,92,0,12292,0,0,29,HIPOTECA,POSGRADO
2.01408E+16,177,RECHAZADA,PENDIENTE,RECHAZADO,MALO,0,,,,,0,RECIBOS DE NOMINA,MEDIO_B,NO_CLIENTE,0,ALTO,0%,2,93,0,0,0,0,33,FAMILIARES,LICENCIATURA
2.01408E+16,226,RECHAZADA,PENDIENTE,RECHAZADO,MALO,0,,,,,0,RECIBOS DE NOMINA,BAJO_A,NO_CLIENTE,0,ALTO,0%,3,94,0,0,0,0,47,FAMILIARES,SECUNDARIA
2.01406E+16,225,RECHAZADA,PENDIENTE,RECHAZADO,MALO,0,,,,,0,INVERSIONES,MEDIO_B,NO_CLIENTE,0,ALTO,0%,4,95,0,0,0,0,40,FAMILIARES,PREPARATORIA
2.01408E+16,180,RECHAZADA,PENDIENTE,RECHAZADO,MALO,0,,,,,0,RECIBOS DE NOMINA,MEDIO_A,NO_CLIENTE,0,ALTO,0%,3,98,0,0,0,0,29,HIPOTECA,PREPARATORIA
2.01408E+16,209,RECHAZADA,PENDIENTE,RECHAZADO,MALO,0,,,,,0,RECIBOS DE NOMINA,MEDIO_B,NO_CLIENTE,0,ALTO,0%,1,100,0,0,0,0,45,RENTA,PREPARATORIA
2.01408E+16,240,RECHAZADA,PENDIENTE,RECHAZADO,MALO,0,,,,,0,RECIBOS DE NOMINA,MEDIO_B,NO_CLIENTE,0,ALTO,0%,0,101,0,0,0,0,59,RENTA,LICENCIATURA
2.01408E+16,238,RECHAZADA,PENDIENTE,RECHAZADO,MALO,0,,,,,0,RECIBOS DE NOMINA,MEDIO_A,NO_CLIENTE,0,ALTO,0%,2,101,0,0,0,0,37,PROPIA,LICENCIATURA
2.01408E+16,171,RECHAZADA,PENDIENTE,RECHAZADO,MALO,0,,,,,0,RECIBOS DE NOMINA,MEDIO_B,NO_CLIENTE,0,ALTO,0%,5,89,0,0,0,0,39,RENTA,PREPARATORIA
2.01407E+16,244,RECHAZADA,PENDIENTE,RECHAZADO,MALO,0,,,,,0,DECLARACION ANUAL,ALTO_A,NO_CLIENTE,0,ALTO,0%,3,92,0,0,0,0,25,PROPIA,POSGRADO
2.01408E+16,165,RECHAZADA,PENDIENTE,RECHAZADO,MALO,0,,2,,0.00%,0,INVERSIONES,MEDIO_A,NO_CLIENTE,28700,ALTO,0%,5,95,0,29199,0,0,27,HIPOTECA,PREPARATORIA
2.01408E+16,193,RECHAZADA,PENDIENTE,RECHAZADO,MALO,0,,1,,,0,RECIBOS DE NOMINA,MEDIO_A,NO_CLIENTE,35500,ALTO,0%,5,97,0,0,0,0,50,PROPIA,LICENCIATURA
2.01407E+16,180,RECHAZADA,PENDIENTE,RECHAZADO,MALO,0,,,,,0,RECIBOS DE NOMINA,ALTO_B,NO_CLIENTE,0,ALTO,0%,4,99,0,0,0,0,49,HIPOTECA,POSGRADO
2.01407E+16,176,RECHAZADA,PENDIENTE,RECHAZADO,MALO,0,,,,,0,RECIBOS DE NOMINA,MEDIO_B,NO_CLIENTE,0,ALTO,0%,1,99,0,0,0,0,56,FAMILIARES,PREPARATORIA
2.01407E+16,184,RECHAZADA,PENDIENTE,RECHAZADO,MALO,0,,,,,0,RECIBOS DE NOMINA,ALTO_B,NO_CLIENTE,0,ALTO,0%,4,94,0,0,0,0,26,FAMILIARES,POSGRADO
2.01408E+16,214,RECHAZADA,PENDIENTE,RECHAZADO,MALO,0,,,,,0,INVERSIONES,MEDIO_A,NO_CLIENTE,0,ALTO,0%,2,97,0,0,0,0,43,HIPOTECA,PREPARATORIA
2.01408E+16,174,RECHAZADA,PENDIENTE,RECHAZADO,MALO,0,,3,,0.00%,0,INVERSIONES,MEDIO_B,NO_CLIENTE,25000,ALTO,0%,5,89,0,13968,320,0,30,RENTA,LICENCIATURA
2.01407E+16,202,RECHAZADA,PENDIENTE,RECHAZADO,MALO,0,,,,,0,INVERSIONES,ALTO_A,NO_CLIENTE,0,ALTO,0%,4,93,0,0,0,0,30,PROPIA,POSGRADO
2.01408E+16,213,RECHAZADA,PENDIENTE,RECHAZADO,MALO,0,,,,,0,RECIBOS DE NOMINA,MEDIO_B,NO_CLIENTE,0,ALTO,0%,4,93,0,0,0,0,47,FAMILIARES,LICENCIATURA
2.01408E+16,178,RECHAZADA,PENDIENTE,RECHAZADO,MALO,0,,,,,0,RECIBOS DE NOMINA,ALTO_B,NO_CLIENTE,0,ALTO,0%,3,93,0,0,0,0,40,HIPOTECA,POSGRADO
2.01407E+16,235,RECHAZADA,PENDIENTE,RECHAZADO,MALO,0,,1,,0.00%,0,INVERSIONES,MEDIO_B,NO_CLIENTE,0,ALTO,0%,2,94,0,1926,390,0,27,FAMILIARES,PREPARATORIA
2.01408E+16,222,RECHAZADA,PENDIENTE,RECHAZADO,MALO,0,,,,,0,INVERSIONES,ALTO_B,NO_CLIENTE,0,ALTO,0%,4,101,0,0,0,0,45,FAMILIARES,POSGRADO
2.01408E+16,209,RECHAZADA,PENDIENTE,RECHAZADO,MALO,0,,0,,,0,INVERSIONES,MEDIO_A,NO_CLIENTE,5000,ALTO,0%,1,95,0,103,0,0,33,PROPIA,LICENCIATURA
2.01408E+16,206,RECHAZADA,PENDIENTE,RECHAZADO,MALO,0,,,,,0,RECIBOS DE NOMINA,MEDIO_A,NO_CLIENTE,0,ALTO,0%,2,98,0,0,0,0,32,HIPOTECA,PREPARATORIA
2.01407E+16,168,RECHAZADA,PENDIENTE,RECHAZADO,MALO,0,,,,,0,INVERSIONES,MEDIO_A,NO_CLIENTE,0,ALTO,0%,3,95,0,0,0,0,51,PROPIA,LICENCIATURA
2.01408E+16,158,EN_PROCESO,PENDIENTE,RECHAZADO,MALO,0,,,,,0,INVERSIONES,MEDIO_A,NO_CLIENTE,0,ALTO,0%,2,95,0,0,0,0,44,FAMILIARES,PREPARATORIA
2.01407E+16,173,RECHAZADA,PENDIENTE,RECHAZADO,MALO,0,,,,,0,DECLARACION ANUAL,MEDIO_B,NO_CLIENTE,0,ALTO,0%,3,98,0,0,0,0,57,RENTA,PREPARATORIA
2.01408E+16,251,RECHAZADA,PENDIENTE,RECHAZADO,MALO,0,,,,,0,INVERSIONES,MEDIO_B,NO_CLIENTE,0,ALTO,0%,4,99,0,0,0,0,40,FAMILIARES,LICENCIATURA
2.01408E+16,212,RECHAZADA,PENDIENTE,RECHAZADO,MALO,0,,,,,0,RECIBOS DE NOMINA,MEDIO_B,NO_CLIENTE,0,ALTO,0%,0,100,0,0,0,0,30,FAMILIARES,PREPARATORIA
2.01406E+16,161,RECHAZADA,PENDIENTE,RECHAZADO,MALO,0,,,,,0,INVERSIONES,MEDIO_B,NO_CLIENTE,0,ALTO,0%,5,89,0,0,0,0,59,RENTA,PREPARATORIA
2.01407E+16,228,RECHAZADA,PENDIENTE,RECHAZADO,MALO,0,,,,,0,RECIBOS DE NOMINA,ALTO_A,NO_CLIENTE,0,ALTO,0%,4,89,0,0,0,0,34,PROPIA,POSGRADO
2.01407E+16,185,RECHAZADA,PENDIENTE,RECHAZADO,MALO,0,,,,,0,INVERSIONES,MEDIO_A,NO_CLIENTE,0,ALTO,0%,5,91,0,0,0,0,47,HIPOTECA,LICENCIATURA
2.01407E+16,258,RECHAZADA,PENDIENTE,RECHAZADO,MALO,0,,1,,0.00%,0,INVERSIONES,MEDIO_A,NO_CLIENTE,0,ALTO,0%,3,91,0,2614,250,0,58,HIPOTECA,PREPARATORIA
2.01408E+16,213,RECHAZADA,PENDIENTE,RECHAZADO,MALO,0,,,,,0,RECIBOS DE NOMINA,MEDIO_B,NO_CLIENTE,0,ALTO,0%,5,92,0,0,0,0,60,RENTA,PREPARATORIA
2.01407E+16,252,RECHAZADA,PENDIENTE,RECHAZADO,MALO,0,,0,,,0,INVERSIONES,MEDIO_B,NO_CLIENTE,0,ALTO,0%,5,93,0,5295,360,0,32,RENTA,LICENCIATURA
2.01407E+16,179,RECHAZADA,PENDIENTE,RECHAZADO,MALO,0,,,,,0,RECIBOS DE NOMINA,MEDIO_A,NO_CLIENTE,0,ALTO,0%,3,99,0,0,0,0,48,HIPOTECA,PREPARATORIA
2.01408E+16,196,RECHAZADA,PENDIENTE,RECHAZADO,MALO,0,,0,,,0,INVERSIONES,MEDIO_B,NO_CLIENTE,62100,ALTO,0%,0,101,0,17563,370,0,29,FAMILIARES,PREPARATORIA
2.01408E+16,207,RECHAZADA,PENDIENTE,RECHAZADO,MALO,0,,,,,0,INVERSIONES,MEDIO_B,NO_CLIENTE,0,ALTO,0%,3,101,0,0,0,0,57,FAMILIARES,LICENCIATURA
2.01408E+16,259,RECHAZADA,PENDIENTE,RECHAZADO,MALO,0,,,,,0,INVERSIONES,ALTO_B,NO_CLIENTE,0,ALTO,0%,5,89,0,0,0,0,36,RENTA,POSGRADO
2.01407E+16,162,RECHAZADA,PENDIENTE,RECHAZADO,MALO,0,,,,,0,INVERSIONES,MEDIO_A,NO_CLIENTE,0,ALTO,0%,4,90,0,0,0,0,57,HIPOTECA,LICENCIATURA
2.01408E+16,232,RECHAZADA,PENDIENTE,RECHAZADO,MALO,0,,1,,0.00%,0,INVERSIONES,MEDIO_B,NO_CLIENTE,0,ALTO,0%,3,92,0,51854,5960,0,35,RENTA,PREPARATORIA
2.01407E+16,213,RECHAZADA,PENDIENTE,RECHAZADO,MALO,0,,1,,0.00%,0,RECIBOS DE NOMINA,MEDIO_A,NO_CLIENTE,0,ALTO,0%,4,94,0,9203,6810,0,28,HIPOTECA,PREPARATORIA
2.01408E+16,233,RECHAZADA,PENDIENTE,RECHAZADO,MALO,0,,0,,,0,RECIBOS DE NOMINA,MEDIO_A,NO_CLIENTE,0,ALTO,0%,4,96,0,5128,0,0,30,HIPOTECA,LICENCIATURA
2.01408E+16,197,RECHAZADA,PENDIENTE,RECHAZADO,MALO,0,,,,,0,RECIBOS DE NOMINA,MEDIO_B,NO_CLIENTE,0,ALTO,0%,5,96,0,0,0,0,33,FAMILIARES,PREPARATORIA
2.01407E+16,166,RECHAZADA,PENDIENTE,RECHAZADO,MALO,0,,,,,0,RECIBOS DE NOMINA,ALTO_B,NO_CLIENTE,0,ALTO,0%,3,98,0,0,0,0,54,HIPOTECA,POSGRADO
2.01406E+16,243,RECHAZADA,PENDIENTE,RECHAZADO,MALO,0,,,,,0,RECIBOS DE NOMINA,MEDIO_A,NO_CLIENTE,0,ALTO,0%,3,100,0,0,0,0,53,HIPOTECA,PREPARATORIA
2.01407E+16,167,RECHAZADA,PENDIENTE,RECHAZADO,MALO,0,,,,,0,RECIBOS DE NOMINA,MEDIO_B,NO_CLIENTE,0,ALTO,0%,5,89,0,0,0,0,49,RENTA,LICENCIATURA
2.01408E+16,226,RECHAZADA,PENDIENTE,RECHAZADO,MALO,0,,,,,0,INVERSIONES,MEDIO_A,NO_CLIENTE,0,ALTO,0%,2,90,0,0,0,0,56,PROPIA,LICENCIATURA
2.01407E+16,205,RECHAZADA,PENDIENTE,RECHAZADO,MALO,0,,,,,0,RECIBOS DE NOMINA,MEDIO_A,NO_CLIENTE,0,ALTO,0%,3,92,0,0,0,0,46,HIPOTECA,PREPARATORIA
2.01408E+16,200,RECHAZADA,PENDIENTE,RECHAZADO,MALO,0,,0,,,0,INVERSIONES,ALTO_B,NO_CLIENTE,25000,ALTO,0%,4,92,0,16768,0,0,26,RENTA,POSGRADO
2.01408E+16,221,RECHAZADA,PENDIENTE,RECHAZADO,MALO,0,,,,,0,RECIBOS DE NOMINA,ALTO_B,NO_CLIENTE,0,ALTO,0%,2,92,0,0,0,0,28,HIPOTECA,POSGRADO
2.01408E+16,225,RECHAZADA,PENDIENTE,RECHAZADO,MALO,0,,,,,0,RECIBOS DE NOMINA,ALTO_B,NO_CLIENTE,0,ALTO,0%,3,92,0,0,0,0,54,HIPOTECA,POSGRADO
2.01408E+16,193,RECHAZADA,PENDIENTE,RECHAZADO,MALO,0,,,,,0,RECIBOS DE NOMINA,MEDIO_A,NO_CLIENTE,0,ALTO,0%,3,97,0,0,0,0,47,HIPOTECA,LICENCIATURA
2.01407E+16,240,RECHAZADA,PENDIENTE,RECHAZADO,MALO,0,,,,,0,RECIBOS DE NOMINA,MEDIO_B,NO_CLIENTE,0,ALTO,0%,1,98,0,0,0,0,37,FAMILIARES,PREPARATORIA
2.01408E+16,217,RECHAZADA,PENDIENTE,RECHAZADO,MALO,0,,,,,0,RECIBOS DE NOMINA,MEDIO_A,NO_CLIENTE,0,ALTO,0%,3,99,0,0,0,0,40,HIPOTECA,LICENCIATURA
2.01408E+16,164,RECHAZADA,PENDIENTE,RECHAZADO,MALO,0,,,,,0,RECIBOS DE NOMINA,MEDIO_A,NO_CLIENTE,0,ALTO,0%,2,99,0,0,0,0,30,HIPOTECA,PREPARATORIA
2.01408E+16,177,RECHAZADA,PENDIENTE,RECHAZADO,MALO,0,,,,,0,RECIBOS DE NOMINA,MEDIO_B,NO_CLIENTE,0,ALTO,0%,3,100,0,0,0,0,46,RENTA,PREPARATORIA
2.01408E+16,217,RECHAZADA,PENDIENTE,RECHAZADO,MALO,0,,,,,0,RECIBOS DE NOMINA,MEDIO_B,NO_CLIENTE,0,ALTO,0%,5,92,0,0,0,0,47,RENTA,PREPARATORIA
2.01407E+16,249,RECHAZADA,PENDIENTE,RECHAZADO,MALO,0,,,,,0,INVERSIONES,MEDIO_B,NO_CLIENTE,0,ALTO,0%,2,95,0,0,0,0,43,RENTA,LICENCIATURA
2.01407E+16,242,RECHAZADA,PENDIENTE,RECHAZADO,MALO,0,,2,,0.00%,0,RECIBOS DE NOMINA,MEDIO_B,NO_CLIENTE,0,ALTO,0%,2,98,0,16179,1060,0,57,RENTA,PREPARATORIA
2.01408E+16,173,RECHAZADA,PENDIENTE,RECHAZADO,MALO,0,,0,,0.00%,0,INVERSIONES,MEDIO_B,NO_CLIENTE,34200,ALTO,0%,5,99,0,31392,1000,0,29,FAMILIARES,PREPARATORIA
2.01407E+16,211,RECHAZADA,PENDIENTE,RECHAZADO,MALO,0,,0,,,0,INVERSIONES,MEDIO_A,NO_CLIENTE,0,ALTO,0%,4,101,0,18463,0,0,49,PROPIA,LICENCIATURA
2.01408E+16,222,RECHAZADA,PENDIENTE,RECHAZADO,MALO,0,,0,,,0,RECIBOS DE NOMINA,ALTO_B,NO_CLIENTE,40000,ALTO,0%,3,90,0,0,0,0,44,HIPOTECA,POSGRADO
2.01407E+16,221,RECHAZADA,PENDIENTE,RECHAZADO,MALO,0,,,,,0,RECIBOS DE NOMINA,ALTO_B,NO_CLIENTE,0,ALTO,0%,3,92,0,0,0,0,37,HIPOTECA,POSGRADO
2.01408E+16,218,RECHAZADA,PENDIENTE,RECHAZADO,MALO,0,,,,,0,RECIBOS DE NOMINA,ALTO_A,NO_CLIENTE,0,ALTO,0%,2,95,0,0,0,0,42,PROPIA,POSGRADO
2.01407E+16,185,RECHAZADA,PENDIENTE,RECHAZADO,MALO,0,,,,,0,RECIBOS DE NOMINA,ALTO_B,NO_CLIENTE,0,ALTO,0%,2,96,0,0,0,0,27,RENTA,POSGRADO
2.01408E+16,246,RECHAZADA,PENDIENTE,RECHAZADO,MALO,0,,0,,,0,INVERSIONES,MEDIO_A,NO_CLIENTE,69000,ALTO,0%,1,96,0,1663,0,0,52,HIPOTECA,PREPARATORIA
2.01408E+16,203,RECHAZADA,PENDIENTE,RECHAZADO,MALO,0,,,,,0,RECIBOS DE NOMINA,ALTO_A,NO_CLIENTE,0,ALTO,0%,4,96,0,0,0,0,57,PROPIA,POSGRADO
2.01407E+16,239,RECHAZADA,PENDIENTE,RECHAZADO,MALO,0,,,,,0,INVERSIONES,MEDIO_B,NO_CLIENTE,0,ALTO,0%,2,97,0,0,0,0,56,RENTA,LICENCIATURA
2.01408E+16,171,RECHAZADA,PENDIENTE,RECHAZADO,MALO,0,,0,,,0,RECIBOS DE NOMINA,MEDIO_A,NO_CLIENTE,14000,ALTO,0%,5,97,0,0,0,0,46,HIPOTECA,LICENCIATURA
2.01408E+16,257,RECHAZADA,PENDIENTE,RECHAZADO,MALO,0,,,,,0,INVERSIONES,MEDIO_A,NO_CLIENTE,0,ALTO,0%,5,99,0,0,0,0,46,HIPOTECA,PREPARATORIA
2.01407E+16,196,RECHAZADA,PENDIENTE,RECHAZADO,MALO,0,,0,,,0,INVERSIONES,ALTO_B,NO_CLIENTE,0,ALTO,0%,4,100,0,6646,750,0,56,RENTA,POSGRADO
2.01408E+16,191,RECHAZADA,PENDIENTE,RECHAZADO,MALO,0,,,,,0,RECIBOS DE NOMINA,ALTO_A,NO_CLIENTE,0,ALTO,0%,3,100,0,0,0,0,38,PROPIA,POSGRADO
2.01408E+16,215,RECHAZADA,PENDIENTE,RECHAZADO,MALO,0,,,,,0,RECIBOS DE NOMINA,ALTO_B,NO_CLIENTE,0,ALTO,0%,3,91,0,0,0,0,59,FAMILIARES,POSGRADO
2.01408E+16,259,RECHAZADA,PENDIENTE,RECHAZADO,MALO,0,,,,,0,RECIBOS DE NOMINA,ALTO_B,NO_CLIENTE,0,ALTO,0%,3,91,0,0,0,0,51,HIPOTECA,POSGRADO
2.01408E+16,256,RECHAZADA,PENDIENTE,RECHAZADO,MALO,0,,,,,0,RECIBOS DE NOMINA,MEDIO_A,NO_CLIENTE,0,ALTO,0%,2,96,0,0,0,0,49,PROPIA,LICENCIATURA
2.01407E+16,219,RECHAZADA,PENDIENTE,RECHAZADO,MALO,0,,0,,,0,DECLARACION ANUAL,MEDIO_A,NO_CLIENTE,0,ALTO,0%,2,90,0,1267,250,0,45,PROPIA,LICENCIATURA
2.01408E+16,245,RECHAZADA,PENDIENTE,RECHAZADO,MALO,0,,,,,0,RECIBOS DE NOMINA,ALTO_B,NO_CLIENTE,0,ALTO,0%,5,90,0,0,0,0,48,RENTA,POSGRADO
2.01407E+16,265,RECHAZADA,PENDIENTE,RECHAZADO,MALO,0,,,,,0,RECIBOS DE NOMINA,MEDIO_B,NO_CLIENTE,0,ALTO,0%,2,94,0,0,0,0,56,FAMILIARES,PREPARATORIA
2.01407E+16,199,RECHAZADA,PENDIENTE,RECHAZADO,MALO,0,,,,,0,RECIBOS DE NOMINA,MEDIO_B,NO_CLIENTE,0,ALTO,0%,4,99,0,0,0,0,42,FAMILIARES,PREPARATORIA
2.01407E+16,213,RECHAZADA,PENDIENTE,RECHAZADO,MALO,0,,,,,0,RECIBOS DE NOMINA,MEDIO_B,NO_CLIENTE,0,ALTO,0%,2,101,0,0,0,0,55,RENTA,LICENCIATURA
2.01408E+16,227,RECHAZADA,PENDIENTE,RECHAZADO,MALO,0,,,,,0,RECIBOS DE NOMINA,MEDIO_A,NO_CLIENTE,0,ALTO,0%,4,89,0,0,0,0,27,PROPIA,LICENCIATURA
2.01407E+16,184,RECHAZADA,PENDIENTE,RECHAZADO,MALO,0,,,,,0,RECIBOS DE NOMINA,MEDIO_A,NO_CLIENTE,0,ALTO,0%,2,91,0,0,0,0,42,HIPOTECA,PREPARATORIA
2.01406E+16,171,RECHAZADA,PENDIENTE,RECHAZADO,MALO,0,,0,,,0,INVERSIONES,MEDIO_B,NO_CLIENTE,0,ALTO,0%,5,92,0,4014,280,0,42,RENTA,LICENCIATURA
2.01408E+16,212,RECHAZADA,PENDIENTE,RECHAZADO,MALO,0,,,,,0,INVERSIONES,ALTO_B,NO_CLIENTE,0,ALTO,0%,5,92,0,0,0,0,36,RENTA,POSGRADO
2.01408E+16,184,RECHAZADA,PENDIENTE,RECHAZADO,MALO,0,,0,,0.00%,0,RECIBOS DE NOMINA,MEDIO_B,NO_CLIENTE,15,ALTO,0%,5,95,0,0,0,0,34,FAMILIARES,PREPARATORIA
2.01408E+16,176,RECHAZADA,PENDIENTE,RECHAZADO,MALO,0,,,,,0,INVERSIONES,ALTO_B,NO_CLIENTE,0,ALTO,0%,4,96,0,0,0,0,28,FAMILIARES,POSGRADO
2.01408E+16,244,RECHAZADA,PENDIENTE,RECHAZADO,MALO,0,,,,,0,RECIBOS DE NOMINA,ALTO_B,NO_CLIENTE,0,ALTO,0%,4,99,0,0,0,0,35,HIPOTECA,POSGRADO
2.01407E+16,241,RECHAZADA,PENDIENTE,RECHAZADO,MALO,0,,,,,0,INVERSIONES,MEDIO_B,NO_CLIENTE,0,ALTO,0%,3,100,0,0,0,0,37,RENTA,LICENCIATURA
2.01408E+16,219,RECHAZADA,PENDIENTE,RECHAZADO,MALO,0,,,,,0,RECIBOS DE NOMINA,MEDIO_A,NO_CLIENTE,0,ALTO,0%,3,100,0,0,0,0,53,HIPOTECA,LICENCIATURA
2.01406E+16,188,RECHAZADA,PENDIENTE,RECHAZADO,MALO,0,,,,,0,RECIBOS DE NOMINA,MEDIO_A,NO_CLIENTE,0,ALTO,0%,3,101,0,0,0,0,48,HIPOTECA,LICENCIATURA
2.01407E+16,229,RECHAZADA,PENDIENTE,RECHAZADO,MALO,0,,,,,0,RECIBOS DE NOMINA,MEDIO_B,NO_CLIENTE,0,ALTO,0%,3,101,0,0,0,0,51,FAMILIARES,PREPARATORIA
2.01408E+16,193,RECHAZADA,PENDIENTE,RECHAZADO,MALO,0,,,,,0,RECIBOS DE NOMINA,MEDIO_B,NO_CLIENTE,0,ALTO,0%,2,90,0,0,0,0,46,FAMILIARES,PREPARATORIA
2.01407E+16,199,RECHAZADA,PENDIENTE,RECHAZADO,MALO,0,,0,,,0,INVERSIONES,ALTO_A,NO_CLIENTE,0,ALTO,0%,3,92,0,5866,280,0,39,PROPIA,POSGRADO
2.01407E+16,187,RECHAZADA,PENDIENTE,RECHAZADO,MALO,0,,,,,0,INVERSIONES,ALTO_A,NO_CLIENTE,0,ALTO,0%,3,96,0,0,0,0,49,PROPIA,POSGRADO
2.01407E+16,234,RECHAZADA,PENDIENTE,RECHAZADO,MALO,0,,,,,0,RECIBOS DE NOMINA,ALTO_B,NO_CLIENTE,0,ALTO,0%,2,97,0,0,0,0,47,HIPOTECA,POSGRADO
2.01408E+16,258,RECHAZADA,PENDIENTE,RECHAZADO,MALO,0,,,,,0,RECIBOS DE NOMINA,MEDIO_A,NO_CLIENTE,0,ALTO,0%,2,98,0,0,0,0,45,HIPOTECA,LICENCIATURA
2.01408E+16,215,RECHAZADA,PENDIENTE,RECHAZADO,MALO,0,,,,,0,RECIBOS DE NOMINA,ALTO_B,NO_CLIENTE,0,ALTO,0%,1,98,0,0,0,0,35,FAMILIARES,POSGRADO
2.01408E+16,200,RECHAZADA,PENDIENTE,RECHAZADO,MALO,0,,,,,0,RECIBOS DE NOMINA,BAJO_A,NO_CLIENTE,0,ALTO,0%,3,99,0,0,0,0,46,FAMILIARES,SECUNDARIA
2.01408E+16,189,RECHAZADA,PENDIENTE,RECHAZADO,MALO,0,,,,,0,RECIBOS DE NOMINA,MEDIO_B,NO_CLIENTE,0,ALTO,0%,2,99,0,0,0,0,54,RENTA,PREPARATORIA
2.01408E+16,213,RECHAZADA,PENDIENTE,RECHAZADO,MALO,0,,,,,0,RECIBOS DE NOMINA,BAJO_A,NO_CLIENTE,0,ALTO,0%,0,101,0,0,0,0,25,RENTA,SECUNDARIA
2.01407E+16,250,RECHAZADA,PENDIENTE,RECHAZADO,MALO,0,,,,,0,INVERSIONES,MEDIO_A,NO_CLIENTE,0,ALTO,0%,3,93,0,0,0,0,60,HIPOTECA,LICENCIATURA
2.01408E+16,219,RECHAZADA,PENDIENTE,RECHAZADO,MALO,0,,,,,0,INVERSIONES,MEDIO_A,NO_CLIENTE,0,ALTO,0%,3,94,0,0,0,0,26,HIPOTECA,PREPARATORIA
2.01407E+16,202,RECHAZADA,PENDIENTE,RECHAZADO,MALO,0,,,,,0,RECIBOS DE NOMINA,MEDIO_A,NO_CLIENTE,0,ALTO,0%,2,95,0,0,0,0,49,HIPOTECA,PREPARATORIA
2.01407E+16,252,RECHAZADA,PENDIENTE,RECHAZADO,MALO,0,,,,,0,INVERSIONES,MEDIO_A,NO_CLIENTE,0,ALTO,0%,2,96,0,0,0,0,53,PROPIA,LICENCIATURA
2.01407E+16,188,RECHAZADA,PENDIENTE,RECHAZADO,MALO,0,,,,,0,INVERSIONES,ALTO_A,NO_CLIENTE,0,ALTO,0%,3,97,0,0,0,0,53,PROPIA,POSGRADO
2.01408E+16,268,RECHAZADA,PENDIENTE,RECHAZADO,MALO,0,,,,,0,RECIBOS DE NOMINA,ALTO_B,NO_CLIENTE,0,ALTO,0%,2,97,0,0,0,0,42,HIPOTECA,POSGRADO
2.01408E+16,248,RECHAZADA,PENDIENTE,RECHAZADO,MALO,0,,0,,,0,INVERSIONES,MEDIO_A,NO_CLIENTE,0,ALTO,0%,3,91,0,3051,380,0,52,HIPOTECA,LICENCIATURA
2.01408E+16,213,RECHAZADA,PENDIENTE,RECHAZADO,MALO,0,,,,,0,RECIBOS DE NOMINA,MEDIO_A,NO_CLIENTE,0,ALTO,0%,3,94,0,0,0,0,44,PROPIA,LICENCIATURA
2.01408E+16,190,RECHAZADA,PENDIENTE,RECHAZADO,MALO,0,,,,,0,RECIBOS DE NOMINA,ALTO_B,NO_CLIENTE,0,ALTO,0%,5,97,0,0,0,0,50,RENTA,POSGRADO
2.01407E+16,170,RECHAZADA,PENDIENTE,RECHAZADO,MALO,0,,,,,0,RECIBOS DE NOMINA,MEDIO_A,NO_CLIENTE,0,ALTO,0%,3,98,0,0,0,0,35,HIPOTECA,LICENCIATURA
2.01408E+16,218,RECHAZADA,PENDIENTE,RECHAZADO,MALO,0,,,,,0,RECIBOS DE NOMINA,MEDIO_B,NO_CLIENTE,0,ALTO,0%,3,90,0,0,0,0,52,FAMILIARES,PREPARATORIA
2.01407E+16,246,RECHAZADA,PENDIENTE,RECHAZADO,MALO,0,,,,,0,INVERSIONES,MEDIO_B,NO_CLIENTE,0,ALTO,0%,2,93,0,0,0,0,47,RENTA,LICENCIATURA
2.01407E+16,211,RECHAZADA,PENDIENTE,RECHAZADO,MALO,0,,,,,0,RECIBOS DE NOMINA,MEDIO_B,NO_CLIENTE,0,ALTO,0%,5,93,0,0,0,0,60,RENTA,LICENCIATURA
2.01407E+16,186,RECHAZADA,PENDIENTE,RECHAZADO,MALO,0,,,,,0,RECIBOS DE NOMINA,MEDIO_A,NO_CLIENTE,0,ALTO,0%,4,95,0,0,0,0,50,HIPOTECA,PREPARATORIA
2.01408E+16,171,RECHAZADA,PENDIENTE,RECHAZADO,MALO,0,,,,,0,RECIBOS DE NOMINA,MEDIO_A,NO_CLIENTE,0,ALTO,0%,4,97,0,0,0,0,49,HIPOTECA,LICENCIATURA
2.01407E+16,208,RECHAZADA,PENDIENTE,RECHAZADO,MALO,0,,2,,0.00%,0,INVERSIONES,MEDIO_A,NO_CLIENTE,0,ALTO,0%,4,98,0,23896,0,0,45,HIPOTECA,PREPARATORIA
2.01408E+16,224,RECHAZADA,PENDIENTE,RECHAZADO,MALO,0,,,,,0,RECIBOS DE NOMINA,MEDIO_A,NO_CLIENTE,0,ALTO,0%,3,98,0,0,0,0,39,HIPOTECA,PREPARATORIA
2.01408E+16,219,RECHAZADA,PENDIENTE,RECHAZADO,MALO,0,,0,,,0,INVERSIONES,MEDIO_A,NO_CLIENTE,15000,ALTO,0%,5,89,0,13161,0,0,45,HIPOTECA,PREPARATORIA
2.01408E+16,269,RECHAZADA,PENDIENTE,RECHAZADO,MALO,0,,,,,0,RECIBOS DE NOMINA,MEDIO_A,NO_CLIENTE,0,ALTO,0%,4,90,0,0,0,0,30,HIPOTECA,PREPARATORIA
2.01408E+16,182,RECHAZADA,PENDIENTE,RECHAZADO,MALO,0,,0,,,0,INVERSIONES,MEDIO_A,NO_CLIENTE,5000,ALTO,0%,4,91,0,1743,0,0,32,PROPIA,LICENCIATURA
2.01408E+16,190,RECHAZADA,PENDIENTE,RECHAZADO,MALO,0,,,,,0,RECIBOS DE NOMINA,MEDIO_A,NO_CLIENTE,0,ALTO,0%,4,91,0,0,0,0,49,HIPOTECA,LICENCIATURA
2.01408E+16,245,RECHAZADA,PENDIENTE,RECHAZADO,MALO,0,,,,,0,RECIBOS DE NOMINA,ALTO_B,NO_CLIENTE,0,ALTO,0%,5,92,0,0,0,0,49,HIPOTECA,POSGRADO
2.01408E+16,226,RECHAZADA,PENDIENTE,RECHAZADO,MALO,0,,,,,0,RECIBOS DE NOMINA,MEDIO_A,NO_CLIENTE,0,ALTO,0%,3,92,0,0,0,0,25,PROPIA,LICENCIATURA
2.01407E+16,196,RECHAZADA,PENDIENTE,RECHAZADO,MALO,0,,,,,0,RECIBOS DE NOMINA,MEDIO_B,NO_CLIENTE,0,ALTO,0%,3,94,0,0,0,0,52,RENTA,PREPARATORIA
2.01408E+16,181,RECHAZADA,PENDIENTE,RECHAZADO,MALO,0,,,,,0,RECIBOS DE NOMINA,MEDIO_B,NO_CLIENTE,0,ALTO,0%,2,94,0,0,0,0,39,FAMILIARES,LICENCIATURA
2.01406E+16,252,RECHAZADA,PENDIENTE,RECHAZADO,MALO,0,,,,,0,RECIBOS DE NOMINA,MEDIO_A,NO_CLIENTE,0,ALTO,0%,3,95,0,0,0,0,42,HIPOTECA,PREPARATORIA
2.01408E+16,182,RECHAZADA,PENDIENTE,RECHAZADO,MALO,0,,,,,0,RECIBOS DE NOMINA,ALTO_B,NO_CLIENTE,0,ALTO,0%,5,97,0,0,0,0,44,RENTA,POSGRADO
2.01407E+16,267,RECHAZADA,PENDIENTE,RECHAZADO,MALO,0,,,,,0,INVERSIONES,ALTO_B,NO_CLIENTE,0,ALTO,0%,2,99,0,0,0,0,50,FAMILIARES,POSGRADO
2.01408E+16,173,RECHAZADA,PENDIENTE,RECHAZADO,MALO,0,,0,,,0,RECIBOS DE NOMINA,MEDIO_A,NO_CLIENTE,0,ALTO,0%,2,99,0,730,0,0,57,HIPOTECA,LICENCIATURA
2.01408E+16,212,RECHAZADA,PENDIENTE,RECHAZADO,MALO,0,,,,,0,INVERSIONES,BAJO_A,NO_CLIENTE,0,ALTO,0%,0,100,0,0,0,0,40,FAMILIARES,SECUNDARIA
2.01408E+16,173,RECHAZADA,PENDIENTE,RECHAZADO,MALO,0,,,,,0,RECIBOS DE NOMINA,ALTO_B,NO_CLIENTE,0,ALTO,0%,0,101,0,0,0,0,34,FAMILIARES,POSGRADO
2.01407E+16,194,RECHAZADA,PENDIENTE,RECHAZADO,MALO,0,,,,,0,RECIBOS DE NOMINA,MEDIO_B,NO_CLIENTE,0,ALTO,0%,5,89,0,0,0,0,53,FAMILIARES,LICENCIATURA
2.01407E+16,208,RECHAZADA,PENDIENTE,RECHAZADO,MALO,0,,,,,0,INVERSIONES,ALTO_B,NO_CLIENTE,0,ALTO,0%,3,90,0,0,0,0,53,HIPOTECA,POSGRADO
2.01408E+16,182,RECHAZADA,PENDIENTE,RECHAZADO,MALO,0,,,,,38448,RECIBOS DE NOMINA,ALTO_B,CLIENTE_BANCO,0,ALTO,0%,5,94,0,0,0,0,41,FAMILIARES,PREPARATORIA
2.01408E+16,189,RECHAZADA,PENDIENTE,RECHAZADO,MALO,0,,,,,0,DECLARACION ANUAL,ALTO_A,NO_CLIENTE,0,ALTO,0%,3,95,0,0,0,0,52,PROPIA,POSGRADO
2.01408E+16,213,RECHAZADA,PENDIENTE,RECHAZADO,MALO,0,,,,,0,RECIBOS DE NOMINA,MEDIO_B,NO_CLIENTE,0,ALTO,0%,1,97,0,0,0,0,41,RENTA,PREPARATORIA
2.01408E+16,224,RECHAZADA,PENDIENTE,RECHAZADO,MALO,0,,,,,0,RECIBOS DE NOMINA,ALTO_B,NO_CLIENTE,0,ALTO,0%,4,99,0,0,0,0,40,HIPOTECA,POSGRADO
2.01407E+16,180,RECHAZADA,PENDIENTE,RECHAZADO,MALO,0,,0,,,0,INVERSIONES,ALTO_B,NO_CLIENTE,0,ALTO,0%,1,100,0,256,256,0,30,HIPOTECA,POSGRADO
2.01408E+16,249,RECHAZADA,PENDIENTE,RECHAZADO,MALO,0,,,,,0,RECIBOS DE NOMINA,ALTO_B,NO_CLIENTE,0,ALTO,0%,0,101,0,0,0,0,35,RENTA,POSGRADO
2.01408E+16,249,RECHAZADA,PENDIENTE,RECHAZADO,MALO,0,,1,,0.00%,0,INVERSIONES,MEDIO_A,NO_CLIENTE,57000,ALTO,0%,0,101,0,3303,0,0,29,HIPOTECA,LICENCIATURA
2.01407E+16,239,RECHAZADA,PENDIENTE,RECHAZADO,MALO,0,,,,,0,RECIBOS DE NOMINA,MEDIO_B,NO_CLIENTE,0,ALTO,0%,5,91,0,0,0,0,59,FAMILIARES,LICENCIATURA
2.01408E+16,221,RECHAZADA,PENDIENTE,RECHAZADO,MALO,0,,0,,,0,INVERSIONES,MEDIO_B,NO_CLIENTE,12000,ALTO,0%,4,95,0,6532,470,0,59,FAMILIARES,PREPARATORIA
2.01408E+16,216,RECHAZADA,PENDIENTE,RECHAZADO,MALO,0,,,,,0,INVERSIONES,MEDIO_A,NO_CLIENTE,0,ALTO,0%,3,97,0,0,0,0,51,HIPOTECA,LICENCIATURA
2.01408E+16,192,RECHAZADA,PENDIENTE,RECHAZADO,MALO,0,,,,,0,RECIBOS DE NOMINA,BAJO_A,NO_CLIENTE,0,ALTO,0%,3,98,0,0,0,0,30,RENTA,SECUNDARIA
2.01407E+16,176,RECHAZADA,PENDIENTE,RECHAZADO,MALO,0,,,,,0,RECIBOS DE NOMINA,MEDIO_B,NO_CLIENTE,0,ALTO,0%,4,99,0,0,0,0,33,RENTA,LICENCIATURA
2.01406E+16,207,RECHAZADA,PENDIENTE,RECHAZADO,MALO,0,,,,,0,RECIBOS DE NOMINA,ALTO_B,NO_CLIENTE,0,ALTO,0%,4,100,0,0,0,0,42,FAMILIARES,POSGRADO
2.01407E+16,221,RECHAZADA,PENDIENTE,RECHAZADO,MALO,0,,,,,0,RECIBOS DE NOMINA,ALTO_B,NO_CLIENTE,0,ALTO,0%,2,101,0,0,0,0,40,HIPOTECA,POSGRADO
2.01407E+16,223,RECHAZADA,PENDIENTE,RECHAZADO,MALO,0,,3,,0.00%,0,INVERSIONES,BAJO_A,NO_CLIENTE,0,ALTO,0%,4,89,0,14182,0,0,41,FAMILIARES,SECUNDARIA
2.01407E+16,255,RECHAZADA,PENDIENTE,RECHAZADO,MALO,0,,0,,,0,INVERSIONES,ALTO_B,NO_CLIENTE,0,ALTO,0%,4,93,0,10921,660,0,60,FAMILIARES,POSGRADO
2.01408E+16,175,RECHAZADA,PENDIENTE,RECHAZADO,MALO,0,,0,,0.00%,0,INVERSIONES,MEDIO_A,NO_CLIENTE,67000,ALTO,0%,4,93,0,2702,840,0,49,HIPOTECA,PREPARATORIA
2.01407E+16,243,RECHAZADA,PENDIENTE,RECHAZADO,MALO,0,,,,,0,RECIBOS DE NOMINA,MEDIO_B,NO_CLIENTE,0,ALTO,0%,4,96,0,0,0,0,58,FAMILIARES,LICENCIATURA
2.01407E+16,241,RECHAZADA,PENDIENTE,RECHAZADO,MALO,0,,,,,0,RECIBOS DE NOMINA,MEDIO_B,NO_CLIENTE,0,ALTO,0%,2,97,0,0,0,0,26,RENTA,PREPARATORIA
2.01407E+16,179,RECHAZADA,PENDIENTE,RECHAZADO,MALO,0,,1,,0.00%,0,INVERSIONES,MEDIO_B,NO_CLIENTE,0,ALTO,0%,1,98,0,53167,0,0,37,RENTA,PREPARATORIA
2.01408E+16,212,RECHAZADA,PENDIENTE,RECHAZADO,MALO,0,,,,,0,RECIBOS DE NOMINA,ALTO_A,NO_CLIENTE,0,ALTO,0%,5,99,0,0,0,0,60,PROPIA,POSGRADO
2.01406E+16,245,RECHAZADA,PENDIENTE,RECHAZADO,MALO,0,,0,,,0,INVERSIONES,MEDIO_B,NO_CLIENTE,0,ALTO,0%,3,101,0,39370,2330,0,45,RENTA,LICENCIATURA
2.01407E+16,271,RECHAZADA,PENDIENTE,RECHAZADO,MALO,0,,,,,0,INVERSIONES,MEDIO_A,NO_CLIENTE,0,ALTO,0%,0,101,0,0,0,0,54,HIPOTECA,LICENCIATURA
2.01408E+16,225,RECHAZADA,PENDIENTE,RECHAZADO,MALO,0,,,,,0,INVERSIONES,MEDIO_B,NO_CLIENTE,0,ALTO,0%,1,101,0,0,0,0,57,RENTA,LICENCIATURA
2.01407E+16,232,RECHAZADA,PENDIENTE,RECHAZADO,MALO,0,,,,,0,INVERSIONES,MEDIO_B,NO_CLIENTE,0,ALTO,0%,4,89,0,0,0,0,50,RENTA,LICENCIATURA
2.01408E+16,261,RECHAZADA,PENDIENTE,RECHAZADO,MALO,0,,,,,0,INVERSIONES,MEDIO_B,NO_CLIENTE,0,ALTO,0%,2,90,0,0,0,0,36,FAMILIARES,PREPARATORIA
2.01408E+16,261,RECHAZADA,PENDIENTE,RECHAZADO,MALO,0,,,,,0,INVERSIONES,MEDIO_B,NO_CLIENTE,0,ALTO,0%,4,90,0,0,0,0,30,RENTA,PREPARATORIA
2.01407E+16,247,RECHAZADA,PENDIENTE,RECHAZADO,MALO,0,,,,,0,INVERSIONES,ALTO_B,NO_CLIENTE,0,ALTO,0%,2,91,0,0,0,0,57,RENTA,POSGRADO
2.01408E+16,268,RECHAZADA,PENDIENTE,RECHAZADO,MALO,0,,,,,0,INVERSIONES,MEDIO_A,NO_CLIENTE,0,ALTO,0%,2,95,0,0,0,0,26,HIPOTECA,LICENCIATURA
2.01408E+16,215,RECHAZADA,PENDIENTE,RECHAZADO,MALO,0,,,,,0,RECIBOS DE NOMINA,MEDIO_B,NO_CLIENTE,0,ALTO,0%,3,95,0,0,0,0,37,RENTA,LICENCIATURA
2.01407E+16,210,RECHAZADA,PENDIENTE,RECHAZADO,MALO,0,,,,,0,SIN COMPROBANTE,MEDIO_A,NO_CLIENTE,0,ALTO,0%,2,98,0,0,0,0,46,HIPOTECA,LICENCIATURA
2.01407E+16,179,RECHAZADA,PENDIENTE,RECHAZADO,MALO,0,,,,,0,RECIBOS DE NOMINA,MEDIO_B,NO_CLIENTE,0,ALTO,0%,3,98,0,0,0,0,44,RENTA,PREPARATORIA
2.01408E+16,229,RECHAZADA,PENDIENTE,RECHAZADO,MALO,0,,,,,0,INVERSIONES,MEDIO_B,NO_CLIENTE,0,ALTO,0%,1,101,0,0,0,0,49,RENTA,LICENCIATURA
2.01408E+16,193,RECHAZADA,PENDIENTE,RECHAZADO,MALO,0,,,,,0,RECIBOS DE NOMINA,MEDIO_A,NO_CLIENTE,0,ALTO,0%,5,91,0,0,0,0,46,HIPOTECA,LICENCIATURA
2.01407E+16,249,RECHAZADA,PENDIENTE,RECHAZADO,MALO,0,,2,,0.00%,0,INVERSIONES,MEDIO_B,NO_CLIENTE,0,ALTO,0%,1,94,0,20588,0,0,51,FAMILIARES,PREPARATORIA
2.01407E+16,202,RECHAZADA,PENDIENTE,RECHAZADO,MALO,0,,2,,0.00%,0,INVERSIONES,MEDIO_B,NO_CLIENTE,0,ALTO,0%,4,96,0,6129,390,0,31,RENTA,PREPARATORIA
2.01408E+16,182,RECHAZADA,PENDIENTE,RECHAZADO,MALO,0,,,,,0,INVERSIONES,MEDIO_B,NO_CLIENTE,0,ALTO,0%,3,96,0,0,0,0,41,RENTA,PREPARATORIA
2.01406E+16,222,RECHAZADA,PENDIENTE,RECHAZADO,MALO,0,,,,,0,INVERSIONES,MEDIO_A,NO_CLIENTE,0,ALTO,0%,2,97,0,0,0,0,28,PROPIA,LICENCIATURA
2.01407E+16,176,RECHAZADA,PENDIENTE,RECHAZADO,MALO,0,,1,,,0,INVERSIONES,MEDIO_A,NO_CLIENTE,167500,ALTO,0%,3,99,0,4737,880,0,49,HIPOTECA,PREPARATORIA
2.01408E+16,180,RECHAZADA,PENDIENTE,RECHAZADO,MALO,0,,,,,0,INVERSIONES,ALTO_B,NO_CLIENTE,0,ALTO,0%,0,100,0,0,0,0,42,RENTA,POSGRADO
2.01408E+16,268,RECHAZADA,PENDIENTE,RECHAZADO,MALO,0,,,,,0,RECIBOS DE NOMINA,MEDIO_A,NO_CLIENTE,0,ALTO,0%,4,92,0,0,0,0,50,HIPOTECA,PREPARATORIA
2.01408E+16,228,RECHAZADA,PENDIENTE,RECHAZADO,MALO,0,,,,,0,INVERSIONES,BAJO_A,NO_CLIENTE,0,ALTO,0%,5,93,0,0,0,0,41,RENTA,SECUNDARIA
2.01408E+16,254,RECHAZADA,PENDIENTE,RECHAZADO,MALO,0,,,,,0,RECIBOS DE NOMINA,MEDIO_A,NO_CLIENTE,0,ALTO,0%,2,93,0,0,0,0,39,PROPIA,LICENCIATURA
2.01408E+16,183,RECHAZADA,PENDIENTE,RECHAZADO,MALO,0,,0,,0.00%,0,RECIBOS DE NOMINA,MEDIO_A,NO_CLIENTE,26000,ALTO,0%,4,95,0,0,0,0,34,HIPOTECA,LICENCIATURA
2.01408E+16,182,RECHAZADA,PENDIENTE,RECHAZADO,MALO,0,,,,,0,RECIBOS DE NOMINA,MEDIO_B,NO_CLIENTE,0,ALTO,0%,4,100,0,0,0,0,46,RENTA,PREPARATORIA
2.01406E+16,234,RECHAZADA,PENDIENTE,RECHAZADO,MALO,0,,2,,0.00%,0,INVERSIONES,MEDIO_B,NO_CLIENTE,0,ALTO,0%,2,101,0,5789,250,0,30,RENTA,PREPARATORIA
2.01407E+16,278,RECHAZADA,PENDIENTE,RECHAZADO,MALO,0,,,,,0,RECIBOS DE NOMINA,ALTO_A,NO_CLIENTE,0,ALTO,0%,5,89,0,0,0,0,49,PROPIA,POSGRADO
2.01407E+16,204,RECHAZADA,PENDIENTE,RECHAZADO,MALO,0,,,,,0,RECIBOS DE NOMINA,MEDIO_A,NO_CLIENTE,0,ALTO,0%,4,91,0,0,0,0,45,HIPOTECA,PREPARATORIA
2.01408E+16,182,RECHAZADA,PENDIENTE,RECHAZADO,MALO,0,,,,,0,INVERSIONES,MEDIO_A,NO_CLIENTE,0,ALTO,0%,2,94,0,0,0,0,33,HIPOTECA,LICENCIATURA
2.01408E+16,178,RECHAZADA,PENDIENTE,RECHAZADO,MALO,0,,0,,,0,RECIBOS DE NOMINA,MEDIO_B,NO_CLIENTE,3000,ALTO,0%,4,97,0,3080,280,0,29,FAMILIARES,PREPARATORIA
2.01407E+16,255,RECHAZADA,PENDIENTE,RECHAZADO,MALO,0,,,,,0,RECIBOS DE NOMINA,MEDIO_B,NO_CLIENTE,0,ALTO,0%,4,99,0,0,0,0,37,FAMILIARES,PREPARATORIA
2.01407E+16,234,RECHAZADA,PENDIENTE,RECHAZADO,MALO,0,,,,,0,INVERSIONES,MEDIO_A,NO_CLIENTE,0,ALTO,0%,3,99,0,0,0,0,51,HIPOTECA,LICENCIATURA
2.01408E+16,197,RECHAZADA,PENDIENTE,RECHAZADO,MALO,0,,0,,,0,INVERSIONES,ALTO_B,NO_CLIENTE,26500,ALTO,0%,3,100,0,21574,1110,0,25,FAMILIARES,POSGRADO
2.01408E+16,265,RECHAZADA,PENDIENTE,RECHAZADO,MALO,0,,,,,0,RECIBOS DE NOMINA,ALTO_B,NO_CLIENTE,0,ALTO,0%,0,101,0,0,0,0,60,RENTA,POSGRADO
2.01408E+16,256,RECHAZADA,PENDIENTE,RECHAZADO,MALO,0,,,,,0,RECIBOS DE NOMINA,MEDIO_A,NO_CLIENTE,0,ALTO,0%,5,89,0,0,0,0,55,PROPIA,LICENCIATURA
2.01408E+16,256,RECHAZADA,PENDIENTE,RECHAZADO,MALO,0,,,,,0,RECIBOS DE NOMINA,ALTO_A,NO_CLIENTE,0,ALTO,0%,4,91,0,0,0,0,51,PROPIA,POSGRADO
2.01408E+16,221,RECHAZADA,PENDIENTE,RECHAZADO,MALO,0,,,,,0,RECIBOS DE NOMINA,ALTO_A,NO_CLIENTE,0,ALTO,0%,3,94,0,0,0,0,53,PROPIA,POSGRADO
2.01408E+16,213,RECHAZADA,PENDIENTE,RECHAZADO,MALO,0,,,,,0,RECIBOS DE NOMINA,MEDIO_B,NO_CLIENTE,0,ALTO,0%,5,94,0,0,0,0,40,FAMILIARES,LICENCIATURA
2.01407E+16,268,RECHAZADA,PENDIENTE,RECHAZADO,MALO,0,,,,,0,RECIBOS DE NOMINA,MEDIO_B,NO_CLIENTE,0,ALTO,0%,3,95,0,0,0,0,38,FAMILIARES,PREPARATORIA
2.01408E+16,266,RECHAZADA,PENDIENTE,RECHAZADO,MALO,0,,,,,0,RECIBOS DE NOMINA,ALTO_B,NO_CLIENTE,0,ALTO,0%,5,89,0,0,0,0,53,RENTA,POSGRADO
2.01408E+16,250,RECHAZADA,PENDIENTE,RECHAZADO,MALO,0,,,,,0,RECIBOS DE NOMINA,MEDIO_B,NO_CLIENTE,0,ALTO,0%,3,90,0,0,0,0,51,FAMILIARES,LICENCIATURA
2.01408E+16,225,RECHAZADA,PENDIENTE,RECHAZADO,MALO,0,,,,,0,RECIBOS DE NOMINA,MEDIO_A,NO_CLIENTE,0,ALTO,0%,2,91,0,0,0,0,59,HIPOTECA,LICENCIATURA
2.01407E+16,219,RECHAZADA,PENDIENTE,RECHAZADO,MALO,0,,0,,,0,INVERSIONES,MEDIO_A,NO_CLIENTE,0,ALTO,0%,3,92,0,6646,750,0,28,PROPIA,LICENCIATURA
2.01404E+16,233,RECHAZADA,PENDIENTE,RECHAZADO,MALO,0,,2,,0.00%,0,INVERSIONES,MEDIO_A,NO_CLIENTE,0,ALTO,0%,3,93,0,45114,2270,0,52,HIPOTECA,PREPARATORIA
2.01407E+16,265,RECHAZADA,PENDIENTE,RECHAZADO,MALO,0,,,,,0,INVERSIONES,ALTO_B,NO_CLIENTE,0,ALTO,0%,2,93,0,0,0,0,41,HIPOTECA,POSGRADO
2.01407E+16,256,RECHAZADA,PENDIENTE,RECHAZADO,MALO,0,,,,,0,RECIBOS DE NOMINA,MEDIO_A,NO_CLIENTE,0,ALTO,0%,4,97,0,0,0,0,50,HIPOTECA,PREPARATORIA
2.01407E+16,252,RECHAZADA,PENDIENTE,RECHAZADO,MALO,0,,,,,0,RECIBOS DE NOMINA,MEDIO_A,NO_CLIENTE,0,ALTO,0%,4,93,0,0,0,0,53,HIPOTECA,PREPARATORIA
2.01408E+16,222,RECHAZADA,PENDIENTE,RECHAZADO,MALO,0,,,,,0,INVERSIONES,MEDIO_A,NO_CLIENTE,0,ALTO,0%,3,93,0,0,0,0,59,HIPOTECA,LICENCIATURA
2.01407E+16,249,RECHAZADA,PENDIENTE,RECHAZADO,MALO,0,,,,,0,INVERSIONES,MEDIO_B,NO_CLIENTE,0,ALTO,0%,2,100,0,0,0,0,44,FAMILIARES,PREPARATORIA
2.01407E+16,204,RECHAZADA,PENDIENTE,RECHAZADO,MALO,0,,,,,0,RECIBOS DE NOMINA,MEDIO_A,NO_CLIENTE,0,ALTO,0%,2,101,0,0,0,0,59,HIPOTECA,PREPARATORIA
2.01407E+16,219,RECHAZADA,PENDIENTE,RECHAZADO,MALO,0,,,,,0,INVERSIONES,ALTO_B,NO_CLIENTE,0,ALTO,0%,5,89,0,0,0,0,57,FAMILIARES,POSGRADO
2.01408E+16,250,RECHAZADA,PENDIENTE,RECHAZADO,MALO,0,,,,,0,RECIBOS DE NOMINA,MEDIO_A,NO_CLIENTE,0,ALTO,0%,5,95,0,0,0,0,27,HIPOTECA,PREPARATORIA
2.01407E+16,256,RECHAZADA,PENDIENTE,RECHAZADO,MALO,0,,,,,0,RECIBOS DE NOMINA,MEDIO_B,NO_CLIENTE,0,ALTO,0%,3,96,0,0,0,0,59,RENTA,PREPARATORIA
2.01407E+16,238,RECHAZADA,PENDIENTE,RECHAZADO,MALO,0,,,,,0,INVERSIONES,MEDIO_B,NO_CLIENTE,0,ALTO,0%,2,97,0,0,0,0,45,FAMILIARES,LICENCIATURA
2.01408E+16,187,RECHAZADA,PENDIENTE,RECHAZADO,MALO,0,,,,,0,INVERSIONES,MEDIO_A,NO_CLIENTE,0,ALTO,0%,3,98,0,0,0,0,35,PROPIA,LICENCIATURA
2.01407E+16,220,RECHAZADA,PENDIENTE,RECHAZADO,MALO,0,,,,,0,RECIBOS DE NOMINA,MEDIO_A,NO_CLIENTE,0,ALTO,0%,3,101,0,0,0,0,32,PROPIA,LICENCIATURA
2.01408E+16,200,RECHAZADA,PENDIENTE,RECHAZADO,MALO,0,,,,,0,RECIBOS DE NOMINA,ALTO_B,NO_CLIENTE,0,ALTO,0%,0,101,0,0,0,0,46,RENTA,POSGRADO
2.01406E+16,232,RECHAZADA,PENDIENTE,RECHAZADO,MALO,0,,,,,0,RECIBOS DE NOMINA,MEDIO_B,NO_CLIENTE,0,ALTO,0%,0,101,0,0,0,0,37,RENTA,PREPARATORIA
2.01408E+16,244,RECHAZADA,PENDIENTE,RECHAZADO,MALO,0,,,,,0,INVERSIONES,MEDIO_B,NO_CLIENTE,0,ALTO,0%,5,89,0,0,0,0,46,FAMILIARES,LICENCIATURA
2.01408E+16,193,RECHAZADA,PENDIENTE,RECHAZADO,MALO,0,,,,,0,RECIBOS DE NOMINA,MEDIO_B,NO_CLIENTE,0,ALTO,0%,3,91,0,0,0,0,31,RENTA,LICENCIATURA
2.01408E+16,198,RECHAZADA,PENDIENTE,RECHAZADO,MALO,0,,,,,0,RECIBOS DE NOMINA,MEDIO_A,NO_CLIENTE,0,ALTO,0%,3,92,0,0,0,0,30,PROPIA,LICENCIATURA
2.01407E+16,245,RECHAZADA,PENDIENTE,RECHAZADO,MALO,0,,,,,0,INVERSIONES,ALTO_B,NO_CLIENTE,0,ALTO,0%,5,94,0,0,0,0,27,HIPOTECA,POSGRADO
2.01408E+16,217,RECHAZADA,PENDIENTE,RECHAZADO,MALO,0,,,,,0,RECIBOS DE NOMINA,MEDIO_B,NO_CLIENTE,0,ALTO,0%,5,95,0,0,0,0,59,RENTA,PREPARATORIA
2.01408E+16,271,RECHAZADA,PENDIENTE,RECHAZADO,MALO,0,,1,,0.00%,0,INVERSIONES,MEDIO_A,NO_CLIENTE,5004,ALTO,0%,4,96,0,809,0,0,56,HIPOTECA,PREPARATORIA
2.01408E+16,218,RECHAZADA,PENDIENTE,RECHAZADO,MALO,0,,,,,0,RECIBOS DE NOMINA,MEDIO_A,NO_CLIENTE,0,ALTO,0%,2,99,0,0,0,0,32,HIPOTECA,PREPARATORIA
2.01408E+16,190,RECHAZADA,PENDIENTE,RECHAZADO,MALO,0,,1,,,0,RECIBOS DE NOMINA,ALTO_B,NO_CLIENTE,11000,ALTO,0%,2,101,0,0,0,0,51,FAMILIARES,POSGRADO
2.01408E+16,205,RECHAZADA,PENDIENTE,RECHAZADO,MALO,0,,,,,0,RECIBOS DE NOMINA,MEDIO_A,NO_CLIENTE,0,ALTO,0%,4,89,0,0,0,0,28,HIPOTECA,PREPARATORIA
2.01408E+16,192,RECHAZADA,PENDIENTE,RECHAZADO,MALO,0,,,,,0,RECIBOS DE NOMINA,ALTO_B,NO_CLIENTE,0,ALTO,0%,3,90,0,0,0,0,46,HIPOTECA,POSGRADO
2.01408E+16,256,RECHAZADA,PENDIENTE,RECHAZADO,MALO,0,,,,,0,INVERSIONES,ALTO_B,NO_CLIENTE,0,ALTO,0%,5,91,0,0,0,0,46,FAMILIARES,POSGRADO
2.01407E+16,206,RECHAZADA,PENDIENTE,RECHAZADO,MALO,0,,,,,0,RECIBOS DE NOMINA,ALTO_B,NO_CLIENTE,0,ALTO,0%,3,92,0,0,0,0,38,FAMILIARES,POSGRADO
2.01408E+16,202,RECHAZADA,PENDIENTE,RECHAZADO,MALO,0,,1,,,0,INVERSIONES,MEDIO_B,NO_CLIENTE,12600,ALTO,0%,4,96,0,1444,250,0,52,FAMILIARES,PREPARATORIA
2.01407E+16,248,RECHAZADA,PENDIENTE,RECHAZADO,MALO,0,,,,,0,RECIBOS DE NOMINA,ALTO_A,NO_CLIENTE,0,ALTO,0%,3,99,0,0,0,0,38,PROPIA,POSGRADO
2.01408E+16,240,RECHAZADA,PENDIENTE,RECHAZADO,MALO,0,,,,,0,INVERSIONES,ALTO_B,NO_CLIENTE,0,ALTO,0%,4,89,0,0,0,0,48,FAMILIARES,POSGRADO
2.01407E+16,279,RECHAZADA,PENDIENTE,RECHAZADO,MALO,0,,,,,0,INVERSIONES,ALTO_A,NO_CLIENTE,0,ALTO,0%,2,90,0,0,0,0,28,PROPIA,POSGRADO
2.01408E+16,245,RECHAZADA,PENDIENTE,RECHAZADO,MALO,0,,,,,0,RECIBOS DE NOMINA,ALTO_A,NO_CLIENTE,0,ALTO,0%,2,93,0,0,0,0,46,PROPIA,POSGRADO
2.01407E+16,232,RECHAZADA,PENDIENTE,RECHAZADO,MALO,0,,,,,0,INVERSIONES,MEDIO_A,NO_CLIENTE,0,ALTO,0%,4,94,0,0,0,0,45,PROPIA,LICENCIATURA
2.01407E+16,278,RECHAZADA,PENDIENTE,RECHAZADO,MALO,0,,0,,,0,INVERSIONES,ALTO_A,NO_CLIENTE,0,ALTO,0%,1,95,0,21160,540,0,53,PROPIA,POSGRADO
2.01407E+16,255,RECHAZADA,PENDIENTE,RECHAZADO,MALO,0,,,,,0,RECIBOS DE NOMINA,MEDIO_A,NO_CLIENTE,0,ALTO,0%,3,97,0,0,0,0,47,HIPOTECA,PREPARATORIA
2.01407E+16,195,RECHAZADA,PENDIENTE,RECHAZADO,MALO,0,,,,,0,RECIBOS DE NOMINA,MEDIO_B,NO_CLIENTE,0,ALTO,0%,2,100,0,0,0,0,53,FAMILIARES,LICENCIATURA
2.01407E+16,281,RECHAZADA,PENDIENTE,RECHAZADO,MALO,0,,0,,,0,RECIBOS DE NOMINA,ALTO_A,NO_CLIENTE,0,ALTO,0%,2,101,0,3840,630,0,31,PROPIA,POSGRADO
2.01408E+16,258,RECHAZADA,PENDIENTE,RECHAZADO,MALO,0,,,,,0,RECIBOS DE NOMINA,MEDIO_A,NO_CLIENTE,0,ALTO,0%,2,101,0,0,0,0,54,HIPOTECA,PREPARATORIA
2.01408E+16,212,RECHAZADA,PENDIENTE,RECHAZADO,MALO,0,,,,,0,RECIBOS DE NOMINA,ALTO_A,NO_CLIENTE,0,ALTO,0%,2,90,0,0,0,0,35,PROPIA,POSGRADO
2.01407E+16,192,RECHAZADA,PENDIENTE,RECHAZADO,MALO,0,,,,,0,INVERSIONES,ALTO_B,NO_CLIENTE,0,ALTO,0%,3,95,0,0,0,0,59,HIPOTECA,POSGRADO
2.01407E+16,278,RECHAZADA,PENDIENTE,RECHAZADO,MALO,0,,,,,0,RECIBOS DE NOMINA,ALTO_B,NO_CLIENTE,0,ALTO,0%,3,95,0,0,0,0,31,FAMILIARES,POSGRADO
2.01408E+16,249,RECHAZADA,PENDIENTE,RECHAZADO,MALO,0,,,,,0,RECIBOS DE NOMINA,ALTO_B,NO_CLIENTE,0,ALTO,0%,1,96,0,0,0,0,30,RENTA,POSGRADO
2.01408E+16,278,RECHAZADA,PENDIENTE,RECHAZADO,MALO,0,,,,,0,INVERSIONES,MEDIO_A,NO_CLIENTE,0,ALTO,0%,4,98,0,0,0,0,29,PROPIA,LICENCIATURA
2.01408E+16,209,RECHAZADA,PENDIENTE,RECHAZADO,MALO,0,,,,,0,RECIBOS DE NOMINA,ALTO_B,NO_CLIENTE,0,ALTO,0%,2,98,0,0,0,0,38,FAMILIARES,POSGRADO
2.01407E+16,279,RECHAZADA,PENDIENTE,RECHAZADO,MALO,0,,,,,0,INVERSIONES,MEDIO_A,NO_CLIENTE,0,ALTO,0%,5,99,0,0,0,0,51,HIPOTECA,PREPARATORIA
2.01408E+16,201,RECHAZADA,PENDIENTE,RECHAZADO,MALO,0,,,,,0,RECIBOS DE NOMINA,ALTO_B,NO_CLIENTE,0,ALTO,0%,4,99,0,0,0,0,60,RENTA,POSGRADO
2.01407E+16,240,RECHAZADA,PENDIENTE,RECHAZADO,MALO,0,,,,,0,RECIBOS DE NOMINA,BAJO_A,NO_CLIENTE,0,ALTO,0%,3,90,0,0,0,0,29,FAMILIARES,SECUNDARIA
2.01408E+16,202,RECHAZADA,PENDIENTE,RECHAZADO,MALO,0,,,,,0,RECIBOS DE NOMINA,MEDIO_A,NO_CLIENTE,0,ALTO,0%,2,90,0,0,0,0,38,HIPOTECA,PREPARATORIA
2.01408E+16,267,RECHAZADA,PENDIENTE,RECHAZADO,MALO,0,,,,,0,RECIBOS DE NOMINA,MEDIO_B,NO_CLIENTE,0,ALTO,0%,3,91,0,0,0,0,57,FAMILIARES,LICENCIATURA
2.01408E+16,195,RECHAZADA,PENDIENTE,RECHAZADO,MALO,0,,,,,0,INVERSIONES,ALTO_B,NO_CLIENTE,0,ALTO,0%,5,92,0,0,0,0,30,FAMILIARES,POSGRADO
2.01408E+16,272,RECHAZADA,PENDIENTE,RECHAZADO,MALO,0,,,,,0,RECIBOS DE NOMINA,ALTO_B,NO_CLIENTE,0,ALTO,0%,4,94,0,0,0,0,60,FAMILIARES,POSGRADO
2.01408E+16,250,RECHAZADA,PENDIENTE,RECHAZADO,MALO,0,,,,,0,INVERSIONES,ALTO_B,NO_CLIENTE,0,ALTO,0%,4,96,0,0,0,0,51,RENTA,POSGRADO
2.01407E+16,236,RECHAZADA,PENDIENTE,RECHAZADO,MALO,0,,,,,0,RECIBOS DE NOMINA,ALTO_B,NO_CLIENTE,0,ALTO,0%,3,98,0,0,0,0,34,FAMILIARES,POSGRADO
2.01407E+16,212,RECHAZADA,PENDIENTE,RECHAZADO,MALO,0,,,,,0,RECIBOS DE NOMINA,MEDIO_A,NO_CLIENTE,0,ALTO,0%,4,89,0,0,0,0,30,PROPIA,LICENCIATURA
2.01408E+16,233,RECHAZADA,PENDIENTE,RECHAZADO,MALO,0,,,,,0,RECIBOS DE NOMINA,MEDIO_A,NO_CLIENTE,0,ALTO,0%,4,91,0,0,0,0,55,HIPOTECA,PREPARATORIA
2.01407E+16,234,RECHAZADA,PENDIENTE,RECHAZADO,MALO,0,,,,,0,RECIBOS DE NOMINA,ALTO_A,NO_CLIENTE,0,ALTO,0%,4,93,0,0,0,0,31,PROPIA,POSGRADO
2.01408E+16,271,RECHAZADA,PENDIENTE,RECHAZADO,MALO,0,,,,,0,INVERSIONES,BAJO_A,NO_CLIENTE,0,ALTO,0%,5,93,0,0,0,0,27,FAMILIARES,SECUNDARIA
2.01407E+16,234,RECHAZADA,PENDIENTE,RECHAZADO,MALO,0,,,,,0,RECIBOS DE NOMINA,MEDIO_B,NO_CLIENTE,0,ALTO,0%,3,96,0,0,0,0,59,RENTA,LICENCIATURA
2.01407E+16,249,RECHAZADA,PENDIENTE,RECHAZADO,MALO,0,,,,,0,RECIBOS DE NOMINA,MEDIO_A,NO_CLIENTE,0,ALTO,0%,3,96,0,0,0,0,33,HIPOTECA,PREPARATORIA
2.01408E+16,194,RECHAZADA,PENDIENTE,RECHAZADO,MALO,0,,1,,,0,RECIBOS DE NOMINA,MEDIO_A,NO_CLIENTE,15800,ALTO,0%,2,96,0,16260,1080,0,34,PROPIA,LICENCIATURA
2.01408E+16,244,RECHAZADA,PENDIENTE,RECHAZADO,MALO,0,,,,,0,INVERSIONES,MEDIO_A,NO_CLIENTE,0,ALTO,0%,5,96,0,0,0,0,51,HIPOTECA,LICENCIATURA
2.01408E+16,236,EN_PROCESO,PENDIENTE,RECHAZADO,MALO,0,,,,,0,INVERSIONES,MEDIO_A,NO_CLIENTE,0,ALTO,0%,4,98,0,0,0,0,41,HIPOTECA,PREPARATORIA
2.01407E+16,259,RECHAZADA,PENDIENTE,RECHAZADO,MALO,0,,,,,0,INVERSIONES,ALTO_B,NO_CLIENTE,0,ALTO,0%,2,101,0,0,0,0,36,HIPOTECA,POSGRADO
2.01408E+16,262,RECHAZADA,PENDIENTE,RECHAZADO,MALO,0,,,,,0,INVERSIONES,ALTO_A,NO_CLIENTE,0,ALTO,0%,2,101,0,0,0,0,41,PROPIA,POSGRADO
2.01407E+16,211,RECHAZADA,PENDIENTE,RECHAZADO,MALO,0,,,,,0,RECIBOS DE NOMINA,BAJO_A,NO_CLIENTE,0,ALTO,0%,4,90,0,0,0,0,29,RENTA,SECUNDARIA
2.01407E+16,249,RECHAZADA,PENDIENTE,RECHAZADO,MALO,0,,,,,0,RECIBOS DE NOMINA,ALTO_B,NO_CLIENTE,0,ALTO,0%,3,92,0,0,0,0,43,RENTA,POSGRADO
2.01407E+16,264,RECHAZADA,PENDIENTE,RECHAZADO,MALO,0,,,,,0,RECIBOS DE NOMINA,MEDIO_B,NO_CLIENTE,0,ALTO,0%,1,96,0,0,0,0,28,FAMILIARES,PREPARATORIA
2.01407E+16,269,RECHAZADA,PENDIENTE,RECHAZADO,MALO,0,,,,,0,RECIBOS DE NOMINA,ALTO_B,NO_CLIENTE,0,ALTO,0%,3,96,0,0,0,0,49,FAMILIARES,POSGRADO
2.01407E+16,233,RECHAZADA,PENDIENTE,RECHAZADO,MALO,0,,0,,,0,RECIBOS DE NOMINA,MEDIO_A,NO_CLIENTE,0,ALTO,0%,1,97,0,8426,0,0,51,HIPOTECA,LICENCIATURA
2.01407E+16,198,RECHAZADA,PENDIENTE,RECHAZADO,MALO,0,,,,,0,INVERSIONES,MEDIO_B,NO_CLIENTE,0,ALTO,0%,2,98,0,0,0,0,33,FAMILIARES,LICENCIATURA
2.01408E+16,267,RECHAZADA,PENDIENTE,RECHAZADO,MALO,0,,0,,0.00%,0,RECIBOS DE NOMINA,ALTO_A,NO_CLIENTE,9400,ALTO,0%,5,99,0,6551,250,0,56,PROPIA,POSGRADO
2.01408E+16,227,RECHAZADA,PENDIENTE,RECHAZADO,MALO,0,,,,,0,RECIBOS DE NOMINA,MEDIO_A,NO_CLIENTE,0,ALTO,0%,5,89,0,0,0,0,38,HIPOTECA,PREPARATORIA
2.01408E+16,278,RECHAZADA,PENDIENTE,RECHAZADO,MALO,0,,,,,0,RECIBOS DE NOMINA,MEDIO_A,NO_CLIENTE,0,ALTO,0%,3,90,0,0,0,0,44,PROPIA,LICENCIATURA
2.01407E+16,241,RECHAZADA,PENDIENTE,RECHAZADO,MALO,0,,,,,0,INVERSIONES,MEDIO_B,NO_CLIENTE,0,ALTO,0%,5,95,0,0,0,0,45,RENTA,LICENCIATURA
2.01408E+16,264,RECHAZADA,PENDIENTE,RECHAZADO,MALO,0,,,,,0,RECIBOS DE NOMINA,ALTO_A,NO_CLIENTE,0,ALTO,0%,5,96,0,0,0,0,56,PROPIA,POSGRADO
2.01408E+16,272,RECHAZADA,PENDIENTE,RECHAZADO,MALO,0,,,,,0,RECIBOS DE NOMINA,MEDIO_A,NO_CLIENTE,0,ALTO,0%,2,97,0,0,0,0,36,HIPOTECA,PREPARATORIA
2.01408E+16,257,RECHAZADA,PENDIENTE,RECHAZADO,MALO,0,,,,,0,RECIBOS DE NOMINA,ALTO_B,NO_CLIENTE,0,ALTO,0%,3,97,0,0,0,0,44,HIPOTECA,POSGRADO
2.01408E+16,197,EN_PROCESO,PENDIENTE,RECHAZADO,MALO,0,,1,,0.00%,0,RECIBOS DE NOMINA,MEDIO_B,NO_CLIENTE,44000,ALTO,0%,3,98,0,31353,0,0,32,FAMILIARES,LICENCIATURA
2.01407E+16,213,RECHAZADA,PENDIENTE,RECHAZADO,MALO,0,,,,,0,RECIBOS DE NOMINA,MEDIO_A,NO_CLIENTE,0,ALTO,0%,2,101,0,0,0,0,27,HIPOTECA,PREPARATORIA
2.01408E+16,207,RECHAZADA,PENDIENTE,RECHAZADO,MALO,0,,,,,0,INVERSIONES,MEDIO_A,NO_CLIENTE,0,ALTO,0%,4,92,0,0,0,0,26,HIPOTECA,PREPARATORIA
2.01408E+16,211,RECHAZADA,PENDIENTE,RECHAZADO,MALO,0,,,,,0,RECIBOS DE NOMINA,MEDIO_A,NO_CLIENTE,0,ALTO,0%,2,94,0,0,0,0,60,HIPOTECA,LICENCIATURA
2.01407E+16,242,RECHAZADA,PENDIENTE,RECHAZADO,MALO,0,,,,,0,RECIBOS DE NOMINA,ALTO_A,NO_CLIENTE,0,ALTO,0%,1,100,0,0,0,0,40,PROPIA,POSGRADO
2.01408E+16,224,RECHAZADA,PENDIENTE,RECHAZADO,MALO,0,,,,,0,INVERSIONES,ALTO_B,NO_CLIENTE,0,ALTO,0%,2,100,0,0,0,0,29,HIPOTECA,POSGRADO
2.01408E+16,233,RECHAZADA,PENDIENTE,RECHAZADO,MALO,0,,,,,0,RECIBOS DE NOMINA,ALTO_B,NO_CLIENTE,0,ALTO,0%,0,100,0,0,0,0,41,FAMILIARES,POSGRADO
2.01408E+16,259,RECHAZADA,PENDIENTE,RECHAZADO,MALO,0,,,,,0,INVERSIONES,MEDIO_B,NO_CLIENTE,0,ALTO,0%,5,92,0,0,0,0,29,FAMILIARES,LICENCIATURA
2.01408E+16,236,RECHAZADA,PENDIENTE,RECHAZADO,MALO,0,,1,,0.00%,0,INVERSIONES,BAJO_A,NO_CLIENTE,3200,ALTO,0%,3,97,0,0,0,0,45,RENTA,SECUNDARIA
2.01408E+16,239,RECHAZADA,PENDIENTE,RECHAZADO,MALO,0,,,,,0,RECIBOS DE NOMINA,MEDIO_A,NO_CLIENTE,0,ALTO,0%,4,99,0,0,0,0,30,HIPOTECA,LICENCIATURA
2.01407E+16,233,RECHAZADA,PENDIENTE,RECHAZADO,MALO,0,,,,,0,RECIBOS DE NOMINA,MEDIO_B,NO_CLIENTE,0,ALTO,0%,2,101,0,0,0,0,53,RENTA,LICENCIATURA
2.01408E+16,282,RECHAZADA,PENDIENTE,RECHAZADO,MALO,0,,,,,0,INVERSIONES,ALTO_B,NO_CLIENTE,0,ALTO,0%,1,90,0,0,0,0,37,RENTA,POSGRADO
2.01406E+16,239,RECHAZADA,PENDIENTE,RECHAZADO,MALO,0,,,,,0,INVERSIONES,MEDIO_B,NO_CLIENTE,0,ALTO,0%,2,93,0,0,0,0,34,FAMILIARES,PREPARATORIA
2.01408E+16,238,RECHAZADA,PENDIENTE,RECHAZADO,MALO,0,,,,,0,INVERSIONES,MEDIO_B,NO_CLIENTE,0,ALTO,0%,2,97,0,0,0,0,52,RENTA,PREPARATORIA
2.01407E+16,206,RECHAZADA,PENDIENTE,RECHAZADO,MALO,0,,1,,0.00%,0,INVERSIONES,MEDIO_A,NO_CLIENTE,0,ALTO,0%,2,99,0,23747,1370,0,37,HIPOTECA,PREPARATORIA
2.01408E+16,208,RECHAZADA,PENDIENTE,RECHAZADO,MALO,0,,,,,0,RECIBOS DE NOMINA,MEDIO_B,NO_CLIENTE,0,ALTO,0%,2,100,0,0,0,0,30,RENTA,LICENCIATURA
2.01408E+16,235,RECHAZADA,PENDIENTE,RECHAZADO,MALO,0,,,,,0,RECIBOS DE NOMINA,ALTO_A,NO_CLIENTE,0,ALTO,0%,4,94,0,0,0,0,58,PROPIA,POSGRADO
2.01408E+16,220,RECHAZADA,PENDIENTE,RECHAZADO,MALO,0,,0,,,0,INVERSIONES,MEDIO_B,NO_CLIENTE,240000,ALTO,0%,2,98,0,196309,7710,0,41,FAMILIARES,LICENCIATURA
2.01408E+16,282,RECHAZADA,PENDIENTE,RECHAZADO,MALO,0,,0,,,0,INVERSIONES,MEDIO_A,NO_CLIENTE,17800,ALTO,0%,5,89,0,16686,500,0,45,PROPIA,LICENCIATURA
2.01408E+16,282,RECHAZADA,PENDIENTE,RECHAZADO,MALO,0,,,,,0,RECIBOS DE NOMINA,MEDIO_A,NO_CLIENTE,0,ALTO,0%,2,95,0,0,0,0,54,HIPOTECA,PREPARATORIA
2.01408E+16,228,RECHAZADA,PENDIENTE,RECHAZADO,MALO,0,,1,,0.00%,0,INVERSIONES,ALTO_B,NO_CLIENTE,9899,ALTO,0%,1,98,0,9721,580,0,42,FAMILIARES,POSGRADO
2.01406E+16,206,RECHAZADA,PENDIENTE,RECHAZADO,MALO,0,,,,,0,INVERSIONES,MEDIO_B,NO_CLIENTE,0,ALTO,0%,5,99,0,0,0,0,53,RENTA,LICENCIATURA
2.01407E+16,243,RECHAZADA,PENDIENTE,RECHAZADO,MALO,0,,,,,0,RECIBOS DE NOMINA,MEDIO_B,NO_CLIENTE,0,ALTO,0%,3,99,0,0,0,0,50,FAMILIARES,PREPARATORIA
2.01407E+16,250,RECHAZADA,PENDIENTE,RECHAZADO,MALO,0,,,,,0,RECIBOS DE NOMINA,BAJO_A,NO_CLIENTE,0,ALTO,0%,2,100,0,0,0,0,29,FAMILIARES,SECUNDARIA
2.01407E+16,219,RECHAZADA,PENDIENTE,RECHAZADO,MALO,0,,,,,0,RECIBOS DE NOMINA,MEDIO_B,NO_CLIENTE,0,ALTO,0%,4,89,0,0,0,0,35,RENTA,PREPARATORIA
2.01408E+16,217,RECHAZADA,PENDIENTE,RECHAZADO,MALO,0,,,,,0,RECIBOS DE NOMINA,MEDIO_B,NO_CLIENTE,0,ALTO,0%,3,93,0,0,0,0,29,RENTA,PREPARATORIA
2.01408E+16,285,RECHAZADA,PENDIENTE,RECHAZADO,MALO,0,,,,,0,RECIBOS DE NOMINA,ALTO_B,NO_CLIENTE,0,ALTO,0%,2,94,0,0,0,0,33,FAMILIARES,POSGRADO
2.01408E+16,227,RECHAZADA,PENDIENTE,RECHAZADO,MALO,0,,,,,0,INVERSIONES,MEDIO_B,NO_CLIENTE,0,ALTO,0%,5,96,0,0,0,0,56,RENTA,LICENCIATURA
2.01407E+16,244,RECHAZADA,PENDIENTE,RECHAZADO,MALO,0,,,,,0,INVERSIONES,MEDIO_B,NO_CLIENTE,0,ALTO,0%,2,97,0,0,0,0,47,RENTA,PREPARATORIA
2.01407E+16,198,RECHAZADA,PENDIENTE,RECHAZADO,MALO,0,,,,,0,INVERSIONES,MEDIO_A,NO_CLIENTE,0,ALTO,0%,2,97,0,0,0,0,34,PROPIA,LICENCIATURA
2.01407E+16,287,RECHAZADA,PENDIENTE,RECHAZADO,MALO,0,,,,,0,RECIBOS DE NOMINA,ALTO_A,NO_CLIENTE,0,ALTO,0%,2,100,0,0,0,0,47,PROPIA,POSGRADO
2.01407E+16,250,RECHAZADA,PENDIENTE,RECHAZADO,MALO,0,,,,,0,RECIBOS DE NOMINA,MEDIO_B,NO_CLIENTE,0,ALTO,0%,5,89,0,0,0,0,57,RENTA,PREPARATORIA
2.01407E+16,248,RECHAZADA,PENDIENTE,RECHAZADO,MALO,0,,,,,0,RECIBOS DE NOMINA,MEDIO_A,NO_CLIENTE,0,ALTO,0%,5,89,0,0,0,0,50,PROPIA,LICENCIATURA
2.01408E+16,278,RECHAZADA,PENDIENTE,RECHAZADO,MALO,0,,,,,0,INVERSIONES,MEDIO_A,NO_CLIENTE,0,ALTO,0%,5,89,0,0,0,0,48,HIPOTECA,PREPARATORIA
2.01408E+16,291,RECHAZADA,PENDIENTE,RECHAZADO,MALO,0,,0,,0.00%,0,RECIBOS DE NOMINA,MEDIO_A,NO_CLIENTE,83500,ALTO,0%,5,91,0,0,0,0,53,PROPIA,LICENCIATURA
2.01408E+16,244,RECHAZADA,PENDIENTE,RECHAZADO,MALO,0,,0,,,0,INVERSIONES,MEDIO_B,NO_CLIENTE,10500,ALTO,0%,3,94,0,5837,390,0,48,RENTA,PREPARATORIA
2.01408E+16,218,RECHAZADA,PENDIENTE,RECHAZADO,MALO,0,,,,,0,RECIBOS DE NOMINA,ALTO_B,NO_CLIENTE,0,ALTO,0%,3,96,0,0,0,0,40,RENTA,POSGRADO
2.01408E+16,255,RECHAZADA,PENDIENTE,RECHAZADO,MALO,0,,1,,0.00%,0,INVERSIONES,MEDIO_B,NO_CLIENTE,78500,ALTO,0%,4,99,0,31990,1960,0,27,RENTA,PREPARATORIA
2.01407E+16,288,RECHAZADA,PENDIENTE,RECHAZADO,MALO,0,,,,,0,RECIBOS DE NOMINA,ALTO_B,NO_CLIENTE,0,ALTO,0%,5,89,0,0,0,0,35,HIPOTECA,POSGRADO
2.01407E+16,213,RECHAZADA,PENDIENTE,RECHAZADO,MALO,0,,1,,0.00%,0,INVERSIONES,MEDIO_B,NO_CLIENTE,0,ALTO,0%,5,89,0,10996,0,0,56,RENTA,PREPARATORIA
2.01408E+16,285,RECHAZADA,PENDIENTE,RECHAZADO,MALO,0,,0,,,0,INVERSIONES,MEDIO_A,NO_CLIENTE,18700,ALTO,0%,5,89,0,18065,0,0,31,HIPOTECA,LICENCIATURA
2.01406E+16,219,RECHAZADA,PENDIENTE,RECHAZADO,MALO,0,,0,,,0,INVERSIONES,MEDIO_A,NO_CLIENTE,0,ALTO,0%,5,90,0,5783,750,0,33,HIPOTECA,LICENCIATURA
2.01408E+16,257,RECHAZADA,PENDIENTE,RECHAZADO,MALO,0,,,,,0,RECIBOS DE NOMINA,ALTO_B,NO_CLIENTE,0,ALTO,0%,2,90,0,0,0,0,31,FAMILIARES,POSGRADO
2.01408E+16,229,RECHAZADA,PENDIENTE,RECHAZADO,MALO,0,,,,,0,RECIBOS DE NOMINA,ALTO_B,NO_CLIENTE,0,ALTO,0%,5,91,0,0,0,0,25,RENTA,POSGRADO
2.01407E+16,286,RECHAZADA,PENDIENTE,RECHAZADO,MALO,0,,,,,0,RECIBOS DE NOMINA,MEDIO_A,NO_CLIENTE,0,ALTO,0%,3,92,0,0,0,0,59,HIPOTECA,PREPARATORIA
2.01408E+16,277,RECHAZADA,PENDIENTE,RECHAZADO,MALO,0,,,,,0,INVERSIONES,MEDIO_B,NO_CLIENTE,0,ALTO,0%,5,94,0,0,0,0,38,RENTA,LICENCIATURA
2.01408E+16,245,RECHAZADA,PENDIENTE,RECHAZADO,MALO,0,,0,,0.00%,0,INVERSIONES,MEDIO_A,NO_CLIENTE,37000,ALTO,0%,3,95,0,13577,0,0,45,HIPOTECA,LICENCIATURA
2.01408E+16,285,RECHAZADA,PENDIENTE,RECHAZADO,MALO,0,,,,,0,RECIBOS DE NOMINA,MEDIO_B,NO_CLIENTE,0,ALTO,0%,5,92,0,0,0,0,59,FAMILIARES,PREPARATORIA
2.01407E+16,253,RECHAZADA,PENDIENTE,RECHAZADO,MALO,0,,,,,0,RECIBOS DE NOMINA,ALTO_B,NO_CLIENTE,0,ALTO,0%,4,93,0,0,0,0,59,HIPOTECA,POSGRADO
2.01408E+16,295,RECHAZADA,PENDIENTE,RECHAZADO,MALO,0,,,,,0,RECIBOS DE NOMINA,ALTO_B,NO_CLIENTE,0,ALTO,0%,3,96,0,0,0,0,27,RENTA,POSGRADO
2.01407E+16,253,RECHAZADA,PENDIENTE,RECHAZADO,MALO,0,,,,,0,RECIBOS DE NOMINA,MEDIO_B,NO_CLIENTE,0,ALTO,0%,2,97,0,0,0,0,40,FAMILIARES,PREPARATORIA
2.01407E+16,258,RECHAZADA,PENDIENTE,RECHAZADO,MALO,0,,,,,0,RECIBOS DE NOMINA,MEDIO_A,NO_CLIENTE,0,ALTO,0%,1,98,0,0,0,0,50,PROPIA,LICENCIATURA
2.01407E+16,271,RECHAZADA,PENDIENTE,RECHAZADO,MALO,0,,,,,0,RECIBOS DE NOMINA,MEDIO_B,NO_CLIENTE,0,ALTO,0%,2,99,0,0,0,0,29,FAMILIARES,LICENCIATURA
2.01407E+16,285,RECHAZADA,PENDIENTE,RECHAZADO,MALO,0,,,,,0,INVERSIONES,BAJO_A,NO_CLIENTE,0,ALTO,0%,4,100,0,0,0,0,46,RENTA,SECUNDARIA
2.01408E+16,258,RECHAZADA,PENDIENTE,RECHAZADO,MALO,0,,,,,0,INVERSIONES,ALTO_A,NO_CLIENTE,0,ALTO,0%,1,101,0,0,0,0,39,PROPIA,POSGRADO
2.01407E+16,173,RECHAZADA,PENDIENTE,RECHAZADO,MALO,0,,,,,0,RECIBOS DE NOMINA,MEDIO_B,NO_CLIENTE,0,ALTO,0%,5,89,0,0,0,0,40,FAMILIARES,PREPARATORIA
2.01407E+16,167,RECHAZADA,PENDIENTE,RECHAZADO,MALO,0,,,,,0,RECIBOS DE NOMINA,ALTO_B,NO_CLIENTE,0,ALTO,0%,2,94,0,0,0,0,29,HIPOTECA,POSGRADO
2.01408E+16,100,RECHAZADA,PENDIENTE,RECHAZADO,MALO,0,,,,,0,RECIBOS DE NOMINA,ALTO_B,NO_CLIENTE,0,ALTO,0%,2,98,0,0,0,0,25,HIPOTECA,POSGRADO
2.01408E+16,194,RECHAZADA,PENDIENTE,RECHAZADO,MALO,0,,,,,0,INVERSIONES,MEDIO_B,NO_CLIENTE,0,ALTO,0%,0,100,0,0,0,0,34,RENTA,LICENCIATURA
2.01408E+16,133,RECHAZADA,PENDIENTE,RECHAZADO,MALO,0,,,,,0,RECIBOS DE NOMINA,ALTO_B,NO_CLIENTE,0,ALTO,0%,2,101,0,0,0,0,55,RENTA,POSGRADO
2.01407E+16,142,RECHAZADA,PENDIENTE,RECHAZADO,MALO,0,,,,,0,RECIBOS DE NOMINA,MEDIO_B,NO_CLIENTE,0,ALTO,0%,4,90,0,0,0,0,36,FAMILIARES,PREPARATORIA
2.01408E+16,125,RECHAZADA,PENDIENTE,RECHAZADO,MALO,0,,,,,0,INVERSIONES,ALTO_A,NO_CLIENTE,0,ALTO,0%,5,92,0,0,0,0,43,PROPIA,POSGRADO
2.01408E+16,110,RECHAZADA,PENDIENTE,RECHAZADO,MALO,0,,,,,0,RECIBOS DE NOMINA,MEDIO_A,NO_CLIENTE,0,ALTO,0%,4,94,0,0,0,0,48,HIPOTECA,PREPARATORIA
2.01408E+16,120,RECHAZADA,PENDIENTE,RECHAZADO,MALO,0,,,,,0,RECIBOS DE NOMINA,MEDIO_A,NO_CLIENTE,0,ALTO,0%,3,96,0,0,0,0,52,HIPOTECA,PREPARATORIA
2.01408E+16,188,RECHAZADA,PENDIENTE,RECHAZADO,MALO,0,,,,,0,RECIBOS DE NOMINA,ALTO_A,NO_CLIENTE,0,ALTO,0%,4,96,0,0,0,0,32,PROPIA,POSGRADO
2.01408E+16,119,RECHAZADA,PENDIENTE,RECHAZADO,MALO,0,,,,,0,RECIBOS DE NOMINA,MEDIO_A,NO_CLIENTE,0,ALTO,0%,4,96,0,0,0,0,37,HIPOTECA,PREPARATORIA
2.01407E+16,140,RECHAZADA,PENDIENTE,RECHAZADO,MALO,0,,,,,0,RECIBOS DE NOMINA,MEDIO_A,NO_CLIENTE,0,ALTO,0%,2,97,0,0,0,0,40,HIPOTECA,PREPARATORIA
2.01407E+16,112,RECHAZADA,PENDIENTE,RECHAZADO,MALO,0,,,,,0,INVERSIONES,ALTO_B,NO_CLIENTE,0,ALTO,0%,2,101,0,0,0,0,35,HIPOTECA,POSGRADO
2.01408E+16,137,RECHAZADA,PENDIENTE,RECHAZADO,MALO,0,,,,,0,RECIBOS DE NOMINA,ALTO_B,NO_CLIENTE,0,ALTO,0%,0,101,0,0,0,0,34,HIPOTECA,POSGRADO
2.01408E+16,161,RECHAZADA,PENDIENTE,RECHAZADO,MALO,0,,,,,0,INVERSIONES,ALTO_B,NO_CLIENTE,0,ALTO,0%,0,101,0,0,0,0,45,RENTA,POSGRADO
2.01408E+16,116,RECHAZADA,PENDIENTE,RECHAZADO,MALO,0,,,,,0,INVERSIONES,MEDIO_B,NO_CLIENTE,0,ALTO,0%,5,89,0,0,0,0,30,FAMILIARES,PREPARATORIA
2.01408E+16,130,RECHAZADA,PENDIENTE,RECHAZADO,MALO,0,,,,,0,RECIBOS DE NOMINA,ALTO_A,NO_CLIENTE,0,ALTO,0%,2,91,0,0,0,0,39,PROPIA,POSGRADO
2.01408E+16,156,RECHAZADA,PENDIENTE,RECHAZADO,MALO,0,,,,,0,RECIBOS DE NOMINA,MEDIO_A,NO_CLIENTE,0,ALTO,0%,3,92,0,0,0,0,26,HIPOTECA,PREPARATORIA
2.01407E+16,201,RECHAZADA,PENDIENTE,RECHAZADO,MALO,0,,0,,,0,INVERSIONES,MEDIO_B,NO_CLIENTE,0,ALTO,0%,3,94,0,13003,1000,0,32,RENTA,LICENCIATURA
2.01408E+16,182,RECHAZADA,PENDIENTE,RECHAZADO,MALO,0,,0,,,0,INVERSIONES,ALTO_B,NO_CLIENTE,0,ALTO,0%,1,94,0,4118,250,0,34,HIPOTECA,POSGRADO
2.01408E+16,121,RECHAZADA,PENDIENTE,RECHAZADO,MALO,0,,,,,0,RECIBOS DE NOMINA,MEDIO_A,NO_CLIENTE,0,ALTO,0%,2,96,0,0,0,0,52,HIPOTECA,PREPARATORIA
2.01408E+16,162,RECHAZADA,PENDIENTE,RECHAZADO,MALO,0,,,,,0,INVERSIONES,ALTO_A,NO_CLIENTE,0,ALTO,0%,5,97,0,0,0,0,26,PROPIA,POSGRADO
2.01407E+16,163,RECHAZADA,PENDIENTE,RECHAZADO,MALO,0,,0,,,0,INVERSIONES,ALTO_B,NO_CLIENTE,0,ALTO,0%,3,100,0,944,411,0,54,HIPOTECA,POSGRADO
2.01408E+16,112,RECHAZADA,PENDIENTE,RECHAZADO,MALO,0,,,,,0,RECIBOS DE NOMINA,MEDIO_B,NO_CLIENTE,0,ALTO,0%,3,90,0,0,0,0,41,RENTA,PREPARATORIA
2.01407E+16,141,RECHAZADA,PENDIENTE,RECHAZADO,MALO,0,,,,,0,INVERSIONES,MEDIO_A,NO_CLIENTE,0,ALTO,0%,3,92,0,0,0,0,38,PROPIA,LICENCIATURA
2.01408E+16,157,RECHAZADA,PENDIENTE,RECHAZADO,MALO,0,,,,,0,INVERSIONES,ALTO_B,NO_CLIENTE,0,ALTO,0%,3,94,0,0,0,0,41,HIPOTECA,POSGRADO
2.01407E+16,164,RECHAZADA,PENDIENTE,RECHAZADO,MALO,0,,2,,0.00%,0,INVERSIONES,MEDIO_B,NO_CLIENTE,0,ALTO,0%,4,97,0,1271,820,0,40,RENTA,PREPARATORIA
2.01408E+16,111,RECHAZADA,PENDIENTE,RECHAZADO,MALO,0,,,,,0,INVERSIONES,MEDIO_B,NO_CLIENTE,0,ALTO,0%,2,100,0,0,0,0,60,FAMILIARES,LICENCIATURA
2.01407E+16,155,RECHAZADA,PENDIENTE,RECHAZADO,MALO,0,,,,,0,INVERSIONES,ALTO_B,NO_CLIENTE,0,ALTO,0%,5,89,0,0,0,0,58,FAMILIARES,POSGRADO
2.01408E+16,127,RECHAZADA,PENDIENTE,RECHAZADO,MALO,0,,,,,0,RECIBOS DE NOMINA,MEDIO_A,NO_CLIENTE,0,ALTO,0%,4,92,0,0,0,0,26,HIPOTECA,LICENCIATURA
2.01407E+16,190,RECHAZADA,PENDIENTE,RECHAZADO,MALO,0,,,,,0,INVERSIONES,MEDIO_A,NO_CLIENTE,0,ALTO,0%,4,94,0,0,0,0,32,HIPOTECA,PREPARATORIA
2.01407E+16,113,RECHAZADA,PENDIENTE,RECHAZADO,MALO,0,,,,,0,INVERSIONES,MEDIO_B,NO_CLIENTE,0,ALTO,0%,2,97,0,0,0,0,60,FAMILIARES,LICENCIATURA
2.01408E+16,168,RECHAZADA,PENDIENTE,RECHAZADO,MALO,0,,,,,0,RECIBOS DE NOMINA,MEDIO_A,NO_CLIENTE,0,ALTO,0%,2,98,0,0,0,0,51,PROPIA,LICENCIATURA
2.01408E+16,144,RECHAZADA,PENDIENTE,RECHAZADO,MALO,0,,,,,0,RECIBOS DE NOMINA,MEDIO_A,NO_CLIENTE,0,ALTO,0%,0,100,0,0,0,0,59,HIPOTECA,PREPARATORIA
2.01408E+16,141,RECHAZADA,PENDIENTE,RECHAZADO,MALO,0,,,,,0,RECIBOS DE NOMINA,MEDIO_B,NO_CLIENTE,0,ALTO,0%,4,89,0,0,0,0,53,RENTA,LICENCIATURA
2.01401E+16,186,RECHAZADA,PENDIENTE,RECHAZADO,MALO,0,,0,,,8553,INVERSIONES,MEDIO_B,CLIENTE_BANCO,10000,ALTO,0%,5,90,0,14113,14113,0,58,PROPIA,LICENCIATURA
2.01408E+16,116,RECHAZADA,PENDIENTE,RECHAZADO,MALO,0,,,,,0,INVERSIONES,MEDIO_A,NO_CLIENTE,0,ALTO,0%,5,92,0,0,0,0,26,PROPIA,LICENCIATURA
2.01407E+16,139,RECHAZADA,PENDIENTE,RECHAZADO,MALO,0,,,,,0,INVERSIONES,ALTO_B,NO_CLIENTE,0,ALTO,0%,4,93,0,0,0,0,53,RENTA,POSGRADO
2.01408E+16,156,RECHAZADA,PENDIENTE,RECHAZADO,MALO,0,,,,,0,RECIBOS DE NOMINA,ALTO_B,NO_CLIENTE,0,ALTO,0%,4,96,0,0,0,0,25,HIPOTECA,POSGRADO
2.01407E+16,173,RECHAZADA,PENDIENTE,RECHAZADO,MALO,0,,,,,0,RECIBOS DE NOMINA,MEDIO_B,NO_CLIENTE,0,ALTO,0%,3,97,0,0,0,0,60,FAMILIARES,PREPARATORIA
2.01407E+16,117,RECHAZADA,PENDIENTE,RECHAZADO,MALO,0,,,,,0,RECIBOS DE NOMINA,ALTO_B,NO_CLIENTE,0,ALTO,0%,4,99,0,0,0,0,47,FAMILIARES,POSGRADO
2.01406E+16,196,RECHAZADA,PENDIENTE,RECHAZADO,MALO,0,,0,,,0,INVERSIONES,MEDIO_B,NO_CLIENTE,0,ALTO,0%,4,90,0,711,0,0,36,RENTA,LICENCIATURA
2.01406E+16,124,RECHAZADA,PENDIENTE,RECHAZADO,MALO,0,,1,,0.00%,0,INVERSIONES,MEDIO_B,NO_CLIENTE,0,ALTO,0%,4,91,0,4895,0,0,42,FAMILIARES,PREPARATORIA
2.01407E+16,200,RECHAZADA,PENDIENTE,RECHAZADO,MALO,0,,,,,0,RECIBOS DE NOMINA,MEDIO_B,NO_CLIENTE,0,ALTO,0%,3,94,0,0,0,0,47,FAMILIARES,LICENCIATURA
2.01408E+16,110,RECHAZADA,PENDIENTE,RECHAZADO,MALO,0,,0,,,0,INVERSIONES,MEDIO_A,NO_CLIENTE,0,ALTO,0%,2,96,0,13012,0,0,44,HIPOTECA,LICENCIATURA
2.01408E+16,149,RECHAZADA,PENDIENTE,RECHAZADO,MALO,0,,0,,,0,RECIBOS DE NOMINA,MEDIO_A,NO_CLIENTE,0,ALTO,0%,3,100,0,5640,5640,0,57,PROPIA,LICENCIATURA
2.01407E+16,148,EN_PROCESO,PENDIENTE,RECHAZADO,MALO,0,,,,,0,INVERSIONES,MEDIO_A,NO_CLIENTE,0,ALTO,0%,3,92,0,0,0,0,27,RENTA,POSGRADO
2.01408E+16,207,RECHAZADA,PENDIENTE,RECHAZADO,MALO,0,,,,,0,INVERSIONES,MEDIO_B,NO_CLIENTE,0,ALTO,0%,5,94,0,0,0,0,46,RENTA,LICENCIATURA
2.01408E+16,130,RECHAZADA,PENDIENTE,RECHAZADO,MALO,0,,,,,0,INVERSIONES,ALTO_B,NO_CLIENTE,0,ALTO,0%,5,95,0,0,0,0,41,HIPOTECA,POSGRADO
2.01407E+16,187,RECHAZADA,PENDIENTE,RECHAZADO,MALO,0,,,,,0,INVERSIONES,MEDIO_A,NO_CLIENTE,0,ALTO,0%,5,98,0,0,0,0,48,HIPOTECA,PREPARATORIA
2.01407E+16,164,RECHAZADA,PENDIENTE,RECHAZADO,MALO,0,,,,,0,RECIBOS DE NOMINA,MEDIO_B,NO_CLIENTE,0,ALTO,0%,3,98,0,0,0,0,29,FAMILIARES,PREPARATORIA
2.01407E+16,140,RECHAZADA,PENDIENTE,RECHAZADO,MALO,0,,,,,0,RECIBOS DE NOMINA,MEDIO_A,NO_CLIENTE,0,ALTO,0%,3,99,0,0,0,0,27,PROPIA,LICENCIATURA
2.01407E+16,156,RECHAZADA,PENDIENTE,RECHAZADO,MALO,0,,,,,0,RECIBOS DE NOMINA,MEDIO_A,NO_CLIENTE,0,ALTO,0%,1,90,0,0,0,0,41,HIPOTECA,PREPARATORIA
2.01408E+16,168,RECHAZADA,PENDIENTE,RECHAZADO,MALO,0,,,,,0,RECIBOS DE NOMINA,MEDIO_B,NO_CLIENTE,0,ALTO,0%,3,90,0,0,0,0,35,RENTA,PREPARATORIA
2.01408E+16,113,RECHAZADA,PENDIENTE,RECHAZADO,MALO,0,,,,,0,RECIBOS DE NOMINA,MEDIO_A,NO_CLIENTE,0,ALTO,0%,5,91,0,0,0,0,53,HIPOTECA,PREPARATORIA
2.01408E+16,187,EN_PROCESO,PENDIENTE,RECHAZADO,MALO,0,,,,,0,INVERSIONES,BAJO_A,NO_CLIENTE,0,ALTO,0%,2,99,0,0,0,0,37,RENTA,PREPARATORIA
2.01408E+16,150,RECHAZADA,PENDIENTE,RECHAZADO,MALO,0,,0,,,0,RECIBOS DE NOMINA,ALTO_A,NO_CLIENTE,75000,ALTO,0%,0,101,0,23628,940,0,49,PROPIA,POSGRADO
2.01407E+16,158,RECHAZADA,PENDIENTE,RECHAZADO,MALO,0,,,,,0,RECIBOS DE NOMINA,BAJO_A,NO_CLIENTE,0,ALTO,0%,2,90,0,0,0,0,29,RENTA,SECUNDARIA
2.01408E+16,161,RECHAZADA,PENDIENTE,RECHAZADO,MALO,0,,,,,0,RECIBOS DE NOMINA,ALTO_B,NO_CLIENTE,0,ALTO,0%,5,91,0,0,0,0,57,RENTA,POSGRADO
2.01408E+16,190,RECHAZADA,PENDIENTE,RECHAZADO,MALO,0,,1,,,0,INVERSIONES,MEDIO_B,NO_CLIENTE,19900,ALTO,0%,4,93,0,19538,1420,0,33,RENTA,PREPARATORIA
2.01408E+16,190,RECHAZADA,PENDIENTE,RECHAZADO,MALO,0,,0,,0.00%,0,RECIBOS DE NOMINA,MEDIO_A,NO_CLIENTE,31900,ALTO,0%,3,95,0,20455,2060,0,37,PROPIA,LICENCIATURA
2.01408E+16,163,RECHAZADA,PENDIENTE,RECHAZADO,MALO,0,,,,,0,RECIBOS DE NOMINA,MEDIO_A,NO_CLIENTE,0,ALTO,0%,5,95,0,0,0,0,40,HIPOTECA,PREPARATORIA
2.01406E+16,209,RECHAZADA,PENDIENTE,RECHAZADO,MALO,0,,,,,0,RECIBOS DE NOMINA,ALTO_B,NO_CLIENTE,0,ALTO,0%,4,97,0,0,0,0,49,HIPOTECA,POSGRADO
2.01408E+16,203,RECHAZADA,PENDIENTE,RECHAZADO,MALO,0,,,,,0,INVERSIONES,MEDIO_A,NO_CLIENTE,0,ALTO,0%,2,97,0,0,0,0,38,HIPOTECA,PREPARATORIA
2.01407E+16,139,RECHAZADA,PENDIENTE,RECHAZADO,MALO,0,,,,,0,RECIBOS DE NOMINA,MEDIO_B,NO_CLIENTE,0,ALTO,0%,3,92,0,0,0,0,41,FAMILIARES,LICENCIATURA
2.01407E+16,200,RECHAZADA,PENDIENTE,RECHAZADO,MALO,0,,,,,0,RECIBOS DE NOMINA,MEDIO_A,NO_CLIENTE,0,ALTO,0%,2,92,0,0,0,0,27,HIPOTECA,PREPARATORIA
2.01408E+16,192,RECHAZADA,PENDIENTE,RECHAZADO,MALO,0,,0,,,0,INVERSIONES,ALTO_B,NO_CLIENTE,0,ALTO,0%,0,101,0,26284,26284,0,33,RENTA,POSGRADO
2.01408E+16,165,RECHAZADA,PENDIENTE,RECHAZADO,MALO,0,,,,,0,RECIBOS DE NOMINA,MEDIO_B,NO_CLIENTE,0,ALTO,0%,4,89,0,0,0,0,40,FAMILIARES,LICENCIATURA
2.01408E+16,130,RECHAZADA,PENDIENTE,RECHAZADO,MALO,0,,1,,0.00%,0,RECIBOS DE NOMINA,MEDIO_B,NO_CLIENTE,3000,ALTO,0%,3,90,0,3537,100,0,51,FAMILIARES,PREPARATORIA
2.01406E+16,163,RECHAZADA,PENDIENTE,RECHAZADO,MALO,0,,,,,0,RECIBOS DE NOMINA,MEDIO_A,NO_CLIENTE,0,ALTO,0%,4,90,0,0,0,0,31,HIPOTECA,LICENCIATURA
2.01408E+16,146,RECHAZADA,PENDIENTE,RECHAZADO,MALO,0,,,,,0,INVERSIONES,ALTO_B,NO_CLIENTE,0,ALTO,0%,5,93,0,0,0,0,45,FAMILIARES,POSGRADO
2.01407E+16,196,RECHAZADA,PENDIENTE,RECHAZADO,MALO,0,,,,,0,RECIBOS DE NOMINA,ALTO_B,NO_CLIENTE,0,ALTO,0%,4,95,0,0,0,0,41,FAMILIARES,POSGRADO
2.01407E+16,196,RECHAZADA,PENDIENTE,RECHAZADO,MALO,0,,0,,,0,INVERSIONES,MEDIO_A,NO_CLIENTE,0,ALTO,0%,2,95,0,10546,589,0,58,HIPOTECA,LICENCIATURA
2.01408E+16,133,RECHAZADA,PENDIENTE,RECHAZADO,MALO,0,,,,,0,RECIBOS DE NOMINA,ALTO_B,NO_CLIENTE,0,ALTO,0%,3,95,0,0,0,0,27,FAMILIARES,POSGRADO
2.01408E+16,141,RECHAZADA,PENDIENTE,RECHAZADO,MALO,0,,,,,0,RECIBOS DE NOMINA,ALTO_B,NO_CLIENTE,0,ALTO,0%,5,97,0,0,0,0,27,RENTA,POSGRADO
2.01407E+16,202,RECHAZADA,PENDIENTE,RECHAZADO,MALO,0,,,,,0,RECIBOS DE NOMINA,MEDIO_A,NO_CLIENTE,0,ALTO,0%,2,98,0,0,0,0,36,HIPOTECA,PREPARATORIA
2.01407E+16,148,RECHAZADA,PENDIENTE,RECHAZADO,MALO,0,,,,,0,INVERSIONES,MEDIO_B,NO_CLIENTE,0,ALTO,0%,1,101,0,0,0,0,33,FAMILIARES,LICENCIATURA
2.01408E+16,141,RECHAZADA,PENDIENTE,RECHAZADO,MALO,0,,2,,0.00%,0,INVERSIONES,MEDIO_B,NO_CLIENTE,6000,ALTO,0%,2,91,0,1356,250,0,35,FAMILIARES,LICENCIATURA
2.01407E+16,168,RECHAZADA,PENDIENTE,RECHAZADO,MALO,0,,,,,0,RECIBOS DE NOMINA,MEDIO_B,NO_CLIENTE,0,ALTO,0%,2,96,0,0,0,0,60,FAMILIARES,LICENCIATURA
2.01407E+16,167,RECHAZADA,PENDIENTE,RECHAZADO,MALO,0,,,,,0,RECIBOS DE NOMINA,MEDIO_A,NO_CLIENTE,0,ALTO,0%,2,97,0,0,0,0,50,HIPOTECA,LICENCIATURA
2.01408E+16,174,RECHAZADA,PENDIENTE,RECHAZADO,MALO,0,,,,,0,RECIBOS DE NOMINA,MEDIO_B,NO_CLIENTE,0,ALTO,0%,3,97,0,0,0,0,35,FAMILIARES,PREPARATORIA
2.01407E+16,183,RECHAZADA,PENDIENTE,RECHAZADO,MALO,0,,,,,0,INVERSIONES,ALTO_B,NO_CLIENTE,0,ALTO,0%,3,98,0,0,0,0,53,FAMILIARES,POSGRADO
2.01407E+16,199,RECHAZADA,PENDIENTE,RECHAZADO,MALO,0,,,,,0,RECIBOS DE NOMINA,MEDIO_B,NO_CLIENTE,0,ALTO,0%,3,98,0,0,0,0,37,FAMILIARES,LICENCIATURA
2.01408E+16,115,RECHAZADA,PENDIENTE,RECHAZADO,MALO,0,,,,,0,RECIBOS DE NOMINA,MEDIO_B,NO_CLIENTE,0,ALTO,0%,1,90,0,0,0,0,55,FAMILIARES,LICENCIATURA
2.01408E+16,116,RECHAZADA,PENDIENTE,RECHAZADO,MALO,0,,1,,0.00%,0,INVERSIONES,MEDIO_B,NO_CLIENTE,10000,ALTO,0%,3,90,0,5691,0,0,54,RENTA,PREPARATORIA
2.01407E+16,124,RECHAZADA,PENDIENTE,RECHAZADO,MALO,0,,,,,0,RECIBOS DE NOMINA,MEDIO_B,NO_CLIENTE,0,ALTO,0%,3,91,0,0,0,0,44,RENTA,PREPARATORIA
2.01408E+16,208,RECHAZADA,PENDIENTE,RECHAZADO,MALO,0,,,,,0,RECIBOS DE NOMINA,MEDIO_B,NO_CLIENTE,0,ALTO,0%,2,91,0,0,0,0,34,RENTA,PREPARATORIA
2.01407E+16,123,RECHAZADA,PENDIENTE,RECHAZADO,MALO,0,,,,,0,RECIBOS DE NOMINA,MEDIO_A,NO_CLIENTE,0,ALTO,0%,2,95,0,0,0,0,39,HIPOTECA,PREPARATORIA
2.01407E+16,140,RECHAZADA,PENDIENTE,RECHAZADO,MALO,0,,,,,0,RECIBOS DE NOMINA,ALTO_B,NO_CLIENTE,0,ALTO,0%,3,97,0,0,0,0,45,FAMILIARES,POSGRADO
2.01407E+16,145,RECHAZADA,PENDIENTE,RECHAZADO,MALO,0,,,,,0,RECIBOS DE NOMINA,ALTO_B,NO_CLIENTE,0,ALTO,0%,2,101,0,0,0,0,55,FAMILIARES,POSGRADO
2.01408E+16,185,RECHAZADA,PENDIENTE,RECHAZADO,MALO,0,,1,,,0,RECIBOS DE NOMINA,ALTO_A,NO_CLIENTE,15,ALTO,0%,2,101,0,0,0,0,25,PROPIA,POSGRADO
2.01406E+16,163,RECHAZADA,PENDIENTE,RECHAZADO,MALO,0,,,,,0,RECIBOS DE NOMINA,MEDIO_B,NO_CLIENTE,0,ALTO,0%,4,92,0,0,0,0,33,RENTA,LICENCIATURA
2.01407E+16,187,RECHAZADA,PENDIENTE,RECHAZADO,MALO,0,,,,,0,RECIBOS DE NOMINA,MEDIO_B,NO_CLIENTE,0,ALTO,0%,2,95,0,0,0,0,37,FAMILIARES,PREPARATORIA
2.01408E+16,198,RECHAZADA,PENDIENTE,RECHAZADO,MALO,0,,,,,0,RECIBOS DE NOMINA,MEDIO_A,NO_CLIENTE,0,ALTO,0%,1,98,0,0,0,0,38,HIPOTECA,PREPARATORIA
2.01407E+16,196,RECHAZADA,PENDIENTE,RECHAZADO,MALO,0,,,,,0,INVERSIONES,MEDIO_A,NO_CLIENTE,0,ALTO,0%,2,100,0,0,0,0,34,HIPOTECA,PREPARATORIA
2.01408E+16,179,RECHAZADA,PENDIENTE,RECHAZADO,MALO,0,,1,,0.00%,0,RECIBOS DE NOMINA,ALTO_B,NO_CLIENTE,35900,ALTO,0%,0,100,0,34675,0,0,57,HIPOTECA,POSGRADO
2.01407E+16,126,RECHAZADA,PENDIENTE,RECHAZADO,MALO,0,,,,,0,RECIBOS DE NOMINA,MEDIO_B,NO_CLIENTE,0,ALTO,0%,3,101,0,0,0,0,47,RENTA,PREPARATORIA
2.01408E+16,153,RECHAZADA,PENDIENTE,RECHAZADO,MALO,0,,0,,0.00%,0,INVERSIONES,MEDIO_B,NO_CLIENTE,341000,ALTO,0%,4,101,0,187878,9900,0,57,FAMILIARES,LICENCIATURA
2.01408E+16,162,RECHAZADA,PENDIENTE,RECHAZADO,MALO,0,,,,,0,RECIBOS DE NOMINA,MEDIO_A,NO_CLIENTE,0,ALTO,0%,5,89,0,0,0,0,30,HIPOTECA,LICENCIATURA
2.01408E+16,122,RECHAZADA,PENDIENTE,RECHAZADO,MALO,0,,,,,0,INVERSIONES,ALTO_B,NO_CLIENTE,0,ALTO,0%,3,91,0,0,0,0,54,HIPOTECA,POSGRADO
2.01408E+16,180,RECHAZADA,PENDIENTE,RECHAZADO,MALO,0,,0,,,0,INVERSIONES,ALTO_B,NO_CLIENTE,3000,ALTO,0%,3,97,0,2807,250,0,57,FAMILIARES,POSGRADO
2.01408E+16,167,RECHAZADA,PENDIENTE,RECHAZADO,MALO,0,,,,,0,DECLARACION ANUAL,MEDIO_A,NO_CLIENTE,0,ALTO,0%,4,97,0,0,0,0,50,HIPOTECA,LICENCIATURA
2.01407E+16,137,RECHAZADA,PENDIENTE,RECHAZADO,MALO,0,,,,,0,INVERSIONES,MEDIO_A,NO_CLIENTE,0,ALTO,0%,2,99,0,0,0,0,45,HIPOTECA,LICENCIATURA
2.01408E+16,182,RECHAZADA,PENDIENTE,RECHAZADO,MALO,0,,1,,0.00%,0,INVERSIONES,ALTO_A,NO_CLIENTE,6100,ALTO,0%,5,89,0,192,0,0,46,PROPIA,POSGRADO
2.01408E+16,149,RECHAZADA,PENDIENTE,RECHAZADO,MALO,0,,,,,0,INVERSIONES,MEDIO_B,NO_CLIENTE,0,ALTO,0%,3,90,0,0,0,0,26,FAMILIARES,LICENCIATURA
2.01407E+16,216,RECHAZADA,PENDIENTE,RECHAZADO,MALO,0,,,,,0,INVERSIONES,ALTO_B,NO_CLIENTE,0,ALTO,0%,5,93,0,0,0,0,36,FAMILIARES,POSGRADO
2.01408E+16,137,RECHAZADA,PENDIENTE,RECHAZADO,MALO,0,,,,,0,RECIBOS DE NOMINA,MEDIO_B,NO_CLIENTE,0,ALTO,0%,3,93,0,0,0,0,55,FAMILIARES,PREPARATORIA
2.01408E+16,169,RECHAZADA,PENDIENTE,RECHAZADO,MALO,0,,,,,0,RECIBOS DE NOMINA,MEDIO_B,NO_CLIENTE,0,ALTO,0%,2,95,0,0,0,0,31,FAMILIARES,PREPARATORIA
2.01408E+16,133,RECHAZADA,PENDIENTE,RECHAZADO,MALO,0,,1,,,0,INVERSIONES,ALTO_B,NO_CLIENTE,5500,ALTO,0%,3,96,0,0,0,0,37,HIPOTECA,POSGRADO
2.01408E+16,201,RECHAZADA,PENDIENTE,RECHAZADO,MALO,0,,0,,0.00%,0,RECIBOS DE NOMINA,MEDIO_B,NO_CLIENTE,47000,ALTO,0%,4,97,0,47491,2670,0,40,FAMILIARES,PREPARATORIA
2.01408E+16,160,RECHAZADA,PENDIENTE,RECHAZADO,MALO,0,,,,,0,RECIBOS DE NOMINA,MEDIO_A,NO_CLIENTE,0,ALTO,0%,5,99,0,0,0,0,52,HIPOTECA,PREPARATORIA
2.01407E+16,184,RECHAZADA,PENDIENTE,RECHAZADO,MALO,0,,,,,0,RECIBOS DE NOMINA,MEDIO_B,NO_CLIENTE,0,ALTO,0%,4,100,0,0,0,0,25,RENTA,LICENCIATURA
2.01408E+16,117,RECHAZADA,PENDIENTE,RECHAZADO,MALO,0,,,,,0,RECIBOS DE NOMINA,ALTO_A,NO_CLIENTE,0,ALTO,0%,2,100,0,0,0,0,38,PROPIA,POSGRADO
2.01407E+16,166,RECHAZADA,PENDIENTE,RECHAZADO,MALO,0,,,,,0,RECIBOS DE NOMINA,MEDIO_A,NO_CLIENTE,0,ALTO,0%,2,97,0,0,0,0,32,HIPOTECA,PREPARATORIA
2.01408E+16,137,RECHAZADA,PENDIENTE,RECHAZADO,MALO,0,,1,,,0,INVERSIONES,MEDIO_A,NO_CLIENTE,15400,ALTO,0%,1,99,0,4277,400,0,60,HIPOTECA,PREPARATORIA
2.01407E+16,202,RECHAZADA,PENDIENTE,RECHAZADO,MALO,0,,,,,0,RECIBOS DE NOMINA,MEDIO_A,NO_CLIENTE,0,ALTO,0%,2,101,0,0,0,0,51,PROPIA,LICENCIATURA
2.01407E+16,137,RECHAZADA,PENDIENTE,RECHAZADO,MALO,0,,1,,,0,INVERSIONES,BAJO_A,NO_CLIENTE,94000,ALTO,0%,3,90,0,0,0,0,49,FAMILIARES,SECUNDARIA
2.01407E+16,217,RECHAZADA,PENDIENTE,RECHAZADO,MALO,0,,,,,0,RECIBOS DE NOMINA,MEDIO_A,NO_CLIENTE,0,ALTO,0%,3,91,0,0,0,0,30,HIPOTECA,PREPARATORIA
2.01407E+16,212,RECHAZADA,PENDIENTE,RECHAZADO,MALO,0,,,,,0,RECIBOS DE NOMINA,MEDIO_A,NO_CLIENTE,0,ALTO,0%,3,91,0,0,0,0,25,PROPIA,LICENCIATURA
2.01407E+16,190,RECHAZADA,PENDIENTE,RECHAZADO,MALO,0,,,,,0,DECLARACION ANUAL,ALTO_B,NO_CLIENTE,0,ALTO,0%,1,92,0,0,0,0,38,FAMILIARES,POSGRADO
2.01408E+16,191,RECHAZADA,PENDIENTE,RECHAZADO,MALO,0,,,,,0,INVERSIONES,ALTO_B,NO_CLIENTE,0,ALTO,0%,5,92,0,0,0,0,46,HIPOTECA,POSGRADO
2.01408E+16,171,RECHAZADA,PENDIENTE,RECHAZADO,MALO,0,,,,,0,RECIBOS DE NOMINA,MEDIO_B,NO_CLIENTE,0,ALTO,0%,4,92,0,0,0,0,39,FAMILIARES,LICENCIATURA
2.01407E+16,175,RECHAZADA,PENDIENTE,RECHAZADO,MALO,0,,,,,0,RECIBOS DE NOMINA,MEDIO_B,NO_CLIENTE,0,ALTO,0%,2,96,0,0,0,0,49,RENTA,LICENCIATURA
2.01408E+16,139,RECHAZADA,PENDIENTE,RECHAZADO,MALO,0,,0,,,0,RECIBOS DE NOMINA,MEDIO_A,NO_CLIENTE,28000,ALTO,0%,1,97,0,0,0,0,41,PROPIA,LICENCIATURA
2.01408E+16,184,RECHAZADA,PENDIENTE,RECHAZADO,MALO,0,,,,,0,RECIBOS DE NOMINA,MEDIO_A,NO_CLIENTE,0,ALTO,0%,3,98,0,0,0,0,55,HIPOTECA,LICENCIATURA
2.01408E+16,128,RECHAZADA,PENDIENTE,RECHAZADO,MALO,0,,,,,0,RECIBOS DE NOMINA,MEDIO_B,NO_CLIENTE,0,ALTO,0%,3,98,0,0,0,0,32,FAMILIARES,LICENCIATURA
2.01407E+16,121,RECHAZADA,PENDIENTE,RECHAZADO,MALO,0,,0,,,0,RECIBOS DE NOMINA,ALTO_A,NO_CLIENTE,0,ALTO,0%,3,100,0,19439,1690,0,52,PROPIA,POSGRADO
2.01408E+16,163,RECHAZADA,PENDIENTE,RECHAZADO,MALO,0,,,,,0,RECIBOS DE NOMINA,MEDIO_A,NO_CLIENTE,0,ALTO,0%,0,101,0,0,0,0,37,HIPOTECA,PREPARATORIA
2.01408E+16,188,RECHAZADA,PENDIENTE,RECHAZADO,MALO,0,,0,,,0,INVERSIONES,MEDIO_A,NO_CLIENTE,28000,ALTO,0%,3,90,0,1193,0,0,25,PROPIA,LICENCIATURA
2.01408E+16,139,RECHAZADA,PENDIENTE,RECHAZADO,MALO,0,,,,,0,RECIBOS DE NOMINA,MEDIO_A,NO_CLIENTE,0,ALTO,0%,3,98,0,0,0,0,31,HIPOTECA,LICENCIATURA
2.01408E+16,205,RECHAZADA,PENDIENTE,RECHAZADO,MALO,0,,,,,0,RECIBOS DE NOMINA,MEDIO_A,NO_CLIENTE,0,ALTO,0%,3,100,0,0,0,0,38,PROPIA,LICENCIATURA
2.01407E+16,212,RECHAZADA,PENDIENTE,RECHAZADO,MALO,0,,0,,,0,RECIBOS DE NOMINA,ALTO_B,NO_CLIENTE,0,ALTO,0%,3,101,0,6351,6351,0,60,FAMILIARES,POSGRADO
2.01407E+16,177,RECHAZADA,PENDIENTE,RECHAZADO,MALO,0,,0,,,0,INVERSIONES,ALTO_B,NO_CLIENTE,0,ALTO,0%,4,91,0,8968,250,0,57,FAMILIARES,POSGRADO
2.01408E+16,213,RECHAZADA,PENDIENTE,RECHAZADO,MALO,0,,,,,0,RECIBOS DE NOMINA,ALTO_B,NO_CLIENTE,0,ALTO,0%,2,92,0,0,0,0,54,RENTA,POSGRADO
2.01407E+16,205,RECHAZADA,PENDIENTE,RECHAZADO,MALO,0,,,,,0,RECIBOS DE NOMINA,MEDIO_A,NO_CLIENTE,0,ALTO,0%,2,93,0,0,0,0,44,HIPOTECA,LICENCIATURA
2.01407E+16,160,RECHAZADA,PENDIENTE,RECHAZADO,MALO,0,,0,,,0,INVERSIONES,MEDIO_B,NO_CLIENTE,0,ALTO,0%,4,94,0,37717,6880,0,44,FAMILIARES,LICENCIATURA
2.01408E+16,166,RECHAZADA,PENDIENTE,RECHAZADO,MALO,0,,,,,0,INVERSIONES,ALTO_A,NO_CLIENTE,0,ALTO,0%,5,99,0,0,0,0,50,PROPIA,POSGRADO
2.01408E+16,182,RECHAZADA,PENDIENTE,RECHAZADO,MALO,0,,,,,0,RECIBOS DE NOMINA,MEDIO_A,NO_CLIENTE,0,ALTO,0%,3,100,0,0,0,0,29,PROPIA,LICENCIATURA
2.01407E+16,147,RECHAZADA,PENDIENTE,RECHAZADO,MALO,0,,0,,,0,RECIBOS DE NOMINA,ALTO_B,NO_CLIENTE,0,ALTO,0%,4,89,0,1042,0,0,57,RENTA,POSGRADO
2.01407E+16,178,RECHAZADA,PENDIENTE,RECHAZADO,MALO,0,,,,,0,RECIBOS DE NOMINA,ALTO_B,NO_CLIENTE,0,ALTO,0%,3,91,0,0,0,0,51,RENTA,POSGRADO
2.01408E+16,140,RECHAZADA,PENDIENTE,RECHAZADO,MALO,0,,0,,0.00%,0,INVERSIONES,MEDIO_B,NO_CLIENTE,16500,ALTO,0%,3,94,0,2320,250,0,25,RENTA,LICENCIATURA
2.01407E+16,146,RECHAZADA,PENDIENTE,RECHAZADO,MALO,0,,,,,0,INVERSIONES,ALTO_B,NO_CLIENTE,0,ALTO,0%,3,98,0,0,0,0,36,FAMILIARES,POSGRADO
2.01407E+16,201,RECHAZADA,PENDIENTE,RECHAZADO,MALO,0,,,,,0,RECIBOS DE NOMINA,MEDIO_A,NO_CLIENTE,0,ALTO,0%,3,98,0,0,0,0,26,HIPOTECA,LICENCIATURA
2.01407E+16,177,RECHAZADA,PENDIENTE,RECHAZADO,MALO,0,,1,,0.00%,0,INVERSIONES,MEDIO_B,NO_CLIENTE,0,ALTO,0%,4,89,0,43161,0,0,43,RENTA,PREPARATORIA
2.01408E+16,202,RECHAZADA,PENDIENTE,RECHAZADO,MALO,0,,0,,0.00%,0,INVERSIONES,ALTO_B,NO_CLIENTE,142900,ALTO,0%,5,90,0,114888,18750,0,28,FAMILIARES,POSGRADO
2.01408E+16,149,RECHAZADA,PENDIENTE,RECHAZADO,MALO,0,,,,,0,RECIBOS DE NOMINA,ALTO_B,NO_CLIENTE,0,ALTO,0%,4,93,0,0,0,0,35,RENTA,POSGRADO
2.01407E+16,221,RECHAZADA,PENDIENTE,RECHAZADO,MALO,0,,,,,0,RECIBOS DE NOMINA,ALTO_A,NO_CLIENTE,0,ALTO,0%,2,94,0,0,0,0,29,PROPIA,POSGRADO
2.01408E+16,193,RECHAZADA,PENDIENTE,RECHAZADO,MALO,0,,,,,0,RECIBOS DE NOMINA,ALTO_B,NO_CLIENTE,0,ALTO,0%,2,94,0,0,0,0,28,RENTA,POSGRADO
2.01408E+16,141,RECHAZADA,PENDIENTE,RECHAZADO,MALO,0,,0,,,0,RECIBOS DE NOMINA,MEDIO_A,NO_CLIENTE,0,ALTO,0%,4,94,0,3893,0,0,56,PROPIA,LICENCIATURA
2.01407E+16,190,RECHAZADA,PENDIENTE,RECHAZADO,MALO,0,,,,,0,RECIBOS DE NOMINA,ALTO_B,NO_CLIENTE,0,ALTO,0%,3,95,0,0,0,0,53,RENTA,POSGRADO
2.01407E+16,133,RECHAZADA,PENDIENTE,RECHAZADO,MALO,0,,0,,,0,INVERSIONES,MEDIO_B,NO_CLIENTE,0,ALTO,0%,3,98,0,2520,1500,0,28,RENTA,LICENCIATURA
2.01407E+16,133,RECHAZADA,PENDIENTE,RECHAZADO,MALO,0,,,,,0,RECIBOS DE NOMINA,MEDIO_A,NO_CLIENTE,0,ALTO,0%,2,99,0,0,0,0,52,PROPIA,LICENCIATURA
2.01407E+16,200,RECHAZADA,PENDIENTE,RECHAZADO,MALO,0,,,,,0,RECIBOS DE NOMINA,ALTO_B,NO_CLIENTE,0,ALTO,0%,2,93,0,0,0,0,41,HIPOTECA,POSGRADO
2.01408E+16,177,RECHAZADA,PENDIENTE,RECHAZADO,MALO,0,,2,,0.00%,0,INVERSIONES,MEDIO_B,NO_CLIENTE,3000,ALTO,0%,3,94,0,0,0,0,34,RENTA,LICENCIATURA
2.01408E+16,204,RECHAZADA,PENDIENTE,RECHAZADO,MALO,0,,1,,0.00%,0,INVERSIONES,ALTO_B,NO_CLIENTE,10400,ALTO,0%,2,94,0,2488,250,0,47,FAMILIARES,POSGRADO
2.01408E+16,138,RECHAZADA,PENDIENTE,RECHAZADO,MALO,0,,1,,,0,INVERSIONES,MEDIO_A,NO_CLIENTE,5004,ALTO,0%,4,94,0,5206,0,0,57,HIPOTECA,PREPARATORIA
2.01408E+16,139,RECHAZADA,PENDIENTE,RECHAZADO,MALO,0,,,,,0,RECIBOS DE NOMINA,ALTO_B,NO_CLIENTE,0,ALTO,0%,3,95,0,0,0,0,37,RENTA,POSGRADO
2.01408E+16,201,RECHAZADA,PENDIENTE,RECHAZADO,MALO,0,,,,,0,INVERSIONES,MEDIO_A,NO_CLIENTE,0,ALTO,0%,2,97,0,0,0,0,57,HIPOTECA,PREPARATORIA
2.01408E+16,219,RECHAZADA,PENDIENTE,RECHAZADO,MALO,0,,,,,0,RECIBOS DE NOMINA,ALTO_B,NO_CLIENTE,0,ALTO,0%,0,100,0,0,0,0,55,HIPOTECA,POSGRADO
2.01408E+16,131,RECHAZADA,PENDIENTE,RECHAZADO,MALO,0,,,,,0,RECIBOS DE NOMINA,MEDIO_B,NO_CLIENTE,0,ALTO,0%,5,89,0,0,0,0,40,RENTA,LICENCIATURA
2.01408E+16,222,RECHAZADA,PENDIENTE,RECHAZADO,MALO,0,,,,,0,RECIBOS DE NOMINA,MEDIO_B,NO_CLIENTE,0,ALTO,0%,5,89,0,0,0,0,44,RENTA,LICENCIATURA
2.01408E+16,218,RECHAZADA,PENDIENTE,RECHAZADO,MALO,0,,,,,0,DECLARACION ANUAL,MEDIO_A,NO_CLIENTE,0,ALTO,0%,3,93,0,0,0,0,34,HIPOTECA,PREPARATORIA
2.01408E+16,195,RECHAZADA,PENDIENTE,RECHAZADO,MALO,0,,,,,0,RECIBOS DE NOMINA,MEDIO_A,NO_CLIENTE,0,ALTO,0%,2,101,0,0,0,0,47,PROPIA,LICENCIATURA
2.01407E+16,186,RECHAZADA,PENDIENTE,RECHAZADO,MALO,0,,1,,0.00%,0,INVERSIONES,MEDIO_A,NO_CLIENTE,0,ALTO,0%,3,92,0,4729,380,0,55,HIPOTECA,PREPARATORIA
2.01407E+16,201,RECHAZADA,PENDIENTE,RECHAZADO,MALO,0,,,,,0,RECIBOS DE NOMINA,MEDIO_B,NO_CLIENTE,0,ALTO,0%,1,95,0,0,0,0,56,FAMILIARES,LICENCIATURA
2.01408E+16,142,RECHAZADA,PENDIENTE,RECHAZADO,MALO,0,,,,,0,RECIBOS DE NOMINA,ALTO_B,NO_CLIENTE,0,ALTO,0%,4,95,0,0,0,0,46,HIPOTECA,POSGRADO
2.01407E+16,138,RECHAZADA,PENDIENTE,RECHAZADO,MALO,0,,,,,0,RECIBOS DE NOMINA,MEDIO_A,NO_CLIENTE,0,ALTO,0%,2,97,0,0,0,0,33,HIPOTECA,LICENCIATURA
2.01408E+16,223,RECHAZADA,PENDIENTE,RECHAZADO,MALO,0,,,,,0,INVERSIONES,MEDIO_B,NO_CLIENTE,0,ALTO,0%,2,101,0,0,0,0,50,FAMILIARES,LICENCIATURA
2.01407E+16,201,RECHAZADA,PENDIENTE,RECHAZADO,MALO,0,,,,,0,RECIBOS DE NOMINA,MEDIO_A,NO_CLIENTE,0,ALTO,0%,3,92,0,0,0,0,33,PROPIA,LICENCIATURA
2.01408E+16,177,RECHAZADA,PENDIENTE,RECHAZADO,MALO,0,,,,,0,INVERSIONES,MEDIO_A,NO_CLIENTE,0,ALTO,0%,4,92,0,0,0,0,47,HIPOTECA,PREPARATORIA
2.01408E+16,157,RECHAZADA,PENDIENTE,RECHAZADO,MALO,0,,,,,0,RECIBOS DE NOMINA,MEDIO_B,NO_CLIENTE,0,ALTO,0%,5,92,0,0,0,0,54,RENTA,PREPARATORIA
2.01407E+16,170,RECHAZADA,PENDIENTE,RECHAZADO,MALO,0,,,,,0,DECLARACION ANUAL,MEDIO_B,NO_CLIENTE,0,ALTO,0%,3,99,0,0,0,0,40,RENTA,PREPARATORIA
2.01408E+16,154,RECHAZADA,PENDIENTE,RECHAZADO,MALO,0,,1,,0.00%,0,INVERSIONES,ALTO_B,NO_CLIENTE,45000,ALTO,0%,3,100,0,1412,0,0,28,RENTA,POSGRADO
2.01407E+16,223,RECHAZADA,PENDIENTE,RECHAZADO,MALO,0,,0,,,0,INVERSIONES,ALTO_B,NO_CLIENTE,0,ALTO,0%,4,101,0,733,250,0,34,HIPOTECA,POSGRADO
2.01408E+16,204,RECHAZADA,PENDIENTE,RECHAZADO,MALO,0,,,,,0,RECIBOS DE NOMINA,ALTO_B,NO_CLIENTE,0,ALTO,0%,0,101,0,0,0,0,26,RENTA,POSGRADO
2.01408E+16,187,RECHAZADA,PENDIENTE,RECHAZADO,MALO,0,,0,,,0,INVERSIONES,ALTO_A,NO_CLIENTE,73500,ALTO,0%,3,91,0,9638,920,0,32,PROPIA,POSGRADO
2.01407E+16,189,RECHAZADA,PENDIENTE,RECHAZADO,MALO,0,,,,,0,RECIBOS DE NOMINA,MEDIO_B,NO_CLIENTE,0,ALTO,0%,2,101,0,0,0,0,30,RENTA,LICENCIATURA
2.01408E+16,175,RECHAZADA,PENDIENTE,RECHAZADO,MALO,0,,,,,0,RECIBOS DE NOMINA,MEDIO_B,NO_CLIENTE,0,ALTO,0%,1,90,0,0,0,0,58,RENTA,LICENCIATURA
2.01407E+16,189,RECHAZADA,PENDIENTE,RECHAZADO,MALO,0,,,,,0,INVERSIONES,MEDIO_B,NO_CLIENTE,0,ALTO,0%,3,91,0,0,0,0,38,RENTA,LICENCIATURA
2.01408E+16,199,RECHAZADA,PENDIENTE,RECHAZADO,MALO,0,,,,,0,RECIBOS DE NOMINA,MEDIO_A,NO_CLIENTE,0,ALTO,0%,1,92,0,0,0,0,59,PROPIA,LICENCIATURA
2.01408E+16,170,RECHAZADA,PENDIENTE,RECHAZADO,MALO,0,,0,,,0,INVERSIONES,ALTO_B,NO_CLIENTE,0,ALTO,0%,3,92,0,15129,9020,0,38,FAMILIARES,POSGRADO
2.01408E+16,200,RECHAZADA,PENDIENTE,RECHAZADO,MALO,0,,,,,0,RECIBOS DE NOMINA,ALTO_B,NO_CLIENTE,0,ALTO,0%,5,94,0,0,0,0,30,RENTA,POSGRADO
2.01408E+16,154,RECHAZADA,PENDIENTE,RECHAZADO,MALO,0,,1,,0.00%,0,RECIBOS DE NOMINA,MEDIO_A,NO_CLIENTE,9800,ALTO,0%,2,96,0,6205,250,0,31,HIPOTECA,PREPARATORIA
2.01408E+16,201,RECHAZADA,PENDIENTE,RECHAZADO,MALO,0,,,,,0,RECIBOS DE NOMINA,MEDIO_A,NO_CLIENTE,0,ALTO,0%,4,98,0,0,0,0,46,HIPOTECA,PREPARATORIA
2.01407E+16,133,RECHAZADA,PENDIENTE,RECHAZADO,MALO,0,,,,,0,RECIBOS DE NOMINA,ALTO_B,NO_CLIENTE,0,ALTO,0%,3,99,0,0,0,0,55,RENTA,POSGRADO
2.01407E+16,170,RECHAZADA,PENDIENTE,RECHAZADO,MALO,0,,,,,0,RECIBOS DE NOMINA,MEDIO_B,NO_CLIENTE,0,ALTO,0%,1,99,0,0,0,0,35,RENTA,PREPARATORIA
2.01408E+16,148,RECHAZADA,PENDIENTE,RECHAZADO,MALO,0,,,,,0,RECIBOS DE NOMINA,ALTO_A,NO_CLIENTE,0,ALTO,0%,0,101,0,0,0,0,31,PROPIA,POSGRADO
2.01408E+16,152,RECHAZADA,PENDIENTE,RECHAZADO,MALO,0,,,,,0,INVERSIONES,ALTO_B,NO_CLIENTE,0,ALTO,0%,4,89,0,0,0,0,58,RENTA,POSGRADO
2.01407E+16,165,RECHAZADA,PENDIENTE,RECHAZADO,MALO,0,,,,,0,RECIBOS DE NOMINA,MEDIO_B,NO_CLIENTE,0,ALTO,0%,4,91,0,0,0,0,26,RENTA,PREPARATORIA
2.01407E+16,132,RECHAZADA,PENDIENTE,RECHAZADO,MALO,0,,,,,0,RECIBOS DE NOMINA,MEDIO_A,NO_CLIENTE,0,ALTO,0%,1,94,0,0,0,0,33,HIPOTECA,PREPARATORIA
2.01407E+16,206,RECHAZADA,PENDIENTE,RECHAZADO,MALO,0,,,,,0,RECIBOS DE NOMINA,MEDIO_A,NO_CLIENTE,0,ALTO,0%,3,95,0,0,0,0,37,HIPOTECA,PREPARATORIA
2.01408E+16,222,RECHAZADA,PENDIENTE,RECHAZADO,MALO,0,,,,,0,INVERSIONES,MEDIO_B,NO_CLIENTE,0,ALTO,0%,4,99,0,0,0,0,45,RENTA,LICENCIATURA
2.01408E+16,145,RECHAZADA,PENDIENTE,RECHAZADO,MALO,0,,,,,0,INVERSIONES,MEDIO_A,NO_CLIENTE,0,ALTO,0%,5,99,0,0,0,0,58,HIPOTECA,LICENCIATURA
2.01407E+16,153,RECHAZADA,PENDIENTE,RECHAZADO,MALO,0,,,,,0,RECIBOS DE NOMINA,MEDIO_A,NO_CLIENTE,0,ALTO,0%,1,101,0,0,0,0,42,PROPIA,LICENCIATURA
2.01408E+16,192,RECHAZADA,PENDIENTE,RECHAZADO,MALO,0,,,,,0,RECIBOS DE NOMINA,ALTO_B,NO_CLIENTE,0,ALTO,0%,3,90,0,0,0,0,35,RENTA,POSGRADO
2.01408E+16,168,RECHAZADA,PENDIENTE,RECHAZADO,MALO,0,,,,,0,INVERSIONES,BAJO_A,NO_CLIENTE,0,ALTO,0%,4,91,0,0,0,0,46,FAMILIARES,PREPARATORIA
2.01407E+16,175,RECHAZADA,PENDIENTE,RECHAZADO,MALO,0,,,,,0,RECIBOS DE NOMINA,MEDIO_B,NO_CLIENTE,0,ALTO,0%,3,92,0,0,0,0,35,FAMILIARES,LICENCIATURA
2.01407E+16,222,RECHAZADA,PENDIENTE,RECHAZADO,MALO,0,,,,,0,RECIBOS DE NOMINA,MEDIO_A,NO_CLIENTE,0,ALTO,0%,4,93,0,0,0,0,45,HIPOTECA,PREPARATORIA
2.01408E+16,193,RECHAZADA,PENDIENTE,RECHAZADO,MALO,0,,,,,0,RECIBOS DE NOMINA,MEDIO_A,NO_CLIENTE,0,ALTO,0%,4,95,0,0,0,0,52,HIPOTECA,LICENCIATURA
2.01408E+16,133,EN_PROCESO,PENDIENTE,RECHAZADO,MALO,0,,,,,0,RECIBOS DE NOMINA,BAJO_A,NO_CLIENTE,0,ALTO,0%,5,98,0,0,0,0,59,HIPOTECA,LICENCIATURA
2.01408E+16,198,RECHAZADA,PENDIENTE,RECHAZADO,MALO,0,,,,,0,INVERSIONES,MEDIO_A,NO_CLIENTE,0,ALTO,0%,2,101,0,0,0,0,27,HIPOTECA,PREPARATORIA
2.01407E+16,141,RECHAZADA,PENDIENTE,RECHAZADO,MALO,0,,,,,0,INVERSIONES,MEDIO_B,NO_CLIENTE,0,ALTO,0%,3,92,0,0,0,0,40,FAMILIARES,PREPARATORIA
2.01407E+16,143,RECHAZADA,PENDIENTE,RECHAZADO,MALO,0,,,,,0,RECIBOS DE NOMINA,ALTO_A,NO_CLIENTE,0,ALTO,0%,1,93,0,0,0,0,29,PROPIA,POSGRADO
2.01407E+16,157,RECHAZADA,PENDIENTE,RECHAZADO,MALO,0,,,,,0,INVERSIONES,MEDIO_B,NO_CLIENTE,0,ALTO,0%,5,94,0,0,0,0,30,RENTA,LICENCIATURA
2.01408E+16,141,RECHAZADA,PENDIENTE,RECHAZADO,MALO,0,,,,,0,INVERSIONES,ALTO_B,NO_CLIENTE,0,ALTO,0%,4,95,0,0,0,0,25,HIPOTECA,POSGRADO
2.01407E+16,228,RECHAZADA,PENDIENTE,RECHAZADO,MALO,0,,0,,,0,RECIBOS DE NOMINA,ALTO_B,NO_CLIENTE,0,ALTO,0%,3,96,0,2477,250,0,26,HIPOTECA,POSGRADO
2.01407E+16,143,RECHAZADA,PENDIENTE,RECHAZADO,MALO,0,,0,,,0,INVERSIONES,MEDIO_B,NO_CLIENTE,0,ALTO,0%,2,96,0,520,0,0,31,FAMILIARES,LICENCIATURA
2.01408E+16,180,RECHAZADA,PENDIENTE,RECHAZADO,MALO,0,,,,,0,RECIBOS DE NOMINA,ALTO_A,NO_CLIENTE,0,ALTO,0%,4,99,0,0,0,0,35,PROPIA,POSGRADO
2.01407E+16,160,RECHAZADA,PENDIENTE,RECHAZADO,MALO,0,,,,,0,INVERSIONES,MEDIO_A,NO_CLIENTE,0,ALTO,0%,2,101,0,0,0,0,45,HIPOTECA,LICENCIATURA
2.01407E+16,185,RECHAZADA,PENDIENTE,RECHAZADO,MALO,0,,1,,0.00%,0,INVERSIONES,MEDIO_B,NO_CLIENTE,0,ALTO,0%,5,94,0,4523,660,0,58,FAMILIARES,PREPARATORIA
2.01408E+16,133,RECHAZADA,PENDIENTE,RECHAZADO,MALO,0,,,,,0,RECIBOS DE NOMINA,MEDIO_B,NO_CLIENTE,0,ALTO,0%,3,95,0,0,0,0,57,FAMILIARES,PREPARATORIA
2.01407E+16,218,RECHAZADA,PENDIENTE,RECHAZADO,MALO,0,,0,,,0,INVERSIONES,ALTO_B,NO_CLIENTE,0,ALTO,0%,3,96,0,2302,2302,0,38,FAMILIARES,POSGRADO
2.01408E+16,140,RECHAZADA,PENDIENTE,RECHAZADO,MALO,0,,,,,0,INVERSIONES,MEDIO_B,NO_CLIENTE,0,ALTO,0%,4,97,0,0,0,0,33,FAMILIARES,LICENCIATURA
2.01408E+16,193,RECHAZADA,PENDIENTE,RECHAZADO,MALO,0,,0,,0.00%,0,INVERSIONES,ALTO_B,NO_CLIENTE,15000,ALTO,0%,0,100,0,6771,530,0,34,HIPOTECA,POSGRADO
2.01406E+16,194,RECHAZADA,PENDIENTE,RECHAZADO,MALO,0,,0,,,0,INVERSIONES,ALTO_A,NO_CLIENTE,0,ALTO,0%,4,89,0,15690,1230,0,34,PROPIA,POSGRADO
2.01407E+16,229,RECHAZADA,PENDIENTE,RECHAZADO,MALO,0,,,,,0,RECIBOS DE NOMINA,MEDIO_B,NO_CLIENTE,0,ALTO,0%,3,90,0,0,0,0,31,FAMILIARES,LICENCIATURA
2.01408E+16,166,RECHAZADA,PENDIENTE,RECHAZADO,MALO,0,,,,,0,RECIBOS DE NOMINA,MEDIO_B,NO_CLIENTE,0,ALTO,0%,5,91,0,0,0,0,59,FAMILIARES,PREPARATORIA
2.01407E+16,191,RECHAZADA,PENDIENTE,RECHAZADO,MALO,0,,0,,,0,INVERSIONES,MEDIO_A,NO_CLIENTE,0,ALTO,0%,4,92,0,8359,250,0,42,HIPOTECA,LICENCIATURA
2.01407E+16,207,RECHAZADA,PENDIENTE,RECHAZADO,MALO,0,,,,,0,RECIBOS DE NOMINA,BAJO_A,NO_CLIENTE,0,ALTO,0%,4,99,0,0,0,0,34,RENTA,SECUNDARIA
2.01408E+16,189,RECHAZADA,PENDIENTE,RECHAZADO,MALO,0,,,,,0,RECIBOS DE NOMINA,ALTO_B,NO_CLIENTE,0,ALTO,0%,5,89,0,0,0,0,57,RENTA,POSGRADO
2.01408E+16,155,RECHAZADA,PENDIENTE,RECHAZADO,MALO,0,,,,,0,DECLARACION ANUAL,MEDIO_B,NO_CLIENTE,0,ALTO,0%,3,91,0,0,0,0,45,RENTA,PREPARATORIA
2.01408E+16,192,RECHAZADA,PENDIENTE,RECHAZADO,MALO,0,,,,,0,RECIBOS DE NOMINA,ALTO_B,NO_CLIENTE,0,ALTO,0%,5,93,0,0,0,0,51,RENTA,POSGRADO
2.01407E+16,166,RECHAZADA,PENDIENTE,RECHAZADO,MALO,0,,,,,0,INVERSIONES,ALTO_B,NO_CLIENTE,0,ALTO,0%,3,95,0,0,0,0,59,HIPOTECA,POSGRADO
2.01408E+16,205,RECHAZADA,PENDIENTE,RECHAZADO,MALO,0,,0,,,0,INVERSIONES,ALTO_A,NO_CLIENTE,27500,ALTO,0%,5,96,0,33412,30564,0,58,PROPIA,POSGRADO
2.01407E+16,141,RECHAZADA,PENDIENTE,RECHAZADO,MALO,0,,,,,0,INVERSIONES,MEDIO_A,NO_CLIENTE,0,ALTO,0%,3,97,0,0,0,0,36,HIPOTECA,PREPARATORIA
2.01408E+16,169,RECHAZADA,PENDIENTE,RECHAZADO,MALO,0,,,,,0,RECIBOS DE NOMINA,ALTO_A,NO_CLIENTE,0,ALTO,0%,3,98,0,0,0,0,34,PROPIA,POSGRADO
2.01408E+16,214,RECHAZADA,PENDIENTE,RECHAZADO,MALO,0,,,,,0,RECIBOS DE NOMINA,MEDIO_B,NO_CLIENTE,0,ALTO,0%,1,98,0,0,0,0,52,RENTA,LICENCIATURA
2.01408E+16,213,RECHAZADA,PENDIENTE,RECHAZADO,MALO,0,,,,,0,RECIBOS DE NOMINA,MEDIO_A,NO_CLIENTE,0,ALTO,0%,4,99,0,0,0,0,54,HIPOTECA,PREPARATORIA
2.01407E+16,145,RECHAZADA,PENDIENTE,RECHAZADO,MALO,0,,,,,0,RECIBOS DE NOMINA,MEDIO_B,NO_CLIENTE,0,ALTO,0%,1,100,0,0,0,0,43,FAMILIARES,PREPARATORIA
2.01407E+16,200,RECHAZADA,PENDIENTE,RECHAZADO,MALO,0,,,,,0,RECIBOS DE NOMINA,MEDIO_A,NO_CLIENTE,0,ALTO,0%,4,100,0,0,0,0,49,HIPOTECA,LICENCIATURA
2.01407E+16,228,RECHAZADA,PENDIENTE,RECHAZADO,MALO,0,,,,,0,RECIBOS DE NOMINA,ALTO_B,NO_CLIENTE,0,ALTO,0%,3,90,0,0,0,0,41,FAMILIARES,POSGRADO
2.01407E+16,140,RECHAZADA,PENDIENTE,RECHAZADO,MALO,0,,,,,0,RECIBOS DE NOMINA,MEDIO_B,NO_CLIENTE,0,ALTO,0%,3,90,0,0,0,0,26,RENTA,LICENCIATURA
2.01408E+16,196,RECHAZADA,PENDIENTE,RECHAZADO,MALO,0,,,,,0,RECIBOS DE NOMINA,MEDIO_B,NO_CLIENTE,0,ALTO,0%,3,90,0,0,0,0,52,FAMILIARES,PREPARATORIA
2.01408E+16,208,RECHAZADA,PENDIENTE,RECHAZADO,MALO,0,,,,,0,INVERSIONES,MEDIO_B,NO_CLIENTE,0,ALTO,0%,5,91,0,0,0,0,46,RENTA,LICENCIATURA
2.01408E+16,139,RECHAZADA,PENDIENTE,RECHAZADO,MALO,0,,,,,0,RECIBOS DE NOMINA,ALTO_B,NO_CLIENTE,0,ALTO,0%,4,98,0,0,0,0,40,FAMILIARES,POSGRADO
2.01406E+16,185,RECHAZADA,PENDIENTE,RECHAZADO,MALO,0,,,,,0,RECIBOS DE NOMINA,MEDIO_A,NO_CLIENTE,0,ALTO,0%,2,100,0,0,0,0,29,PROPIA,LICENCIATURA
2.01407E+16,188,RECHAZADA,PENDIENTE,RECHAZADO,MALO,0,,,,,0,RECIBOS DE NOMINA,MEDIO_B,NO_CLIENTE,0,ALTO,0%,2,101,0,0,0,0,55,FAMILIARES,LICENCIATURA
2.01408E+16,161,EN_PROCESO,PENDIENTE,RECHAZADO,MALO,0,,,,,0,INVERSIONES,MEDIO_A,NO_CLIENTE,0,ALTO,0%,5,90,0,0,0,0,36,HIPOTECA,PREPARATORIA
2.01408E+16,197,RECHAZADA,PENDIENTE,RECHAZADO,MALO,0,,,,,0,RECIBOS DE NOMINA,MEDIO_A,NO_CLIENTE,0,ALTO,0%,3,94,0,0,0,0,27,HIPOTECA,PREPARATORIA
2.01408E+16,194,RECHAZADA,PENDIENTE,RECHAZADO,MALO,0,,1,,0.00%,0,INVERSIONES,ALTO_B,NO_CLIENTE,16899,ALTO,0%,4,98,0,0,0,0,27,RENTA,POSGRADO
2.01407E+16,168,RECHAZADA,PENDIENTE,RECHAZADO,MALO,0,,,,,0,RECIBOS DE NOMINA,MEDIO_A,NO_CLIENTE,0,ALTO,0%,1,90,0,0,0,0,31,HIPOTECA,PREPARATORIA
2.01406E+16,145,RECHAZADA,PENDIENTE,RECHAZADO,MALO,0,,,,,0,RECIBOS DE NOMINA,MEDIO_A,NO_CLIENTE,0,ALTO,0%,4,90,0,0,0,0,47,HIPOTECA,POSGRADO
2.01407E+16,207,RECHAZADA,PENDIENTE,RECHAZADO,MALO,0,,,,,0,RECIBOS DE NOMINA,MEDIO_B,NO_CLIENTE,0,ALTO,0%,2,91,0,0,0,0,52,RENTA,LICENCIATURA
2.01406E+16,235,RECHAZADA,PENDIENTE,RECHAZADO,MALO,0,,,,,0,DECLARACION ANUAL,MEDIO_B,NO_CLIENTE,0,ALTO,0%,1,99,0,0,0,0,55,FAMILIARES,POSGRADO
2.01407E+16,157,RECHAZADA,PENDIENTE,RECHAZADO,MALO,0,,,,,0,RECIBOS DE NOMINA,MEDIO_B,NO_CLIENTE,0,ALTO,0%,3,90,0,0,0,0,32,RENTA,PREPARATORIA
2.01408E+16,220,RECHAZADA,PENDIENTE,RECHAZADO,MALO,0,,0,,,0,RECIBOS DE NOMINA,ALTO_B,NO_CLIENTE,3000,ALTO,0%,4,90,0,2932,260,0,26,FAMILIARES,POSGRADO
2.01407E+16,197,RECHAZADA,PENDIENTE,RECHAZADO,MALO,0,,,,,0,INVERSIONES,MEDIO_A,NO_CLIENTE,0,ALTO,0%,4,93,0,0,0,0,36,HIPOTECA,PREPARATORIA
2.01407E+16,167,RECHAZADA,PENDIENTE,RECHAZADO,MALO,0,,,,,0,RECIBOS DE NOMINA,ALTO_B,NO_CLIENTE,0,ALTO,0%,4,94,0,0,0,0,51,RENTA,POSGRADO
2.01408E+16,150,RECHAZADA,PENDIENTE,RECHAZADO,MALO,0,,,,,0,RECIBOS DE NOMINA,ALTO_B,NO_CLIENTE,0,ALTO,0%,2,95,0,0,0,0,54,RENTA,POSGRADO
2.01408E+16,144,RECHAZADA,PENDIENTE,RECHAZADO,MALO,0,,,,,0,RECIBOS DE NOMINA,MEDIO_A,NO_CLIENTE,0,ALTO,0%,3,96,0,0,0,0,48,PROPIA,LICENCIATURA
2.01407E+16,226,RECHAZADA,PENDIENTE,RECHAZADO,MALO,0,,,,,0,RECIBOS DE NOMINA,ALTO_A,NO_CLIENTE,0,ALTO,0%,3,97,0,0,0,0,39,PROPIA,POSGRADO
2.01407E+16,150,RECHAZADA,PENDIENTE,RECHAZADO,MALO,0,,1,,0.00%,0,INVERSIONES,BAJO_A,NO_CLIENTE,0,ALTO,0%,3,97,0,12525,1080,0,29,FAMILIARES,SECUNDARIA
2.01408E+16,188,RECHAZADA,PENDIENTE,RECHAZADO,MALO,0,,1,,,0,INVERSIONES,MEDIO_A,NO_CLIENTE,42600,ALTO,0%,1,98,0,28352,1190,0,39,PROPIA,LICENCIATURA
2.01408E+16,145,RECHAZADA,PENDIENTE,RECHAZADO,MALO,0,,,,,0,RECIBOS DE NOMINA,MEDIO_B,NO_CLIENTE,0,ALTO,0%,2,93,0,0,0,0,49,RENTA,PREPARATORIA
2.01408E+16,166,RECHAZADA,PENDIENTE,RECHAZADO,MALO,0,,,,,0,RECIBOS DE NOMINA,MEDIO_B,NO_CLIENTE,0,ALTO,0%,4,96,0,0,0,0,26,RENTA,PREPARATORIA
2.01408E+16,214,RECHAZADA,PENDIENTE,RECHAZADO,MALO,0,,2,,0.00%,0,RECIBOS DE NOMINA,ALTO_A,NO_CLIENTE,14700,ALTO,0%,5,96,0,15242,980,0,55,PROPIA,POSGRADO
2.01407E+16,178,RECHAZADA,PENDIENTE,RECHAZADO,MALO,0,,,,,0,RECIBOS DE NOMINA,ALTO_B,NO_CLIENTE,0,ALTO,0%,2,99,0,0,0,0,57,HIPOTECA,POSGRADO
2.01407E+16,171,RECHAZADA,PENDIENTE,RECHAZADO,MALO,0,,,,,0,RECIBOS DE NOMINA,MEDIO_B,NO_CLIENTE,0,ALTO,0%,3,99,0,0,0,0,48,RENTA,PREPARATORIA
2.01407E+16,184,RECHAZADA,PENDIENTE,RECHAZADO,MALO,0,,,,,0,INVERSIONES,ALTO_A,NO_CLIENTE,0,ALTO,0%,4,101,0,0,0,0,37,PROPIA,POSGRADO
2.01408E+16,196,RECHAZADA,PENDIENTE,RECHAZADO,MALO,0,,,,,0,RECIBOS DE NOMINA,ALTO_A,NO_CLIENTE,0,ALTO,0%,5,89,0,0,0,0,37,PROPIA,POSGRADO
2.01407E+16,166,RECHAZADA,PENDIENTE,RECHAZADO,MALO,0,,,,,0,INVERSIONES,ALTO_B,NO_CLIENTE,0,ALTO,0%,1,93,0,0,0,0,27,FAMILIARES,POSGRADO
2.01407E+16,178,RECHAZADA,PENDIENTE,RECHAZADO,MALO,0,,2,,0.00%,0,INVERSIONES,MEDIO_B,NO_CLIENTE,0,ALTO,0%,4,96,0,5121,1380,0,39,RENTA,PREPARATORIA
2.01408E+16,227,RECHAZADA,PENDIENTE,RECHAZADO,MALO,0,,,,,0,RECIBOS DE NOMINA,MEDIO_A,NO_CLIENTE,0,ALTO,0%,5,96,0,0,0,0,33,PROPIA,LICENCIATURA
2.01408E+16,173,RECHAZADA,PENDIENTE,RECHAZADO,MALO,0,,1,,,0,INVERSIONES,MEDIO_A,NO_CLIENTE,5804,ALTO,0%,4,98,0,4726,300,0,39,HIPOTECA,PREPARATORIA
2.01408E+16,210,RECHAZADA,PENDIENTE,RECHAZADO,MALO,0,,,,,0,RECIBOS DE NOMINA,MEDIO_B,NO_CLIENTE,0,ALTO,0%,0,101,0,0,0,0,54,RENTA,PREPARATORIA
2.01407E+16,209,RECHAZADA,PENDIENTE,RECHAZADO,MALO,0,,2,,0.00%,0,RECIBOS DE NOMINA,MEDIO_A,NO_CLIENTE,0,ALTO,0%,1,91,0,1097,250,0,56,HIPOTECA,PREPARATORIA
2.01408E+16,240,RECHAZADA,PENDIENTE,RECHAZADO,MALO,0,,1,,,0,INVERSIONES,MEDIO_B,NO_CLIENTE,15000,ALTO,0%,4,92,0,0,0,0,49,FAMILIARES,PREPARATORIA
2.01408E+16,166,RECHAZADA,PENDIENTE,RECHAZADO,MALO,0,,,,,0,RECIBOS DE NOMINA,MEDIO_B,NO_CLIENTE,0,ALTO,0%,3,93,0,0,0,0,27,FAMILIARES,LICENCIATURA
2.01408E+16,157,RECHAZADA,PENDIENTE,RECHAZADO,MALO,0,,,,,0,RECIBOS DE NOMINA,MEDIO_A,NO_CLIENTE,0,ALTO,0%,5,94,0,0,0,0,37,HIPOTECA,PREPARATORIA
2.01408E+16,160,RECHAZADA,PENDIENTE,RECHAZADO,MALO,0,,,,,0,RECIBOS DE NOMINA,ALTO_B,NO_CLIENTE,0,ALTO,0%,5,95,0,0,0,0,46,FAMILIARES,POSGRADO
2.01408E+16,228,RECHAZADA,PENDIENTE,RECHAZADO,MALO,0,,,,,0,RECIBOS DE NOMINA,MEDIO_A,NO_CLIENTE,0,ALTO,0%,4,97,0,0,0,0,54,PROPIA,LICENCIATURA
2.01407E+16,182,RECHAZADA,PENDIENTE,RECHAZADO,MALO,0,,0,,,0,RECIBOS DE NOMINA,ALTO_B,NO_CLIENTE,0,ALTO,0%,3,90,0,21764,1310,0,49,FAMILIARES,POSGRADO
2.01408E+16,193,RECHAZADA,PENDIENTE,RECHAZADO,MALO,0,,,,,0,INVERSIONES,MEDIO_A,NO_CLIENTE,0,ALTO,0%,2,92,0,0,0,0,47,HIPOTECA,LICENCIATURA
2.01408E+16,160,RECHAZADA,PENDIENTE,RECHAZADO,MALO,0,,2,,0.00%,0,RECIBOS DE NOMINA,MEDIO_A,NO_CLIENTE,0,ALTO,0%,2,94,0,71894,71894,0,45,HIPOTECA,PREPARATORIA
2.01406E+16,234,RECHAZADA,PENDIENTE,RECHAZADO,MALO,0,,0,,,0,RECIBOS DE NOMINA,MEDIO_A,NO_CLIENTE,0,ALTO,0%,5,97,0,3991,250,0,43,HIPOTECA,LICENCIATURA
2.01408E+16,210,RECHAZADA,PENDIENTE,RECHAZADO,MALO,0,,,,,0,RECIBOS DE NOMINA,MEDIO_B,NO_CLIENTE,0,ALTO,0%,4,99,0,0,0,0,37,FAMILIARES,LICENCIATURA
2.01407E+16,154,RECHAZADA,PENDIENTE,RECHAZADO,MALO,0,,,,,0,INVERSIONES,MEDIO_B,NO_CLIENTE,0,ALTO,0%,3,100,0,0,0,0,36,FAMILIARES,LICENCIATURA
2.01408E+16,184,EN_PROCESO,PENDIENTE,RECHAZADO,MALO,0,,,,,0,INVERSIONES,BAJO_A,NO_CLIENTE,0,ALTO,0%,5,89,0,0,0,0,58,FAMILIARES,LICENCIATURA
2.01408E+16,196,EN_PROCESO,PENDIENTE,RECHAZADO,MALO,0,,,,,0,RECIBOS DE NOMINA,MEDIO_B,NO_CLIENTE,0,ALTO,0%,4,89,0,0,0,0,53,HIPOTECA,LICENCIATURA
2.01408E+16,234,RECHAZADA,PENDIENTE,RECHAZADO,MALO,0,,,,,0,RECIBOS DE NOMINA,ALTO_B,NO_CLIENTE,0,ALTO,0%,3,91,0,0,0,0,54,HIPOTECA,POSGRADO
2.01407E+16,192,RECHAZADA,PENDIENTE,RECHAZADO,MALO,0,,,,,0,RECIBOS DE NOMINA,MEDIO_B,NO_CLIENTE,0,ALTO,0%,2,92,0,0,0,0,36,FAMILIARES,LICENCIATURA
2.01406E+16,185,RECHAZADA,PENDIENTE,RECHAZADO,MALO,0,,,,,0,RECIBOS DE NOMINA,ALTO_B,NO_CLIENTE,0,ALTO,0%,2,93,0,0,0,0,54,FAMILIARES,POSGRADO
2.01406E+16,228,RECHAZADA,PENDIENTE,RECHAZADO,MALO,0,,,,,0,RECIBOS DE NOMINA,MEDIO_B,CLIENTE_BANCO,0,ALTO,0%,2,95,0,0,0,0,50,FAMILIARES,POSGRADO
2.01408E+16,220,RECHAZADA,PENDIENTE,RECHAZADO,MALO,0,,,,,0,RECIBOS DE NOMINA,MEDIO_A,NO_CLIENTE,0,ALTO,0%,5,96,0,0,0,0,37,PROPIA,LICENCIATURA
2.01408E+16,164,RECHAZADA,PENDIENTE,RECHAZADO,MALO,0,,,,,0,RECIBOS DE NOMINA,ALTO_A,NO_CLIENTE,0,ALTO,0%,2,99,0,0,0,0,42,PROPIA,POSGRADO
2.01408E+16,230,RECHAZADA,PENDIENTE,RECHAZADO,MALO,0,,,,,0,RECIBOS DE NOMINA,MEDIO_B,NO_CLIENTE,0,ALTO,0%,3,90,0,0,0,0,55,RENTA,PREPARATORIA
2.01407E+16,155,RECHAZADA,PENDIENTE,RECHAZADO,MALO,0,,0,,,0,INVERSIONES,ALTO_A,NO_CLIENTE,0,ALTO,0%,4,92,0,1874,500,0,31,PROPIA,POSGRADO
2.01407E+16,189,RECHAZADA,PENDIENTE,RECHAZADO,MALO,0,,,,,0,RECIBOS DE NOMINA,MEDIO_B,NO_CLIENTE,0,ALTO,0%,4,93,0,0,0,0,45,FAMILIARES,LICENCIATURA
2.01407E+16,237,EN_PROCESO,PENDIENTE,RECHAZADO,MALO,0,,,,,0,INVERSIONES,MEDIO_A,NO_CLIENTE,0,ALTO,0%,4,98,0,0,0,0,26,HIPOTECA,POSGRADO
2.01408E+16,169,RECHAZADA,PENDIENTE,RECHAZADO,MALO,0,,1,,,0,INVERSIONES,MEDIO_B,NO_CLIENTE,135500,ALTO,0%,2,100,0,7341,0,0,40,FAMILIARES,LICENCIATURA
2.01407E+16,240,RECHAZADA,PENDIENTE,RECHAZADO,MALO,0,,,,,0,RECIBOS DE NOMINA,MEDIO_A,NO_CLIENTE,0,ALTO,0%,3,101,0,0,0,0,42,HIPOTECA,LICENCIATURA
2.01407E+16,171,RECHAZADA,PENDIENTE,RECHAZADO,MALO,0,,,,,0,SIN COMPROBANTE,MEDIO_B,NO_CLIENTE,0,ALTO,0%,4,89,0,0,0,0,59,FAMILIARES,PREPARATORIA
2.01407E+16,147,RECHAZADA,PENDIENTE,RECHAZADO,MALO,0,,0,,,0,RECIBOS DE NOMINA,MEDIO_B,NO_CLIENTE,0,ALTO,0%,4,89,0,423,0,0,54,RENTA,LICENCIATURA
2.01407E+16,187,RECHAZADA,PENDIENTE,RECHAZADO,MALO,0,,1,,0.00%,0,INVERSIONES,MEDIO_A,NO_CLIENTE,0,ALTO,0%,3,90,0,768,0,0,35,HIPOTECA,PREPARATORIA
2.01408E+16,223,RECHAZADA,PENDIENTE,RECHAZADO,MALO,0,,,,,0,RECIBOS DE NOMINA,ALTO_A,NO_CLIENTE,0,ALTO,0%,5,91,0,0,0,0,55,PROPIA,POSGRADO
2.01407E+16,203,RECHAZADA,PENDIENTE,RECHAZADO,MALO,0,,,,,0,RECIBOS DE NOMINA,MEDIO_A,NO_CLIENTE,0,ALTO,0%,4,93,0,0,0,0,56,HIPOTECA,PREPARATORIA
2.01408E+16,148,RECHAZADA,PENDIENTE,RECHAZADO,MALO,0,,,,,0,RECIBOS DE NOMINA,MEDIO_B,NO_CLIENTE,0,ALTO,0%,5,94,0,0,0,0,60,RENTA,LICENCIATURA
2.01407E+16,229,RECHAZADA,PENDIENTE,RECHAZADO,MALO,0,,,,,0,INVERSIONES,MEDIO_A,NO_CLIENTE,0,ALTO,0%,2,96,0,0,0,0,53,PROPIA,LICENCIATURA
2.01408E+16,168,RECHAZADA,PENDIENTE,RECHAZADO,MALO,0,,2,,0.00%,0,RECIBOS DE NOMINA,MEDIO_A,NO_CLIENTE,13000,ALTO,0%,2,97,0,1307,0,0,31,HIPOTECA,LICENCIATURA
2.01408E+16,231,RECHAZADA,PENDIENTE,RECHAZADO,MALO,0,,,,,0,INVERSIONES,MEDIO_B,NO_CLIENTE,0,ALTO,0%,4,97,0,0,0,0,41,FAMILIARES,PREPARATORIA
2.01406E+16,148,RECHAZADA,PENDIENTE,RECHAZADO,MALO,0,,,,,0,RECIBOS DE NOMINA,MEDIO_B,NO_CLIENTE,0,ALTO,0%,3,100,0,0,0,0,34,FAMILIARES,PREPARATORIA
2.01407E+16,154,RECHAZADA,PENDIENTE,RECHAZADO,MALO,0,,0,,,0,RECIBOS DE NOMINA,MEDIO_A,NO_CLIENTE,0,ALTO,0%,3,100,0,35482,0,0,32,HIPOTECA,LICENCIATURA
2.01406E+16,163,RECHAZADA,PENDIENTE,RECHAZADO,MALO,0,,,,,13365,RECIBOS DE NOMINA,MEDIO_B,NO_CLIENTE,0,ALTO,0%,5,93,0,0,0,0,47,HIPOTECA,LICENCIATURA
2.01406E+16,192,RECHAZADA,PENDIENTE,RECHAZADO,MALO,0,,,,,0,RECIBOS DE NOMINA,MEDIO_A,NO_CLIENTE,0,ALTO,0%,4,94,0,0,0,0,26,HIPOTECA,PREPARATORIA
2.01407E+16,231,RECHAZADA,PENDIENTE,RECHAZADO,MALO,0,,,,,0,RECIBOS DE NOMINA,MEDIO_A,NO_CLIENTE,0,ALTO,0%,2,101,0,0,0,0,51,PROPIA,LICENCIATURA
2.01408E+16,217,RECHAZADA,PENDIENTE,RECHAZADO,MALO,0,,1,,0.00%,0,RECIBOS DE NOMINA,MEDIO_A,NO_CLIENTE,19100,ALTO,0%,0,101,0,0,0,0,44,HIPOTECA,LICENCIATURA
2.01408E+16,246,RECHAZADA,PENDIENTE,RECHAZADO,MALO,0,,,,,0,RECIBOS DE NOMINA,ALTO_A,NO_CLIENTE,0,ALTO,0%,1,101,0,0,0,0,39,PROPIA,POSGRADO
2.01408E+16,159,RECHAZADA,PENDIENTE,RECHAZADO,MALO,0,,,,,0,INVERSIONES,MEDIO_A,NO_CLIENTE,0,ALTO,0%,4,89,0,0,0,0,57,HIPOTECA,PREPARATORIA
2.01407E+16,191,RECHAZADA,PENDIENTE,RECHAZADO,MALO,0,,,,,0,RECIBOS DE NOMINA,ALTO_B,NO_CLIENTE,0,ALTO,0%,3,92,0,0,0,0,30,FAMILIARES,POSGRADO
2.01407E+16,204,RECHAZADA,PENDIENTE,RECHAZADO,MALO,0,,,,,0,RECIBOS DE NOMINA,MEDIO_A,NO_CLIENTE,0,ALTO,0%,2,93,0,0,0,0,40,HIPOTECA,PREPARATORIA
2.01408E+16,206,RECHAZADA,PENDIENTE,RECHAZADO,MALO,0,,0,,0.00%,0,RECIBOS DE NOMINA,ALTO_B,NO_CLIENTE,15,ALTO,0%,4,94,0,0,0,0,52,HIPOTECA,POSGRADO
2.01408E+16,193,RECHAZADA,PENDIENTE,RECHAZADO,MALO,0,,,,,0,INVERSIONES,MEDIO_A,NO_CLIENTE,0,ALTO,0%,5,97,0,0,0,0,28,HIPOTECA,LICENCIATURA
2.01407E+16,152,RECHAZADA,PENDIENTE,RECHAZADO,MALO,0,,0,,,0,RECIBOS DE NOMINA,MEDIO_B,NO_CLIENTE,0,ALTO,0%,1,99,0,32185,1900,0,50,FAMILIARES,LICENCIATURA
2.01407E+16,241,RECHAZADA,PENDIENTE,RECHAZADO,MALO,0,,0,,,0,RECIBOS DE NOMINA,ALTO_B,NO_CLIENTE,0,ALTO,0%,2,101,0,1147,250,0,55,HIPOTECA,POSGRADO
2.01406E+16,159,RECHAZADA,PENDIENTE,RECHAZADO,MALO,0,,,,,0,INVERSIONES,ALTO_B,NO_CLIENTE,0,ALTO,0%,4,91,0,0,0,0,42,FAMILIARES,POSGRADO
2.01406E+16,153,RECHAZADA,PENDIENTE,RECHAZADO,MALO,0,,,,,9606,INVERSIONES,MEDIO_B,NO_CLIENTE,0,ALTO,0%,4,94,0,0,0,0,27,HIPOTECA,PREPARATORIA
2.01406E+16,181,RECHAZADA,PENDIENTE,RECHAZADO,MALO,0,,,,,0,RECIBOS DE NOMINA,MEDIO_A,NO_CLIENTE,0,ALTO,0%,4,95,0,0,0,0,43,HIPOTECA,LICENCIATURA
2.01408E+16,248,RECHAZADA,PENDIENTE,RECHAZADO,MALO,0,,,,,0,RECIBOS DE NOMINA,MEDIO_A,NO_CLIENTE,0,ALTO,0%,5,96,0,0,0,0,40,PROPIA,LICENCIATURA
2.01407E+16,241,RECHAZADA,PENDIENTE,RECHAZADO,MALO,0,,,,,0,RECIBOS DE NOMINA,ALTO_B,NO_CLIENTE,0,ALTO,0%,3,97,0,0,0,0,38,RENTA,POSGRADO
2.01408E+16,209,RECHAZADA,PENDIENTE,RECHAZADO,MALO,0,,,,,0,INVERSIONES,BAJO_A,NO_CLIENTE,0,ALTO,0%,2,98,0,0,0,0,48,FAMILIARES,SECUNDARIA
2.01407E+16,250,RECHAZADA,PENDIENTE,RECHAZADO,MALO,0,,,,,0,RECIBOS DE NOMINA,MEDIO_A,NO_CLIENTE,0,ALTO,0%,3,100,0,0,0,0,28,HIPOTECA,LICENCIATURA
2.01408E+16,226,RECHAZADA,PENDIENTE,RECHAZADO,MALO,0,,,,,0,RECIBOS DE NOMINA,MEDIO_B,NO_CLIENTE,0,ALTO,0%,3,100,0,0,0,0,50,FAMILIARES,LICENCIATURA
2.01408E+16,237,RECHAZADA,PENDIENTE,RECHAZADO,MALO,0,,,,,0,RECIBOS DE NOMINA,MEDIO_A,NO_CLIENTE,0,ALTO,0%,2,101,0,0,0,0,58,PROPIA,LICENCIATURA
2.01408E+16,228,RECHAZADA,PENDIENTE,RECHAZADO,MALO,0,,,,,0,RECIBOS DE NOMINA,MEDIO_A,NO_CLIENTE,0,ALTO,0%,4,92,0,0,0,0,25,HIPOTECA,PREPARATORIA
2.01408E+16,181,RECHAZADA,PENDIENTE,RECHAZADO,MALO,0,,,,,0,RECIBOS DE NOMINA,ALTO_A,NO_CLIENTE,0,ALTO,0%,2,93,0,0,0,0,58,PROPIA,POSGRADO
2.01408E+16,213,RECHAZADA,PENDIENTE,RECHAZADO,MALO,0,,,,,0,RECIBOS DE NOMINA,MEDIO_B,NO_CLIENTE,0,ALTO,0%,2,94,0,0,0,0,32,RENTA,PREPARATORIA
2.01407E+16,151,RECHAZADA,PENDIENTE,RECHAZADO,MALO,0,,,,,0,RECIBOS DE NOMINA,ALTO_B,NO_CLIENTE,0,ALTO,0%,3,95,0,0,0,0,58,HIPOTECA,POSGRADO
2.01407E+16,194,RECHAZADA,PENDIENTE,RECHAZADO,MALO,0,,,,,0,RECIBOS DE NOMINA,MEDIO_B,NO_CLIENTE,0,ALTO,0%,3,96,0,0,0,0,38,RENTA,LICENCIATURA
2.01407E+16,248,RECHAZADA,PENDIENTE,RECHAZADO,MALO,0,,,,,0,DECLARACION ANUAL,ALTO_B,NO_CLIENTE,0,ALTO,0%,3,100,0,0,0,0,29,HIPOTECA,POSGRADO
2.01408E+16,175,RECHAZADA,PENDIENTE,RECHAZADO,MALO,0,,1,,,0,RECIBOS DE NOMINA,MEDIO_B,NO_CLIENTE,49999,ALTO,0%,2,100,0,1164,630,0,55,RENTA,LICENCIATURA
2.01408E+16,249,RECHAZADA,PENDIENTE,RECHAZADO,MALO,0,,,,,0,RECIBOS DE NOMINA,MEDIO_A,NO_CLIENTE,0,ALTO,0%,0,100,0,0,0,0,35,HIPOTECA,PREPARATORIA
2.01407E+16,240,RECHAZADA,PENDIENTE,RECHAZADO,MALO,0,,,,,0,RECIBOS DE NOMINA,MEDIO_B,NO_CLIENTE,0,ALTO,0%,1,101,0,0,0,0,53,FAMILIARES,LICENCIATURA
2.01407E+16,202,RECHAZADA,PENDIENTE,RECHAZADO,MALO,0,,,,,0,RECIBOS DE NOMINA,MEDIO_A,NO_CLIENTE,0,ALTO,0%,3,101,0,0,0,0,52,HIPOTECA,PREPARATORIA
2.01408E+16,245,RECHAZADA,PENDIENTE,RECHAZADO,MALO,0,,,,,0,INVERSIONES,ALTO_B,NO_CLIENTE,0,ALTO,0%,4,89,0,0,0,0,30,HIPOTECA,POSGRADO
2.01408E+16,231,RECHAZADA,PENDIENTE,RECHAZADO,MALO,0,,,,,0,INVERSIONES,MEDIO_B,NO_CLIENTE,0,ALTO,0%,5,89,0,0,0,0,31,FAMILIARES,LICENCIATURA
2.01407E+16,173,RECHAZADA,PENDIENTE,RECHAZADO,MALO,0,,,,,0,RECIBOS DE NOMINA,ALTO_B,NO_CLIENTE,0,ALTO,0%,3,93,0,0,0,0,59,HIPOTECA,POSGRADO
2.01406E+16,177,RECHAZADA,PENDIENTE,RECHAZADO,MALO,0,,,,,0,RECIBOS DE NOMINA,MEDIO_B,NO_CLIENTE,0,ALTO,0%,4,94,0,0,0,0,27,RENTA,PREPARATORIA
2.01407E+16,189,RECHAZADA,PENDIENTE,RECHAZADO,MALO,0,,,,,0,RECIBOS DE NOMINA,MEDIO_A,NO_CLIENTE,0,ALTO,0%,1,96,0,0,0,0,30,HIPOTECA,PREPARATORIA
2.01407E+16,213,EN_PROCESO,PENDIENTE,RECHAZADO,MALO,0,,,,,0,INVERSIONES,MEDIO_A,NO_CLIENTE,0,ALTO,0%,1,100,0,0,0,0,45,FAMILIARES,POSGRADO
2.01407E+16,243,RECHAZADA,PENDIENTE,RECHAZADO,MALO,0,,,,,0,RECIBOS DE NOMINA,MEDIO_A,NO_CLIENTE,0,ALTO,0%,5,89,0,0,0,0,32,HIPOTECA,PREPARATORIA
2.01408E+16,168,RECHAZADA,PENDIENTE,RECHAZADO,MALO,0,,,,,0,RECIBOS DE NOMINA,ALTO_B,NO_CLIENTE,0,ALTO,0%,4,89,0,0,0,0,55,FAMILIARES,POSGRADO
2.01408E+16,237,RECHAZADA,PENDIENTE,RECHAZADO,MALO,0,,,,,0,DECLARACION ANUAL,MEDIO_B,NO_CLIENTE,0,ALTO,0%,2,92,0,0,0,0,60,RENTA,LICENCIATURA
2.01408E+16,237,RECHAZADA,PENDIENTE,RECHAZADO,MALO,0,,0,,,0,INVERSIONES,ALTO_B,NO_CLIENTE,12300,ALTO,0%,5,92,0,11486,750,0,42,HIPOTECA,POSGRADO
2.01407E+16,202,RECHAZADA,PENDIENTE,RECHAZADO,MALO,0,,,,,0,INVERSIONES,MEDIO_A,NO_CLIENTE,0,ALTO,0%,2,96,0,0,0,0,25,PROPIA,LICENCIATURA
2.01407E+16,183,RECHAZADA,PENDIENTE,RECHAZADO,MALO,0,,,,,0,RECIBOS DE NOMINA,ALTO_B,NO_CLIENTE,0,ALTO,0%,3,97,0,0,0,0,48,FAMILIARES,POSGRADO
2.01408E+16,245,RECHAZADA,PENDIENTE,RECHAZADO,MALO,0,,,,,0,INVERSIONES,ALTO_A,NO_CLIENTE,0,ALTO,0%,5,97,0,0,0,0,32,PROPIA,POSGRADO
2.01408E+16,162,RECHAZADA,PENDIENTE,RECHAZADO,MALO,0,,,,,0,RECIBOS DE NOMINA,MEDIO_A,NO_CLIENTE,0,ALTO,0%,5,97,0,0,0,0,26,HIPOTECA,PREPARATORIA
2.01407E+16,208,RECHAZADA,PENDIENTE,RECHAZADO,MALO,0,,,,,0,RECIBOS DE NOMINA,MEDIO_A,NO_CLIENTE,0,ALTO,0%,4,98,0,0,0,0,36,PROPIA,LICENCIATURA
2.01407E+16,201,RECHAZADA,PENDIENTE,RECHAZADO,MALO,0,,,,,0,RECIBOS DE NOMINA,ALTO_B,NO_CLIENTE,0,ALTO,0%,2,100,0,0,0,0,50,HIPOTECA,POSGRADO
2.01407E+16,158,RECHAZADA,PENDIENTE,RECHAZADO,MALO,0,,2,,0.00%,0,INVERSIONES,MEDIO_B,NO_CLIENTE,0,ALTO,0%,0,101,0,7234,570,0,58,FAMILIARES,PREPARATORIA
2.01407E+16,158,RECHAZADA,PENDIENTE,RECHAZADO,MALO,0,,0,,,0,RECIBOS DE NOMINA,ALTO_B,NO_CLIENTE,0,ALTO,0%,4,89,0,1665,450,0,25,RENTA,POSGRADO
2.01407E+16,182,RECHAZADA,PENDIENTE,RECHAZADO,MALO,0,,,,,0,RECIBOS DE NOMINA,MEDIO_A,NO_CLIENTE,0,ALTO,0%,3,96,0,0,0,0,49,HIPOTECA,LICENCIATURA
2.01408E+16,177,RECHAZADA,PENDIENTE,RECHAZADO,MALO,0,,,,,0,INVERSIONES,ALTO_B,NO_CLIENTE,0,ALTO,0%,2,97,0,0,0,0,56,FAMILIARES,POSGRADO
2.01408E+16,209,RECHAZADA,PENDIENTE,RECHAZADO,MALO,0,,0,,0.00%,0,INVERSIONES,ALTO_B,NO_CLIENTE,55700,ALTO,0%,1,100,0,29735,0,0,34,RENTA,POSGRADO
2.01408E+16,235,RECHAZADA,PENDIENTE,RECHAZADO,MALO,0,,,,,0,RECIBOS DE NOMINA,MEDIO_A,NO_CLIENTE,0,ALTO,0%,5,89,0,0,0,0,40,PROPIA,LICENCIATURA
2.01408E+16,240,RECHAZADA,PENDIENTE,RECHAZADO,MALO,0,,,,,0,RECIBOS DE NOMINA,MEDIO_A,NO_CLIENTE,0,ALTO,0%,4,90,0,0,0,0,29,HIPOTECA,PREPARATORIA
2.01407E+16,220,RECHAZADA,PENDIENTE,RECHAZADO,MALO,0,,,,,0,INVERSIONES,MEDIO_B,NO_CLIENTE,0,ALTO,0%,5,93,0,0,0,0,39,RENTA,LICENCIATURA
2.01407E+16,231,RECHAZADA,PENDIENTE,RECHAZADO,MALO,0,,1,,0.00%,0,RECIBOS DE NOMINA,MEDIO_A,NO_CLIENTE,0,ALTO,0%,4,93,0,18949,990,0,54,HIPOTECA,PREPARATORIA
2.01407E+16,229,RECHAZADA,PENDIENTE,RECHAZADO,MALO,0,,,,,0,RECIBOS DE NOMINA,MEDIO_A,NO_CLIENTE,0,ALTO,0%,2,97,0,0,0,0,39,PROPIA,LICENCIATURA
2.01407E+16,218,RECHAZADA,PENDIENTE,RECHAZADO,MALO,0,,,,,0,RECIBOS DE NOMINA,ALTO_B,NO_CLIENTE,0,ALTO,0%,3,90,0,0,0,0,44,RENTA,POSGRADO
2.01408E+16,196,RECHAZADA,PENDIENTE,RECHAZADO,MALO,0,,1,,0.00%,0,INVERSIONES,MEDIO_A,NO_CLIENTE,11300,ALTO,0%,3,91,0,6962,0,0,47,HIPOTECA,PREPARATORIA
2.01408E+16,167,RECHAZADA,PENDIENTE,RECHAZADO,MALO,0,,,,,0,INVERSIONES,MEDIO_A,NO_CLIENTE,0,ALTO,0%,5,91,0,0,0,0,55,HIPOTECA,PREPARATORIA
2.01408E+16,250,RECHAZADA,PENDIENTE,RECHAZADO,MALO,0,,,,,0,RECIBOS DE NOMINA,ALTO_B,NO_CLIENTE,0,ALTO,0%,4,89,0,0,0,0,46,FAMILIARES,POSGRADO
2.01408E+16,236,RECHAZADA,PENDIENTE,RECHAZADO,MALO,0,,,,,0,INVERSIONES,ALTO_A,NO_CLIENTE,0,ALTO,0%,3,93,0,0,0,0,35,PROPIA,POSGRADO
2.01407E+16,204,RECHAZADA,PENDIENTE,RECHAZADO,MALO,0,,,,,0,INVERSIONES,ALTO_B,NO_CLIENTE,0,ALTO,0%,1,95,0,0,0,0,58,RENTA,POSGRADO
2.01408E+16,198,RECHAZADA,PENDIENTE,RECHAZADO,MALO,0,,0,,,0,INVERSIONES,MEDIO_B,NO_CLIENTE,0,ALTO,0%,1,99,0,7297,0,0,52,FAMILIARES,LICENCIATURA
2.01402E+16,237,RECHAZADA,PENDIENTE,RECHAZADO,MALO,0,,,,,0,RECIBOS DE NOMINA,MEDIO_B,NO_CLIENTE,0,ALTO,0%,5,92,0,0,0,0,53,RENTA,LICENCIATURA
2.01408E+16,211,RECHAZADA,PENDIENTE,RECHAZADO,MALO,0,,,,,0,RECIBOS DE NOMINA,MEDIO_A,NO_CLIENTE,0,ALTO,0%,3,92,0,0,0,0,30,HIPOTECA,PREPARATORIA
2.01408E+16,160,RECHAZADA,PENDIENTE,RECHAZADO,MALO,0,,,,,0,RECIBOS DE NOMINA,MEDIO_B,NO_CLIENTE,0,ALTO,0%,3,92,0,0,0,0,33,RENTA,PREPARATORIA
2.01408E+16,238,RECHAZADA,PENDIENTE,RECHAZADO,MALO,0,,,,,0,RECIBOS DE NOMINA,MEDIO_B,NO_CLIENTE,0,ALTO,0%,3,96,0,0,0,0,44,RENTA,PREPARATORIA
2.01407E+16,186,RECHAZADA,PENDIENTE,RECHAZADO,MALO,0,,,,,0,RECIBOS DE NOMINA,ALTO_B,NO_CLIENTE,0,ALTO,0%,2,97,0,0,0,0,26,RENTA,POSGRADO
2.01407E+16,177,RECHAZADA,PENDIENTE,RECHAZADO,MALO,0,,,,,0,RECIBOS DE NOMINA,ALTO_B,NO_CLIENTE,0,ALTO,0%,3,97,0,0,0,0,45,HIPOTECA,POSGRADO
2.01408E+16,163,RECHAZADA,PENDIENTE,RECHAZADO,MALO,0,,,,,0,INVERSIONES,ALTO_B,NO_CLIENTE,0,ALTO,0%,4,99,0,0,0,0,32,FAMILIARES,POSGRADO
2.01408E+16,159,RECHAZADA,PENDIENTE,RECHAZADO,MALO,0,,,,,0,INVERSIONES,ALTO_A,NO_CLIENTE,0,ALTO,0%,1,99,0,0,0,0,54,PROPIA,POSGRADO
2.01407E+16,236,RECHAZADA,PENDIENTE,RECHAZADO,MALO,0,,,,,0,RECIBOS DE NOMINA,MEDIO_B,NO_CLIENTE,0,ALTO,0%,3,100,0,0,0,0,51,FAMILIARES,PREPARATORIA
2.01408E+16,192,RECHAZADA,PENDIENTE,RECHAZADO,MALO,0,,2,,0.00%,0,RECIBOS DE NOMINA,MEDIO_B,NO_CLIENTE,15600,ALTO,0%,5,89,0,4437,250,0,39,RENTA,PREPARATORIA
2.01408E+16,174,RECHAZADA,PENDIENTE,RECHAZADO,MALO,0,,,,,0,INVERSIONES,MEDIO_A,NO_CLIENTE,0,ALTO,0%,4,89,0,0,0,0,47,HIPOTECA,PREPARATORIA
2.01408E+16,257,RECHAZADA,PENDIENTE,RECHAZADO,MALO,0,,,,,0,RECIBOS DE NOMINA,MEDIO_B,NO_CLIENTE,0,ALTO,0%,1,92,0,0,0,0,52,RENTA,LICENCIATURA
2.01407E+16,240,RECHAZADA,PENDIENTE,RECHAZADO,MALO,0,,,,,0,INVERSIONES,ALTO_B,NO_CLIENTE,0,ALTO,0%,3,96,0,0,0,0,52,HIPOTECA,POSGRADO
2.01408E+16,208,RECHAZADA,PENDIENTE,RECHAZADO,MALO,0,,,,,0,INVERSIONES,MEDIO_A,NO_CLIENTE,0,ALTO,0%,3,97,0,0,0,0,28,HIPOTECA,PREPARATORIA
2.01408E+16,235,RECHAZADA,PENDIENTE,RECHAZADO,MALO,0,,,,,0,INVERSIONES,ALTO_B,NO_CLIENTE,0,ALTO,0%,3,97,0,0,0,0,33,HIPOTECA,POSGRADO
2.01408E+16,240,RECHAZADA,PENDIENTE,RECHAZADO,MALO,0,,1,,0.00%,0,RECIBOS DE NOMINA,MEDIO_B,NO_CLIENTE,5004,ALTO,0%,4,97,0,935,0,0,26,RENTA,LICENCIATURA
2.01408E+16,171,RECHAZADA,PENDIENTE,RECHAZADO,MALO,0,,1,,,0,INVERSIONES,MEDIO_B,NO_CLIENTE,19500,ALTO,0%,4,98,0,7205,0,0,49,RENTA,PREPARATORIA
2.01408E+16,179,RECHAZADA,PENDIENTE,RECHAZADO,MALO,0,,1,,0.00%,0,INVERSIONES,MEDIO_A,NO_CLIENTE,0,ALTO,0%,2,100,0,16477,940,0,29,HIPOTECA,PREPARATORIA
2.01408E+16,192,RECHAZADA,PENDIENTE,RECHAZADO,MALO,0,,,,,0,INVERSIONES,ALTO_B,NO_CLIENTE,0,ALTO,0%,3,90,0,0,0,0,27,HIPOTECA,POSGRADO
2.01408E+16,232,RECHAZADA,PENDIENTE,RECHAZADO,MALO,0,,,,,0,RECIBOS DE NOMINA,MEDIO_A,NO_CLIENTE,0,ALTO,0%,2,90,0,0,0,0,48,HIPOTECA,PREPARATORIA
2.01408E+16,188,RECHAZADA,PENDIENTE,RECHAZADO,MALO,0,,,,,0,RECIBOS DE NOMINA,MEDIO_A,NO_CLIENTE,0,ALTO,0%,1,93,0,0,0,0,34,HIPOTECA,LICENCIATURA
2.01408E+16,202,RECHAZADA,PENDIENTE,RECHAZADO,MALO,0,,,,,0,RECIBOS DE NOMINA,ALTO_A,NO_CLIENTE,0,ALTO,0%,1,93,0,0,0,0,29,PROPIA,POSGRADO
2.01407E+16,216,RECHAZADA,PENDIENTE,RECHAZADO,MALO,0,,,,,0,INVERSIONES,MEDIO_B,NO_CLIENTE,0,ALTO,0%,3,94,0,0,0,0,54,FAMILIARES,PREPARATORIA
2.01408E+16,179,RECHAZADA,PENDIENTE,RECHAZADO,MALO,0,,,,,0,RECIBOS DE NOMINA,BAJO_A,NO_CLIENTE,0,ALTO,0%,5,96,0,0,0,0,49,FAMILIARES,SECUNDARIA
2.01408E+16,201,RECHAZADA,PENDIENTE,RECHAZADO,MALO,0,,,,,0,RECIBOS DE NOMINA,MEDIO_A,NO_CLIENTE,0,ALTO,0%,1,97,0,0,0,0,25,HIPOTECA,PREPARATORIA
2.01408E+16,160,RECHAZADA,PENDIENTE,RECHAZADO,MALO,0,,,,,0,RECIBOS DE NOMINA,MEDIO_B,NO_CLIENTE,0,ALTO,0%,0,100,0,0,0,0,37,RENTA,PREPARATORIA
2.01408E+16,222,RECHAZADA,PENDIENTE,RECHAZADO,MALO,0,,,,,0,INVERSIONES,MEDIO_A,NO_CLIENTE,0,ALTO,0%,4,89,0,0,0,0,54,HIPOTECA,LICENCIATURA
2.01408E+16,200,RECHAZADA,PENDIENTE,RECHAZADO,MALO,0,,,,,0,INVERSIONES,MEDIO_A,NO_CLIENTE,0,ALTO,0%,2,90,0,0,0,0,26,HIPOTECA,LICENCIATURA
2.01408E+16,184,RECHAZADA,PENDIENTE,RECHAZADO,MALO,0,,,,,0,RECIBOS DE NOMINA,MEDIO_B,NO_CLIENTE,0,ALTO,0%,3,92,0,0,0,0,35,RENTA,LICENCIATURA
2.01406E+16,214,RECHAZADA,PENDIENTE,RECHAZADO,MALO,0,,0,,,0,RECIBOS DE NOMINA,MEDIO_A,CLIENTE_BANCO,0,ALTO,0%,4,93,0,44705,44705,0,25,HIPOTECA,LICENCIATURA
2.01407E+16,186,RECHAZADA,PENDIENTE,RECHAZADO,MALO,0,,,,,0,RECIBOS DE NOMINA,MEDIO_A,NO_CLIENTE,0,ALTO,0%,2,94,0,0,0,0,31,HIPOTECA,PREPARATORIA
2.01408E+16,192,RECHAZADA,PENDIENTE,RECHAZADO,MALO,0,,,,,0,RECIBOS DE NOMINA,MEDIO_A,NO_CLIENTE,0,ALTO,0%,4,97,0,0,0,0,46,HIPOTECA,LICENCIATURA
2.01407E+16,260,RECHAZADA,PENDIENTE,RECHAZADO,MALO,0,,,,,0,RECIBOS DE NOMINA,BAJO_A,NO_CLIENTE,0,ALTO,0%,2,98,0,0,0,0,51,FAMILIARES,SECUNDARIA
2.01408E+16,221,RECHAZADA,PENDIENTE,RECHAZADO,MALO,0,,,,,0,RECIBOS DE NOMINA,MEDIO_B,NO_CLIENTE,0,ALTO,0%,3,101,0,0,0,0,48,RENTA,LICENCIATURA
2.01408E+16,195,RECHAZADA,PENDIENTE,RECHAZADO,MALO,0,,0,,0.00%,0,INVERSIONES,ALTO_B,NO_CLIENTE,50000,ALTO,0%,3,93,0,49706,1570,0,31,FAMILIARES,POSGRADO
2.01407E+16,185,RECHAZADA,PENDIENTE,RECHAZADO,MALO,0,,,,,0,DECLARACION ANUAL,MEDIO_B,NO_CLIENTE,0,ALTO,0%,3,96,0,0,0,0,57,RENTA,LICENCIATURA
2.01408E+16,226,EN_PROCESO,PENDIENTE,RECHAZADO,MALO,0,,,,,0,RECIBOS DE NOMINA,MEDIO_A,NO_CLIENTE,0,ALTO,0%,2,96,0,0,0,0,33,HIPOTECA,PREPARATORIA
2.01408E+16,168,RECHAZADA,PENDIENTE,RECHAZADO,MALO,0,,,,,0,INVERSIONES,MEDIO_A,NO_CLIENTE,0,ALTO,0%,4,96,0,0,0,0,51,PROPIA,LICENCIATURA
2.01407E+16,218,RECHAZADA,PENDIENTE,RECHAZADO,MALO,0,,,,,0,RECIBOS DE NOMINA,MEDIO_B,NO_CLIENTE,0,ALTO,0%,5,89,0,0,0,0,50,RENTA,PREPARATORIA
2.01408E+16,234,RECHAZADA,PENDIENTE,RECHAZADO,MALO,0,,,,,0,RECIBOS DE NOMINA,MEDIO_A,NO_CLIENTE,0,ALTO,0%,2,92,0,0,0,0,53,HIPOTECA,LICENCIATURA
2.01408E+16,178,RECHAZADA,PENDIENTE,RECHAZADO,MALO,0,,,,,0,RECIBOS DE NOMINA,ALTO_A,NO_CLIENTE,0,ALTO,0%,3,96,0,0,0,0,41,PROPIA,POSGRADO
2.01407E+16,199,RECHAZADA,PENDIENTE,RECHAZADO,MALO,0,,,,,0,RECIBOS DE NOMINA,ALTO_B,NO_CLIENTE,0,ALTO,0%,2,98,0,0,0,0,39,HIPOTECA,POSGRADO
2.01408E+16,234,RECHAZADA,PENDIENTE,RECHAZADO,MALO,0,,,,,0,RECIBOS DE NOMINA,ALTO_A,NO_CLIENTE,0,ALTO,0%,4,98,0,0,0,0,34,PROPIA,POSGRADO
2.01408E+16,174,RECHAZADA,PENDIENTE,RECHAZADO,MALO,0,,,,,0,INVERSIONES,ALTO_A,NO_CLIENTE,0,ALTO,0%,0,101,0,0,0,0,60,PROPIA,POSGRADO
2.01408E+16,195,RECHAZADA,PENDIENTE,RECHAZADO,MALO,0,,,,,0,RECIBOS DE NOMINA,MEDIO_B,NO_CLIENTE,0,ALTO,0%,4,89,0,0,0,0,52,RENTA,PREPARATORIA
2.01407E+16,223,RECHAZADA,PENDIENTE,RECHAZADO,MALO,0,,,,,0,RECIBOS DE NOMINA,ALTO_B,NO_CLIENTE,0,ALTO,0%,3,92,0,0,0,0,43,RENTA,POSGRADO
2.01408E+16,186,RECHAZADA,PENDIENTE,RECHAZADO,MALO,0,,,,,0,INVERSIONES,ALTO_B,NO_CLIENTE,0,ALTO,0%,2,93,0,0,0,0,26,RENTA,POSGRADO
2.01408E+16,259,RECHAZADA,PENDIENTE,RECHAZADO,MALO,0,,,,,0,RECIBOS DE NOMINA,ALTO_B,NO_CLIENTE,0,ALTO,0%,5,93,0,0,0,0,43,RENTA,POSGRADO
2.01407E+16,228,RECHAZADA,PENDIENTE,RECHAZADO,MALO,0,,,,,0,RECIBOS DE NOMINA,MEDIO_A,NO_CLIENTE,0,ALTO,0%,2,94,0,0,0,0,28,HIPOTECA,LICENCIATURA
2.01407E+16,209,EN_PROCESO,PENDIENTE,RECHAZADO,MALO,0,,,,,0,INVERSIONES,MEDIO_A,NO_CLIENTE,0,ALTO,0%,5,98,0,0,0,0,32,RENTA,SECUNDARIA
2.01408E+16,178,RECHAZADA,PENDIENTE,RECHAZADO,MALO,0,,,,,0,RECIBOS DE NOMINA,MEDIO_A,NO_CLIENTE,0,ALTO,0%,1,101,0,0,0,0,52,HIPOTECA,LICENCIATURA
2.01408E+16,172,RECHAZADA,PENDIENTE,RECHAZADO,MALO,0,,,,,0,RECIBOS DE NOMINA,ALTO_B,NO_CLIENTE,0,ALTO,0%,5,94,0,0,0,0,47,FAMILIARES,POSGRADO
2.01407E+16,204,RECHAZADA,PENDIENTE,RECHAZADO,MALO,0,,0,,,0,INVERSIONES,ALTO_B,NO_CLIENTE,0,ALTO,0%,2,95,0,32621,2170,0,47,RENTA,POSGRADO
2.01408E+16,222,RECHAZADA,PENDIENTE,RECHAZADO,MALO,0,,,,,0,INVERSIONES,ALTO_B,NO_CLIENTE,0,ALTO,0%,4,99,0,0,0,0,42,FAMILIARES,POSGRADO
2.01407E+16,182,RECHAZADA,PENDIENTE,RECHAZADO,MALO,0,,,,,0,INVERSIONES,ALTO_A,NO_CLIENTE,0,ALTO,0%,5,89,0,0,0,0,32,PROPIA,POSGRADO
2.01407E+16,209,RECHAZADA,PENDIENTE,RECHAZADO,MALO,0,,,,,0,RECIBOS DE NOMINA,ALTO_A,NO_CLIENTE,0,ALTO,0%,3,95,0,0,0,0,47,PROPIA,POSGRADO
2.01407E+16,210,RECHAZADA,PENDIENTE,RECHAZADO,MALO,0,,,,,0,RECIBOS DE NOMINA,MEDIO_A,NO_CLIENTE,0,ALTO,0%,3,96,0,0,0,0,32,PROPIA,LICENCIATURA
2.01406E+16,170,RECHAZADA,PENDIENTE,RECHAZADO,MALO,0,,2,,0.00%,0,INVERSIONES,MEDIO_B,NO_CLIENTE,0,ALTO,0%,4,99,0,1931,0,0,27,RENTA,PREPARATORIA
2.01407E+16,225,RECHAZADA,PENDIENTE,RECHAZADO,MALO,0,,,,,0,RECIBOS DE NOMINA,MEDIO_A,NO_CLIENTE,0,ALTO,0%,1,101,0,0,0,0,44,HIPOTECA,LICENCIATURA
2.01407E+16,211,RECHAZADA,PENDIENTE,RECHAZADO,MALO,0,,0,,,0,RECIBOS DE NOMINA,ALTO_B,NO_CLIENTE,0,ALTO,0%,2,90,0,2297,1610,0,45,RENTA,POSGRADO
2.01407E+16,213,RECHAZADA,PENDIENTE,RECHAZADO,MALO,0,,,,,0,RECIBOS DE NOMINA,MEDIO_A,NO_CLIENTE,0,ALTO,0%,3,90,0,0,0,0,39,PROPIA,LICENCIATURA
2.01408E+16,197,RECHAZADA,PENDIENTE,RECHAZADO,MALO,0,,,,,0,RECIBOS DE NOMINA,ALTO_A,NO_CLIENTE,0,ALTO,0%,4,92,0,0,0,0,27,PROPIA,POSGRADO
2.01408E+16,259,RECHAZADA,PENDIENTE,RECHAZADO,MALO,0,,,,,0,RECIBOS DE NOMINA,MEDIO_A,NO_CLIENTE,0,ALTO,0%,4,93,0,0,0,0,47,HIPOTECA,LICENCIATURA
2.01407E+16,262,RECHAZADA,PENDIENTE,RECHAZADO,MALO,0,,0,,,0,INVERSIONES,MEDIO_B,NO_CLIENTE,0,ALTO,0%,2,96,0,5469,0,0,47,FAMILIARES,LICENCIATURA
2.01408E+16,228,RECHAZADA,PENDIENTE,RECHAZADO,MALO,0,,,,,0,INVERSIONES,MEDIO_B,NO_CLIENTE,0,ALTO,0%,4,98,0,0,0,0,27,FAMILIARES,PREPARATORIA
2.01407E+16,194,RECHAZADA,PENDIENTE,RECHAZADO,MALO,0,,,,,0,RECIBOS DE NOMINA,ALTO_A,NO_CLIENTE,0,ALTO,0%,2,99,0,0,0,0,45,PROPIA,POSGRADO
2.01407E+16,265,RECHAZADA,PENDIENTE,RECHAZADO,MALO,0,,,,,0,RECIBOS DE NOMINA,ALTO_B,NO_CLIENTE,0,ALTO,0%,5,90,0,0,0,0,52,HIPOTECA,POSGRADO
2.01408E+16,203,RECHAZADA,PENDIENTE,RECHAZADO,MALO,0,,,,,0,RECIBOS DE NOMINA,MEDIO_B,NO_CLIENTE,0,ALTO,0%,5,91,0,0,0,0,28,FAMILIARES,LICENCIATURA
2.01406E+16,236,RECHAZADA,PENDIENTE,RECHAZADO,MALO,0,,,,,0,INVERSIONES,MEDIO_A,NO_CLIENTE,0,ALTO,0%,5,94,0,0,0,0,57,HIPOTECA,PREPARATORIA
2.01407E+16,237,RECHAZADA,PENDIENTE,RECHAZADO,MALO,0,,2,,0.00%,0,INVERSIONES,MEDIO_B,NO_CLIENTE,0,ALTO,0%,3,95,0,46524,2640,0,42,FAMILIARES,PREPARATORIA
2.01408E+16,236,RECHAZADA,PENDIENTE,RECHAZADO,MALO,0,,,,,0,INVERSIONES,MEDIO_B,NO_CLIENTE,0,ALTO,0%,3,96,0,0,0,0,49,FAMILIARES,PREPARATORIA
2.01407E+16,266,RECHAZADA,PENDIENTE,RECHAZADO,MALO,0,,,,,0,RECIBOS DE NOMINA,ALTO_A,NO_CLIENTE,0,ALTO,0%,2,100,0,0,0,0,30,PROPIA,POSGRADO
2.01408E+16,172,RECHAZADA,PENDIENTE,RECHAZADO,MALO,0,,,,,0,RECIBOS DE NOMINA,MEDIO_B,NO_CLIENTE,0,ALTO,0%,0,100,0,0,0,0,43,RENTA,LICENCIATURA
2.01406E+16,214,RECHAZADA,PENDIENTE,RECHAZADO,MALO,0,,0,,,0,INVERSIONES,MEDIO_A,NO_CLIENTE,0,ALTO,0%,3,101,0,953,500,0,43,HIPOTECA,LICENCIATURA
2.01407E+16,244,RECHAZADA,PENDIENTE,RECHAZADO,MALO,0,,,,,0,INVERSIONES,MEDIO_B,NO_CLIENTE,0,ALTO,0%,3,101,0,0,0,0,44,RENTA,PREPARATORIA
2.01407E+16,268,RECHAZADA,PENDIENTE,RECHAZADO,MALO,0,,,,,0,RECIBOS DE NOMINA,MEDIO_A,NO_CLIENTE,0,ALTO,0%,5,93,0,0,0,0,48,HIPOTECA,PREPARATORIA
2.01407E+16,227,RECHAZADA,PENDIENTE,RECHAZADO,MALO,0,,,,,0,RECIBOS DE NOMINA,MEDIO_B,NO_CLIENTE,0,ALTO,0%,2,94,0,0,0,0,29,FAMILIARES,PREPARATORIA
2.01408E+16,232,RECHAZADA,PENDIENTE,RECHAZADO,MALO,0,,,,,0,RECIBOS DE NOMINA,MEDIO_A,NO_CLIENTE,0,ALTO,0%,2,97,0,0,0,0,34,HIPOTECA,PREPARATORIA
2.01407E+16,252,RECHAZADA,PENDIENTE,RECHAZADO,MALO,0,,,,,0,RECIBOS DE NOMINA,MEDIO_B,NO_CLIENTE,0,ALTO,0%,3,98,0,0,0,0,34,RENTA,LICENCIATURA
2.01407E+16,217,RECHAZADA,PENDIENTE,RECHAZADO,MALO,0,,,,,0,RECIBOS DE NOMINA,ALTO_B,NO_CLIENTE,0,ALTO,0%,2,100,0,0,0,0,26,FAMILIARES,POSGRADO
2.01408E+16,249,RECHAZADA,PENDIENTE,RECHAZADO,MALO,0,,,,,0,RECIBOS DE NOMINA,MEDIO_B,NO_CLIENTE,0,ALTO,0%,1,101,0,0,0,0,38,RENTA,PREPARATORIA
2.01407E+16,210,RECHAZADA,PENDIENTE,RECHAZADO,MALO,0,,,,,0,RECIBOS DE NOMINA,MEDIO_B,NO_CLIENTE,0,ALTO,0%,5,91,0,0,0,0,53,RENTA,PREPARATORIA
2.01407E+16,226,RECHAZADA,PENDIENTE,RECHAZADO,MALO,0,,,,,0,RECIBOS DE NOMINA,ALTO_A,NO_CLIENTE,0,ALTO,0%,3,92,0,0,0,0,50,PROPIA,POSGRADO
2.01408E+16,185,RECHAZADA,PENDIENTE,RECHAZADO,MALO,0,,,,,0,RECIBOS DE NOMINA,MEDIO_A,NO_CLIENTE,0,ALTO,0%,2,94,0,0,0,0,45,HIPOTECA,PREPARATORIA
2.01408E+16,239,RECHAZADA,PENDIENTE,RECHAZADO,MALO,0,,,,,0,RECIBOS DE NOMINA,MEDIO_B,NO_CLIENTE,0,ALTO,0%,3,94,0,0,0,0,57,FAMILIARES,PREPARATORIA
2.01408E+16,238,RECHAZADA,PENDIENTE,RECHAZADO,MALO,0,,,,,0,RECIBOS DE NOMINA,MEDIO_B,NO_CLIENTE,0,ALTO,0%,5,95,0,0,0,0,45,FAMILIARES,PREPARATORIA
2.01408E+16,208,RECHAZADA,PENDIENTE,RECHAZADO,MALO,0,,,,,0,RECIBOS DE NOMINA,MEDIO_B,NO_CLIENTE,0,ALTO,0%,2,97,0,0,0,0,44,FAMILIARES,PREPARATORIA
2.01408E+16,175,RECHAZADA,PENDIENTE,RECHAZADO,MALO,0,,,,,0,RECIBOS DE NOMINA,ALTO_B,NO_CLIENTE,0,ALTO,0%,4,99,0,0,0,0,58,RENTA,POSGRADO
2.01408E+16,213,RECHAZADA,PENDIENTE,RECHAZADO,MALO,0,,,,,0,INVERSIONES,MEDIO_A,NO_CLIENTE,0,ALTO,0%,2,91,0,0,0,0,53,HIPOTECA,PREPARATORIA
2.01407E+16,195,RECHAZADA,PENDIENTE,RECHAZADO,MALO,0,,,,,0,RECIBOS DE NOMINA,MEDIO_B,NO_CLIENTE,0,ALTO,0%,5,93,0,0,0,0,48,RENTA,LICENCIATURA
2.01408E+16,233,RECHAZADA,PENDIENTE,RECHAZADO,MALO,0,,,,,0,INVERSIONES,MEDIO_B,NO_CLIENTE,0,ALTO,0%,3,94,0,0,0,0,26,RENTA,PREPARATORIA
2.01407E+16,195,RECHAZADA,PENDIENTE,RECHAZADO,MALO,0,,,,,0,RECIBOS DE NOMINA,BAJO_A,NO_CLIENTE,0,ALTO,0%,2,95,0,0,0,0,46,FAMILIARES,SECUNDARIA
2.01407E+16,223,RECHAZADA,PENDIENTE,RECHAZADO,MALO,0,,,,,0,INVERSIONES,MEDIO_B,NO_CLIENTE,0,ALTO,0%,3,96,0,0,0,0,38,RENTA,PREPARATORIA
2.01407E+16,208,RECHAZADA,PENDIENTE,RECHAZADO,MALO,0,,,,,0,RECIBOS DE NOMINA,ALTO_A,NO_CLIENTE,0,ALTO,0%,4,97,0,0,0,0,60,PROPIA,POSGRADO
2.01408E+16,203,RECHAZADA,PENDIENTE,RECHAZADO,MALO,0,,,,,0,RECIBOS DE NOMINA,ALTO_B,NO_CLIENTE,0,ALTO,0%,4,97,0,0,0,0,55,HIPOTECA,POSGRADO
2.01407E+16,271,RECHAZADA,PENDIENTE,RECHAZADO,MALO,0,,,,,0,RECIBOS DE NOMINA,ALTO_A,NO_CLIENTE,0,ALTO,0%,3,100,0,0,0,0,60,PROPIA,POSGRADO
2.01406E+16,248,RECHAZADA,PENDIENTE,RECHAZADO,MALO,0,,,,,0,RECIBOS DE NOMINA,MEDIO_A,NO_CLIENTE,0,ALTO,0%,2,101,0,0,0,0,37,HIPOTECA,PREPARATORIA
2.01408E+16,223,RECHAZADA,PENDIENTE,RECHAZADO,MALO,0,,,,,0,RECIBOS DE NOMINA,MEDIO_B,NO_CLIENTE,0,ALTO,0%,1,101,0,0,0,0,50,FAMILIARES,PREPARATORIA
2.01408E+16,248,RECHAZADA,PENDIENTE,RECHAZADO,MALO,0,,,,,0,RECIBOS DE NOMINA,MEDIO_B,NO_CLIENTE,0,ALTO,0%,4,92,0,0,0,0,57,FAMILIARES,PREPARATORIA
2.01407E+16,252,RECHAZADA,PENDIENTE,RECHAZADO,MALO,0,,,,,0,RECIBOS DE NOMINA,MEDIO_A,NO_CLIENTE,0,ALTO,0%,5,93,0,0,0,0,58,PROPIA,LICENCIATURA
2.01408E+16,240,RECHAZADA,PENDIENTE,RECHAZADO,MALO,0,,,,,0,INVERSIONES,BAJO_A,NO_CLIENTE,0,ALTO,0%,3,94,0,0,0,0,55,RENTA,SECUNDARIA
2.01407E+16,188,RECHAZADA,PENDIENTE,RECHAZADO,MALO,0,,,,,0,INVERSIONES,BAJO_A,NO_CLIENTE,0,ALTO,0%,1,96,0,0,0,0,54,FAMILIARES,SECUNDARIA
2.01407E+16,204,RECHAZADA,PENDIENTE,RECHAZADO,MALO,0,,,,,0,INVERSIONES,MEDIO_B,NO_CLIENTE,0,ALTO,0%,3,96,0,0,0,0,30,FAMILIARES,LICENCIATURA
2.01408E+16,212,RECHAZADA,PENDIENTE,RECHAZADO,MALO,0,,,,,0,RECIBOS DE NOMINA,MEDIO_A,NO_CLIENTE,0,ALTO,0%,4,99,0,0,0,0,52,HIPOTECA,PREPARATORIA
2.01408E+16,245,RECHAZADA,PENDIENTE,RECHAZADO,MALO,0,,,,,0,RECIBOS DE NOMINA,MEDIO_B,NO_CLIENTE,0,ALTO,0%,5,99,0,0,0,0,49,FAMILIARES,LICENCIATURA
2.01408E+16,213,RECHAZADA,PENDIENTE,RECHAZADO,MALO,0,,,,,0,RECIBOS DE NOMINA,MEDIO_B,NO_CLIENTE,0,ALTO,0%,1,90,0,0,0,0,37,FAMILIARES,LICENCIATURA
2.01408E+16,256,RECHAZADA,PENDIENTE,RECHAZADO,MALO,0,,1,,,0,INVERSIONES,ALTO_A,NO_CLIENTE,167700,ALTO,0%,2,94,0,91723,1930,0,32,PROPIA,POSGRADO
2.01408E+16,241,RECHAZADA,PENDIENTE,RECHAZADO,MALO,0,,,,,0,RECIBOS DE NOMINA,MEDIO_A,NO_CLIENTE,0,ALTO,0%,2,95,0,0,0,0,55,HIPOTECA,PREPARATORIA
2.01408E+16,233,RECHAZADA,PENDIENTE,RECHAZADO,MALO,0,,,,,0,INVERSIONES,ALTO_A,NO_CLIENTE,0,ALTO,0%,5,95,0,0,0,0,60,PROPIA,POSGRADO
2.01407E+16,220,RECHAZADA,PENDIENTE,RECHAZADO,MALO,0,,,,,0,INVERSIONES,MEDIO_A,NO_CLIENTE,0,ALTO,0%,4,97,0,0,0,0,53,HIPOTECA,PREPARATORIA
2.01408E+16,253,RECHAZADA,PENDIENTE,RECHAZADO,MALO,0,,1,,0.00%,0,INVERSIONES,ALTO_B,NO_CLIENTE,75500,ALTO,0%,4,97,0,6511,0,0,47,RENTA,POSGRADO
2.01407E+16,235,RECHAZADA,PENDIENTE,RECHAZADO,MALO,0,,0,,,0,INVERSIONES,MEDIO_A,NO_CLIENTE,0,ALTO,0%,3,98,0,8121,560,0,32,PROPIA,LICENCIATURA
2.01407E+16,213,RECHAZADA,PENDIENTE,RECHAZADO,MALO,0,,0,,,0,INVERSIONES,ALTO_A,NO_CLIENTE,0,ALTO,0%,5,99,0,1606,1380,0,32,PROPIA,POSGRADO
2.01408E+16,230,RECHAZADA,PENDIENTE,RECHAZADO,MALO,0,,0,,,0,INVERSIONES,MEDIO_A,NO_CLIENTE,5000,ALTO,0%,3,90,0,5237,0,0,55,PROPIA,LICENCIATURA
2.01408E+16,180,RECHAZADA,PENDIENTE,RECHAZADO,MALO,0,,,,,0,RECIBOS DE NOMINA,ALTO_B,NO_CLIENTE,0,ALTO,0%,2,90,0,0,0,0,27,HIPOTECA,POSGRADO
2.01407E+16,191,RECHAZADA,PENDIENTE,RECHAZADO,MALO,0,,,,,0,RECIBOS DE NOMINA,MEDIO_B,NO_CLIENTE,0,ALTO,0%,4,92,0,0,0,0,59,FAMILIARES,PREPARATORIA
2.01407E+16,263,RECHAZADA,PENDIENTE,RECHAZADO,MALO,0,,,,,0,INVERSIONES,MEDIO_B,NO_CLIENTE,0,ALTO,0%,3,94,0,0,0,0,52,FAMILIARES,PREPARATORIA
2.01408E+16,269,RECHAZADA,PENDIENTE,RECHAZADO,MALO,0,,,,,0,INVERSIONES,MEDIO_A,NO_CLIENTE,0,ALTO,0%,2,97,0,0,0,0,54,HIPOTECA,PREPARATORIA
2.01407E+16,246,RECHAZADA,PENDIENTE,RECHAZADO,MALO,0,,,,,0,RECIBOS DE NOMINA,ALTO_B,NO_CLIENTE,0,ALTO,0%,4,89,0,0,0,0,45,FAMILIARES,POSGRADO
2.01408E+16,196,RECHAZADA,PENDIENTE,RECHAZADO,MALO,0,,,,,0,RECIBOS DE NOMINA,MEDIO_A,NO_CLIENTE,0,ALTO,0%,5,89,0,0,0,0,49,HIPOTECA,PREPARATORIA
2.01407E+16,270,RECHAZADA,PENDIENTE,RECHAZADO,MALO,0,,,,,0,INVERSIONES,MEDIO_B,NO_CLIENTE,0,ALTO,0%,5,93,0,0,0,0,51,RENTA,PREPARATORIA
2.01407E+16,243,RECHAZADA,PENDIENTE,RECHAZADO,MALO,0,,,,,0,RECIBOS DE NOMINA,MEDIO_B,NO_CLIENTE,0,ALTO,0%,5,93,0,0,0,0,54,RENTA,PREPARATORIA
2.01407E+16,205,RECHAZADA,PENDIENTE,RECHAZADO,MALO,0,,,,,0,RECIBOS DE NOMINA,MEDIO_B,NO_CLIENTE,0,ALTO,0%,4,95,0,0,0,0,55,RENTA,PREPARATORIA
2.01408E+16,197,RECHAZADA,PENDIENTE,RECHAZADO,MALO,0,,,,,0,RECIBOS DE NOMINA,ALTO_A,NO_CLIENTE,0,ALTO,0%,3,95,0,0,0,0,52,PROPIA,POSGRADO
2.01408E+16,231,RECHAZADA,PENDIENTE,RECHAZADO,MALO,0,,,,,0,RECIBOS DE NOMINA,ALTO_B,NO_CLIENTE,0,ALTO,0%,3,97,0,0,0,0,46,FAMILIARES,POSGRADO
2.01408E+16,267,RECHAZADA,PENDIENTE,RECHAZADO,MALO,0,,,,,0,INVERSIONES,MEDIO_A,NO_CLIENTE,0,ALTO,0%,5,89,0,0,0,0,35,HIPOTECA,PREPARATORIA
2.01408E+16,234,RECHAZADA,PENDIENTE,RECHAZADO,MALO,0,,,,,0,INVERSIONES,ALTO_B,NO_CLIENTE,0,ALTO,0%,1,90,0,0,0,0,34,HIPOTECA,POSGRADO
2.01311E+16,197,RECHAZADA,PENDIENTE,RECHAZADO,MALO,0,,,,,0,RECIBOS DE NOMINA,MEDIO_B,NO_CLIENTE,0,ALTO,0%,5,90,0,0,0,0,40,RENTA,LICENCIATURA
2.01408E+16,228,RECHAZADA,PENDIENTE,RECHAZADO,MALO,0,,,,,0,RECIBOS DE NOMINA,ALTO_A,NO_CLIENTE,0,ALTO,0%,2,90,0,0,0,0,38,PROPIA,POSGRADO
2.01407E+16,240,RECHAZADA,PENDIENTE,RECHAZADO,MALO,0,,,,,0,RECIBOS DE NOMINA,MEDIO_A,NO_CLIENTE,0,ALTO,0%,4,92,0,0,0,0,58,HIPOTECA,PREPARATORIA
2.01408E+16,241,RECHAZADA,PENDIENTE,RECHAZADO,MALO,0,,1,,0.00%,0,INVERSIONES,MEDIO_A,NO_CLIENTE,0,ALTO,0%,2,95,0,1562,250,0,31,HIPOTECA,PREPARATORIA
2.01408E+16,187,RECHAZADA,PENDIENTE,RECHAZADO,MALO,0,,,,,15967,INVERSIONES,ALTO_A,CLIENTE_BANCO,0,ALTO,0%,2,95,0,0,0,0,55,PROPIA,LICENCIATURA
2.01408E+16,181,RECHAZADA,PENDIENTE,RECHAZADO,MALO,0,,1,,0.00%,0,INVERSIONES,ALTO_B,NO_CLIENTE,11500,ALTO,0%,3,98,0,11631,700,0,57,RENTA,POSGRADO
2.01408E+16,214,RECHAZADA,PENDIENTE,RECHAZADO,MALO,0,,,,,0,INVERSIONES,MEDIO_A,NO_CLIENTE,0,ALTO,0%,2,100,0,0,0,0,38,HIPOTECA,PREPARATORIA
2.01407E+16,223,RECHAZADA,PENDIENTE,RECHAZADO,MALO,0,,,,,0,RECIBOS DE NOMINA,MEDIO_B,NO_CLIENTE,0,ALTO,0%,1,90,0,0,0,0,36,FAMILIARES,PREPARATORIA
2.01406E+16,254,RECHAZADA,PENDIENTE,RECHAZADO,MALO,0,,,,,0,INVERSIONES,ALTO_A,NO_CLIENTE,0,ALTO,0%,5,92,0,0,0,0,53,PROPIA,POSGRADO
2.01407E+16,225,RECHAZADA,PENDIENTE,RECHAZADO,MALO,0,,,,,0,INVERSIONES,MEDIO_B,NO_CLIENTE,0,ALTO,0%,4,96,0,0,0,0,43,RENTA,PREPARATORIA
2.01408E+16,237,RECHAZADA,PENDIENTE,RECHAZADO,MALO,0,,,,,0,RECIBOS DE NOMINA,ALTO_A,NO_CLIENTE,0,ALTO,0%,1,96,0,0,0,0,37,PROPIA,POSGRADO
2.01408E+16,237,RECHAZADA,PENDIENTE,RECHAZADO,MALO,0,,0,,,0,RECIBOS DE NOMINA,ALTO_B,NO_CLIENTE,0,ALTO,0%,5,98,0,39183,39183,0,33,HIPOTECA,POSGRADO
2.01407E+16,202,RECHAZADA,PENDIENTE,RECHAZADO,MALO,0,,,,,0,INVERSIONES,MEDIO_B,NO_CLIENTE,0,ALTO,0%,2,100,0,0,0,0,53,FAMILIARES,LICENCIATURA
2.01407E+16,254,RECHAZADA,PENDIENTE,RECHAZADO,MALO,0,,,,,0,RECIBOS DE NOMINA,MEDIO_A,NO_CLIENTE,0,ALTO,0%,3,101,0,0,0,0,29,HIPOTECA,PREPARATORIA
2.01408E+16,184,RECHAZADA,PENDIENTE,RECHAZADO,MALO,0,,,,,0,RECIBOS DE NOMINA,ALTO_B,NO_CLIENTE,0,ALTO,0%,1,90,0,0,0,0,35,RENTA,POSGRADO
2.01407E+16,189,RECHAZADA,PENDIENTE,RECHAZADO,MALO,0,,,,,0,RECIBOS DE NOMINA,MEDIO_A,NO_CLIENTE,0,ALTO,0%,5,91,0,0,0,0,55,PROPIA,LICENCIATURA
2.01408E+16,276,RECHAZADA,PENDIENTE,RECHAZADO,MALO,0,,,,,0,RECIBOS DE NOMINA,MEDIO_A,NO_CLIENTE,0,ALTO,0%,1,94,0,0,0,0,60,PROPIA,LICENCIATURA
2.01408E+16,187,RECHAZADA,PENDIENTE,RECHAZADO,MALO,0,,,,,0,INVERSIONES,MEDIO_B,NO_CLIENTE,0,ALTO,0%,3,92,0,0,0,0,35,RENTA,PREPARATORIA
2.01407E+16,237,RECHAZADA,PENDIENTE,RECHAZADO,MALO,0,,,,,0,RECIBOS DE NOMINA,MEDIO_B,NO_CLIENTE,0,ALTO,0%,4,93,0,0,0,0,52,FAMILIARES,PREPARATORIA
2.01407E+16,207,RECHAZADA,PENDIENTE,RECHAZADO,MALO,0,,0,,,0,INVERSIONES,ALTO_B,NO_CLIENTE,0,ALTO,0%,4,94,0,2180,0,0,50,HIPOTECA,POSGRADO
2.01407E+16,265,RECHAZADA,PENDIENTE,RECHAZADO,MALO,0,,,,,0,INVERSIONES,MEDIO_B,NO_CLIENTE,0,ALTO,0%,4,89,0,0,0,0,33,RENTA,LICENCIATURA
2.01407E+16,250,RECHAZADA,PENDIENTE,RECHAZADO,MALO,0,,1,,0.00%,0,INVERSIONES,MEDIO_A,NO_CLIENTE,0,ALTO,0%,3,91,0,42127,2510,0,56,HIPOTECA,PREPARATORIA
2.01408E+16,260,RECHAZADA,PENDIENTE,RECHAZADO,MALO,0,,,,,0,INVERSIONES,MEDIO_A,NO_CLIENTE,0,ALTO,0%,5,92,0,0,0,0,29,HIPOTECA,LICENCIATURA
2.01408E+16,258,RECHAZADA,PENDIENTE,RECHAZADO,MALO,0,,1,,0.00%,0,RECIBOS DE NOMINA,MEDIO_A,NO_CLIENTE,134800,ALTO,0%,3,95,0,57682,3630,0,48,PROPIA,LICENCIATURA
2.01407E+16,199,RECHAZADA,PENDIENTE,RECHAZADO,MALO,0,,,,,0,INVERSIONES,MEDIO_A,NO_CLIENTE,0,ALTO,0%,4,96,0,0,0,0,53,PROPIA,LICENCIATURA
2.01408E+16,203,RECHAZADA,PENDIENTE,RECHAZADO,MALO,0,,,,,0,RECIBOS DE NOMINA,ALTO_B,NO_CLIENTE,0,ALTO,0%,5,99,0,0,0,0,28,HIPOTECA,POSGRADO
2.01408E+16,230,RECHAZADA,PENDIENTE,RECHAZADO,MALO,0,,,,,0,INVERSIONES,MEDIO_B,NO_CLIENTE,0,ALTO,0%,5,89,0,0,0,0,50,RENTA,LICENCIATURA
2.01408E+16,261,RECHAZADA,PENDIENTE,RECHAZADO,MALO,0,,,,,0,RECIBOS DE NOMINA,ALTO_B,NO_CLIENTE,0,ALTO,0%,3,99,0,0,0,0,55,FAMILIARES,POSGRADO
2.01407E+16,218,RECHAZADA,PENDIENTE,RECHAZADO,MALO,0,,,,,0,RECIBOS DE NOMINA,ALTO_B,NO_CLIENTE,0,ALTO,0%,0,101,0,0,0,0,25,HIPOTECA,POSGRADO
2.01408E+16,243,RECHAZADA,PENDIENTE,RECHAZADO,MALO,0,,,,,0,DECLARACION ANUAL,ALTO_B,NO_CLIENTE,0,ALTO,0%,2,101,0,0,0,0,54,FAMILIARES,POSGRADO
2.01408E+16,237,RECHAZADA,PENDIENTE,RECHAZADO,MALO,0,,,,,0,INVERSIONES,MEDIO_B,NO_CLIENTE,0,ALTO,0%,3,101,0,0,0,0,59,FAMILIARES,LICENCIATURA
2.01408E+16,220,RECHAZADA,PENDIENTE,RECHAZADO,MALO,0,,,,,0,RECIBOS DE NOMINA,MEDIO_A,NO_CLIENTE,0,ALTO,0%,0,101,0,0,0,0,25,HIPOTECA,PREPARATORIA
2.01408E+16,212,RECHAZADA,PENDIENTE,RECHAZADO,MALO,0,,0,,,0,RECIBOS DE NOMINA,ALTO_B,NO_CLIENTE,0,ALTO,0%,1,101,0,63186,63186,0,50,RENTA,POSGRADO
2.01407E+16,260,RECHAZADA,PENDIENTE,RECHAZADO,MALO,0,,,,,0,RECIBOS DE NOMINA,ALTO_B,NO_CLIENTE,0,ALTO,0%,1,90,0,0,0,0,39,RENTA,POSGRADO
2.01408E+16,276,RECHAZADA,PENDIENTE,RECHAZADO,MALO,0,,,,,0,RECIBOS DE NOMINA,MEDIO_B,NO_CLIENTE,0,ALTO,0%,2,90,0,0,0,0,32,FAMILIARES,PREPARATORIA
2.01408E+16,206,RECHAZADA,PENDIENTE,RECHAZADO,MALO,0,,,,,0,INVERSIONES,ALTO_A,NO_CLIENTE,0,ALTO,0%,4,90,0,0,0,0,52,PROPIA,POSGRADO
2.01408E+16,212,RECHAZADA,PENDIENTE,RECHAZADO,MALO,0,,,,,0,RECIBOS DE NOMINA,MEDIO_B,NO_CLIENTE,0,ALTO,0%,4,90,0,0,0,0,29,FAMILIARES,PREPARATORIA
2.01408E+16,194,RECHAZADA,PENDIENTE,RECHAZADO,MALO,0,,1,,0.00%,0,INVERSIONES,MEDIO_A,NO_CLIENTE,24500,ALTO,0%,5,97,0,5410,310,0,52,HIPOTECA,PREPARATORIA
2.01408E+16,258,RECHAZADA,PENDIENTE,RECHAZADO,MALO,0,,,,,0,RECIBOS DE NOMINA,MEDIO_B,NO_CLIENTE,0,ALTO,0%,3,98,0,0,0,0,46,FAMILIARES,LICENCIATURA
2.01408E+16,193,RECHAZADA,PENDIENTE,RECHAZADO,MALO,0,,,,,0,RECIBOS DE NOMINA,MEDIO_A,NO_CLIENTE,0,ALTO,0%,0,100,0,0,0,0,54,HIPOTECA,PREPARATORIA
2.01408E+16,210,RECHAZADA,PENDIENTE,RECHAZADO,MALO,0,,,,,0,RECIBOS DE NOMINA,MEDIO_B,NO_CLIENTE,0,ALTO,0%,4,89,0,0,0,0,45,RENTA,LICENCIATURA
2.01407E+16,188,RECHAZADA,PENDIENTE,RECHAZADO,MALO,0,,1,,,0,INVERSIONES,MEDIO_B,NO_CLIENTE,305000,ALTO,0%,3,96,0,127024,3820,0,40,FAMILIARES,LICENCIATURA
2.01408E+16,214,RECHAZADA,PENDIENTE,RECHAZADO,MALO,0,,,,,0,INVERSIONES,MEDIO_B,NO_CLIENTE,0,ALTO,0%,2,96,0,0,0,0,25,FAMILIARES,PREPARATORIA
2.01407E+16,191,RECHAZADA,PENDIENTE,RECHAZADO,MALO,0,,1,,0.00%,0,INVERSIONES,MEDIO_B,NO_CLIENTE,0,ALTO,0%,2,98,0,15360,0,0,50,FAMILIARES,PREPARATORIA
2.01408E+16,232,RECHAZADA,PENDIENTE,RECHAZADO,MALO,0,,,,,0,INVERSIONES,MEDIO_A,NO_CLIENTE,0,ALTO,0%,4,92,0,0,0,0,44,HIPOTECA,PREPARATORIA
2.01408E+16,229,RECHAZADA,PENDIENTE,RECHAZADO,MALO,0,,0,,,0,INVERSIONES,MEDIO_B,NO_CLIENTE,25000,ALTO,0%,3,93,0,6870,0,0,57,FAMILIARES,PREPARATORIA
2.01408E+16,198,RECHAZADA,PENDIENTE,RECHAZADO,MALO,0,,,,,0,RECIBOS DE NOMINA,ALTO_B,NO_CLIENTE,0,ALTO,0%,2,94,0,0,0,0,59,RENTA,POSGRADO
2.01408E+16,197,RECHAZADA,PENDIENTE,RECHAZADO,MALO,0,,,,,0,RECIBOS DE NOMINA,MEDIO_B,NO_CLIENTE,0,ALTO,0%,5,99,0,0,0,0,54,RENTA,PREPARATORIA
2.01408E+16,199,RECHAZADA,PENDIENTE,RECHAZADO,MALO,0,,,,,0,RECIBOS DE NOMINA,ALTO_A,NO_CLIENTE,0,ALTO,0%,4,90,0,0,0,0,33,PROPIA,POSGRADO
2.01408E+16,228,RECHAZADA,PENDIENTE,RECHAZADO,MALO,0,,,,,0,RECIBOS DE NOMINA,MEDIO_A,NO_CLIENTE,0,ALTO,0%,3,93,0,0,0,0,47,HIPOTECA,PREPARATORIA
2.01407E+16,205,RECHAZADA,PENDIENTE,RECHAZADO,MALO,0,,2,,0.00%,0,INVERSIONES,MEDIO_B,NO_CLIENTE,0,ALTO,0%,3,94,0,347,0,0,46,FAMILIARES,PREPARATORIA
2.01408E+16,278,RECHAZADA,PENDIENTE,RECHAZADO,MALO,0,,,,,0,RECIBOS DE NOMINA,ALTO_A,NO_CLIENTE,0,ALTO,0%,4,95,0,0,0,0,25,PROPIA,POSGRADO
2.01406E+16,238,RECHAZADA,PENDIENTE,RECHAZADO,MALO,0,,,,,0,INVERSIONES,MEDIO_A,NO_CLIENTE,0,ALTO,0%,4,97,0,0,0,0,38,HIPOTECA,PREPARATORIA
2.01408E+16,242,RECHAZADA,PENDIENTE,RECHAZADO,MALO,0,,0,,,0,INVERSIONES,MEDIO_B,NO_CLIENTE,25600,ALTO,0%,3,98,0,20447,1290,0,34,FAMILIARES,LICENCIATURA
2.01408E+16,243,RECHAZADA,PENDIENTE,RECHAZADO,MALO,0,,,,,0,RECIBOS DE NOMINA,MEDIO_A,NO_CLIENTE,0,ALTO,0%,3,98,0,0,0,0,58,HIPOTECA,LICENCIATURA
2.01407E+16,279,RECHAZADA,PENDIENTE,RECHAZADO,MALO,0,,,,,0,INVERSIONES,MEDIO_A,NO_CLIENTE,0,ALTO,0%,3,99,0,0,0,0,41,HIPOTECA,PREPARATORIA
2.01408E+16,188,RECHAZADA,PENDIENTE,RECHAZADO,MALO,0,,,,,0,RECIBOS DE NOMINA,MEDIO_A,NO_CLIENTE,0,ALTO,0%,2,91,0,0,0,0,59,PROPIA,LICENCIATURA
2.01408E+16,278,RECHAZADA,PENDIENTE,RECHAZADO,MALO,0,,,,,0,RECIBOS DE NOMINA,ALTO_B,NO_CLIENTE,0,ALTO,0%,1,91,0,0,0,0,40,RENTA,POSGRADO
2.01407E+16,196,RECHAZADA,PENDIENTE,RECHAZADO,MALO,0,,,,,0,RECIBOS DE NOMINA,MEDIO_A,NO_CLIENTE,0,ALTO,0%,3,96,0,0,0,0,28,HIPOTECA,PREPARATORIA
2.01408E+16,264,RECHAZADA,PENDIENTE,RECHAZADO,MALO,0,,,,,0,RECIBOS DE NOMINA,MEDIO_B,NO_CLIENTE,0,ALTO,0%,5,99,0,0,0,0,38,RENTA,PREPARATORIA
2.01407E+16,269,RECHAZADA,PENDIENTE,RECHAZADO,MALO,0,,,,,0,INVERSIONES,ALTO_B,NO_CLIENTE,0,ALTO,0%,1,100,0,0,0,0,58,HIPOTECA,POSGRADO
2.01407E+16,287,RECHAZADA,PENDIENTE,RECHAZADO,MALO,0,,,,,0,RECIBOS DE NOMINA,MEDIO_B,NO_CLIENTE,0,ALTO,0%,4,100,0,0,0,0,26,RENTA,PREPARATORIA
2.01408E+16,236,RECHAZADA,PENDIENTE,RECHAZADO,MALO,0,,,,,0,RECIBOS DE NOMINA,MEDIO_B,NO_CLIENTE,0,ALTO,0%,4,89,0,0,0,0,57,RENTA,PREPARATORIA
2.01407E+16,218,RECHAZADA,PENDIENTE,RECHAZADO,MALO,0,,,,,0,RECIBOS DE NOMINA,MEDIO_A,NO_CLIENTE,0,ALTO,0%,4,90,0,0,0,0,33,HIPOTECA,PREPARATORIA
2.01407E+16,273,RECHAZADA,PENDIENTE,RECHAZADO,MALO,0,,,,,0,RECIBOS DE NOMINA,MEDIO_B,NO_CLIENTE,0,ALTO,0%,4,91,0,0,0,0,49,RENTA,PREPARATORIA
2.01408E+16,250,RECHAZADA,PENDIENTE,RECHAZADO,MALO,0,,,,,0,RECIBOS DE NOMINA,MEDIO_A,NO_CLIENTE,0,ALTO,0%,1,100,0,0,0,0,44,HIPOTECA,PREPARATORIA
2.01407E+16,263,RECHAZADA,PENDIENTE,RECHAZADO,MALO,0,,,,,0,RECIBOS DE NOMINA,ALTO_B,NO_CLIENTE,0,ALTO,0%,5,89,0,0,0,0,45,FAMILIARES,POSGRADO
2.01407E+16,246,RECHAZADA,PENDIENTE,RECHAZADO,MALO,0,,,,,0,RECIBOS DE NOMINA,MEDIO_A,NO_CLIENTE,0,ALTO,0%,3,90,0,0,0,0,46,PROPIA,LICENCIATURA
2.01407E+16,235,RECHAZADA,PENDIENTE,RECHAZADO,MALO,0,,2,,0.00%,0,RECIBOS DE NOMINA,MEDIO_A,NO_CLIENTE,0,ALTO,0%,1,90,0,4153,0,0,46,HIPOTECA,PREPARATORIA
2.01408E+16,232,RECHAZADA,PENDIENTE,RECHAZADO,MALO,0,,,,,0,RECIBOS DE NOMINA,ALTO_A,NO_CLIENTE,0,ALTO,0%,2,90,0,0,0,0,29,PROPIA,POSGRADO
2.01407E+16,205,EN_PROCESO,PENDIENTE,RECHAZADO,MALO,0,,,,,0,INVERSIONES,MEDIO_A,NO_CLIENTE,0,ALTO,0%,4,91,0,0,0,0,26,PROPIA,POSGRADO
2.01408E+16,240,RECHAZADA,PENDIENTE,RECHAZADO,MALO,0,,,,,0,RECIBOS DE NOMINA,MEDIO_B,NO_CLIENTE,0,ALTO,0%,2,92,0,0,0,0,46,FAMILIARES,LICENCIATURA
2.01408E+16,275,RECHAZADA,PENDIENTE,RECHAZADO,MALO,0,,,,,0,RECIBOS DE NOMINA,MEDIO_B,NO_CLIENTE,0,ALTO,0%,2,94,0,0,0,0,39,RENTA,PREPARATORIA
2.01408E+16,260,RECHAZADA,PENDIENTE,RECHAZADO,MALO,0,,,,,0,INVERSIONES,ALTO_B,NO_CLIENTE,0,ALTO,0%,0,100,0,0,0,0,48,FAMILIARES,POSGRADO
2.01407E+16,289,RECHAZADA,PENDIENTE,RECHAZADO,MALO,0,,,,,0,RECIBOS DE NOMINA,ALTO_B,NO_CLIENTE,0,ALTO,0%,3,90,0,0,0,0,51,HIPOTECA,POSGRADO
2.01408E+16,198,RECHAZADA,PENDIENTE,RECHAZADO,MALO,0,,,,,0,RECIBOS DE NOMINA,MEDIO_B,NO_CLIENTE,0,ALTO,0%,3,92,0,0,0,0,37,FAMILIARES,LICENCIATURA
2.01407E+16,234,RECHAZADA,PENDIENTE,RECHAZADO,MALO,0,,0,,,0,INVERSIONES,MEDIO_B,NO_CLIENTE,0,ALTO,0%,5,94,0,26251,1420,0,32,RENTA,LICENCIATURA
2.01408E+16,228,RECHAZADA,PENDIENTE,RECHAZADO,MALO,0,,,,,0,RECIBOS DE NOMINA,ALTO_B,NO_CLIENTE,0,ALTO,0%,3,96,0,0,0,0,57,FAMILIARES,POSGRADO
2.01407E+16,218,RECHAZADA,PENDIENTE,RECHAZADO,MALO,0,,,,,0,DECLARACION ANUAL,MEDIO_B,NO_CLIENTE,0,ALTO,0%,2,97,0,0,0,0,60,FAMILIARES,LICENCIATURA
2.01407E+16,224,RECHAZADA,PENDIENTE,RECHAZADO,MALO,0,,,,,0,INVERSIONES,ALTO_B,NO_CLIENTE,0,ALTO,0%,1,98,0,0,0,0,35,RENTA,POSGRADO
2.01408E+16,280,RECHAZADA,PENDIENTE,RECHAZADO,MALO,0,,,,,0,RECIBOS DE NOMINA,MEDIO_B,NO_CLIENTE,0,ALTO,0%,4,101,0,0,0,0,33,FAMILIARES,LICENCIATURA
2.01408E+16,251,RECHAZADA,PENDIENTE,RECHAZADO,MALO,0,,0,,,0,INVERSIONES,ALTO_B,NO_CLIENTE,3000,ALTO,0%,4,89,0,1670,250,0,41,RENTA,POSGRADO
2.01406E+16,275,RECHAZADA,PENDIENTE,RECHAZADO,MALO,0,,,,,0,DECLARACION ANUAL,MEDIO_A,NO_CLIENTE,0,ALTO,0%,4,92,0,0,0,0,40,HIPOTECA,LICENCIATURA
2.01408E+16,272,RECHAZADA,PENDIENTE,RECHAZADO,MALO,0,,,,,0,DECLARACION ANUAL,MEDIO_A,NO_CLIENTE,0,ALTO,0%,2,98,0,0,0,0,42,HIPOTECA,LICENCIATURA
2.01408E+16,287,RECHAZADA,PENDIENTE,RECHAZADO,MALO,0,,,,,0,INVERSIONES,MEDIO_B,NO_CLIENTE,0,ALTO,0%,3,90,0,0,0,0,59,FAMILIARES,PREPARATORIA
2.01406E+16,271,RECHAZADA,PENDIENTE,RECHAZADO,MALO,0,,,,,0,RECIBOS DE NOMINA,ALTO_B,NO_CLIENTE,0,ALTO,0%,4,92,0,0,0,0,40,FAMILIARES,POSGRADO
2.01407E+16,217,RECHAZADA,PENDIENTE,RECHAZADO,MALO,0,,,,,0,RECIBOS DE NOMINA,MEDIO_A,NO_CLIENTE,0,ALTO,0%,3,98,0,0,0,0,26,PROPIA,LICENCIATURA
2.01408E+16,282,RECHAZADA,PENDIENTE,RECHAZADO,MALO,0,,,,,0,INVERSIONES,ALTO_B,NO_CLIENTE,0,ALTO,0%,5,98,0,0,0,0,43,RENTA,POSGRADO
2.01408E+16,279,RECHAZADA,PENDIENTE,RECHAZADO,MALO,0,,,,,0,INVERSIONES,MEDIO_B,NO_CLIENTE,0,ALTO,0%,5,99,0,0,0,0,27,FAMILIARES,LICENCIATURA
2.01407E+16,274,RECHAZADA,PENDIENTE,RECHAZADO,MALO,0,,,,,0,INVERSIONES,MEDIO_A,NO_CLIENTE,0,ALTO,0%,3,90,0,0,0,0,52,HIPOTECA,PREPARATORIA
2.01408E+16,242,RECHAZADA,PENDIENTE,RECHAZADO,MALO,0,,,,,0,RECIBOS DE NOMINA,MEDIO_B,NO_CLIENTE,0,ALTO,0%,4,91,0,0,0,0,36,RENTA,LICENCIATURA
2.01407E+16,222,RECHAZADA,PENDIENTE,RECHAZADO,MALO,0,,,,,0,RECIBOS DE NOMINA,MEDIO_B,NO_CLIENTE,0,ALTO,0%,2,92,0,0,0,0,31,FAMILIARES,LICENCIATURA
2.01408E+16,196,RECHAZADA,PENDIENTE,RECHAZADO,MALO,0,,,,,0,INVERSIONES,ALTO_B,NO_CLIENTE,0,ALTO,0%,3,93,0,0,0,0,33,FAMILIARES,POSGRADO
2.01407E+16,206,RECHAZADA,PENDIENTE,RECHAZADO,MALO,0,,1,,0.00%,0,INVERSIONES,MEDIO_B,NO_CLIENTE,0,ALTO,0%,3,96,0,6286,250,0,46,RENTA,PREPARATORIA
2.01407E+16,214,RECHAZADA,PENDIENTE,RECHAZADO,MALO,0,,,,,0,INVERSIONES,MEDIO_B,NO_CLIENTE,0,ALTO,0%,2,97,0,0,0,0,45,FAMILIARES,PREPARATORIA
2.01408E+16,207,RECHAZADA,PENDIENTE,RECHAZADO,MALO,0,,,,,0,INVERSIONES,ALTO_B,NO_CLIENTE,0,ALTO,0%,4,99,0,0,0,0,39,RENTA,POSGRADO
2.01408E+16,291,RECHAZADA,PENDIENTE,RECHAZADO,MALO,0,,,,,0,INVERSIONES,MEDIO_A,NO_CLIENTE,0,ALTO,0%,5,99,0,0,0,0,26,PROPIA,LICENCIATURA
2.01408E+16,211,RECHAZADA,PENDIENTE,RECHAZADO,MALO,0,,,,,0,RECIBOS DE NOMINA,ALTO_B,NO_CLIENTE,0,ALTO,0%,3,101,0,0,0,0,43,RENTA,POSGRADO
2.01408E+16,229,RECHAZADA,PENDIENTE,RECHAZADO,MALO,0,,2,,0.00%,0,INVERSIONES,ALTO_B,NO_CLIENTE,10000,ALTO,0%,4,95,0,0,0,0,45,HIPOTECA,POSGRADO
2.01407E+16,216,RECHAZADA,PENDIENTE,RECHAZADO,MALO,0,,,,,0,RECIBOS DE NOMINA,ALTO_B,NO_CLIENTE,0,ALTO,0%,2,97,0,0,0,0,37,FAMILIARES,POSGRADO
2.01408E+16,240,RECHAZADA,PENDIENTE,RECHAZADO,MALO,0,,1,,0.00%,0,INVERSIONES,ALTO_B,NO_CLIENTE,23900,ALTO,0%,4,90,0,9850,808,0,44,RENTA,POSGRADO
2.01408E+16,251,RECHAZADA,PENDIENTE,RECHAZADO,MALO,0,,,,,0,RECIBOS DE NOMINA,ALTO_B,NO_CLIENTE,0,ALTO,0%,3,93,0,0,0,0,52,FAMILIARES,POSGRADO
2.01408E+16,209,RECHAZADA,PENDIENTE,RECHAZADO,MALO,0,,,,,0,RECIBOS DE NOMINA,MEDIO_B,NO_CLIENTE,0,ALTO,0%,2,95,0,0,0,0,31,RENTA,LICENCIATURA
2.01408E+16,212,RECHAZADA,PENDIENTE,RECHAZADO,MALO,0,,,,,0,RECIBOS DE NOMINA,ALTO_B,NO_CLIENTE,0,ALTO,0%,5,95,0,0,0,0,60,RENTA,POSGRADO
2.01407E+16,264,RECHAZADA,PENDIENTE,RECHAZADO,MALO,0,,,,,0,INVERSIONES,MEDIO_B,NO_CLIENTE,0,ALTO,0%,3,96,0,0,0,0,47,RENTA,PREPARATORIA
2.01407E+16,215,RECHAZADA,PENDIENTE,RECHAZADO,MALO,0,,,,,0,RECIBOS DE NOMINA,MEDIO_A,NO_CLIENTE,0,ALTO,0%,5,99,0,0,0,0,60,HIPOTECA,LICENCIATURA
2.01407E+16,244,RECHAZADA,PENDIENTE,RECHAZADO,MALO,0,,,,,0,RECIBOS DE NOMINA,MEDIO_B,NO_CLIENTE,0,ALTO,0%,3,101,0,0,0,0,58,FAMILIARES,PREPARATORIA
2.01408E+16,212,RECHAZADA,PENDIENTE,RECHAZADO,MALO,0,,,,,0,RECIBOS DE NOMINA,MEDIO_A,NO_CLIENTE,0,ALTO,0%,5,91,0,0,0,0,41,HIPOTECA,PREPARATORIA
2.01408E+16,213,RECHAZADA,PENDIENTE,RECHAZADO,MALO,0,,,,,0,INVERSIONES,ALTO_B,NO_CLIENTE,0,ALTO,0%,5,97,0,0,0,0,28,HIPOTECA,POSGRADO
2.01408E+16,293,RECHAZADA,PENDIENTE,RECHAZADO,MALO,0,,,,,0,RECIBOS DE NOMINA,MEDIO_A,NO_CLIENTE,0,ALTO,0%,2,98,0,0,0,0,34,HIPOTECA,LICENCIATURA
2.01407E+16,202,RECHAZADA,PENDIENTE,RECHAZADO,MALO,0,,2,,0.00%,0,INVERSIONES,MEDIO_A,NO_CLIENTE,0,ALTO,0%,3,101,0,9783,0,0,44,HIPOTECA,PREPARATORIA
2.01407E+16,265,RECHAZADA,PENDIENTE,RECHAZADO,MALO,0,,,,,0,INVERSIONES,MEDIO_A,NO_CLIENTE,0,ALTO,0%,3,90,0,0,0,0,30,HIPOTECA,PREPARATORIA
2.01408E+16,235,RECHAZADA,PENDIENTE,RECHAZADO,MALO,0,,,,,0,RECIBOS DE NOMINA,ALTO_B,NO_CLIENTE,0,ALTO,0%,2,90,0,0,0,0,39,HIPOTECA,POSGRADO
2.01407E+16,289,RECHAZADA,PENDIENTE,RECHAZADO,MALO,0,,0,,,0,RECIBOS DE NOMINA,MEDIO_A,NO_CLIENTE,0,ALTO,0%,3,91,0,5853,250,0,25,PROPIA,LICENCIATURA
2.01407E+16,296,RECHAZADA,PENDIENTE,RECHAZADO,MALO,0,,,,,0,RECIBOS DE NOMINA,ALTO_A,NO_CLIENTE,0,ALTO,0%,2,91,0,0,0,0,52,PROPIA,POSGRADO
2.01407E+16,258,RECHAZADA,PENDIENTE,RECHAZADO,MALO,0,,,,,0,RECIBOS DE NOMINA,MEDIO_B,NO_CLIENTE,0,ALTO,0%,3,94,0,0,0,0,34,FAMILIARES,LICENCIATURA
2.01407E+16,208,RECHAZADA,PENDIENTE,RECHAZADO,MALO,0,,0,,,0,INVERSIONES,MEDIO_A,NO_CLIENTE,0,ALTO,0%,3,95,0,9494,0,0,27,PROPIA,LICENCIATURA
2.01408E+16,259,RECHAZADA,PENDIENTE,RECHAZADO,MALO,0,,,,,0,RECIBOS DE NOMINA,MEDIO_B,NO_CLIENTE,0,ALTO,0%,5,95,0,0,0,0,27,FAMILIARES,LICENCIATURA
2.01408E+16,254,RECHAZADA,PENDIENTE,RECHAZADO,MALO,0,,,,,0,RECIBOS DE NOMINA,ALTO_B,NO_CLIENTE,0,ALTO,0%,5,95,0,0,0,0,28,HIPOTECA,POSGRADO
2.01408E+16,294,RECHAZADA,PENDIENTE,RECHAZADO,MALO,0,,,,,0,RECIBOS DE NOMINA,ALTO_B,NO_CLIENTE,0,ALTO,0%,2,97,0,0,0,0,35,FAMILIARES,POSGRADO
2.01406E+16,197,RECHAZADA,PENDIENTE,RECHAZADO,MALO,0,,,,,0,RECIBOS DE NOMINA,MEDIO_B,NO_CLIENTE,0,ALTO,0%,5,99,0,0,0,0,36,FAMILIARES,PREPARATORIA
2.01407E+16,213,RECHAZADA,PENDIENTE,RECHAZADO,MALO,0,,,,,0,INVERSIONES,ALTO_A,NO_CLIENTE,0,ALTO,0%,3,101,0,0,0,0,44,PROPIA,POSGRADO
2.01408E+16,241,RECHAZADA,PENDIENTE,RECHAZADO,MALO,0,,,,,0,DECLARACION ANUAL,MEDIO_A,NO_CLIENTE,0,ALTO,0%,5,89,0,0,0,0,57,HIPOTECA,PREPARATORIA
2.01407E+16,258,RECHAZADA,PENDIENTE,RECHAZADO,MALO,0,,,,,0,RECIBOS DE NOMINA,MEDIO_A,NO_CLIENTE,0,ALTO,0%,3,90,0,0,0,0,37,HIPOTECA,LICENCIATURA
2.01408E+16,226,RECHAZADA,PENDIENTE,RECHAZADO,MALO,0,,,,,0,RECIBOS DE NOMINA,MEDIO_A,NO_CLIENTE,0,ALTO,0%,1,97,0,0,0,0,25,HIPOTECA,LICENCIATURA
2.01407E+16,199,RECHAZADA,PENDIENTE,RECHAZADO,MALO,0,,,,,0,RECIBOS DE NOMINA,MEDIO_A,NO_CLIENTE,0,ALTO,0%,4,92,0,0,0,0,47,PROPIA,LICENCIATURA
2.01408E+16,281,RECHAZADA,PENDIENTE,RECHAZADO,MALO,0,,,,,0,INVERSIONES,ALTO_A,NO_CLIENTE,0,ALTO,0%,3,94,0,0,0,0,29,PROPIA,POSGRADO
2.01406E+16,199,RECHAZADA,PENDIENTE,RECHAZADO,MALO,0,,,,,0,RECIBOS DE NOMINA,ALTO_B,NO_CLIENTE,0,ALTO,0%,3,100,0,0,0,0,51,HIPOTECA,POSGRADO
2.01407E+16,294,RECHAZADA,PENDIENTE,RECHAZADO,MALO,0,,,,,0,INVERSIONES,MEDIO_B,NO_CLIENTE,0,ALTO,0%,4,94,0,0,0,0,39,FAMILIARES,PREPARATORIA
2.01407E+16,204,RECHAZADA,PENDIENTE,RECHAZADO,MALO,0,,,,,0,RECIBOS DE NOMINA,ALTO_A,NO_CLIENTE,0,ALTO,0%,3,94,0,0,0,0,35,PROPIA,POSGRADO
2.01408E+16,296,RECHAZADA,PENDIENTE,RECHAZADO,MALO,0,,,,,0,INVERSIONES,MEDIO_A,NO_CLIENTE,0,ALTO,0%,5,96,0,0,0,0,40,HIPOTECA,LICENCIATURA
2.01408E+16,257,EN_PROCESO,PENDIENTE,RECHAZADO,MALO,0,,,,,0,INVERSIONES,MEDIO_A,NO_CLIENTE,0,ALTO,0%,1,100,0,0,0,0,60,PROPIA,LICENCIATURA
2.01408E+16,222,RECHAZADA,PENDIENTE,RECHAZADO,MALO,0,,,,,0,RECIBOS DE NOMINA,MEDIO_B,NO_CLIENTE,0,ALTO,0%,3,95,0,0,0,0,29,FAMILIARES,LICENCIATURA
2.01408E+16,238,RECHAZADA,PENDIENTE,RECHAZADO,MALO,0,,,,,0,INVERSIONES,ALTO_B,NO_CLIENTE,0,ALTO,0%,3,95,0,0,0,0,47,FAMILIARES,POSGRADO
2.01406E+16,274,RECHAZADA,PENDIENTE,RECHAZADO,MALO,0,,,,,0,RECIBOS DE NOMINA,MEDIO_A,NO_CLIENTE,0,ALTO,0%,5,98,0,0,0,0,60,RENTA,LICENCIATURA
2.01407E+16,237,RECHAZADA,PENDIENTE,RECHAZADO,MALO,0,,,,,0,RECIBOS DE NOMINA,MEDIO_A,NO_CLIENTE,0,ALTO,0%,2,99,0,0,0,0,25,HIPOTECA,PREPARATORIA
2.01408E+16,203,RECHAZADA,PENDIENTE,RECHAZADO,MALO,0,,,,,0,INVERSIONES,MEDIO_B,NO_CLIENTE,0,ALTO,0%,4,99,0,0,0,0,59,FAMILIARES,LICENCIATURA
